side,marginal_bmu_id,technology_key,n_marginal_sps,tie_adjusted_weight,p05_system_price,p25_system_price,median_system_price,p75_system_price,p95_system_price,marginal_side_share_pct,technology_side_median_system_price,p05_system_price_deviation,p25_system_price_deviation,median_system_price_deviation,p75_system_price_deviation,p95_system_price_deviation,registered_capacity_mw,plant_family,lead_party,displayed_in_figure
BID,T_HUMR-1,CCGT,823,808.1666666666666,1.0,39.03,54.0,66.85,89.61099999999998,2.9946517459023476,62.55,-61.55,-23.519999999999996,-8.549999999999997,4.299999999999997,27.06099999999998,1283.0,T_HUMR_CC,VPI Immingham LLP,True
BID,T_MRWD-1,CCGT,769,672.0130952380953,36.066,55.19,63.9,75.5,105.11,2.490136344306871,62.55,-26.483999999999995,-7.359999999999999,1.3500000000000014,12.950000000000003,42.56,920.0,T_MRWD,Marchwood Power Limited,True
BID,T_GRAI-8,CCGT,1158,587.4039793539794,29.85,55.0,64.315,77.29999999999998,104.78749999999997,2.1766182953050706,62.55,-32.699999999999996,-7.549999999999997,1.7650000000000006,14.749999999999986,42.23749999999997,468.0,T_GRAI,Uniper UK Limited,True
BID,E_SHOS-1,CCGT,641,557.536507936508,30.0,51.9,62.0,73.0,92.41,2.065944743530248,62.55,-32.55,-10.649999999999999,-0.5499999999999972,10.450000000000003,29.86,460.0,E_SHOS,VPI Power Limited,True
BID,T_WBURB-3,CCGT,902,525.0832722832723,25.0,52.115,63.0,76.45,105.0095,1.9456896738550868,62.55,-37.55,-10.434999999999995,0.45000000000000284,13.900000000000006,42.459500000000006,470.0,T_WBURB_CC,West Burton B Limited,True
BID,T_WBURB-2,CCGT,875,523.3808913308914,29.721000000000004,53.185,65.0,79.03,105.003,1.9393815219583184,62.55,-32.82899999999999,-9.364999999999995,2.450000000000003,16.480000000000004,42.453,470.0,T_WBURB_CC,West Burton B Limited,True
BID,T_KEAD-2,CCGT,578,497.95714285714286,33.274499999999996,50.5775,58.0,65.65,82.0,1.8451741314601209,62.55,-29.2755,-11.972499999999997,-4.549999999999997,3.1000000000000085,19.450000000000003,890.0,T_KEAD,Keadby Generation Limited,True
BID,T_DRAXX-3,BIOMASS,731,455.3571178821179,0.0,26.125,50.0,65.275,86.055,1.687320257465142,43.864999999999995,-43.864999999999995,-17.739999999999995,6.135000000000005,21.41000000000001,42.19000000000001,661.4,T_DRAXX,Drax Power Ltd,True
BID,T_GRAI-7,CCGT,827,422.71187978687976,20.680000000000003,53.685,63.3,75.42499999999998,93.214,1.566353725078296,62.55,-41.86999999999999,-8.864999999999995,0.75,12.874999999999986,30.664,468.0,T_GRAI,Uniper UK Limited,True
BID,T_WBURB-1,CCGT,765,399.27335164835165,33.0,53.3,65.05,78.97,106.73399999999995,1.4795025443671088,62.55,-29.549999999999997,-9.25,2.5,16.42,44.183999999999955,470.0,T_WBURB_CC,West Burton B Limited,True
BID,T_CDCL-1,CCGT,646,381.1198162948163,20.26,50.584999999999994,60.0,70.4425,101.975,1.4122348400889921,62.55,-42.28999999999999,-11.965000000000003,-2.549999999999997,7.892499999999998,39.425,445.0,T_CDCL,Uniper UK Limited,True
BID,T_DINO-3,PS,273,226.897557997558,0.0,28.83,55.0,71.8,100.79999999999995,0.8407661392431838,55.0,-55.0,-26.17,0.0,16.799999999999997,45.799999999999955,320.0,T_DINO,First Hydro Company,True
BID,T_PNYCW-1,WIND,222,220.5,-43.79,-19.112447500000002,0.0,21.385,59.71199999999993,0.8170600659576833,0.0,-43.79,-19.112447500000002,0.0,21.385,59.71199999999993,228.0,T_PNYCW,Pen y Cymoedd Wind Farm LTD,True
BID,E_DOLLB-1,BATTERY,251,215.9567821067821,-8.89,30.202505441998802,56.2,65.47,81.32161245525077,0.8002252273568091,59.0,-67.89,-28.797494558001198,-2.799999999999997,6.469999999999999,22.321612455250772,102.0,E_DOLLB,Dollymans Storage Limited,True
BID,T_DRAXX-2,BIOMASS,729,447.699975024975,0.0,20.523785071894544,47.0,63.21,90.0,1.658946807814781,43.864999999999995,-43.864999999999995,-23.34121492810545,3.135000000000005,19.345000000000006,46.135000000000005,669.4,T_DRAXX,Drax Power Ltd,False
BID,T_DRAXX-1,BIOMASS,481,443.9166666666667,-26.0,-11.52,8.769999999999998,47.1,70.0,1.644927804745495,43.864999999999995,-69.865,-55.38499999999999,-35.095,3.2350000000000065,26.135000000000005,665.248,T_DRAXX,Drax Power Ltd,False
BID,T_GRAI-6,CCGT,758,378.88658008658007,16.01,52.0,63.625,77.02999999999999,100.0,1.403959610503502,62.55,-46.53999999999999,-10.549999999999997,1.0750000000000028,14.47999999999999,37.45,468.0,T_GRAI,Uniper UK Limited,False
BID,T_SEAB-1,CCGT,345,310.34166666666664,30.0,54.0,61.5,75.68999999999998,103.96200000000002,1.1499672681908573,62.55,-32.55,-8.549999999999997,-1.0499999999999972,13.139999999999986,41.41200000000002,830.0,T_SEAB,Seabank Power Limited,False
BID,T_SPLN-1,CCGT,386,308.6388999889,43.402499999999996,53.212500000000006,63.25,71.2525,88.67750000000001,1.1436576869933672,62.55,-19.1475,-9.337499999999991,0.7000000000000028,8.7025,26.127500000000012,950.0,T_SPLN,Spalding Energy Company Ltd,False
BID,T_DRAXX-4,BIOMASS,524,306.6821178821179,0.0,25.0,50.010000000000005,66.1,91.30049999999994,1.13640685471567,43.864999999999995,-43.864999999999995,-18.864999999999995,6.14500000000001,22.235,47.43549999999995,645.0,T_DRAXX,Drax Power Ltd,False
BID,T_CARR-2,CCGT,333,279.30119047619047,44.0,55.0,62.0,70.0,97.19999999999999,1.0349471615080983,62.55,-18.549999999999997,-7.549999999999997,-0.5499999999999972,7.450000000000003,34.64999999999999,470.0,T_CARR,Carrington Power Ltd,False
BID,T_SHBA-1,CCGT,313,279.04007936507935,38.426,56.75,65.0,76.0,107.72999999999999,1.0339796174642581,62.55,-24.123999999999995,-5.799999999999997,2.450000000000003,13.450000000000003,45.17999999999999,821.4,T_SHBA,EP UK INVESTMENTS LIMITED,False
BID,T_CARR-1,CCGT,331,269.68333333333334,45.099999999999994,57.305,64.55,75.215,98.275,0.9993083089388718,62.55,-17.450000000000003,-5.244999999999997,2.0,12.665000000000006,35.72500000000001,470.0,T_CARR,Carrington Power Ltd,False
BID,T_STAY-4,CCGT,427,266.84963924963927,42.0,56.6,64.0,71.0,91.48599999999998,0.9888080900049626,62.55,-20.549999999999997,-5.949999999999996,1.4500000000000028,8.450000000000003,28.93599999999998,464.0,T_STAY,RWE Generation UK plc,False
BID,T_EECL-1,CCGT,494,262.83174603174604,14.300000000000004,52.0,61.6,70.6,99.04599999999998,0.973919835593975,62.55,-48.24999999999999,-10.549999999999997,-0.9499999999999957,8.049999999999997,36.49599999999998,444.0,T_EECL,Uniper UK Limited,False
BID,T_STAY-2,CCGT,450,258.2968253968254,33.5025,53.1275,63.045,73.6375,91.54999999999995,0.9571157423827228,62.55,-29.0475,-9.4225,0.49500000000000455,11.087500000000006,28.999999999999957,464.0,T_STAY,RWE Generation UK plc,False
BID,T_STAY-3,CCGT,406,250.1805305805306,34.400000000000006,51.195,62.1,70.2075,95.59,0.9270409107367643,62.55,-28.14999999999999,-11.354999999999997,-0.44999999999999574,7.657499999999999,33.040000000000006,464.0,T_STAY,RWE Generation UK plc,False
BID,T_PEMB-51,CCGT,398,238.19722222222222,17.12,50.5175,59.35,65.7875,84.24249999999998,0.8826369074822034,62.55,-45.42999999999999,-12.032499999999999,-3.1999999999999957,3.237499999999997,21.69249999999998,475.0,T_PEMB,RWE Generation UK plc,False
BID,T_PEMB-41,CCGT,381,231.35476190476192,17.12,50.0,59.6,66.0,90.0,0.8572822540658906,62.55,-45.42999999999999,-12.549999999999997,-2.9499999999999957,3.450000000000003,27.450000000000003,475.0,T_PEMB,RWE Generation UK plc,False
BID,T_PEMB-21,CCGT,443,224.98763736263737,21.490000000000006,51.0,59.8,70.0,90.0,0.8336889515790468,62.55,-41.05999999999999,-11.549999999999997,-2.75,7.450000000000003,27.450000000000003,475.0,T_PEMB,RWE Generation UK plc,False
BID,T_PEMB-31,CCGT,351,198.9424603174603,17.12,50.1,60.5,67.805,96.305,0.7371788650737774,62.55,-45.42999999999999,-12.449999999999996,-2.049999999999997,5.25500000000001,33.75500000000001,475.0,T_PEMB,RWE Generation UK plc,False
BID,T_STAY-1,CCGT,331,195.71505439005438,35.0,57.78,66.26,77.0,101.05,0.7252197516954623,62.55,-27.549999999999997,-4.769999999999996,3.710000000000008,14.450000000000003,38.5,464.0,T_STAY,RWE Generation UK plc,False
BID,T_DIDCB5,CCGT,229,186.88571428571427,26.382,52.50504483038359,61.15,72.92,106.01,0.6925027394142153,62.55,-36.16799999999999,-10.044955169616408,-1.3999999999999986,10.370000000000005,43.46000000000001,770.0,T_DIDCB,RWE Generation UK plc,False
BID,T_DINO-4,PS,220,184.3761904761905,0.0,30.8125,50.0,67.5725,87.04999999999998,0.6832037294852725,55.0,-55.0,-24.1875,-5.0,12.572500000000005,32.04999999999998,320.0,T_DINO,First Hydro Company,False
BID,T_DIDCB6,CCGT,201,169.2213675213675,46.7,62.11,76.25,93.0,128.7,0.6270477174986753,62.55,-15.849999999999994,-0.4399999999999977,13.700000000000003,30.450000000000003,66.14999999999999,720.0,T_DIDCB,RWE Generation UK plc,False
BID,T_PEMB-11,CCGT,339,164.13843101343102,24.50000000000001,51.760000000000005,61.15,71.55,102.20099999999994,0.6082129581407011,62.55,-38.04999999999998,-10.789999999999992,-1.3999999999999986,9.0,39.65099999999994,475.0,T_PEMB,RWE Generation UK plc,False
BID,E_PILLB-1,BATTERY,203,162.52896825396826,-14.160055155859474,27.490000000000002,53.69,65.425,81.954,0.6022491134767416,59.0,-73.16005515585948,-31.509999999999998,-5.310000000000002,6.424999999999997,22.953999999999994,49.9,E_PILLB,BP Gas Marketing Limited,False
BID,T_SEAB-2,CCGT,172,160.27777777777777,30.0,48.2,57.65,65.92500000000001,92.41499999999999,0.5939073545698957,62.55,-32.55,-14.349999999999994,-4.899999999999999,3.375000000000014,29.864999999999995,406.0,T_SEAB,Seabank Power Limited,False
BID,E_PILLB-2,BATTERY,197,159.74563492063493,0.42400000000000015,41.0,59.0,72.64546306249977,90.50599999999997,0.5919355056902765,59.0,-58.576,-18.0,0.0,13.645463062499772,31.505999999999972,49.9,E_PILLB,BP Gas Marketing Limited,False
BID,T_HOWBO-1,WIND,254,158.5,-61.772,-21.99,-1.475,24.695,48.6155,0.5873198206543891,0.0,-61.772,-21.99,-1.475,24.695,48.6155,440.0,T_HOWBO,Breesea Limited,False
BID,T_COWB-1,OTHER,203,152.07695915195916,1.7090000000000014,45.06,58.97,68.05,84.478,0.5635193209766153,60.0,-58.291,-14.939999999999998,-1.0300000000000011,8.049999999999997,24.477999999999994,50.431,T_COWB,Pivoted Power LLP,False
BID,T_CRUA-2,PS,225,151.59107142857144,-5.429999999999998,35.1,51.05,65.2,94.13599999999995,0.5617188699320838,55.0,-60.43,-19.9,-3.950000000000003,10.200000000000003,39.13599999999995,124.76,T_CRUA,Drax Pumped Storage Limited,False
BID,T_CLDCW-1,WIND,149,149.0,-65.0,-18.86,0.0,20.38,69.88399999999994,0.5521176862934005,0.0,-65.0,-18.86,0.0,20.38,69.88399999999994,200.0,T_CLDCW,Clyde Windfarm (Scotland) Ltd,False
BID,T_SHBA-2,CCGT,166,142.91785714285714,35.41094,58.5375,65.0,72.89,100.625,0.5295803799713089,62.55,-27.13906,-4.012499999999996,2.450000000000003,10.340000000000003,38.075,580.0,T_SHBA,EP UK INVESTMENTS LIMITED,False
BID,T_ROCK-1,CCGT,164,140.39358974358976,40.199816159602456,60.4675,70.0,81.215,97.24499999999999,0.520226737850038,62.55,-22.35018384039754,-2.082499999999996,7.450000000000003,18.665000000000006,34.69499999999999,810.0,T_ROCK,Rocksavage Power Company Ltd,False
BID,T_DINO-6,PS,177,133.11904761904762,0.0,46.9,60.0,76.13,100.49999999999997,0.49327101055711126,55.0,-55.0,-8.100000000000001,5.0,21.129999999999995,45.49999999999997,320.0,T_DINO,First Hydro Company,False
BID,T_DAMC-1,CCGT,137,131.27777777777777,6.368,58.0,69.82,83.23999999999998,99.888,0.4864482075731937,62.55,-56.181999999999995,-4.549999999999997,7.269999999999996,20.689999999999984,37.33800000000001,820.0,T_DAMC,VPI Power Limited,False
BID,T_PEHE-1,CCGT,137,128.52619047619046,38.0,60.0,65.9,76.0,100.49999999999997,0.476252234320934,62.55,-24.549999999999997,-2.549999999999997,3.3500000000000085,13.450000000000003,37.949999999999974,1200.0,T_PEHE,SSE Thermal Generation,False
BID,T_CRUA-1,PS,195,125.84597069597069,-61.82699999999999,12.15,48.5,61.05,92.38399999999999,0.4663207125503787,55.0,-116.827,-42.85,-6.5,6.049999999999997,37.383999999999986,123.0,T_CRUA,Drax Pumped Storage Limited,False
BID,T_RCBKO-1,WIND,160,119.5,-82.24,-22.52,0.0,40.6875,77.173095,0.44280579538296216,0.0,-82.24,-22.52,0.0,40.6875,77.173095,284.0,T_RCBKO,Race Bank Wind Farm Ltd,False
BID,2__HANGE003,LOAD RESPONSE,150,119.28809523809524,-15.85,8.01736111111111,50.15,62.7025,85.65999999999998,0.4420205848671406,55.254999999999995,-71.10499999999999,-47.23763888888888,-5.104999999999997,7.447500000000005,30.404999999999987,49.813,2__HANGE_LR,Limejump Energy Limited,False
BID,T_KEMB-1,LOAD RESPONSE,226,117.82324342324343,-1.3575,47.7625,61.004999999999995,69.7275,86.16845289542073,0.4365925942981562,55.254999999999995,-56.6125,-7.492499999999993,5.75,14.47250000000001,30.913452895420733,35.468,T_KEMB,EDF Energy Customers Limited,False
BID,2__FBPGM001,BATTERY,119,117.5,-16.901180725100062,14.81296818799302,58.77,75.62506121856289,95.88199999999999,0.4353948197280172,59.0,-75.90118072510006,-44.18703181200698,-0.22999999999999687,16.62506121856289,36.88199999999999,39.859,2__FBPGM,BP Gas Marketing Limited,False
BID,T_LAGA-1,CCGT,137,117.30873015873016,40.0,57.2,67.91,78.1,97.23799999999999,0.4346860716594292,62.55,-22.549999999999997,-5.349999999999994,5.359999999999999,15.549999999999997,34.68799999999999,905.0,T_LAGA,EP UK INVESTMENTS LIMITED,False
BID,E_THMRB-1,BATTERY,159,117.22420634920636,0.0,43.0,56.0,66.975,81.17797553486331,0.43437286971210715,59.0,-59.0,-16.0,-3.0,7.974999999999994,22.177975534863307,49.5,E_THMRB,Tesla Motors Limited,False
BID,E_CLAYB-1,BATTERY,148,116.35555555555555,4.489141002632958,44.097500000000004,57.191706218054286,67.205,85.65,0.43115409476990973,59.0,-54.510858997367045,-14.902499999999996,-1.8082937819457143,8.204999999999998,26.650000000000006,49.5,E_CLAYB,Tesla Motors Limited,False
BID,T_DINO-2,PS,141,115.77619047619048,0.0,41.5,63.93,84.2,112.0,0.42900726452065985,55.0,-55.0,-13.5,8.93,29.200000000000003,57.0,320.0,T_DINO,First Hydro Company,False
BID,E_BURWB-1,OTHER,137,113.67424242424242,-12.261999999999997,33.7,59.1,66.75,85.40799999999997,0.42121852160018686,60.0,-72.262,-26.299999999999997,-0.8999999999999986,6.75,25.407999999999973,50.533,E_BURWB_OTH,Arenko Cleantech Limited,False
BID,2__FBPGM002,BATTERY,114,113.16666666666667,-5.714085365853658,32.3727883786972,63.215,77.89999999999999,102.3535,0.4193377058089698,59.0,-64.71408536585366,-26.6272116213028,4.215000000000003,18.89999999999999,43.3535,59.642,2__FBPGM,BP Gas Marketing Limited,False
BID,T_COVNB-1,OTHER,209,112.9231351981352,-4.154,47.8,61.02,72.06999999999998,90.59368514314308,0.41843530291671993,60.0,-64.154,-12.200000000000003,1.0200000000000031,12.069999999999979,30.593685143143077,50.449,T_COVNB,Pivoted Power LLP,False
BID,T_MEDP-1,CCGT,138,111.77619047619048,46.796342,56.4475,67.52000000000001,77.0,100.0,0.4141853132107699,62.55,-15.753657999999994,-6.102499999999999,4.970000000000013,14.450000000000003,37.45,750.0,T_MEDP,Medway Power Ltd,False
BID,T_TKNEW-1,WIND,177,111.5,-76.88,-25.0,0.0,30.01,55.384,0.41316189276318227,0.0,-76.88,-25.0,0.0,30.01,55.384,412.0,T_TKNEW,Triton Knoll Offshore Wind,False
BID,T_FOYE-2,PS,116,108.25,8.024999999999999,46.82,60.769999999999996,73.0,102.1625,0.4011190573238967,55.0,-46.975,-8.18,5.769999999999996,18.0,47.162499999999994,160.0,T_FOYE,SSE Generation Ltd,False
BID,E_SKELB-1,BATTERY,148,107.68174603174603,0.5645000000000003,44.84,57.084999999999994,68.9175,85.09100000000001,0.39901339916161865,59.0,-58.4355,-14.159999999999997,-1.9150000000000063,9.917500000000004,26.091000000000008,49.9,E_SKELB,Tesla Motors Limited,False
BID,2__MSTAT001,BATTERY,140,107.62186147186146,-9.163056527257766,21.7675,57.144999999999996,70.85,100.1,0.39879149765391286,59.0,-68.16305652725777,-37.2325,-1.855000000000004,11.849999999999994,41.099999999999994,50.0,2__MSTAT_B,Statkraft Markets Gmbh,False
BID,T_SCCL-1,CCGT,118,103.77738095238095,31.0,52.25,62.5,73.6875,101.3455,0.3845458218860227,62.55,-31.549999999999997,-10.299999999999997,-0.04999999999999716,11.137500000000003,38.795500000000004,408.2,T_SCCL,SCCL,False
BID,T_SCCL-2,CCGT,111,102.55757575757576,42.0,58.105,64.11,71.225,99.1,0.3800258485847844,62.55,-20.549999999999997,-4.445,1.5600000000000023,8.674999999999997,36.55,409.1,T_SCCL,SCCL,False
BID,T_FOYE-1,PS,111,102.15,10.105,45.575,59.0,68.05,95.59,0.37851558157631454,55.0,-44.894999999999996,-9.424999999999997,4.0,13.049999999999997,40.59,160.0,T_FOYE,SSE Generation Ltd,False
BID,T_COSO-1,CCGT,111,101.75,26.55,63.01,75.0,89.11499999999998,104.10705396939676,0.3770333864453255,62.55,-36.0,0.46000000000000085,12.450000000000003,26.564999999999984,41.55705396939676,856.186,T_COSO,Coryton Energy Company Ltd,False
BID,2__HANGE004,BATTERY,133,101.6547619047619,-7.5799999999999965,22.74,55.06,70.0,96.622,0.37668048284270905,59.0,-66.58,-36.260000000000005,-3.9399999999999977,11.0,37.622,49.335,2__HANGE_B,Limejump Energy Limited,False
BID,T_TKNWW-1,WIND,166,100.5,-76.88,-24.38,0.0,30.25,55.58,0.3724015266609849,0.0,-76.88,-24.38,0.0,30.25,55.58,412.0,T_TKNWW,Triton Knoll Offshore Wind,False
BID,T_CNQPS-2,CCGT,147,99.67420634920634,43.29610808555652,61.0,71.89,84.00999999999999,102.10890099999999,0.36934155833996496,62.55,-19.25389191444348,-1.5499999999999972,9.340000000000003,21.459999999999994,39.55890099999999,352.0,T_CNQPS,Uniper UK Limited,False
BID,T_DINO-1,PS,112,99.45,0.0,40.0,55.06,64.8125,85.73499999999997,0.3685107644421388,55.0,-55.0,-15.0,0.060000000000002274,9.8125,30.73499999999997,320.0,T_DINO,First Hydro Company,False
BID,T_PINFB-1,BATTERY,177,98.4267538017538,-3.0699999999999994,45.0,60.05,72.0,86.19999999999999,0.36471913811003004,59.0,-62.07,-14.0,1.0499999999999972,13.0,27.19999999999999,27.08,T_PINFB_B,Zenobe Capenhurst Limited,False
BID,T_DINO-5,PS,121,97.86666666666666,0.0,40.1,65.0,80.0,112.6,0.3626437420486407,55.0,-55.0,-14.899999999999999,10.0,25.0,57.599999999999994,320.0,T_DINO,First Hydro Company,False
BID,T_BUSTB-1,BATTERY,178,97.78983793983794,-1.6496280241277999,49.4075,63.0,71.01915686933953,84.70550000000001,0.36235905413657665,59.0,-60.6496280241278,-9.592500000000001,4.0,12.019156869339525,25.705500000000015,52.237,T_BUSTB,Pivoted Power LLP,False
BID,E_CLAYB-2,BATTERY,117,96.58888888888889,-3.025999999999998,40.0,58.0,68.2,85.46199999999997,0.3579089520468703,59.0,-62.025999999999996,-19.0,-1.0,9.200000000000003,26.461999999999975,49.5,E_CLAYB,Tesla Motors Limited,False
BID,T_NURSB-1,BATTERY,189,96.04734154734155,-13.517999999999999,30.0,55.10218981595146,69.98,82.17999999999999,0.3559022549647666,59.0,-72.518,-29.0,-3.897810184048538,10.980000000000004,23.179999999999993,48.0,T_NURSB,EDF Energy Customers Limited,False
BID,T_HOWBO-2,WIND,154,88.5,-43.72,-19.0,1.0,27.385,59.3704020169432,0.3279356727313151,0.0,-43.72,-19.0,1.0,27.385,59.3704020169432,440.0,T_HOWBO,Sonningmay Wind Limited,False
BID,E_BARNB-1,BATTERY,107,88.27424242424243,-18.86,25.985,49.0,64.43762301473654,87.88099999999996,0.3270991307823857,59.0,-77.86,-33.015,-10.0,5.437623014736545,28.880999999999958,44.0,E_BARNB,EDF Energy Customers Limited,False
BID,T_KEAD-1,CCGT,120,87.60952380952381,42.0775,57.2125,63.305,74.69999999999999,110.2045,0.3246360240468515,62.55,-20.472499999999997,-5.337499999999999,0.7550000000000026,12.149999999999991,47.6545,764.0,T_KEAD,Keadby Generation Limited,False
BID,E_HAWKB-1,BATTERY,127,86.26626984126985,-1.6259999999999997,46.0,58.6,69.42500000000001,86.64499999999994,0.3196586128182823,59.0,-60.626,-13.0,-0.3999999999999986,10.425000000000011,27.64499999999994,20.0,E_HAWKB,Tesla Motors Limited,False
BID,2__HSTAT002,BATTERY,120,85.13416305916306,-11.983999999999998,9.077499999999999,45.120000000000005,65.8375,90.95602986453531,0.3154636049177866,59.0,-70.984,-49.9225,-13.879999999999995,6.837500000000006,31.95602986453531,52.237,2__HSTAT,Statkraft Markets Gmbh,False
BID,E_CHAPB-1,BATTERY,111,84.23015873015873,-0.855,39.725,55.0,67.25,87.85,0.3121138278806786,59.0,-59.855,-19.275,-4.0,8.25,28.849999999999994,50.169,E_CHAPB,Tesla Motors Limited,False
BID,E_LITRB-1,BATTERY,103,83.85952380952381,12.677000000000003,52.2,63.2,73.60499999999999,85.219,0.31074044469382966,59.0,-46.32299999999999,-6.799999999999997,4.200000000000003,14.60499999999999,26.218999999999994,50.0,E_LITRB,Tesla Motors Limited,False
BID,T_SUNDB-1,BATTERY,98,83.30833333333334,-16.1725,20.34521699426378,59.65,67.5325,81.65749999999996,0.3086980150936871,59.0,-75.1725,-38.65478300573622,0.6499999999999986,8.532499999999999,22.657499999999956,50.246,T_SUNDB,Pivoted Power LLP,False
BID,T_CLDSW-1,WIND,83,83.0,-61.574999999999996,-20.235,-2.1,13.504999999999999,55.72899999999999,0.3075554896802164,0.0,-61.574999999999996,-20.235,-2.1,13.504999999999999,55.72899999999999,150.0,T_CLDSW,Clyde Windfarm (Scotland) Ltd,False
BID,T_WISHB-1,BATTERY,105,82.3852564102564,-12.263999999999998,35.0,55.84,68.89057132260695,88.08799999999998,0.3052775647914048,59.0,-71.264,-24.0,-3.1599999999999966,9.890571322606945,29.08799999999998,51.0,T_WISHB,Zenobe Wishaw Limited,False
BID,T_LBAR-1,CCGT,135,82.05992063492063,34.415,52.575,59.0,65.725,105.093,0.30407203703605673,62.55,-28.134999999999998,-9.974999999999994,-3.549999999999997,3.174999999999997,42.543000000000006,750.0,T_LBAR,RWE Generation UK plc,False
BID,T_LARKB-1,OTHER,98,81.88452380952381,-12.597999999999997,52.04,62.685,70.49536079239037,92.66199999999998,0.3034221062345715,60.0,-72.598,-7.960000000000001,2.6850000000000023,10.495360792390372,32.66199999999998,52.0,T_LARKB,EDF Energy Customers Limited,False
BID,2__HIMPO002,LOAD RESPONSE,92,81.61666666666666,-5.972,21.921216581777596,61.328500735907326,77.685,89.8785,0.3024295648522128,55.254999999999995,-61.227,-33.333783418222396,6.073500735907331,22.430000000000007,34.62350000000001,52.564,2__HIMPO,SSE Energy Supply Limited,False
BID,E_ILMEB-1,BATTERY,122,80.24007936507937,3.6830000000000016,45.225,62.504999999999995,70.0,94.899,0.29732863736272785,59.0,-55.317,-13.774999999999999,3.5049999999999955,11.0,35.899,49.5,E_ILMEB,Tesla Motors Limited,False
BID,T_RICHB-2,OTHER,102,77.95476190476191,-6.941999999999999,12.5775,46.101555000000005,61.480000000000004,88.59585142539453,0.28886042133161116,60.0,-66.942,-47.4225,-13.898444999999995,1.480000000000004,28.595851425394528,49.9,T_RICHB,Limejump Energy Limited,False
BID,2__JSTAT002,BATTERY,102,76.87622655122655,-8.561499999999999,8.4725,50.185,64.72749999999999,76.0,0.2848639217075872,59.0,-67.5615,-50.5275,-8.814999999999998,5.727499999999992,17.0,6.305,2__JSTAT,Statkraft Markets Gmbh,False
BID,T_RICHB-1,OTHER,96,76.2547619047619,-0.5225,26.94857768920172,54.475,73.0475,91.14499999999998,0.2825610920249079,60.0,-60.5225,-33.05142231079828,-5.524999999999999,13.0475,31.144999999999982,49.9,T_RICHB,Limejump Energy Limited,False
BID,T_HOWBO-3,WIND,127,75.33333333333333,-56.989,-17.4,-1.65008,23.950000000000003,48.661,0.27914674966959396,0.0,-56.989,-17.4,-1.65008,23.950000000000003,48.661,440.0,T_HOWBO,Soundmark Wind Limited,False
BID,T_SCCL-3,CCGT,81,74.86666666666666,48.75,59.3,64.1,75.0,100.0,0.2774175220167735,62.55,-13.799999999999997,-3.25,1.5499999999999972,12.450000000000003,37.45,409.3,T_SCCL,SCCL,False
BID,E_BHOLB-1,BATTERY,93,74.44126984126984,3.772000000000001,43.4,58.14742272191856,66.51,83.23999999999994,0.27584121925842014,59.0,-55.228,-15.600000000000001,-0.8525772780814407,7.510000000000005,24.239999999999938,7.12,E_BHOLB,Tesla Motors Limited,False
BID,E_BROAB-1,BATTERY,100,73.26944444444445,4.830000000000001,40.0,56.57340133010272,67.91802814639021,89.56799999999998,0.2714990345145605,59.0,-54.17,-19.0,-2.426598669897281,8.918028146390213,30.567999999999984,11.0,E_BROAB,Tesla Motors Limited,False
BID,T_TYLNB-1,BATTERY,82,72.33333333333333,-5.8525,33.45677727365341,57.525000000000006,63.575,71.527,0.2680302861871765,59.0,-64.8525,-25.543222726346592,-1.4749999999999943,4.575000000000003,12.527000000000001,58.0,T_TYLNB,Pivoted Power LLP,False
BID,T_LKSDB-1,OTHER,86,71.95,-17.53,29.42720680522277,61.375,67.275,85.07499999999999,0.26660984918664543,60.0,-77.53,-30.57279319477723,1.375,7.275000000000006,25.07499999999999,105.0,T_LKSDB,Lakeside Energy Storage Ltd,False
BID,T_CRUA-4,PS,112,70.4968253968254,-30.0,0.5,45.25,65.71,95.41849999999998,0.2612251283833898,55.0,-85.0,-54.5,-9.75,10.709999999999994,40.41849999999998,104.0,T_CRUA,Drax Pumped Storage Limited,False
BID,2__HSTAT001,BATTERY,96,69.95281385281385,-9.36163182999707,8.22,41.456434249990195,64.075,86.44500000000001,0.2592093002290505,59.0,-68.36163182999707,-50.78,-17.543565750009805,5.075000000000003,27.445000000000007,100.0,2__HSTAT,Statkraft Markets Gmbh,False
BID,T_PINFB-3,OTHER,158,69.88782883782883,-10.567,45.0,61.275,69.20249999999999,84.84150000000001,0.2589684990470554,60.0,-70.56700000000001,-15.0,1.2749999999999986,9.202499999999986,24.84150000000001,26.0,T_PINFB_OTH,Zenobe Capenhurst Limited,False
BID,T_PINFB-2,OTHER,164,69.55013042513042,-0.8664999999999998,50.0,62.15,71.64,89.87886289153792,0.25771716168944464,60.0,-60.8665,-10.0,2.1499999999999986,11.64,29.87886289153792,26.0,T_PINFB_OTH,Zenobe Capenhurst Limited,False
BID,T_SGRWO-6,WIND,137,69.45,-13.439999999999998,0.9500571428571428,35.0,53.2,72.0,0.2573461296179642,0.0,-13.439999999999998,0.9500571428571428,35.0,53.2,72.0,380.0,T_SGRWO,Seagreen Wind Energy Limited,False
BID,E_ROARB-1,BATTERY,86,68.16785714285714,15.7380194590143,56.0,66.47,74.9775,90.3,0.2525951648677406,59.0,-43.261980540985704,-3.0,7.469999999999999,15.977500000000006,31.299999999999997,50.0,E_ROARB,Tesla Motors Limited,False
BID,2__HANGE002,LOAD RESPONSE,95,67.73658008658009,-0.7649999999999995,33.019999999999996,57.2,68.41499999999999,92.363,0.2509970729854378,55.254999999999995,-56.019999999999996,-22.235,1.9450000000000074,13.159999999999997,37.108000000000004,50.0,2__HANGE_LR,Limejump Energy Limited,False
BID,T_CNQPS-1,CCGT,122,67.64682539682539,46.773500000000006,62.1775,73.92,99.225,111.81999999999996,0.2506644880750932,62.55,-15.776499999999992,-0.37249999999999517,11.370000000000005,36.675,49.26999999999997,351.162,T_CNQPS,Uniper UK Limited,False
BID,2__PLOND001,OTHER,123,67.62186147186148,-9.758085418920304,47.775,57.0,67.25,80.42999999999999,0.25057198455501345,60.0,-69.7580854189203,-12.225000000000001,-3.0,7.25,20.429999999999993,52.0,2__PLOND,EDF Energy Customers Limited,False
BID,2__MSTAT005,BATTERY,74,67.55119047619047,6.155223091714273,39.55295157758892,61.25,67.79249999999999,86.74999999999997,0.25031011404079917,59.0,-52.84477690828572,-19.44704842241108,2.25,8.79249999999999,27.74999999999997,8.0,2__MSTAT_B,Statkraft Markets Gmbh,False
BID,2__MCMRO002,OTHER,83,66.57619047619048,-0.32399999999999274,49.205,64.0,75.04999999999998,93.3076783805277,0.24669726340901352,60.0,-60.32399999999999,-10.795000000000002,4.0,15.049999999999983,33.307678380527705,36.844,2__MCMRO,BGI Trading Limited,False
BID,E_GYAR-1,CCGT,94,66.10238095238095,38.705,61.0,63.92,75.7875,92.93773449999999,0.24494156798599678,62.55,-23.845,-1.5499999999999972,1.3700000000000045,13.237499999999997,30.387734499999993,420.0,E_GYAR,RWE Generation UK plc,False
BID,2__DUKPR001,OCGT,85,65.85238095238095,-4.523999999999999,30.82,60.0,72.70999999999998,108.59799999999998,0.24401519602912866,64.75,-69.274,-33.93,-4.75,7.9599999999999795,43.847999999999985,20.0,2__DUKPR,UK Power Reserve Limited,False
BID,E_KLYN-A-1,CCGT,107,65.35674603174603,40.0,58.37822904739137,69.91,81.89999999999999,109.02299999999985,0.24217862686384564,62.55,-22.549999999999997,-4.171770952608625,7.359999999999999,19.349999999999994,46.47299999999986,392.0,E_KLYN-A,RWE Generation UK plc,False
BID,2__MCMRO003,OTHER,75,64.58333333333333,-10.294,14.62003184713376,56.89037284123686,66.655,79.20499999999996,0.23931275552426476,60.0,-70.294,-45.37996815286624,-3.109627158763139,6.655000000000001,19.204999999999956,50.0,2__MCMRO,BGI Trading Limited,False
BID,T_CNQPS-3,CCGT,129,64.33928571428571,56.138,66.85,80.0,104.75,112.12,0.23840844004256015,62.55,-6.411999999999999,4.299999999999997,17.450000000000003,42.2,49.57000000000001,352.0,T_CNQPS,Uniper UK Limited,False
BID,T_KLGLW-1,WIND,64,63.5,-73.68,-16.4875,0.11243,33.3825,57.6555435,0.2352984770445029,0.0,-73.68,-16.4875,0.11243,33.3825,57.6555435,261.98,T_KLGLW,SP Renewables (UK) Limited,False
BID,T_AKGLW-3,WIND,64,63.333333333333336,-29.0205,-15.895,0.0,40.37,69.02249999999995,0.23468089573992418,0.0,-29.0205,-15.895,0.0,40.37,69.02249999999995,163.4,T_AKGLW,AIK2A Sustainable Energy Ltd,False
BID,T_WHILW-1,WIND,63,63.0,-74.3,-19.375,-5.0,4.185102040816327,60.209999999999965,0.23344573313076666,0.0,-74.3,-19.375,-5.0,4.185102040816327,60.209999999999965,309.0,T_WHILW,SP Renewables (UK) Limited,False
BID,T_PINFB-4,BATTERY,160,62.86054501054501,-14.475,47.5375,61.0,69.6725,82.30849999999998,0.2329289843648609,59.0,-73.475,-11.462499999999999,2.0,10.6725,23.30849999999998,26.0,T_PINFB_B,Zenobe Capenhurst Limited,False
BID,T_RCBKO-2,WIND,103,62.5,-82.24,-22.34,0.05,42.5,77.11109,0.23159298921703042,0.0,-82.24,-22.34,0.05,42.5,77.11109,290.0,T_RCBKO,Race Bank Wind Farm Ltd,False
BID,E_FARNB-1,BATTERY,98,61.97579365079365,-1.676,40.00002637785086,55.1,67.94,81.5625,0.2296505489709625,59.0,-60.676,-18.99997362214914,-3.8999999999999986,8.939999999999998,22.5625,20.0,E_FARNB,Tesla Motors Limited,False
BID,2__GCMRO001,OTHER,80,61.80952380952381,-13.334672727272725,40.83,60.05,70.75475396809786,80.12449999999997,0.22903443809806132,60.0,-73.33467272727273,-19.17,0.04999999999999716,10.754753968097859,20.12449999999997,16.379,2__GCMRO,BGI Trading Limited,False
BID,2__ASTAT005,BATTERY,90,60.89844877344877,-20.112499999999997,5.58,36.555110921825346,60.465,86.1,0.2256584606419712,59.0,-79.1125,-53.42,-22.444889078174654,1.4650000000000034,27.099999999999994,51.313,2__ASTAT_B,Statkraft Markets Gmbh,False
BID,V__GHABI001,OTHER,69,60.61666666666667,6.450000000000003,42.1,57.0,65.3,104.306,0.2246143204752906,60.0,-53.55,-17.9,-3.0,5.299999999999997,44.306,0.0,V__GHABI,Habitat Energy Limited,False
BID,E_CONTB-1,BATTERY,94,59.96071428571428,-1.5214999999999999,50.2725,65.15,73.2825,96.11999999999999,0.2221836969122699,59.0,-60.5215,-8.7275,6.150000000000006,14.282499999999999,37.11999999999999,35.8,E_CONTB,Tesla Motors Limited,False
BID,E_OLDHB-1,BATTERY,61,59.0,-3.8,22.78,57.05,70.03,98.99,0.21862378182087672,59.0,-62.8,-36.22,-1.9500000000000028,11.030000000000001,39.989999999999995,20.0,E_OLDHB,Field Oldham Ltd,False
BID,E_BLKPB-1,BATTERY,60,55.976190476190474,-0.5134999999999996,44.980000000000004,63.125,80.60109013753717,125.083,0.20741909243780515,59.0,-59.5135,-14.019999999999996,4.125,21.60109013753717,66.083,25.3,E_BLKPB,Conrad Energy (Trading) Ltd,False
BID,2__LANGE002,LOAD RESPONSE,95,55.94761904761905,-7.106999999999999,16.184249342300284,51.12713311534674,65.3,91.074,0.2073132213570202,55.254999999999995,-62.361999999999995,-39.07075065769971,-4.127866884653258,10.045000000000002,35.819,50.0,2__LANGE,Limejump Energy Limited,False
BID,T_FFES-2,PS,72,54.83015873015873,0.0,33.1125,49.575,61.0125,95.13000000000004,0.20317248575298746,55.0,-55.0,-21.887500000000003,-5.424999999999997,6.012500000000003,40.13000000000004,91.875,T_FFES,First Hydro Company,False
BID,E_ARNKB-1,LOAD RESPONSE,61,53.50757575757576,-11.1,30.0,55.0,69.95,94.60322716503268,0.1982716706472589,55.254999999999995,-66.35499999999999,-25.254999999999995,-0.25499999999999545,14.695000000000007,39.34822716503268,41.66,E_ARNKB_LR,Octopus Energy Trading Limited,False
BID,T_CRUA-3,PS,79,52.3,-0.3999999999999986,30.5,50.63,63.3,95.18999999999998,0.19379701337681104,55.0,-55.4,-24.5,-4.369999999999997,8.299999999999997,40.18999999999998,101.48,T_CRUA,Drax Pumped Storage Limited,False
BID,E_JAMBB-1,BATTERY,64,51.575,14.150500000000005,51.8375,62.185,67.4,81.21035158397272,0.19111053470189351,59.0,-44.84949999999999,-7.162500000000001,3.1850000000000023,8.400000000000006,22.210351583972724,30.0,E_JAMBB_B,Tesla Motors Limited,False
BID,T_SGRWO-1,WIND,121,51.25,-12.47,0.5,31.54,50.64,70.5,0.18990625115796494,0.0,-12.47,0.5,31.54,50.64,70.5,358.0,T_SGRWO,Seagreen Wind Energy Limited,False
BID,T_NTRVB-1,BATTERY,52,51.0,-8.419427529175458,24.7075,55.355000000000004,66.455,83.9035,0.18897987920109682,59.0,-67.41942752917546,-34.292500000000004,-3.644999999999996,7.454999999999998,24.903499999999994,57.0,T_NTRVB,Arenko Cleantech Limited,False
BID,T_CNQPS-4,CCGT,77,50.103968253968254,39.8,63.55,72.56,83.0,98.0,0.18565964447314726,62.55,-22.75,1.0,10.010000000000005,20.450000000000003,35.45,352.0,T_CNQPS,Uniper UK Limited,False
BID,T_MOWEO-1,WIND,88,49.0,-43.79,-19.005,-0.30999999999999994,30.0,59.46249999999998,0.18156890354615185,0.0,-43.79,-19.005,-0.30999999999999994,30.0,59.46249999999998,300.0,T_MOWEO,Moray Offshore Wind East Ltd,False
BID,T_RATS-3,COAL,120,48.45836940836941,26.94880392156863,50.975,58.64,71.0775,106.005,0.17956189798187797,59.6,-32.65119607843137,-8.625,-0.9600000000000009,11.4775,46.404999999999994,0.0,T_RATS,Uniper UK Limited,False
BID,E_JAMBB-2,OTHER,60,47.86785714285714,9.964202307781315,54.653289516357496,62.0,66.16499999999999,77.05931410416666,0.17737376197004906,60.0,-50.03579769221869,-5.346710483642504,2.0,6.164999999999992,17.05931410416666,19.0,E_JAMBB_OTH,Tesla Motors Limited,False
BID,T_RATS-2,COAL,115,47.67189754689755,33.55,50.55,60.0,70.65,106.30000000000001,0.17664763607254436,59.6,-26.050000000000004,-9.050000000000004,0.3999999999999986,11.050000000000004,46.70000000000001,0.0,T_RATS,Uniper UK Limited,False
BID,T_BLHLB-1,BATTERY,71,47.0,-16.22,29.61,60.11,65.025,77.48999999999998,0.17415792789120688,59.0,-75.22,-29.39,1.1099999999999994,6.025000000000006,18.48999999999998,50.0,T_BLHLB_B,ZENOBE BLACKHILLOCK LIMITED,False
BID,T_RATS-4,COAL,112,46.871464646464645,21.450000000000014,49.5,59.9,70.475,97.84749999999998,0.17368164170328176,59.6,-38.14999999999999,-10.100000000000001,0.29999999999999716,10.874999999999993,38.24749999999998,0.0,T_RATS,Uniper UK Limited,False
BID,T_WHLWB-1,BATTERY,50,46.666666666666664,2.530500000000001,49.1125,59.6,62.4864875,77.7545,0.17292276528204936,59.0,-56.4695,-9.887500000000003,0.6000000000000014,3.4864875000000026,18.754499999999993,50.2,T_WHLWB,SP Renewables (UK) Limited,False
BID,2__KSTAT006,BATTERY,63,46.65440115440116,-10.936,11.909387725279107,59.0,70.53,94.455,0.17287731557565184,59.0,-69.936,-47.0906122747209,0.0,11.530000000000001,35.455,21.032,2__KSTAT,Statkraft Markets Gmbh,False
BID,E_ROOSB-1,BATTERY,62,46.43333333333333,11.546911500000002,44.7,56.03,68.97264283065174,81.214,0.17205815145563913,59.0,-47.4530885,-14.299999999999997,-2.969999999999999,9.972642830651736,22.214,49.0,E_ROOSB,CBS ENERGY STORAGE ASSETS LTD,False
BID,2__HANGE005,OTHER,50,46.34285714285714,-11.452,27.566257528233944,51.70440513894664,63.275000000000006,75.01799999999999,0.17172289303315352,60.0,-71.452,-32.43374247176605,-8.29559486105336,3.2750000000000057,15.017999999999986,101.899,2__HANGE_OTH,Limejump Energy Limited,False
BID,T_HOWAO-1,WIND,83,46.0,-51.89,0.0,22.0,35.495,92.572269,0.1704524400637344,0.0,-51.89,0.0,22.0,35.495,92.572269,400.0,T_HOWAO,Hornsea 1 Limited,False
BID,2__ASTAT008,BATTERY,63,45.01273448773449,-6.461,14.625,60.317068820075995,70.14500000000001,91.16599999999998,0.16679413972555115,59.0,-65.461,-44.375,1.3170688200759955,11.14500000000001,32.16599999999998,28.749,2__ASTAT_B,Statkraft Markets Gmbh,False
BID,V__LCEND005,BATTERY,60,44.75757575757576,-6.7235,38.18,60.57,69.60498208635188,99.31644116729194,0.16584865215687464,59.0,-65.7235,-20.82,1.5700000000000003,10.604982086351882,40.31644116729194,0.0,V__LCEND,Centrica Business Solutions UK,False
BID,T_MOWEO-3,WIND,78,44.5,-50.1145,-22.2225,-2.73,27.525,49.88349999999999,0.16489420832252566,0.0,-50.1145,-22.2225,-2.73,27.525,49.88349999999999,300.0,T_MOWEO,Moray Offshore Wind East Ltd,False
BID,T_CLDNW-1,WIND,44,44.0,-43.79,-20.725,-16.095,2.45,84.58500000000002,0.16304146440878942,0.0,-43.79,-20.725,-16.095,2.45,84.58500000000002,200.0,T_CLDNW,Clyde Windfarm (Scotland) Ltd,False
BID,I_IND-DSKC1,NEMO,44,43.0,-31.1835,-9.065,1.346615,35.14,51.74933,0.15933597658131693,0.8299999999999998,-32.0135,-9.895,0.516615,34.31,50.91933,,I_IND-DSKC,Danske Commodities A/S,False
BID,T_FFES-1,PS,63,42.92063492063492,-9.0,36.95957774973037,56.2,72.07502857142858,102.58,0.15904189024580323,55.0,-64.0,-18.04042225026963,1.2000000000000028,17.075028571428575,47.58,91.033,T_FFES,First Hydro Company,False
BID,V__NHABI005,OTHER,58,42.57136752136752,-17.0525,58.0,68.725,81.0,87.74899999999997,0.15774768414928492,60.0,-77.0525,-2.0,8.724999999999994,21.0,27.748999999999967,0.0,V__NHABI,Habitat Energy Limited,False
BID,T_EAAO-1,WIND,58,42.0,-69.6135,0.0,18.869999999999997,52.00028089372692,78.552,0.15563048875384444,0.0,-69.6135,0.0,18.869999999999997,52.00028089372692,78.552,358.0,T_EAAO,East Anglia One Limited,False
BID,T_KENNW-1,WIND,42,42.0,-20.38,-15.18,10.413820566347063,53.275,60.304004,0.15563048875384444,0.0,-20.38,-15.18,10.413820566347063,53.275,60.304004,60.0,T_KENNW,Kennoxhead Wind Farm Limited,False
BID,T_AKGLW-2,WIND,44,41.833333333333336,-36.7,-20.98589262505149,-4.095000000000001,20.502499999999998,91.31850000000007,0.1550129074492657,0.0,-36.7,-20.98589262505149,-4.095000000000001,20.502499999999998,91.31850000000007,63.84,T_AKGLW,Aikengall 2 CWCL,False
BID,T_MOWEO-2,WIND,79,41.5,-44.784,-20.63,-3.71,20.55,49.579,0.1537777448401082,0.0,-44.784,-20.63,-3.71,20.55,49.579,300.0,T_MOWEO,Moray Offshore Wind East Ltd,False
BID,E_BTUIW-3,WIND,41,41.0,-20.0,-10.11,4.16,33.32,59.0,0.15192500092637196,0.0,-20.0,-10.11,4.16,33.32,59.0,52.0,E_BTUIW,SP Renewables (UK) Limited,False
BID,T_OCHLB-1,BATTERY,55,40.78333333333333,-6.955999999999999,45.5,62.2,66.725,75.02299999999998,0.15112214523041959,59.0,-65.956,-13.5,3.200000000000003,7.724999999999994,16.022999999999982,58.0,T_OCHLB,HD143OCK Ltd,False
BID,T_PNYCB-1,BATTERY,41,40.5,-4.13,47.05,60.0,68.97,85.01,0.1500722570126357,59.0,-63.13,-11.950000000000003,1.0,9.969999999999999,26.010000000000005,22.0,T_PNYCB,Arenko Cleantech Limited,False
BID,I_IND-MFTE1,NEMO,40,40.0,-54.13849999999999,-29.25,-16.06,-4.92,42.494,0.14821951309889947,0.8299999999999998,-54.96849999999999,-30.08,-16.889999999999997,-5.75,41.664,,I_IND-MFTE,MFT Energy A/S,False
BID,2__FFSEN007,OTHER,42,39.916666666666664,21.71499309027778,62.45,67.34,81.095,96.36099999999999,0.14791072244661008,60.0,-38.28500690972222,2.450000000000003,7.340000000000003,21.095,36.36099999999999,22.826,2__FFSEN,F & S Energy Ltd,False
BID,V__JZENO001,OTHER,89,39.53502886002886,-4.376158899832939,36.5,60.0,70.45013333333333,86.19999999999999,0.1464965681996104,60.0,-64.37615889983294,-23.5,0.0,10.450133333333326,26.19999999999999,0.0,V__JZENO,BESS Holdco 2 Limited,False
BID,T_FINL-1,NPSHYD,45,39.52777777777778,18.17,45.0,60.0,68.0,82.99999999999997,0.14646969940259302,57.135000000000005,-38.965,-12.135000000000005,2.864999999999995,10.864999999999995,25.864999999999966,85.794,T_FINL,SSE Generation Ltd,False
BID,E_CUPAB-1,OTHER,45,39.05238095238095,-6.685999999999999,46.1,60.5,63.5,74.27399999999999,0.144708122252866,60.0,-66.68599999999999,-13.899999999999999,0.5,3.5,14.273999999999987,41.314,E_CUPAB,Octopus Energy Trading Limited,False
BID,T_WBURB-41,BATTERY,65,38.204401154401154,-26.24,40.69,53.61,65.36,79.96,0.14156594343350928,59.0,-85.24,-18.310000000000002,-5.390000000000001,6.359999999999999,20.959999999999994,31.0,T_WBURB_B,West Burton B Limited,False
BID,V__BCEND004,BATTERY,51,37.65,2.2383,40.0,55.0,65.425,87.78,0.13951161670433912,59.0,-56.7617,-19.0,-4.0,6.424999999999997,28.78,0.0,V__BCEND,Centrica Business Solutions UK,False
BID,2__GSTAT016,BATTERY,52,37.535353535353536,-5.84,44.75,63.535066666666665,70.5575,90.59999999999998,0.1390867956251289,59.0,-64.84,-14.25,4.5350666666666655,11.557500000000005,31.59999999999998,8.0,2__GSTAT_B,Statkraft Markets Gmbh,False
BID,2__HLOND002,BATTERY,42,36.75,-14.631999999999998,33.665,62.644999999999996,66.1275,81.89649702716518,0.1361766776596139,59.0,-73.632,-25.335,3.644999999999996,7.127499999999998,22.896497027165182,53.123,2__HLOND,EDF Energy Customers Limited,False
BID,T_DRSLW-1,WIND,47,36.61666666666667,-34.803,-20.325,-10.0,28.619999999999997,83.235,0.13568261261595088,0.0,-34.803,-20.325,-10.0,28.619999999999997,83.235,70.9,T_DRSLW,SP Renewables (UK) Limited,False
BID,T_FALGW-1,WIND,36,36.0,-64.53,-21.03,-18.0,7.5,28.8,0.13339756178900952,0.0,-64.53,-21.03,-18.0,7.5,28.8,144.0,T_FALGW,Fallago Rig Wind Farm Limited,False
BID,T_BLHLB-4,OTHER,55,35.833333333333336,-7.742046820498837,40.58,61.0,65.025,77.45116969756266,0.1327799804844308,60.0,-67.74204682049884,-19.42,1.0,5.025000000000006,17.451169697562662,54.42,T_BLHLB_OTH,ZENOBE BLACKHILLOCK LIMITED,False
BID,2__GCMRO002,OTHER,50,35.666666666666664,-5.5885,20.329618574075862,62.790000000000006,74.14249999999998,87.475,0.132162399179852,60.0,-65.5885,-39.670381425924134,2.7900000000000063,14.142499999999984,27.474999999999994,14.0,2__GCMRO,BGI Trading Limited,False
BID,I_IFD-EDFT1,IFA,36,34.5,-15.037500000000001,4.7625,23.66,44.5,58.457499999999996,0.1278393300478008,8.199999999999998,-23.237499999999997,-3.4374999999999973,15.460000000000003,36.300000000000004,50.2575,,I_IFD-EDFT,EDF TRADING LIMITED,False
BID,2__HSTAT004,BATTERY,53,33.64365079365079,-9.358,7.309999999999999,47.99,65.01,91.90468123007768,0.12466613848760807,59.0,-68.358,-51.69,-11.009999999999998,6.010000000000005,32.904681230077685,20.0,2__HSTAT,Statkraft Markets Gmbh,False
BID,V__MCEND001,BATTERY,39,33.583333333333336,-11.83,49.519999999999996,60.5,65.33000000000001,72.631,0.12444263287261768,59.0,-70.83,-9.480000000000004,1.5,6.3300000000000125,13.631,0.0,V__MCEND,Centrica Business Solutions UK,False
BID,2__NHPOW002,NPSHYD,35,33.5,-30.0,-6.55,30.07,49.04038014044279,66.00699999999995,0.1241338422203283,57.135000000000005,-87.135,-63.685,-27.065000000000005,-8.094619859557213,8.871999999999943,108.0,2__NHPOW,Drax Energy Solutions Limited,False
BID,T_BLHLB-3,BATTERY,54,33.5,-16.618,10.717553191489362,54.335,63.102500000000006,67.28053465346535,0.1241338422203283,59.0,-75.618,-48.28244680851064,-4.664999999999999,4.102500000000006,8.280534653465352,54.0,T_BLHLB_B,ZENOBE BLACKHILLOCK LIMITED,False
BID,T_WBURB-43,BATTERY,62,33.10414862914863,-26.825,30.0,49.6271096460759,63.2075,87.39399999999996,0.12266701978415026,59.0,-85.825,-29.0,-9.372890353924099,4.207500000000003,28.393999999999963,31.0,T_WBURB_B,West Burton B Limited,False
BID,T_HOWAO-2,WIND,72,33.0,-61.818999999999996,0.0,15.0,32.15,80.86800000000001,0.12228109830659206,0.0,-61.818999999999996,0.0,15.0,32.15,80.86800000000001,400.0,T_HOWAO,Hornsea 1 Limited,False
BID,T_SOKYW-1,WIND,34,32.7,-25.0,-11.7,-5.465,39.425,49.982734523809505,0.12116945195835033,0.0,-25.0,-11.7,-5.465,39.425,49.982734523809505,426.916,T_SOKYW,South Kyle Wind Farm Limited,False
BID,2__CMRCY001,LOAD RESPONSE,35,32.0,-13.084860315620261,16.97957906017486,43.7,54.425,75.09599999999992,0.11857561047911958,55.254999999999995,-68.33986031562026,-38.27542093982514,-11.554999999999993,-0.8299999999999983,19.840999999999923,2.3,2__CMRCY,Octopus Energy Limited,False
BID,I_IBD-DSKC1,BRITNED,32,32.0,-85.98899999999999,-12.8875,-4.449999999999999,25.3875975,58.253544554455445,0.11857561047911958,-3.16,-82.829,-9.7275,-1.2899999999999991,28.5475975,61.41354455445544,,I_IBD-DSKC,Danske Commodities A/S,False
BID,T_WHILW-2,WIND,32,32.0,-79.0,-19.19,-4.220000000000001,-0.2925,19.48999999999998,0.11857561047911958,0.0,-79.0,-19.19,-4.220000000000001,-0.2925,19.48999999999998,206.0,T_WHILW,SP Renewables (UK) Limited,False
BID,V__AZENO002,OTHER,94,31.525876900876902,-2.1435466666666665,46.25,62.51,73.0,84.8475,0.1168187531065954,60.0,-62.143546666666666,-13.75,2.509999999999998,13.0,24.847499999999997,0.0,V__AZENO,BESS Holdco 2 Limited,False
BID,I_IFD-NITR1,IFA,32,31.0,-16.9025,-2.41,4.84,32.0275,57.9945,0.11487012265164709,8.199999999999998,-25.1025,-10.609999999999998,-3.3599999999999977,23.827500000000008,49.794500000000006,,I_IFD-NITR,Nitor Energy A/S,False
BID,T_HOWAO-3,WIND,62,31.0,-54.228,-12.9925,13.780000000000001,41.825,87.94349999999999,0.11487012265164709,0.0,-54.228,-12.9925,13.780000000000001,41.825,87.94349999999999,400.0,T_HOWAO,Hornsea 1 Limited,False
BID,T_SZJNB-1,BATTERY,31,30.333333333333332,-3.38,23.790000000000003,60.09,69.275,81.71509630917612,0.11239979743333209,59.0,-62.38,-35.209999999999994,1.0900000000000034,10.275000000000006,22.71509630917612,57.0,T_SZJNB,Arenko Cleantech Limited,False
BID,E_ARBRB-1,OTHER,36,30.30238095238095,-2.015,36.537499999999994,53.66,66.63,121.65,0.11228510376248176,60.0,-62.015,-23.462500000000006,-6.340000000000003,6.6299999999999955,61.650000000000006,34.511,E_ARBRB,Octopus Energy Trading Limited,False
BID,I_IVD-NEAS1,VIKING,31,30.0,-24.060000000000002,-5.42,0.8299999999999998,8.881427868386517,39.805,0.1111646348241746,0.8299999999999998,-24.89,-6.25,0.0,8.051427868386517,38.975,,I_IVD-NEAS,Centrica Energy Trading A/S,False
BID,T_CRYRW-2,WIND,35,30.0,-42.324,-19.435000000000002,-11.58,3.72599,60.1,0.1111646348241746,0.0,-42.324,-19.435000000000002,-11.58,3.72599,60.1,150.62,T_CRYRW,Eneco Energy Trade,False
BID,T_EAAO-2,WIND,46,30.0,-83.9575,-36.25,0.0,24.143237996726192,54.75,0.1111646348241746,0.0,-83.9575,-36.25,0.0,24.143237996726192,54.75,367.0,T_EAAO,East Anglia One Limited,False
BID,T_SGRWO-3,WIND,93,29.95,-21.33,0.9500571428571428,28.34,47.92275357700548,73.54199999999997,0.11097936043280097,0.0,-21.33,0.9500571428571428,28.34,47.92275357700548,73.54199999999997,374.618,T_SGRWO,Seagreen Wind Energy Limited,False
BID,2__GANGE001,LOAD RESPONSE,32,29.80952380952381,-10.36,20.3,49.84580613345914,66.0,76.56249999999999,0.11045882761894175,55.254999999999995,-65.615,-34.955,-5.409193866540853,10.745000000000005,21.30749999999999,50.0,2__GANGE,Limejump Energy Limited,False
BID,T_WDRGW-1,WIND,45,29.333333333333332,-37.361999999999995,-17.03,-3.63,26.24,45.74607999999999,0.1086943096058596,0.0,-37.361999999999995,-17.03,-3.63,26.24,45.74607999999999,42.8,T_WDRGW,Windy Rig Wind Farm Limited,False
BID,2__JUKPR001,OCGT,35,29.191666666666666,0.0,53.575,71.76,84.605,115.1706467367782,0.10816936549696766,64.75,-64.75,-11.174999999999997,7.010000000000005,19.855000000000004,50.420646736778195,50.0,2__JUKPR,UK Power Reserve Limited,False
BID,T_DOUGW-1,WIND,33,29.116666666666667,-29.56,-26.0,-2.61,17.89013,56.83,0.10789145390990723,0.0,-29.56,-26.0,-2.61,17.89013,56.83,45.0,T_DOUGW,Erova Energy Limited,False
BID,T_KPMRW-1,WIND,37,29.0,-40.0,-21.53,-2.71,4.21013,32.883999999999936,0.10745914699670212,0.0,-40.0,-21.53,-2.71,4.21013,32.883999999999936,89.0,T_KPMRW,OnPath Energy Limited,False
BID,2__HANGE001,LOAD RESPONSE,49,28.859523809523807,-16.674,16.0,47.4,60.05,75.09999999999995,0.10693861418284288,55.254999999999995,-71.929,-39.254999999999995,-7.854999999999997,4.795000000000002,19.844999999999956,50.0,2__HANGE_LR,Limejump Energy Limited,False
BID,I_IBD-DMCC1,BRITNED,31,27.833333333333332,-20.41,-13.960145,-2.93,25.05,54.275,0.10313607786465087,-3.16,-17.25,-10.800145,0.22999999999999998,28.21,57.435,,I_IBD-DMCC,Cobblestone Energy DMCC,False
BID,2__GSTAT005,BATTERY,35,27.77857142857143,-9.996266666666667,29.795994084839403,47.12,61.43776351186259,69.11999999999998,0.10293315829314643,59.0,-68.99626666666667,-29.204005915160597,-11.880000000000003,2.4377635118625918,10.119999999999976,20.0,2__GSTAT_B,Statkraft Markets Gmbh,False
BID,2__GLOND001,LOAD RESPONSE,76,27.388997113997114,8.535,46.7,57.405,66.15,81.25,0.10148959541259538,55.254999999999995,-46.72,-8.554999999999993,2.1500000000000057,10.89500000000001,25.995000000000005,0.0,2__GLOND_LR,EDF Energy Customers Limited,False
BID,T_FFES-4,PS,46,27.2,0.0,35.117485,61.25,83.7225,120.44999999999999,0.10078926890725164,55.0,-55.0,-19.882514999999998,6.25,28.722499999999997,65.44999999999999,90.92,T_FFES,First Hydro Company,False
BID,2__GFSEN006,OTHER,28,26.833333333333332,-17.570999999999998,53.44,72.14236222703465,83.65499999999999,100.699,0.09943059003717838,60.0,-77.571,-6.560000000000002,12.142362227034653,23.654999999999987,40.699,46.138,2__GFSEN,F & S Energy Ltd,False
BID,E_CLAC-1,NPSHYD,36,26.571800421800422,9.0075,47.30115,57.879999999999995,66.265,88.75,0.09846148301700976,57.135000000000005,-48.127500000000005,-9.833850000000005,0.7449999999999903,9.129999999999995,31.614999999999995,43.38,E_CLAC,SSE Generation Ltd,False
BID,2__HSTAT007,BATTERY,32,26.257575757575758,-17.467,1.2225,46.48064597218989,63.50690391451137,69.68650000000001,0.09729712734863363,59.0,-76.467,-57.7775,-12.51935402781011,4.506903914511369,10.68650000000001,40.0,2__HSTAT,Statkraft Markets Gmbh,False
BID,2__GLOND002,LOAD RESPONSE,72,26.208405483405482,1.1340000000000012,47.199999999999996,55.905,65.63749999999999,82.19750000000002,0.09711492749622219,55.254999999999995,-54.120999999999995,-8.055,0.6500000000000057,10.382499999999993,26.942500000000024,0.0,2__GLOND_LR,EDF Energy Customers Limited,False
BID,E_BROFB-1,BATTERY,40,26.174242424242426,3.1830000000000043,31.830000000000002,56.879999999999995,63.3,72.6105,0.09698833669634425,59.0,-55.81699999999999,-27.169999999999998,-2.1200000000000045,4.299999999999997,13.610500000000002,52.0,E_BROFB,EDF Energy Customers Limited,False
BID,T_GLNDO-1,NPSHYD,39,25.92738095238095,38.12,58.2,66.85,71.03,111.158,0.09607359451728963,57.135000000000005,-19.015000000000008,1.0649999999999977,9.71499999999999,13.894999999999996,54.022999999999996,100.0,T_GLNDO,SSE Generation Ltd,False
BID,T_BLHLB-2,BATTERY,49,25.75,-16.872,35.01,62.55,66.27313426667307,74.69799999999996,0.09541631155741653,59.0,-75.872,-23.990000000000002,3.549999999999997,7.273134266673068,15.697999999999965,50.42,T_BLHLB_B,ZENOBE BLACKHILLOCK LIMITED,False
BID,M_CAS-KIL01,NPSHYD,26,25.333333333333332,0.0,46.5275,58.025,61.67,72.98249999999999,0.09387235829596965,57.135000000000005,-57.135000000000005,-10.607500000000002,0.8899999999999935,4.534999999999997,15.847499999999982,70.0,M_CAS-KIL,SSE Generation Ltd,False
BID,T_DOREW-1,WIND,34,24.0,-77.1,-28.07,-8.81,29.25,62.82530785864898,0.08893170785933968,0.0,-77.1,-28.07,-8.81,29.25,62.82530785864898,156.92,T_DOREW,Dorenell Windfarm Limited,False
BID,2__BFSEN005,OTHER,26,23.59090909090909,-11.037500000000001,26.5855775,40.61,52.9375,62.51,0.08741582647537366,60.0,-71.0375,-33.4144225,-19.39,-7.0625,2.509999999999998,52.529,2__BFSEN_OTH,F & S Energy Ltd,False
BID,T_SGRWO-4,WIND,70,23.5,-21.33,3.9675,35.0,47.305,71.6875,0.08707896394560344,0.0,-21.33,3.9675,35.0,47.305,71.6875,140.0,T_SGRWO,Seagreen Wind Energy Limited,False
BID,2__ASTAT003,OTHER,25,23.30952380952381,42.444,60.41,65.98074329299645,76.01,85.77999999999997,0.08637315674037059,60.0,-17.555999999999997,0.4099999999999966,5.980743292996451,16.010000000000005,25.779999999999973,42.0,2__ASTAT_OTH,Statkraft Markets Gmbh,False
BID,T_NNGAO-2,WIND,32,23.0,-44.4445,-16.497500000000002,-0.6649999999999999,21.79,64.505,0.0852262200318672,0.0,-44.4445,-16.497500000000002,-0.6649999999999999,21.79,64.505,224.0,T_NNGAO,Neart Na Gaoithe Offshore Wind,False
BID,I_IFD-DSKC1,IFA,23,22.5,-15.844,-6.234999999999999,0.0,40.81,56.265,0.08337347611813095,8.199999999999998,-24.043999999999997,-14.434999999999997,-8.199999999999998,32.61000000000001,48.065000000000005,,I_IFD-DSKC,Danske Commodities A/S,False
BID,I_IND-NTPL1,NEMO,23,22.5,-87.26,-35.74,-5.92,1.005,43.617999999999995,0.08337347611813095,0.8299999999999998,-88.09,-36.57,-6.75,0.17500000000000004,42.788,,I_IND-NTPL,Northpool BV,False
BID,2__BUKPR001,OCGT,31,22.183333333333334,-6.725,26.0,56.01,65.59,101.5,0.08220007163943134,64.75,-71.475,-38.75,-8.740000000000002,0.8400000000000034,36.75,10.359,2__BUKPR,UK Power Reserve Limited,False
BID,T_MIDMW-1,WIND,30,22.0,-42.305876999999995,-7.029999999999999,3.91,17.450000000000003,67.32499999999999,0.08152073220439471,0.0,-42.305876999999995,-7.029999999999999,3.91,17.450000000000003,67.32499999999999,51.0,T_MIDMW,OnPath Energy Limited,False
BID,2__LFLEX001,LOAD RESPONSE,46,21.760714285714286,-10.0,12.780000000000001,51.5,65.69500000000001,81.14750000000001,0.08063406190282094,55.254999999999995,-65.255,-42.474999999999994,-3.7549999999999955,10.440000000000012,25.892500000000013,49.0,2__LFLEX,Flexitricity Limited,False
BID,2__LANGE001,LOAD RESPONSE,49,21.686580086580086,0.0,41.0,52.34,59.0,77.38799999999995,0.08035935853032974,55.254999999999995,-55.254999999999995,-14.254999999999995,-2.914999999999992,3.7450000000000045,22.132999999999953,65.0,2__LANGE,Limejump Energy Limited,False
BID,E_NEWPB-1,BATTERY,22,21.5,5.7875,31.169999999999998,59.480000000000004,72.9777491367635,81.4205,0.07966798829065846,59.0,-53.2125,-27.830000000000002,0.480000000000004,13.977749136763506,22.420500000000004,20.933,E_NEWPB,Field Newport Ltd,False
BID,2__GSTAT009,BATTERY,26,21.102777777777778,3.667839698378569,45.452359764506284,63.78,74.46249999999999,89.8275,0.07819608618141245,59.0,-55.33216030162143,-13.547640235493716,4.780000000000001,15.462499999999991,30.8275,16.45,2__GSTAT_B,Statkraft Markets Gmbh,False
BID,V__PHABI004,OTHER,34,21.066666666666666,-13.3655,54.1,62.05,73.94415686933952,90.16099999999996,0.07806227689875371,60.0,-73.3655,-5.899999999999999,2.049999999999997,13.944156869339523,30.16099999999996,0.0,V__PHABI_OTH,Habitat Energy Limited,False
BID,E_CRSSB-1,BATTERY,21,21.0,-0.85009900990099,30.68,43.58843762110176,58.84092658508401,70.1,0.07781524437692222,59.0,-59.85009900990099,-28.32,-15.411562378898239,-0.15907341491598714,11.099999999999994,20.0,E_CRSSB,Arenko Cleantech Limited,False
BID,I_IBD-NEAS1,BRITNED,21,21.0,-15.0,-7.06,24.55,42.74,59.49012987012986,0.07781524437692222,-3.16,-11.84,-3.8999999999999995,27.71,45.900000000000006,62.65012987012986,,I_IBD-NEAS,Centrica Energy Trading A/S,False
BID,E_POTES-1,BATTERY,28,20.632575757575758,8.20979651022959,52.62195997805874,63.260000000000005,80.82749999999999,92.84159765727122,0.0764537583191009,59.0,-50.79020348977041,-6.37804002194126,4.260000000000005,21.827499999999986,33.84159765727122,35.0,E_POTES,Arenko Cleantech Limited,False
BID,I_IFD-NEAS1,IFA,21,20.5,-14.54,5.2,20.2,35.3,56.0,0.07596250046318598,8.199999999999998,-22.739999999999995,-2.9999999999999973,12.000000000000002,27.1,47.800000000000004,,I_IFD-NEAS,Centrica Energy Trading A/S,False
BID,E_ASHWW-1,WIND,21,20.333333333333332,-21.645466666666668,-18.75,-2.73,46.0,65.05,0.07534491915860723,0.0,-21.645466666666668,-18.75,-2.73,46.0,65.05,35.0,E_ASHWW,Statkraft Markets Gmbh,False
BID,T_MOWWO-4,WIND,24,20.083333333333332,-17.32,-10.92,-1.3906854798244126,14.75,28.13949999999999,0.07441854720173911,0.0,-17.32,-10.92,-1.3906854798244126,14.75,28.13949999999999,287.0,T_MOWWO,Moray Offshore Wind West Ltd,False
BID,E_ASLVW-1,WIND,20,20.0,-37.6255,-29.56,-23.35,-11.58,70.038,0.07410975654944973,0.0,-37.6255,-29.56,-23.35,-11.58,70.038,26.0,E_ASLVW,Npower Commercial Gas Limited,False
BID,E_BURBO,WIND,20,20.0,-58.0,-18.9501,0.1,18.035,54.2,0.07410975654944973,0.0,-58.0,-18.9501,0.1,18.035,54.2,90.0,E_BURBO,Orsted Burbo (UK) Limited,False
BID,I_I2D-DSKC1,IFA2,21,20.0,-75.12999999999998,-11.0,-3.36,16.62,60.0,0.07410975654944973,-3.325,-71.80499999999998,-7.675,-0.0349999999999997,19.945,63.325,,I_I2D-DSKC,Danske Commodities A/S,False
BID,T_NNGAO-1,WIND,29,20.0,-15.958,-7.929999999999999,20.72,51.0,64.64,0.07410975654944973,0.0,-15.958,-7.929999999999999,20.72,51.0,64.64,224.0,T_NNGAO,Neart Na Gaoithe Offshore Wind,False
BID,T_SVRP-10,CCGT,21,20.0,11.76,40.01221228043836,60.29445722456504,76.85392144212628,112.85,0.07410975654944973,62.55,-50.79,-22.537787719561635,-2.2555427754349537,14.303921442126281,50.3,425.0,T_SVRP,Severn Power Limited,False
BID,T_SGRWO-2,WIND,61,19.766666666666666,-13.05,3.73,33.071873950812254,47.26,66.3101030927835,0.07324514272303949,0.0,-13.05,3.73,33.071873950812254,47.26,66.3101030927835,220.0,T_SGRWO,Seagreen Wind Energy Limited,False
BID,2__MFLEX002,LOAD RESPONSE,33,19.558333333333334,20.0,41.0,51.0,60.0,77.002,0.07247316609231605,55.254999999999995,-35.254999999999995,-14.254999999999995,-4.2549999999999955,4.7450000000000045,21.747,49.0,2__MFLEX,Flexitricity Limited,False
BID,E_TOLLB-1,BATTERY,20,19.5,-12.770499999999998,4.4775,37.005,57.476980662251336,72.75000000000004,0.07225701263571349,59.0,-71.7705,-54.5225,-21.994999999999997,-1.5230193377486643,13.750000000000043,49.0,E_TOLLB,Tollgate Energy Storage Ltd,False
BID,I_IVD-DSKC1,VIKING,19,19.0,-35.562999999999995,-9.785891969791667,5.11,43.69,53.739262499999974,0.07040426872197725,0.8299999999999998,-36.392999999999994,-10.615891969791667,4.28,42.86,52.909262499999976,,I_IVD-DSKC,Danske Commodities A/S,False
BID,I_IVD-NTPL1,VIKING,19,19.0,-62.467999999999996,-8.185066666666666,-1.65,21.085,46.04999999999999,0.07040426872197725,0.8299999999999998,-63.297999999999995,-9.015066666666666,-2.4799999999999995,20.255000000000003,45.21999999999999,,I_IVD-NTPL,Northpool BV,False
BID,T_CRGHW-1,WIND,19,19.0,-23.575999999999997,-15.89,-10.0,-0.8288533493676419,26.47198999999989,0.07040426872197725,0.0,-23.575999999999997,-15.89,-10.0,-0.8288533493676419,26.47198999999989,46.0,T_CRGHW,Statkraft Markets Gmbh,False
BID,V__HDSKC001,BATTERY,19,19.0,1.2800000000000005,60.515,64.0,70.055,83.18299778448306,0.07040426872197725,59.0,-57.72,1.5150000000000006,5.0,11.055000000000007,24.182997784483064,0.0,V__HDSKC,Danske Commodities A/S,False
BID,2__PMARB001,NPSHYD,18,18.0,-1.1999999999999993,26.91,37.47,50.9,57.138,0.06669878089450476,57.135000000000005,-58.33500000000001,-30.225000000000005,-19.665000000000006,-6.2350000000000065,0.0029999999999930083,80.0,2__PMARB,Marble Power Limited,False
BID,I_IFD-MFTE1,IFA,18,18.0,-23.812795,-2.2,8.65,14.6775,41.752840000000006,0.06669878089450476,8.199999999999998,-32.012795,-10.399999999999999,0.45000000000000284,6.477500000000003,33.55284000000001,,I_IFD-MFTE,MFT Energy A/S,False
BID,2__BFLEX004,LOAD RESPONSE,34,17.792857142857144,-10.0,10.502553122907562,59.75,70.30520267390965,114.94299999999994,0.06593121555881404,55.254999999999995,-65.255,-44.75244687709243,4.4950000000000045,15.050202673909652,59.687999999999946,49.0,2__BFLEX,Flexitricity Limited,False
BID,E_NEWTB-1,BATTERY,24,17.674242424242426,0.9825000000000002,6.9,39.605000000000004,63.18,74.26649999999998,0.06549169016282812,59.0,-58.0175,-52.1,-19.394999999999996,4.18,15.26649999999998,52.0,E_NEWTB,EDF Energy Customers Limited,False
BID,2__FFSEN005,OTHER,22,17.34090909090909,2.669624896987135,49.464999999999996,68.125,83.23812930812764,137.85249999999996,0.06425652755367062,60.0,-57.33037510301286,-10.535000000000004,8.125,23.23812930812764,77.85249999999996,24.479,2__FFSEN,F & S Energy Ltd,False
BID,T_WISTW-2,WIND,19,17.333333333333332,-63.053999999999995,-37.964034999999996,-13.59,-1.7650000000000001,31.76,0.06422845567618976,0.0,-63.053999999999995,-37.964034999999996,-13.59,-1.7650000000000001,31.76,61.5,T_WISTW,BROCKLOCH RIG WINDFARM LTD,False
BID,2__BBPGM001,BATTERY,17,17.0,30.653999999999996,39.38,52.1,56.5,63.51626241755548,0.06299329306703227,59.0,-28.346000000000004,-19.619999999999997,-6.899999999999999,-2.5,4.516262417555481,10.19,2__BBPGM,BP Gas Marketing Limited,False
BID,I_IBD-INCM1,BRITNED,17,17.0,-20.560319999999997,-18.15,-6.46,26.77,66.44199999999998,0.06299329306703227,-3.16,-17.400319999999997,-14.989999999999998,-3.3,29.93,69.60199999999998,,I_IBD-INCM,IN COMMODITIES A/S,False
BID,I_IBD-NTPL1,BRITNED,17,17.0,-26.468,-18.89006,-3.39,35.1,60.324,0.06299329306703227,-3.16,-23.308,-15.730059999999998,-0.22999999999999998,38.260000000000005,63.483999999999995,,I_IBD-NTPL,Northpool BV,False
BID,T_WLNYO-4,WIND,22,17.0,-59.75,-27.99,20.990000000000002,26.0,54.331499999999984,0.06299329306703227,0.0,-59.75,-27.99,20.990000000000002,26.0,54.331499999999984,330.0,T_WLNYO,Walney Extension Ltd,False
BID,T_THURB-1,BATTERY,22,16.708333333333332,-5.147789947948897,8.054006517723145,54.666626924089655,65.52250000000001,82.134,0.06191252578401946,59.0,-64.1477899479489,-50.945993482276855,-4.333373075910345,6.522500000000008,23.134,100.0,T_THURB,THURROCK STORAGE LIMITED,False
BID,T_RATS-1,COAL,28,16.507575757575758,42.765,50.8375,55.5,63.5454175,69.943,0.06116862103077688,59.6,-16.835,-8.762500000000003,-4.100000000000001,3.945417499999998,10.342999999999996,0.0,T_RATS,Uniper UK Limited,False
BID,2__NFSEN007,OTHER,18,16.09090909090909,45.568273,50.724999999999994,57.83,66.05749999999999,98.55099999999999,0.05962466776933001,60.0,-14.431727000000002,-9.275000000000006,-2.1700000000000017,6.05749999999999,38.55099999999999,30.674,2__NFSEN,F & S Energy Ltd,False
BID,I_IND-NITR1,NEMO,19,16.0,-28.229,-2.3550000000000004,8.0,29.685102040816325,53.539999999999985,0.05928780523955979,0.8299999999999998,-29.058999999999997,-3.1850000000000005,7.17,28.855102040816327,52.70999999999999,,I_IND-NITR,Nitor Energy A/S,False
BID,T_EDINW-1,WIND,16,16.0,-17.48,0.875,55.575,58.15,93.7125,0.05928780523955979,0.0,-17.48,0.875,55.575,58.15,93.7125,41.4,T_EDINW,Vattenfall Wind Power Ltd,False
BID,T_HRSTW-1,WIND,16,16.0,-57.462500000000006,-5.4375,-0.565,16.525,33.07,0.05928780523955979,0.0,-57.462500000000006,-5.4375,-0.565,16.525,33.07,142.3,T_HRSTW,SP Renewables (UK) Limited,False
BID,2__NHPOW001,NPSHYD,17,15.666666666666666,0.0,33.0,50.63,60.5,92.33047074025328,0.05805264263040229,57.135000000000005,-57.135000000000005,-24.135000000000005,-6.505000000000003,3.364999999999995,35.19547074025327,25.0,2__NHPOW,Drax Energy Solutions Limited,False
BID,2__FSTAT002,BATTERY,18,15.642857142857142,55.58,68.215,79.74000000000001,99.25,115.75,0.05796441672974818,59.0,-3.4200000000000017,9.215000000000003,20.74000000000001,40.25,56.75,50.0,2__FSTAT,Statkraft Markets Gmbh,False
BID,V__HHABI001,OTHER,17,15.59090909090909,17.480000000000004,46.78,67.5,72.0,107.389344,0.057771923855593765,60.0,-42.519999999999996,-13.219999999999999,7.5,12.0,47.389343999999994,0.0,V__HHABI_OTH,Habitat Energy Limited,False
BID,T_CRDEW-1,WIND,24,15.5,-27.733999999999998,-11.9575,1.33,37.485125,64.60252999999996,0.057435061325823544,0.0,-27.733999999999998,-11.9575,1.33,37.485125,64.60252999999996,24.0,T_CRDEW,EDF Energy Customers Limited,False
BID,T_CRDEW-2,WIND,24,15.5,-25.403,-11.56,4.1850000000000005,43.765,64.60252999999996,0.057435061325823544,0.0,-25.403,-11.56,4.1850000000000005,43.765,64.60252999999996,24.0,T_CRDEW,EDF Energy Customers Limited,False
BID,T_DOREW-2,WIND,25,15.5,-31.286,-26.68,0.0,38.59,101.4,0.057435061325823544,0.0,-31.286,-26.68,0.0,38.59,101.4,156.92,T_DOREW,Dorenell Windfarm Limited,False
BID,T_RMPNO-1,WIND,23,15.5,-82.03899999999999,-18.33,45.16,50.015,60.063,0.057435061325823544,0.0,-82.03899999999999,-18.33,45.16,50.015,60.063,200.1,T_RMPNO,Rampion Offshore Windfarm Ltd,False
BID,T_TWSHW-1,WIND,27,15.5,-58.466,-21.375,-11.13,10.905000000000001,45.59912,0.057435061325823544,0.0,-58.466,-21.375,-11.13,10.905000000000001,45.59912,37.8,T_TWSHW,Twentyshilling Limited,False
BID,T_SGRWO-5,WIND,59,15.083333333333332,-13.355999999999998,2.3400285714285713,23.0,47.09,72.67499999999998,0.05589110806437667,0.0,-13.355999999999998,2.3400285714285713,23.0,47.09,72.67499999999998,300.0,T_SGRWO,Seagreen Wind Energy Limited,False
BID,I_IBD-MFTE1,BRITNED,16,15.0,-60.417500000000004,-40.9401,-11.535,4.32,32.66,0.0555823174120873,-3.16,-57.25750000000001,-37.780100000000004,-8.375,7.48,35.81999999999999,,I_IBD-MFTE,MFT Energy A/S,False
BID,I_IND-INCM1,NEMO,15,15.0,-48.59,-15.51,-1.6104,13.5902,39.2018735702944,0.0555823174120873,0.8299999999999998,-49.42,-16.34,-2.4404,12.7602,38.371873570294404,,I_IND-INCM,IN COMMODITIES A/S,False
BID,I_IND-NEAS1,NEMO,16,15.0,-17.0353,1.46,23.834999999999997,50.01,63.235,0.0555823174120873,0.8299999999999998,-17.865299999999998,0.6300000000000001,23.005,49.18,62.405,,I_IND-NEAS,Centrica Energy Trading A/S,False
BID,T_RYHPS-1,CCGT,15,15.0,40.9715418425,73.35,86.29999999999998,112.525,132.89499999999998,0.0555823174120873,62.55,-21.578458157499995,10.799999999999997,23.749999999999986,49.97500000000001,70.34499999999998,720.98,T_RYHPS,VPI Power Limited,False
BID,E_DALSW-1,WIND,17,14.5,-19.776,-16.16,-15.93,-11.32,11.997999999999987,0.05372957349835106,0.0,-19.776,-16.16,-15.93,-11.32,11.997999999999987,30.0,E_DALSW,Mobius Renewables Gen. (GB),False
BID,E_GRGRW-1,WIND,15,14.5,-35.0,-8.66,6.4,33.0,56.63799999999998,0.05372957349835106,0.0,-35.0,-8.66,6.4,33.0,56.63799999999998,37.649,E_GRGRW,Greengairs East Wind Farm Ltd,False
BID,E_FASN-3,NPSHYD,29,14.119047619047619,49.814,61.78,65.95,69.81,76.56,0.05231795908788535,57.135000000000005,-7.321000000000005,4.644999999999996,8.814999999999998,12.674999999999997,19.424999999999997,24.2,E_FASN,SSE Generation Ltd,False
BID,I_IVD-OUTL1,VIKING,14,14.0,-20.8675,-13.48,1.28,19.012536231884056,35.073499999999996,0.051876829584614814,0.8299999999999998,-21.697499999999998,-14.31,0.4500000000000002,18.182536231884058,34.2435,,I_IVD-OUTL,Outlook Energy Ltd,False
BID,T_BRBEO-1,WIND,14,14.0,-77.0305,-75.77,-46.855000000000004,25.75,31.741583499999997,0.051876829584614814,0.0,-77.0305,-75.77,-46.855000000000004,25.75,31.741583499999997,257.7,T_BRBEO,Burbo Extension Limited,False
BID,V__HZENO004,BATTERY,14,14.0,-13.233,-6.773134200739154,17.0,49.2825,53.197527701388886,0.051876829584614814,59.0,-72.233,-65.77313420073915,-42.0,-9.717500000000001,-5.802472298611114,0.0,V__HZENO,BESS Holdco 2 Limited,False
BID,T_DALQW-1,WIND,17,13.75,-42.18597946329646,-18.75,-17.0,0.0,14.243999999999998,0.05095045762774669,0.0,-42.18597946329646,-18.75,-17.0,0.0,14.243999999999998,42.846,T_DALQW,Statkraft Markets Gmbh,False
BID,E_MINSW-1,WIND,16,13.5,-18.86,-16.8075,-8.515,3.2524999999999995,55.4275,0.05002408567087857,0.0,-18.86,-16.8075,-8.515,3.2524999999999995,55.4275,38.123,E_MINSW,Mobius Renewables Gen. (GB),False
BID,V__NFLEX001,LOAD RESPONSE,26,13.376190476190477,-17.89325123867333,5.17,62.004999999999995,69.75750000000001,122.825,0.04956531098747722,55.254999999999995,-73.14825123867332,-50.084999999999994,6.75,14.502500000000012,67.57000000000001,0.0,V__NFLEX,Flexitricity Limited,False
BID,T_EWHLW-1,WIND,25,13.366666666666667,-73.87,-29.56,-16.16,-10.0,39.08799999999998,0.04953002062721558,0.0,-73.87,-29.56,-16.16,-10.0,39.08799999999998,38.0,T_EWHLW,SP Renewables (UK) Limited,False
BID,T_SHRSW-1,WIND,16,13.333333333333334,-65.4825,-18.4875,14.75,36.78257425742574,50.325,0.04940650436629983,0.0,-65.4825,-18.4875,14.75,36.78257425742574,50.325,158.4,T_SHRSW,Scira Offshore Energy Limited,False
BID,I_IFD-NORL1,IFA,15,13.166666666666666,-14.816,-8.105066666666666,-3.32,13.135,39.0,0.04878892306172107,8.199999999999998,-23.016,-16.30506666666666,-11.519999999999998,4.935000000000002,30.800000000000004,,I_IFD-NORL,Norlys Energy Trading A/S,False
BID,E_RHEI-1,NPSHYD,13,13.0,15.300000000000002,40.44,59.26,84.0,88.75999999999999,0.04817134175714233,57.135000000000005,-41.835,-16.695000000000007,2.124999999999993,26.864999999999995,31.624999999999986,50.0,E_RHEI,Statkraft Markets Gmbh,False
BID,I_IFD-NTPL1,IFA,14,13.0,-50.5985,-30.950000000000003,-9.044525,35.5,63.3,0.04817134175714233,8.199999999999998,-58.7985,-39.15,-17.244524999999996,27.300000000000004,55.1,,I_IFD-NTPL,Northpool BV,False
BID,T_WLNYO-3,WIND,18,13.0,-74.224,-12.535,20.990000000000002,31.225,69.524,0.04817134175714233,0.0,-74.224,-12.535,20.990000000000002,31.225,69.524,330.0,T_WLNYO,Walney Extension Ltd,False
BID,T_SANQW-1,WIND,15,12.833333333333334,-72.25,-25.875,-4.0,19.05,55.39299999999998,0.047553760452563584,0.0,-72.25,-25.875,-4.0,19.05,55.39299999999998,32.08,T_SANQW,SANQUHAR CWCL,False
BID,T_THURB-3,BATTERY,16,12.767857142857142,5.67,18.905,49.16,69.0575,104.52176843988539,0.047311139225764784,59.0,-53.33,-40.095,-9.840000000000003,10.057500000000005,45.52176843988539,100.0,T_THURB,THURROCK STORAGE LIMITED,False
BID,2__NFLEX009,OTHER,21,12.626190476190477,-10.0,34.72418127795778,60.5,76.29,139.65,0.046786195116872854,60.0,-70.0,-25.275818722042217,0.5,16.290000000000006,79.65,49.0,2__NFLEX_OTH,Flexitricity Limited,False
BID,I_IND-EDFT1,NEMO,13,12.5,-17.838,-7.98,6.62,22.05,34.4,0.046318597843406084,0.8299999999999998,-18.668,-8.81,5.79,21.220000000000002,33.57,,I_IND-EDFT,EDF TRADING LIMITED,False
BID,T_RMPNO-2,WIND,20,12.5,-88.3855,-23.7175,11.275,48.9875,60.0035,0.046318597843406084,0.0,-88.3855,-23.7175,11.275,48.9875,60.0035,200.1,T_RMPNO,Rampion Offshore Windfarm Ltd,False
BID,T_TEBWB-1,BATTERY,13,12.5,28.372996161270667,50.19,59.89,71.44,82.56599999999996,0.046318597843406084,59.0,-30.627003838729333,-8.810000000000002,0.8900000000000006,12.439999999999998,23.56599999999996,39.9,T_TEBWB,Arenko Cleantech Limited,False
BID,T_FASN-1,NPSHYD,29,12.23015873015873,45.84,62.06,66.35,70.0,83.12399999999997,0.04531870430265954,57.135000000000005,-11.295000000000002,4.924999999999997,9.21499999999999,12.864999999999995,25.98899999999996,23.04,T_FASN,SSE Generation Ltd,False
BID,T_STLGW-2,WIND,16,12.166666666666666,-59.1426,-26.65501,-23.3,2.0825,40.3225,0.045083435234248584,0.0,-59.1426,-26.65501,-23.3,2.0825,40.3225,108.0,T_STLGW,Stronelairg Windfarm Limited,False
BID,2__LECOT003,OTHER,12,12.0,-9.103203524322238,50.0,55.5,63.45,68.24549999999999,0.04446585392966984,60.0,-69.10320352432224,-10.0,-4.5,3.450000000000003,8.245499999999993,10.0,2__LECOT,ECOTRICITY LIMITED,False
BID,E_BLARW-1,WIND,12,12.0,-41.733,-27.75,8.25,36.25,62.26249999999999,0.04446585392966984,0.0,-41.733,-27.75,8.25,36.25,62.26249999999999,35.0,E_BLARW,Erova Energy Limited,False
BID,I_I2D-EDFT1,IFA2,12,12.0,-22.284195652173914,-7.5375,7.200266666666666,23.854999999999997,29.544999999999995,0.04446585392966984,-3.325,-18.959195652173914,-4.2124999999999995,10.525266666666667,27.179999999999996,32.87,,I_I2D-EDFT,EDF TRADING LIMITED,False
BID,T_GLWSW-1,WIND,12,12.0,-33.8365,-22.512500000000003,-9.205,-3.8499999999999996,5.3254999999999875,0.04446585392966984,0.0,-33.8365,-22.512500000000003,-9.205,-3.8499999999999996,5.3254999999999875,55.2,T_GLWSW,GALAWHISTLE WIND FARM,False
BID,T_GORDW-2,WIND,12,12.0,2.964,15.287500000000001,35.075,51.127395,94.845,0.04446585392966984,0.0,2.964,15.287500000000001,35.075,51.127395,94.845,58.733,T_GORDW,SSE Generation Ltd,False
BID,T_KYPEW-1,WIND,12,12.0,-5.718499999999999,-2.4125,0.0,59.5,62.44,0.04446585392966984,0.0,-5.718499999999999,-2.4125,0.0,59.5,62.44,67.0,T_KYPEW,Kype Extension Wind Farm Ltd,False
BID,T_SVRP-20,CCGT,13,12.0,11.76,12.5,55.02958922440782,61.0,99.32399999999991,0.04446585392966984,62.55,-50.79,-50.05,-7.520410775592175,-1.5499999999999972,36.773999999999916,425.0,T_SVRP,Severn Power Limited,False
BID,E_ARNKB-2,BATTERY,26,11.96111111111111,-4.8475,48.185,55.325808247042005,72.435,99.23,0.044321751625268135,59.0,-63.8475,-10.814999999999998,-3.674191752957995,13.435000000000002,40.230000000000004,49.0,E_ARNKB_B,Flexitricity Limited,False
BID,2__FSTAT003,BATTERY,15,11.93452380952381,39.696,66.03,73.98240525990806,76.005,99.49999999999999,0.04422323270287105,59.0,-19.304000000000002,7.030000000000001,14.982405259908063,17.004999999999995,40.499999999999986,50.0,2__FSTAT,Statkraft Markets Gmbh,False
BID,T_SAKNW-1,WIND,19,11.833333333333334,-23.382,-6.25,10.0,47.6102,71.75,0.0438482726250911,0.0,-23.382,-6.25,10.0,47.6102,71.75,87.0,T_SAKNW,Sandy Knowe Wind Farm Ltd,False
BID,T_THURB-2,BATTERY,15,11.642857142857142,0.08300000000000196,10.07,55.29784681719186,66.875,84.30699999999996,0.043142465419858236,59.0,-58.917,-48.93,-3.7021531828081393,7.875,25.30699999999996,100.0,T_THURB,THURROCK STORAGE LIMITED,False
BID,E_BTUIW-2,WIND,13,11.5,-40.05,-40.05,-5.33,0.0,22.99599999999999,0.0426131100159336,0.0,-40.05,-40.05,-5.33,0.0,22.99599999999999,43.7,E_BTUIW,SP Renewables (UK) Limited,False
BID,E_GRCRB-1,BATTERY,13,11.5,5.27,10.185698942528736,35.15,55.29,65.532,0.0426131100159336,59.0,-53.730000000000004,-48.81430105747126,-23.85,-3.710000000000001,6.5319999999999965,20.0,E_GRCRB,FIELD GERRARDS CROSS LTD,False
BID,T_FASN-2,NPSHYD,28,11.369047619047619,55.36,61.085,65.975,69.8575,73.53999999999999,0.04212786756233601,57.135000000000005,-1.7750000000000057,3.9499999999999957,8.83999999999999,12.722499999999997,16.404999999999987,23.28,T_FASN,SSE Generation Ltd,False
BID,M_CAS-GAR01,NPSHYD,12,11.333333333333334,26.5,27.072647058823527,50.4,55.5175,63.17053949999999,0.041995528711354854,57.135000000000005,-30.635000000000005,-30.062352941176478,-6.7350000000000065,-1.6175000000000068,6.0355394999999845,40.0,M_CAS-GAR,SSE Generation Ltd,False
BID,T_BEATO-4,WIND,23,11.166666666666666,-125.89,-79.48,-30.0,-8.0,34.340692,0.0413779474067761,0.0,-125.89,-79.48,-30.0,-8.0,34.340692,165.526,T_BEATO,Beatrice Offshore Windfarm Ltd,False
BID,I_IND-ELEE1,NEMO,12,11.0,-33.94199999999999,-3.505,6.520049504950495,18.177533333333333,57.0045,0.040760366102197354,0.8299999999999998,-34.77199999999999,-4.335,5.690049504950495,17.347533333333335,56.1745,,I_IND-ELEE,Electrabel SA,False
BID,I_IVD-INCM1,VIKING,12,11.0,-16.6355,-3.3625325,18.805,33.29,60.637499999999996,0.040760366102197354,0.8299999999999998,-17.4655,-4.1925324999999996,17.975,32.46,59.8075,,I_IVD-INCM,IN COMMODITIES A/S,False
BID,2__PFLEX001,OTHER,23,10.867857142857142,-9.299999999999999,36.5,50.5,61.875,82.50999999999998,0.04027071235356706,60.0,-69.3,-23.5,-9.5,1.875,22.509999999999977,49.0,2__PFLEX,Flexitricity Limited,False
BID,I_IFD-INCM1,IFA,12,10.5,-9.350999999999999,-6.322525,0.0,42.0,70.2765,0.03890762218846111,8.199999999999998,-17.550999999999995,-14.522524999999998,-8.199999999999998,33.800000000000004,62.0765,,I_IFD-INCM,IN COMMODITIES A/S,False
BID,I_I2D-MFTE1,IFA2,10,10.0,-18.87,-7.2325,-2.415,47.95754901960784,60.0,0.03705487827472487,-3.325,-15.545000000000002,-3.9074999999999998,0.9100000000000001,51.28254901960784,63.325,,I_I2D-MFTE,MFT Energy A/S,False
BID,I_IND-PWMR1,NEMO,10,10.0,16.573670564118892,59.895,61.0,62.01,63.011,0.03705487827472487,0.8299999999999998,15.743670564118892,59.065000000000005,60.17,61.18,62.181000000000004,,I_IND-PWMR,PowerMart ApS,False
BID,T_BDCHW-1,WIND,10,10.0,-75.55,-74.1925,-16.045,0.640025,20.299499999999966,0.03705487827472487,0.0,-75.55,-74.1925,-16.045,0.640025,20.299499999999966,270.0,T_BDCHW,RWE Generation UK plc,False
BID,T_BHLAW-1,WIND,10,10.0,-15.5199,0.2875,32.555065,102.86,107.83917999999998,0.03705487827472487,0.0,-15.5199,0.2875,32.555065,102.86,107.83917999999998,108.0,T_BHLAW,SSE Generation Ltd,False
BID,T_BROCW-1,WIND,10,10.0,-5.0,-4.75,-2.02,0.0,37.77849999999995,0.03705487827472487,0.0,-5.0,-4.75,-2.02,0.0,37.77849999999995,48.0,T_BROCW,Smartestenergy Limited,False
BID,T_CRYRW-3,WIND,14,10.0,-38.685,-20.63,-19.19,7.385,43.479499999999994,0.03705487827472487,0.0,-38.685,-20.63,-19.19,7.385,43.479499999999994,13.8,T_CRYRW,Eneco Energy Trade,False
BID,T_GRIFW-2,WIND,12,10.0,-31.2885,-0.8699999999999999,22.23,50.0,57.87599999999999,0.03705487827472487,0.0,-31.2885,-0.8699999999999999,22.23,50.0,57.87599999999999,104.0,T_GRIFW,Griffin Wind Farm Ltd,False
BID,T_MKFRB-1,BATTERY,16,10.0,0.8500443786982248,53.660000000000004,60.714865384420676,67.32,73.445,0.03705487827472487,59.0,-58.14995562130178,-5.339999999999996,1.7148653844206763,8.319999999999993,14.444999999999993,57.0,T_MKFRB,HD777FRY Ltd,False
BID,E_PETEM3,CCGT,11,9.833333333333334,47.0,52.92,65.0,88.905,104.05,0.036437296970146124,62.55,-15.549999999999997,-9.629999999999995,2.450000000000003,26.355000000000004,41.5,49.227,E_PETEM,River Nene Power Limited,False
BID,T_WHIHW-1,WIND,10,9.5,-18.75,-0.19,2.0502,2.4525,34.619995954545395,0.035202134360988624,0.0,-18.75,-0.19,2.0502,2.4525,34.619995954545395,27.52,T_WHIHW,Whiteside Hill,False
BID,2__MCNDL001,OCGT,10,9.333333333333334,54.06383663230852,58.73521039958801,65.2,89.98,96.42399999999999,0.03458455305640988,64.75,-10.686163367691478,-6.014789600411987,0.45000000000000284,25.230000000000004,31.673999999999992,51.433,2__MCNDL_OC,NEAS Energy Ltd.,False
BID,2__GFSEN005,OTHER,11,9.25,0.0,45.17,52.1,58.925,71.7833963139806,0.0342757624041205,60.0,-60.0,-14.829999999999998,-7.899999999999999,-1.0750000000000028,11.783396313980603,48.783,2__GFSEN,F & S Energy Ltd,False
BID,I_IBD-EDMK1,BRITNED,10,9.0,-12.311679999999999,-10.8604,-9.125,-2.01,40.6715585,0.03334939044725238,-3.16,-9.151679999999999,-7.7004,-5.965,1.1500000000000004,43.8315585,,I_IBD-EDMK,Mind Energy A/S,False
BID,I_IFD-COPN1,IFA,9,9.0,-14.48,-2.13,3.48,12.63,23.752236,0.03334939044725238,8.199999999999998,-22.68,-10.329999999999998,-4.719999999999997,4.430000000000003,15.552236000000002,,I_IFD-COPN,Copenhagen Energy Trading A/S,False
BID,I_IFD-XNON1,IFA,9,9.0,-14.492266666666666,-5.3304,31.1,34.33,42.4,0.03334939044725238,8.199999999999998,-22.69226666666666,-13.530399999999997,22.900000000000006,26.130000000000003,34.2,,I_IFD-XNON,XENON CAPITAL MARKETS LTD,False
BID,I_ILD-EDFT1,ELECLINK,9,9.0,-14.884,0.8299999999999998,2.53,24.27009900990099,36.1,0.03334939044725238,4.34,-19.224,-3.51,-1.81,19.93009900990099,31.76,,I_ILD-EDFT,EDF TRADING LIMITED,False
BID,I_ILD-NEAS1,ELECLINK,9,9.0,-14.488,-7.519999999999999,-2.49,12.76,34.51799999999999,0.03334939044725238,4.34,-18.828,-11.86,-6.83,8.42,30.177999999999987,,I_ILD-NEAS,Centrica Energy Trading A/S,False
BID,T_CUMHW-1,WIND,9,9.0,-15.102,-5.93,1.0,16.56,36.038,0.03334939044725238,0.0,-15.102,-5.93,1.0,16.56,36.038,52.0,T_CUMHW,Uniper UK Limited,False
BID,T_GORDW-1,WIND,9,9.0,-78.944,-70.0,-17.4,0.0,48.288,0.03334939044725238,0.0,-78.944,-70.0,-17.4,0.0,48.288,86.764,T_GORDW,SSE Generation Ltd,False
BID,T_WLNYW-1,WIND,14,9.0,-61.04,-2.6624999999999996,25.5,55.0,67.66,0.03334939044725238,0.0,-61.04,-2.6624999999999996,25.5,55.0,67.66,182.0,T_WLNYW,Walney Offshore Windfarms Ltd,False
BID,M_CAS-CON01,NPSHYD,10,8.833333333333334,22.174,43.207499999999996,56.575,66.01,66.2367705,0.03273180914267364,57.135000000000005,-34.961000000000006,-13.927500000000009,-0.5600000000000023,8.875,9.1017705,95.226,M_CAS-CON,SSE Generation Ltd,False
BID,T_BEATO-3,WIND,20,8.833333333333334,-88.47500000000001,-61.025,-22.655,2.225,69.28750000000001,0.03273180914267364,0.0,-88.47500000000001,-61.025,-22.655,2.225,69.28750000000001,166.0,T_BEATO,Beatrice Offshore Windfarm Ltd,False
BID,T_SLOY-3,NPSHYD,22,8.629700854700854,0.0,14.055,42.6,70.0,108.10900000000001,0.031977251471822926,57.135000000000005,-57.135000000000005,-43.080000000000005,-14.535000000000004,12.864999999999995,50.974000000000004,41.46,T_SLOY,SSE Generation Ltd,False
BID,T_GNFSW-1,WIND,13,8.5,-47.0,-21.53,-18.14,20.01,41.08793662793854,0.03149664653351614,0.0,-47.0,-21.53,-18.14,20.01,41.08793662793854,108.0,T_GNFSW,Gunfleet Sands Limited,False
BID,2__DSTAT007,BATTERY,9,8.25,31.5,60.02,69.37,82.01,92.16,0.030570274576648016,59.0,-27.5,1.0200000000000031,10.370000000000005,23.010000000000005,33.16,30.0,2__DSTAT,Statkraft Markets Gmbh,False
BID,T_BEATO-1,WIND,21,8.166666666666666,-88.23,-77.12,-20.0,0.0,34.71188,0.03026148392435864,0.0,-88.23,-77.12,-20.0,0.0,34.71188,184.0,T_BEATO,Beatrice Offshore Windfarm Ltd,False
BID,I_IFD-HELI1,IFA,8,8.0,11.200000000000001,36.6103,45.005066666666664,54.06,55.464,0.029643902619779894,8.199999999999998,3.0000000000000036,28.410300000000007,36.80506666666667,45.86000000000001,47.264,,I_IFD-HELI,Helios Power Trading A/S,False
BID,T_BREDB-1,BATTERY,9,8.0,33.910221319372674,62.5,69.0,69.55,69.92999999999999,0.029643902619779894,59.0,-25.089778680627326,3.5,10.0,10.549999999999997,10.929999999999993,49.9,T_BREDB,Pivoted Power LLP,False
BID,T_HALSW-1,WIND,8,8.0,-34.1,-32.8175,-12.86,60.35,61.1,0.029643902619779894,0.0,-34.1,-32.8175,-12.86,60.35,61.1,30.0,T_HALSW,SP Renewables (UK) Limited,False
BID,2__NFLEX001,OTHER,16,7.934523809523809,33.25,47.082499999999996,54.3,65.65,81.75,0.0294012813929811,60.0,-26.75,-12.917500000000004,-5.700000000000003,5.650000000000006,21.75,50.406,2__NFLEX_OTH,Flexitricity Limited,False
BID,2__BFLEX001,LOAD RESPONSE,20,7.8,-16.567,-4.75,53.502279387771196,65.23,91.60000000000005,0.028902805054285396,55.254999999999995,-71.822,-60.004999999999995,-1.7527206122287993,9.975000000000009,36.345000000000056,49.0,2__BFLEX,Flexitricity Limited,False
BID,2__EFLEX001,LOAD RESPONSE,16,7.544444444444444,16.25,31.5,51.29,67.39250000000001,77.91,0.027955847053931317,55.254999999999995,-39.004999999999995,-23.754999999999995,-3.9649999999999963,12.137500000000017,22.655,49.0,2__EFLEX,Flexitricity Limited,False
BID,E_HRHLW-1,WIND,17,7.533333333333333,-30.386,-20.0,-13.1,0.0,13.045999999999983,0.027914674966959402,0.0,-30.386,-20.0,-13.1,0.0,13.045999999999983,30.0,E_HRHLW,SP Renewables (UK) Limited,False
BID,T_THNTO-1,WIND,9,7.5,0.4,1.0,11.0,22.61,33.03999999999999,0.02779115870604365,0.0,0.4,1.0,11.0,22.61,33.03999999999999,287.699,T_THNTO,Thanet Offshore Wind Limited,False
BID,M_CAS-BEU01,NPSHYD,9,7.166666666666666,17.6,40.1,63.3,64.15,65.513386,0.026555996096886154,57.135000000000005,-39.535000000000004,-17.035000000000004,6.164999999999992,7.015000000000001,8.378385999999992,93.514,M_CAS-BEU,SSE Generation Ltd,False
BID,V__KHABI007,BATTERY,9,7.033333333333333,-11.432,5.0,41.15,65.03,68.70064780712194,0.02606193105322316,59.0,-70.432,-54.0,-17.85,6.030000000000001,9.700647807121939,0.0,V__KHABI,Habitat Energy Limited,False
BID,2__BFSEN006,BATTERY,7,7.0,29.700000000000003,56.025,67.22879804305389,71.35999999999999,77.282,0.025938414792307407,59.0,-29.299999999999997,-2.9750000000000014,8.228798043053885,12.359999999999985,18.281999999999996,50.573,2__BFSEN_B,F & S Energy Ltd,False
BID,2__BSTAT004,BATTERY,7,7.0,66.25434464690795,66.78390774484657,68.12,76.02499999999999,85.65299999999998,0.025938414792307407,59.0,7.254344646907953,7.783907744846573,9.120000000000005,17.02499999999999,26.652999999999977,10.0,2__BSTAT_B,Statkraft Markets Gmbh,False
BID,2__GSTAT017,BATTERY,7,7.0,62.17,65.64608883178671,69.4,72.665,96.27899999999998,0.025938414792307407,59.0,3.1700000000000017,6.646088831786713,10.400000000000006,13.665000000000006,37.27899999999998,28.0,2__GSTAT_B,Statkraft Markets Gmbh,False
BID,E_BRYBW-1,WIND,7,7.0,-36.527,-8.974999999999998,6.06,8.915000000000001,75.59199999999994,0.025938414792307407,0.0,-36.527,-8.974999999999998,6.06,8.915000000000001,75.59199999999994,62.708,E_BRYBW,Statkraft Markets Gmbh,False
BID,I_I2D-NEAS1,IFA2,7,7.0,-37.556,-30.33,-26.26,-19.97,11.09999999999997,0.025938414792307407,-3.325,-34.230999999999995,-27.005,-22.935000000000002,-16.645,14.424999999999969,,I_I2D-NEAS,Centrica Energy Trading A/S,False
BID,I_I2D-NITR1,IFA2,7,7.0,-43.679,-30.17,-17.11013,-9.629999999999999,35.30399999999996,0.025938414792307407,-3.325,-40.354,-26.845000000000002,-13.785130000000002,-6.304999999999999,38.62899999999996,,I_I2D-NITR,Nitor Energy A/S,False
BID,I_IFD-EDMK1,IFA,7,7.0,-84.64,-84.50999999999999,-84.38,2.3200666666666665,40.453039999999966,0.025938414792307407,8.199999999999998,-92.84,-92.71,-92.58,-5.879933333333331,32.25303999999997,,I_IFD-EDMK,Mind Energy A/S,False
BID,I_IND-EDMK1,NEMO,8,7.0,-53.244,-11.932500000000001,2.24,9.62932,44.499999999999986,0.025938414792307407,0.8299999999999998,-54.074,-12.762500000000001,1.4100000000000004,8.79932,43.66999999999999,,I_IND-EDMK,Mind Energy A/S,False
BID,T_ARCHW-1,WIND,7,7.0,-47.099999999999994,-22.765,-13.87,19.216232274953054,48.151,0.025938414792307407,0.0,-47.099999999999994,-22.765,-13.87,19.216232274953054,48.151,114.0,T_ARCHW,SP Renewables (UK) Limited,False
BID,M_SLOY-1,NPSHYD,20,6.963034188034188,0.0,13.74,31.25,67.22,111.11100000000005,0.025801438426035456,57.135000000000005,-57.135000000000005,-43.395,-25.885000000000005,10.084999999999994,53.97600000000004,50.0,M_SLOY,SSE Generation Ltd,False
BID,T_ERRO-2,NPSHYD,18,6.936904761904762,29.625,48.315,70.0,84.86250000000001,109.46699999999998,0.025704616155574022,57.135000000000005,-27.510000000000005,-8.820000000000007,12.864999999999995,27.727500000000006,52.33199999999998,25.26,T_ERRO,SSE Generation Ltd,False
BID,T_BEATO-2,WIND,19,6.833333333333333,-88.72,-77.12,-25.31,0.0,39.740691999999896,0.025320833487728657,0.0,-88.72,-77.12,-25.31,0.0,39.740691999999896,166.0,T_BEATO,Beatrice Offshore Windfarm Ltd,False
BID,T_VKNGW-1,WIND,10,6.75,9.003710308545006,41.50256,50.015,53.96,70.74149999999997,0.025012042835439285,0.0,9.003710308545006,41.50256,50.015,53.96,70.74149999999997,121.8,T_VKNGW,Viking Energy Wind Farm LLP,False
BID,T_MKHLW-1,WIND,8,6.5,-66.864,-15.26,4.545,15.745000000000001,49.573999999999984,0.024085670878571164,0.0,-66.864,-15.26,4.545,15.745000000000001,49.573999999999984,53.0,T_MKHLW,SP Renewables (UK) Limited,False
BID,T_SLOY-2,NPSHYD,20,6.463034188034188,0.0,13.74,31.25,63.065,109.00200000000005,0.023948694512299213,57.135000000000005,-57.135000000000005,-43.395,-25.885000000000005,5.929999999999993,51.86700000000005,41.0,T_SLOY,SSE Generation Ltd,False
BID,2__GFLEX008,BATTERY,16,6.4261904761904765,-10.3225,35.031079585789314,55.0,63.3125,69.3275,0.023812170586543432,59.0,-69.3225,-23.968920414210686,-4.0,4.3125,10.3275,49.0,2__GFLEX_B,Flexitricity Limited,False
BID,T_SHRSW-2,WIND,9,6.333333333333333,-73.158,-17.32,-10.0,11.0,31.359999999999992,0.023468089573992414,0.0,-73.158,-17.32,-10.0,11.0,31.359999999999992,158.4,T_SHRSW,Scira Offshore Energy Limited,False
BID,I_IBD-NITR1,BRITNED,7,6.166666666666667,-4.184999999999999,9.375,16.81,24.08,31.62909333333333,0.02285050826941367,-3.16,-1.0249999999999986,12.535,19.97,27.24,34.78909333333333,,I_IBD-NITR,Nitor Energy A/S,False
BID,2__PFLEX002,OTHER,12,6.033333333333333,52.75,58.7575,64.6,72.99270267390965,85.60799999999999,0.022356443225750672,60.0,-7.25,-1.2424999999999997,4.599999999999994,12.992702673909648,25.60799999999999,107.325,2__PFLEX,Flexitricity Limited,False
BID,2__GFLEX004,GAS,6,6.0,38.1275,65.0,65.0,79.6625,84.54999999999998,0.02223292696483492,74.41977135863905,-36.292271358639056,-9.419771358639053,-9.419771358639053,5.242728641360941,10.13022864136093,49.0,2__GFLEX_G,Flexitricity Limited,False
BID,2__PSTAT002,WIND,6,6.0,-13.1,-5.237500000000001,22.82,44.7725,47.5175,0.02223292696483492,0.0,-13.1,-5.237500000000001,22.82,44.7725,47.5175,76.0,2__PSTAT,Statkraft Markets Gmbh,False
BID,E_ABRTW-1,WIND,6,6.0,0.0,0.545,42.220000000000006,87.8475,89.71,0.02223292696483492,0.0,0.0,0.545,42.220000000000006,87.8475,89.71,36.0,E_ABRTW,Npower Commercial Gas Limited,False
BID,E_BRDUW-1,WIND,9,6.0,-28.046,-11.58,9.31,10.0,24.959999999999994,0.02223292696483492,0.0,-28.046,-11.58,9.31,10.0,24.959999999999994,74.0,E_BRDUW,Erova Energy Limited,False
BID,E_CRGTW-1,WIND,6,6.0,-27.5525,-19.387500000000003,-12.39,-2.25,0.94,0.02223292696483492,0.0,-27.5525,-19.387500000000003,-12.39,-2.25,0.94,4.7,E_CRGTW,British Gas Trading Ltd,False
BID,I_I2D-BKWE1,IFA2,6,6.0,-19.0,-18.58,-7.314933333333334,3.2301139784946233,7.2575268817204295,0.02223292696483492,-3.325,-15.675,-15.254999999999999,-3.989933333333334,6.5551139784946235,10.58252688172043,,I_I2D-BKWE,BKW Energie AG,False
BID,I_I2D-INCM1,IFA2,6,6.0,1.01,4.28,24.986846886447143,49.76342344322357,56.34,0.02223292696483492,-3.325,4.335,7.605,28.311846886447142,53.088423443223576,59.665000000000006,,I_I2D-INCM,IN COMMODITIES A/S,False
BID,I_I2D-OUTL1,IFA2,6,6.0,-7.679999999999999,-7.242517482517481,-4.660055207949945,-3.3900404858299598,12.55498987854251,0.02223292696483492,-3.325,-4.354999999999999,-3.917517482517481,-1.335055207949945,-0.06504048582995958,15.87998987854251,,I_I2D-OUTL,Outlook Energy Ltd,False
BID,I_IBD-CBST1,BRITNED,7,6.0,-19.61312,-11.270399999999999,-8.04,0.0,0.06999999999999994,0.02223292696483492,-3.16,-16.45312,-8.110399999999998,-4.879999999999999,3.16,3.23,,I_IBD-CBST,Cobblestone Energy,False
BID,I_IBD-EDFT1,BRITNED,7,6.0,5.156,17.744999999999997,30.66,46.795,55.77,0.02223292696483492,-3.16,8.315999999999999,20.904999999999998,33.82,49.955,58.93000000000001,,I_IBD-EDFT,EDF TRADING LIMITED,False
BID,I_ILD-DSKC1,ELECLINK,7,6.0,-3.36,-2.0999999999999996,4.34,48.13727,73.85236199999999,0.02223292696483492,4.34,-7.699999999999999,-6.4399999999999995,0.0,43.79727,69.51236199999998,,I_ILD-DSKC,Danske Commodities A/S,False
BID,I_IND-DMCC1,NEMO,6,6.0,-59.19,-39.595,-7.0,40.82,56.9775,0.02223292696483492,0.8299999999999998,-60.019999999999996,-40.425,-7.83,39.99,56.1475,,I_IND-DMCC,Cobblestone Energy DMCC,False
BID,I_IND-NORL1,NEMO,6,6.0,-13.2325,1.2675,47.5,57.09940972222223,59.44426990740741,0.02223292696483492,0.8299999999999998,-14.0625,0.4375000000000002,46.67,56.26940972222223,58.61426990740741,,I_IND-NORL,Norlys Energy Trading A/S,False
BID,I_IVD-NITR1,VIKING,6,6.0,-24.3725,-21.975,-14.895,-5.835,41.94219841269842,0.02223292696483492,0.8299999999999998,-25.202499999999997,-22.805,-15.725,-6.665,41.11219841269842,,I_IVD-NITR,Nitor Energy A/S,False
BID,T_BOWLW-1,WIND,6,6.0,-15.515,-3.2550000000000003,3.7850505050505046,12.287525252525253,48.42756,0.02223292696483492,0.0,-15.515,-3.2550000000000003,3.7850505050505046,12.287525252525253,48.42756,90.0,T_BOWLW,Barrow Offshore Wind Limited,False
BID,T_BRCHS-1,SOLAR,6,6.0,-43.72,-40.464999999999996,-24.155,-0.7125000000000004,10.5375,0.02223292696483492,-11.35,-32.37,-29.114999999999995,-12.805000000000001,10.6375,21.8875,50.0,T_BRCHS,Burwell 11 Solar Ltd,False
BID,T_DUNGW-1,WIND,6,6.0,-18.75,-18.1225,-16.134999999999998,-16.03,-0.21250000000000036,0.02223292696483492,0.0,-18.75,-18.1225,-16.134999999999998,-16.03,-0.21250000000000036,100.0,T_DUNGW,Dunmaglass Wind Farm Limited,False
BID,T_GRIFW-1,WIND,8,6.0,-35.8345,-15.615,20.0,31.25,33.599,0.02223292696483492,0.0,-35.8345,-15.615,20.0,31.25,33.599,102.0,T_GRIFW,Griffin Wind Farm Ltd,False
BID,T_HRSTB-1,BATTERY,7,6.0,17.168392731100774,42.095,52.13,57.754999999999995,77.54099999999998,0.02223292696483492,59.0,-41.831607268899226,-16.905,-6.869999999999997,-1.2450000000000045,18.540999999999983,52.0,T_HRSTB,SP Renewables (UK) Limited,False
BID,T_WLNYO-2,WIND,11,6.0,-61.04,-52.519999999999996,52.73,55.0,68.92,0.02223292696483492,0.0,-61.04,-52.519999999999996,52.73,55.0,68.92,183.6,T_WLNYO,Walney Offshore Windfarms Ltd,False
BID,T_WTMSO-1,WIND,6,6.0,-70.75,-50.012412499999996,-28.289825,-8.3675,-0.995,0.02223292696483492,0.0,-70.75,-50.012412499999996,-28.289825,-8.3675,-0.995,205.0,T_WTMSO,Westermost Rough Limited,False
BID,T_ERRO-1,NPSHYD,20,5.720238095238095,17.1,45.91,61.92,72.63749999999999,86.84250000000002,0.021196272632149165,57.135000000000005,-40.035000000000004,-11.225000000000009,4.784999999999997,15.502499999999984,29.70750000000001,25.3,T_ERRO,SSE Generation Ltd,False
BID,2__NCPPR001,BATTERY,6,5.5,-23.755,12.7975,66.575,68.175,84.32749999999999,0.020380183051098677,59.0,-82.755,-46.2025,7.575000000000003,9.174999999999997,25.327499999999986,30.0,2__NCPPR,Octopus Energy Trading Limited,False
BID,T_GNFSW-2,WIND,10,5.5,-43.917500000000004,-17.355,1.905,24.225,43.63845247095391,0.020380183051098677,0.0,-43.917500000000004,-17.355,1.905,24.225,43.63845247095391,64.48,T_GNFSW,Gunfleet Sands II Limited,False
BID,T_MILWW-1,WIND,7,5.5,-62.286,-59.31,-58.84,-26.91,32.236999999999945,0.020380183051098677,0.0,-62.286,-59.31,-58.84,-26.91,32.236999999999945,65.0,T_MILWW,Millennium Wind Energy Ltd,False
BID,T_SEEL-1,OCGT,6,5.5,52.337500000000006,64.5025,92.5,100.5500926686008,104.68336422286693,0.020380183051098677,64.75,-12.412499999999994,-0.24750000000000227,27.75,35.8000926686008,39.93336422286693,300.0,T_SEEL,Spalding Energy Expansion Ltd,False
BID,T_MOWWO-3,WIND,9,5.25,-9.702000000000002,13.27,24.85,35.0,53.888,0.019453811094230555,0.0,-9.702000000000002,13.27,24.85,35.0,53.888,143.0,T_MOWWO,Moray Offshore Wind West Ltd,False
BID,T_STLGW-3,WIND,8,5.166666666666666,-24.9575,-7.73,6.635,14.4725,26.02549999999999,0.01914502044194118,0.0,-24.9575,-7.73,6.635,14.4725,26.02549999999999,108.0,T_STLGW,Stronelairg Windfarm Limited,False
BID,T_VKNGW-4,WIND,7,5.083333333333333,33.305,37.33504,41.92,58.42,66.462,0.01883622978965181,0.0,33.305,37.33504,41.92,58.42,66.462,121.8,T_VKNGW,Viking Energy Wind Farm LLP,False
BID,2__JSTAT003,BATTERY,5,5.0,38.096,38.88,63.03,65.05,84.08863240004804,0.018527439137362434,59.0,-20.904000000000003,-20.119999999999997,4.030000000000001,6.049999999999997,25.08863240004804,22.0,2__JSTAT,Statkraft Markets Gmbh,False
BID,2__NSTAT004,LOAD RESPONSE,7,5.0,-10.0,18.45,48.54,50.06,50.385999999999996,0.018527439137362434,55.254999999999995,-65.255,-36.80499999999999,-6.714999999999996,-5.194999999999993,-4.869,12.0,2__NSTAT_LR,Statkraft Markets Gmbh,False
BID,E_BURWB-2,LOAD RESPONSE,6,5.0,13.0175,26.6,43.25,55.347500000000004,71.5525,0.018527439137362434,55.254999999999995,-42.2375,-28.654999999999994,-12.004999999999995,0.09250000000000824,16.2975,52.0,E_BURWB_LR,EDF Energy Customers Limited,False
BID,I_I2D-HELI1,IFA2,5,5.0,5.176,36.0,43.0,61.0,62.616,0.018527439137362434,-3.325,8.501000000000001,39.325,46.325,64.325,65.941,,I_I2D-HELI,Helios Power Trading A/S,False
BID,I_I2D-OPMX1,IFA2,5,5.0,-32.41408,-28.11,-3.9,26.75,26.75,0.018527439137362434,-3.325,-29.08908,-24.785,-0.5749999999999997,30.075,30.075,,I_I2D-OPMX,Optimax Energy GmbH,False
BID,I_IBD-NORL1,BRITNED,5,5.0,-25.11,-25.11,13.59,13.59,37.98199999999999,0.018527439137362434,-3.16,-21.95,-21.95,16.75,16.75,41.141999999999996,,I_IBD-NORL,Norlys Energy Trading A/S,False
BID,I_IBD-OUTL1,BRITNED,5,5.0,-4.34,-4.34,0.5,44.7,45.948,0.018527439137362434,-3.16,-1.1799999999999997,-1.1799999999999997,3.66,47.86,49.108000000000004,,I_IBD-OUTL,Outlook Energy Ltd,False
BID,I_IND-TRLS1,NEMO,5,5.0,-41.722,-32.61,-17.14,-15.0,-3.9520000000000026,0.018527439137362434,0.8299999999999998,-42.552,-33.44,-17.97,-15.83,-4.782000000000003,,I_IND-TRLS,Engelhart CTP Renewables GmbH,False
BID,I_IVD-MFTE1,VIKING,5,5.0,-15.85,-15.85,-9.60433958306821,41.58,41.916,0.018527439137362434,0.8299999999999998,-16.68,-16.68,-10.43433958306821,40.75,41.086,,I_IVD-MFTE,MFT Energy A/S,False
BID,T_ACHRW-1,WIND,5,5.0,-17.262,-16.03,-16.0,-11.0,-7.5120000000000005,0.018527439137362434,0.0,-17.262,-16.03,-16.0,-11.0,-7.5120000000000005,42.6,T_ACHRW,Mobius Renewables Gen. (GB2,False
BID,T_BLLA-1,WIND,5,5.0,-28.600816432166354,-19.19,50.0,58.0,64.856,0.018527439137362434,0.0,-28.600816432166354,-19.19,50.0,58.0,64.856,118.0,T_BLLA,SP Renewables (UK) Limited,False
BID,T_GANW-11,WIND,9,5.0,-5.893999999999999,-4.0,-2.75,1.58,2.46,0.018527439137362434,0.0,-5.893999999999999,-4.0,-2.75,1.58,2.46,88.0,T_GANW,Galloper Offshore WindFarm Ltd,False
BID,T_GANW-22,WIND,9,5.0,-5.893999999999999,-2.75,0.66,2.46,3.983999999999999,0.018527439137362434,0.0,-5.893999999999999,-2.75,0.66,2.46,3.983999999999999,385.82,T_GANW,Galloper Offshore WindFarm Ltd,False
BID,T_HADHW-1,WIND,5,5.0,-15.081988,10.71006,27.0901,27.53,45.586,0.018527439137362434,0.0,-15.081988,10.71006,27.0901,27.53,45.586,130.0,T_HADHW,SSE Renewables Wind Farms,False
BID,T_LARYW-1,WIND,10,5.0,-54.0,-15.93,1.41505,28.47,52.65999999999997,0.018527439137362434,0.0,-54.0,-15.93,1.41505,28.47,52.65999999999997,171.0,T_LARYW,London Array Limited,False
BID,T_RRWW-1,WIND,5,5.0,-72.31800000000001,-6.87,4.64,10.0,20.08,0.018527439137362434,0.0,-72.31800000000001,-6.87,4.64,10.0,20.08,90.838,T_RRWW,RWE Renewables UK Robin Rigg,False
BID,T_GRGBW-1,WIND,6,4.833333333333333,-53.92,-15.120000000000001,7.805,56.537499999999994,86.3,0.017909857832783684,0.0,-53.92,-15.120000000000001,7.805,56.537499999999994,86.3,240.0,T_GRGBW,Greater Gabbard Offshore Winds,False
BID,2__BFLEX003,LOAD RESPONSE,6,4.75,46.4925,69.75,81.065,85.82499999999999,103.68,0.017601067180494312,55.254999999999995,-8.762499999999996,14.495000000000005,25.810000000000002,30.569999999999993,48.42500000000001,49.0,2__BFLEX,Flexitricity Limited,False
BID,2__EFLEX002,LOAD RESPONSE,6,4.75,21.7291025,39.102307499999995,70.305,85.695,100.29872390624999,0.017601067180494312,55.254999999999995,-33.5258975,-16.1526925,15.050000000000011,30.439999999999998,45.043723906249994,49.0,2__EFLEX,Flexitricity Limited,False
BID,T_MOWWO-1,WIND,8,4.583333333333333,-17.61,-16.53,12.32,18.7025,58.78999999999998,0.016983485875915562,0.0,-17.61,-16.53,12.32,18.7025,58.78999999999998,215.0,T_MOWWO,Moray Offshore Wind West Ltd,False
BID,T_FARR-1,WIND,5,4.5,-41.51,-32.39,-16.24,-16.24,-10.640112000000002,0.01667469522362619,0.0,-41.51,-32.39,-16.24,-16.24,-10.640112000000002,92.0,T_FARR,Smartestenergy Limited,False
BID,T_GYMR-28,WIND,7,4.5,-75.7,-60.0,-44.0,-43.58,-42.991,0.01667469522362619,0.0,-75.7,-60.0,-44.0,-43.58,-42.991,148.0,T_GYMR,Gwynt y Mor Offshore Wind Farm,False
BID,T_HMGTO-2,WIND,6,4.5,-78.015,-76.9825,-75.0,-2.914999999999999,34.2725,0.01667469522362619,0.0,-78.015,-76.9825,-75.0,-2.914999999999999,34.2725,111.0,T_HMGTO,RWE Renewables UK Humber Wind,False
BID,T_KILBW-1,WIND,6,4.5,-62.465,-59.545,-53.8,-26.335,-18.86,0.01667469522362619,0.0,-62.465,-59.545,-53.8,-26.335,-18.86,68.51,T_KILBW,Kilbraur Wind Energy Ltd,False
BID,C__PSTAT011,WIND,7,4.333333333333333,-16.502,-7.455,-0.64,24.91,60.109999999999985,0.01605711391904744,0.0,-16.502,-7.455,-0.64,24.91,60.109999999999985,45.267,C__PSTAT,Statkraft Markets Gmbh,False
BID,M_CAS-MOR01,NPSHYD,5,4.333333333333333,33.06999999999999,85.34999999999998,86.0,99.22,99.22,0.01605711391904744,57.135000000000005,-24.065000000000012,28.214999999999975,28.864999999999995,42.084999999999994,42.084999999999994,74.0,M_CAS-MOR,SSE Generation Ltd,False
BID,T_LARYW-2,WIND,10,4.333333333333333,-54.0,0.8675250000000001,7.420249999999999,32.762499999999996,52.65999999999997,0.01605711391904744,0.0,-54.0,0.8675250000000001,7.420249999999999,32.762499999999996,52.65999999999997,171.0,T_LARYW,London Array Limited,False
BID,2__GSTAT006,BATTERY,6,4.267857142857142,35.5375,58.1125,76.13339070980291,77.19169535490146,83.125,0.015814492692248647,59.0,-23.4625,-0.8875000000000028,17.13339070980291,18.191695354901455,24.125,6.302,2__GSTAT_B,Statkraft Markets Gmbh,False
BID,2__LUKPR001,OTHER,5,4.125,57.586,79.33,103.06,109.03,132.87,0.015285137288324008,60.0,-2.4140000000000015,19.33,43.06,49.03,72.87,10.2,2__LUKPR,UK Power Reserve Limited,False
BID,2__KSTAT001,BATTERY,8,4.055357142857143,28.5805,30.9375,55.010000000000005,61.0092,71.14999999999999,0.015027076528910745,59.0,-30.4195,-28.0625,-3.989999999999995,2.0092,12.149999999999991,8.0,2__KSTAT,Statkraft Markets Gmbh,False
BID,T_GNAPW-1,WIND,13,4.033333333333333,-25.476,-16.16,-15.93,-10.0,5.279999999999992,0.014945467570805697,0.0,-25.476,-16.16,-15.93,-10.0,5.279999999999992,22.0,T_GNAPW,SP Renewables (UK) Limited,False
BID,2__GLOND004,OCGT,4,4.0,48.264,60.48,73.78999999999999,83.48313109529133,87.01864572399047,0.014821951309889947,64.75,-16.485999999999997,-4.270000000000003,9.039999999999992,18.733131095291327,22.268645723990474,24.0,2__GLOND_OC,EDF Energy Customers Limited,False
BID,I_I2D-DARE1,IFA2,4,4.0,18.355999999999998,18.979999999999997,19.24,19.805,21.160999999999998,0.014821951309889947,-3.325,21.680999999999997,22.304999999999996,22.564999999999998,23.13,24.485999999999997,,I_I2D-DARE,Dare Power Ltd,False
BID,I_I2D-XNON1,IFA2,4,4.0,-20.0,-20.0,-20.0,-18.7526,-15.758840000000003,0.014821951309889947,-3.325,-16.675,-16.675,-16.675,-15.427600000000002,-12.433840000000004,,I_I2D-XNON,XENON CAPITAL MARKETS LTD,False
BID,I_IBD-NEHO1,BRITNED,4,4.0,-67.525,-51.625,-44.5,-41.6775,-36.103500000000004,0.014821951309889947,-3.16,-64.36500000000001,-48.465,-41.34,-38.5175,-32.9435,,I_IBD-NEHO,Nordic Energy House ApS,False
BID,I_ILD-EDMK1,ELECLINK,4,4.0,-15.687999999999999,-15.399999999999999,-0.29499999999999993,17.89,25.569999999999993,0.014821951309889947,4.34,-20.028,-19.74,-4.635,13.55,21.229999999999993,,I_ILD-EDMK,Mind Energy A/S,False
BID,I_ILD-OUTL1,ELECLINK,4,4.0,-10.10800847457627,-5.380042372881356,-3.400052879129442,13.149963054187191,52.84599261083742,0.014821951309889947,4.34,-14.44800847457627,-9.720042372881355,-7.740052879129442,8.809963054187191,48.505992610837424,,I_ILD-OUTL,Outlook Energy Ltd,False
BID,I_IVD-NORL1,VIKING,4,4.0,-17.6435,2.3424999999999994,11.504999999999999,12.5875,13.1815,0.014821951309889947,0.8299999999999998,-18.473499999999998,1.5124999999999995,10.674999999999999,11.7575,12.3515,,I_IVD-NORL,Norlys Energy Trading A/S,False
BID,T_GYMR-26,WIND,7,4.0,-75.7,-61.519999999999996,-44.0,-43.98,-4.78700000000004,0.014821951309889947,0.0,-75.7,-61.519999999999996,-44.0,-43.98,-4.78700000000004,148.0,T_GYMR,Gwynt y Mor Offshore Wind Farm,False
BID,V__GDSKC001,OTHER,4,4.0,58.358,59.75,62.126487373059206,63.942231059588806,63.98844621191776,0.014821951309889947,60.0,-1.642000000000003,-0.25,2.1264873730592058,3.9422310595888064,3.9884462119177613,0.0,V__GDSKC,Danske Commodities A/S,False
BID,T_LARYW-3,WIND,9,3.833333333333333,-54.0,-10.17008,0.32,2.5101,36.05,0.014204370005311199,0.0,-54.0,-10.17008,0.32,2.5101,36.05,171.0,T_LARYW,London Array Limited,False
BID,V__HHABI008,BATTERY,10,3.833333333333333,-1.621,2.875,36.15,53.660000000000004,62.023499999999984,0.014204370005311199,59.0,-60.621,-56.125,-22.85,-5.339999999999996,3.0234999999999843,0.0,V__HHABI_B,Habitat Energy Limited,False
BID,2__GFLEX003,LOAD RESPONSE,5,3.75,41.192,46.0,71.25,86.4,87.19200000000001,0.013895579353021825,55.254999999999995,-14.062999999999995,-9.254999999999995,15.995000000000005,31.14500000000001,31.937000000000012,49.0,2__GFLEX_LR,Flexitricity Limited,False
BID,T_ERRO-3,NPSHYD,16,3.636904761904762,17.4,46.225,61.92,72.63749999999999,89.61250000000001,0.013476506324914818,57.135000000000005,-39.73500000000001,-10.910000000000004,4.784999999999997,15.502499999999984,32.477500000000006,25.66,T_ERRO,SSE Generation Ltd,False
BID,E_SUDME-1,DIESEL,5,3.611111111111111,61.775999999999996,88.87999999999998,110.71,115.2,117.952,0.01338092826587287,87.53,-25.754000000000005,1.34999999999998,23.179999999999993,27.67,30.421999999999997,40.0,E_SUDME,Conrad Energy (Trading) Ltd,False
BID,E_TDRVE-1,OTHER,4,3.5,62.97,74.85,79.875,79.9625,79.9925,0.012969207396153704,60.0,2.969999999999999,14.849999999999994,19.875,19.962500000000006,19.992500000000007,6.0,E_TDRVE,Conrad Energy (Trading) Ltd,False
BID,I_IFD-BKWE1,IFA,4,3.5,-28.16361333333333,-15.257533333333333,-3.9400000000000004,7.75,21.54999999999999,0.012969207396153704,8.199999999999998,-36.363613333333326,-23.45753333333333,-12.139999999999997,-0.4499999999999975,13.349999999999993,,I_IFD-BKWE,BKW Energie AG,False
BID,T_CGTHW-1,WIND,4,3.5,-24.4045,-22.0225,-19.89,-16.299975247524753,-10.419915841584162,0.012969207396153704,0.0,-24.4045,-22.0225,-19.89,-16.299975247524753,-10.419915841584162,69.0,T_CGTHW,Corriegarth Wind Energy LTD,False
BID,T_WDNSO-1,WIND,4,3.5,-17.6,-8.0,12.0,28.525,29.785,0.012969207396153704,0.0,-17.6,-8.0,12.0,28.525,29.785,197.0,T_WDNSO,Morecambe Wind Limited,False
BID,2__PENEC002,WIND,6,3.3333333333333335,-37.537499999999994,-28.565,-21.630000000000003,-16.87,-16.16,0.012351626091574957,0.0,-37.537499999999994,-28.565,-21.630000000000003,-16.87,-16.16,70.167,2__PENEC,Eneco Energy Trade,False
BID,2__BSTAT002,BATTERY,5,3.1625,23.819395293543007,27.8,30.03,54.8,59.367999999999995,0.01171860525438174,59.0,-35.18060470645699,-31.2,-28.97,-4.200000000000003,0.367999999999995,6.431,2__BSTAT_B,Statkraft Markets Gmbh,False
BID,2__KUKPR001,OTHER,4,3.125,56.778999999999996,75.295,85.755,89.8325,93.0305,0.011579649460851521,60.0,-3.2210000000000036,15.295000000000002,25.754999999999995,29.832499999999996,33.0305,10.2,2__KUKPR,UK Power Reserve Limited,False
BID,T_VKNGW-2,WIND,7,3.0833333333333335,11.605746210875465,40.29504,50.0,50.435,57.251999999999995,0.011425254134706835,0.0,11.605746210875465,40.29504,50.0,50.435,57.251999999999995,121.8,T_VKNGW,Viking Energy Wind Farm LLP,False
BID,V__LFLEX001,LOAD RESPONSE,6,3.033333333333333,7.965,21.77,52.75,65.1075,68.9175,0.01123997974333321,55.254999999999995,-47.28999999999999,-33.485,-2.5049999999999955,9.852500000000006,13.662500000000009,3.738,V__LFLEX,Flexitricity Limited,False
BID,2__DLOND002,OCGT,3,3.0,41.35350234643303,46.76751173216516,53.53502346433032,72.29251173216517,87.29850234643303,0.01111646348241746,64.75,-23.396497653566968,-17.98248826783484,-11.214976535669678,7.542511732165167,22.548502346433025,24.0,2__DLOND,EDF Energy Customers Limited,False
BID,2__EIMPO002,LOAD RESPONSE,3,3.0,43.7,43.7,43.7,58.800000000000004,70.88,0.01111646348241746,55.254999999999995,-11.554999999999993,-11.554999999999993,-11.554999999999993,3.545000000000009,15.625,1.9,2__EIMPO,SSE Energy Supply Limited,False
BID,2__ESTAT001,BATTERY,3,3.0,60.78183341650293,61.749167082514646,62.9583341650293,77.6808267436337,89.45882080651724,0.01111646348241746,59.0,1.781833416502927,2.7491670825146457,3.9583341650292994,18.680826743633702,30.458820806517238,20.475,2__ESTAT_B,Statkraft Markets Gmbh,False
BID,2__JLOND003,OCGT,4,3.0,70.78,73.9,92.1,109.0,109.0,0.01111646348241746,64.75,6.030000000000001,9.150000000000006,27.349999999999994,44.25,44.25,12.0,2__JLOND,EDF Energy Customers Limited,False
BID,2__LSTAT003,BATTERY,3,3.0,68.537,78.685,91.37,94.03,96.158,0.01111646348241746,59.0,9.537000000000006,19.685000000000002,32.370000000000005,35.03,37.158,20.0,2__LSTAT,Statkraft Markets Gmbh,False
BID,2__PEDGE004,WIND,3,3.0,-8.512,-0.11999999999999922,10.37,10.37,10.37,0.01111646348241746,0.0,-8.512,-0.11999999999999922,10.37,10.37,10.37,27.376,2__PEDGE,Edgware Energy Limited,False
BID,I_I2D-DVAL1,IFA2,3,3.0,-56.219,-41.295,-22.64,-19.884999999999998,-17.681,0.01111646348241746,-3.325,-52.894,-37.97,-19.315,-16.56,-14.356000000000002,,I_I2D-DVAL,DVALIN ApS,False
BID,I_I2D-NTPL1,IFA2,3,3.0,-3.129,-2.485,-1.68,-0.84,-0.16800000000000015,0.01111646348241746,-3.325,0.19600000000000017,0.8400000000000003,1.6450000000000002,2.4850000000000003,3.157,,I_I2D-NTPL,Northpool BV,False
BID,I_IBD-BKWE1,BRITNED,4,3.0,-11.6155,-11.4775,19.735,51.6525,53.482499999999995,0.01111646348241746,-3.16,-8.4555,-8.317499999999999,22.895,54.8125,56.6425,,I_IBD-BKWE,BKW Energie AG,False
BID,I_IBD-DVAL1,BRITNED,3,3.0,-59.95,-59.95,-59.95,-42.53,-28.594,0.01111646348241746,-3.16,-56.790000000000006,-56.790000000000006,-56.790000000000006,-39.370000000000005,-25.434,,I_IBD-DVAL,DVALIN ApS,False
BID,I_IBD-VETR1,BRITNED,3,3.0,4.880000000000001,5.48,6.23,20.725,32.321,0.01111646348241746,-3.16,8.040000000000001,8.64,9.39,23.885,35.480999999999995,,I_IBD-VETR,Vattenfall Energy Trading,False
BID,I_IFD-OUTL1,IFA,3,3.0,-0.06799999999999995,1.46,3.37,3.63,3.838,0.01111646348241746,8.199999999999998,-8.267999999999997,-6.7399999999999975,-4.829999999999997,-4.569999999999998,-4.361999999999997,,I_IFD-OUTL,Outlook Energy Ltd,False
BID,I_ILD-INCM1,ELECLINK,3,3.0,-8.674000000000001,-8.17,-7.54,28.229999999999997,56.84599999999999,0.01111646348241746,4.34,-13.014000000000001,-12.51,-11.879999999999999,23.889999999999997,52.505999999999986,,I_ILD-INCM,IN COMMODITIES A/S,False
BID,I_IND-DVAL1,NEMO,3,3.0,-6.899000000000001,21.505000000000003,57.01,57.265,57.469,0.01111646348241746,0.8299999999999998,-7.729000000000001,20.675000000000004,56.18,56.435,56.639,,I_IND-DVAL,DVALIN ApS,False
BID,T_CREAW-1,WIND,3,3.0,-86.99962933084191,-86.99814665420953,-86.99629330841908,-57.893146654209545,-34.61062933084191,0.01111646348241746,0.0,-86.99962933084191,-86.99814665420953,-86.99629330841908,-57.893146654209545,-34.61062933084191,93.0,T_CREAW,Creag Riabhach Wind Farm Ltd,False
BID,T_NANT-1,NPSHYD,3,3.0,45.747,46.375,47.16,55.36,61.92,0.01111646348241746,57.135000000000005,-11.388000000000005,-10.760000000000005,-9.975000000000009,-1.7750000000000057,4.784999999999997,20.0,T_NANT,SSE Generation Ltd,False
BID,T_STRNW-1,WIND,3,3.0,9.535,35.675,68.35,69.66999999999999,70.726,0.01111646348241746,0.0,9.535,35.675,68.35,69.66999999999999,70.726,70.0,T_STRNW,Strathy Wind Farm Limited,False
BID,T_KILSB-2,BATTERY,4,2.75,44.539500000000004,59.0175,66.72,70.735,76.36299999999999,0.010190091525549339,59.0,-14.460499999999996,0.017499999999998295,7.719999999999999,11.735,17.362999999999985,51.894,T_KILSB,ZENOBE KILMARNOCK SOUTH LTD,False
BID,T_STLGW-1,WIND,5,2.6666666666666665,-20.48,-9.2,0.0,8.33,53.057999999999986,0.009881300873259963,0.0,-20.48,-9.2,0.0,8.33,53.057999999999986,108.0,T_STLGW,Stronelairg Windfarm Limited,False
BID,T_BURWS-1,SOLAR,3,2.5,-5.462,3.49,14.68,24.155,31.735,0.009263719568681217,-11.35,5.888,14.84,26.03,35.505,43.085,49.952,T_BURWS,EDF Energy Customers Limited,False
BID,T_HMGTO-1,WIND,4,2.5,-78.25,-78.25,-77.125,-47.3075,21.554499999999962,0.009263719568681217,0.0,-78.25,-78.25,-77.125,-47.3075,21.554499999999962,108.0,T_HMGTO,RWE Renewables UK Humber Wind,False
BID,2__MSTAT004,GAS,6,2.4720238095238094,28.3575,30.3325,53.625,109.0025,128.2425,0.00916005413541264,74.41977135863905,-46.06227135863905,-44.08727135863906,-20.794771358639053,34.582728641360944,53.82272864136095,6.0,2__MSTAT_G,Statkraft Markets Gmbh,False
BID,E_BRIDGWTR,GAS,4,2.458333333333333,55.5775,69.2875,79.42652823225043,85.77729234837565,90.39545846967513,0.00910932424253653,74.41977135863905,-18.842271358639053,-5.132271358639059,5.00675687361138,11.3575209897366,15.97568711103608,10.18,E_BRIDGWTR,UK Power Reserve Limited,False
BID,2__PENEC001,WIND,5,2.3333333333333335,-28.852,-24.26,-19.0,-16.16,-16.16,0.00864613826410247,0.0,-28.852,-24.26,-19.0,-16.16,-16.16,54.501,2__PENEC,Eneco Energy Trade,False
BID,T_GRGBW-3,WIND,3,2.3333333333333335,-14.780000000000001,-9.780000000000001,-3.53,20.590035,39.886063,0.00864613826410247,0.0,-14.780000000000001,-9.780000000000001,-3.53,20.590035,39.886063,240.0,T_GRGBW,Greater Gabbard Offshore Winds,False
BID,T_KILSB-5,BATTERY,3,2.333333333333333,52.64648895271551,52.83244476357754,53.06488952715509,53.48244476357755,53.81648895271551,0.008646138264102468,59.0,-6.353511047284492,-6.167555236422459,-5.9351104728449116,-5.517555236422453,-5.18351104728449,50.856,T_KILSB,ZENOBE KILMARNOCK SOUTH LTD,False
BID,2__GFLEX001,LOAD RESPONSE,3,2.25,48.0,62.0,79.5,83.445,86.601,0.008337347611813095,55.254999999999995,-7.2549999999999955,6.7450000000000045,24.245000000000005,28.189999999999998,31.346000000000004,49.0,2__GFLEX_LR,Flexitricity Limited,False
BID,2__BFLEX002,LOAD RESPONSE,6,2.1916666666666664,6.51864251063996,20.88,46.72,49.25,53.75,0.008121194155210532,55.254999999999995,-48.73635748936003,-34.375,-8.534999999999997,-6.0049999999999955,-1.5049999999999955,49.0,2__BFLEX,Flexitricity Limited,False
BID,2__LSTAT001,BATTERY,4,2.1875,36.9255,64.5075,94.63740902728094,113.2839708949275,113.30593771180506,0.008105754622596065,59.0,-22.0745,5.507499999999993,35.63740902728094,54.283970894927506,54.30593771180506,20.423,2__LSTAT,Statkraft Markets Gmbh,False
BID,2__AFLEX005,LOAD RESPONSE,3,2.166666666666667,56.96,82.8,115.1,122.55,128.51,0.008028556959523722,55.254999999999995,1.7050000000000054,27.545,59.845,67.295,73.255,49.0,2__AFLEX,Flexitricity Limited,False
BID,2__NFLEX007,LOAD RESPONSE,4,2.1666666666666665,51.205,54.025000000000006,77.25,100.275,102.615,0.00802855695952372,55.254999999999995,-4.049999999999997,-1.2299999999999898,21.995000000000005,45.02000000000001,47.36,49.0,2__NFLEX_LR,Flexitricity Limited,False
BID,2__ESTAT002,GAS,3,2.142857142857143,64.0839542717278,68.41977135863905,73.83954271727809,74.91977135863905,75.78395427172781,0.007940331058869614,74.41977135863905,-10.335817086911248,-6.0,-0.5802286413609608,0.5,1.3641829130887544,4.0,2__ESTAT_G,Statkraft Markets Gmbh,False
BID,T_VKNGW-3,WIND,4,2.0833333333333335,-3.022487999999999,26.407559999999997,40.29504,44.150000000000006,49.502,0.007719766307234348,0.0,-3.022487999999999,26.407559999999997,40.29504,44.150000000000006,49.502,121.8,T_VKNGW,Viking Energy Wind Farm LLP,False
BID,2__ALOND002,LOAD RESPONSE,2,2.0,62.120000000000005,62.2,62.3,62.4,62.48,0.0074109756549449735,55.254999999999995,6.865000000000009,6.945000000000007,7.045000000000002,7.145000000000003,7.225000000000001,0.0,2__ALOND,EDF Energy Customers Limited,False
BID,2__ESTAT003,BATTERY,2,2.0,71.75,78.75,87.5,96.25,103.25,0.0074109756549449735,59.0,12.75,19.75,28.5,37.25,44.25,18.0,2__ESTAT_B,Statkraft Markets Gmbh,False
BID,2__GSTAT007,BATTERY,2,2.0,23.31174175534399,38.193480333166306,56.795653555444204,75.3978267777221,90.27956535554442,0.0074109756549449735,59.0,-35.68825824465601,-20.806519666833694,-2.204346444555796,16.397826777722102,31.27956535554442,8.0,2__GSTAT_B,Statkraft Markets Gmbh,False
BID,2__GSTAT012,BATTERY,2,2.0,80.1315,83.6175,87.975,92.3325,95.8185,0.0074109756549449735,59.0,21.131500000000003,24.617500000000007,28.974999999999994,33.332499999999996,36.8185,16.0,2__GSTAT_B,Statkraft Markets Gmbh,False
BID,2__JLOND002,OCGT,3,2.0,78.58,92.1,109.0,110.5,111.7,0.0074109756549449735,64.75,13.829999999999998,27.349999999999994,44.25,45.75,46.95,12.0,2__JLOND,EDF Energy Customers Limited,False
BID,2__MCNDL002,OTHER,2,2.0,55.252043229567,57.51477097071079,60.34318064714053,63.171590323570264,65.43431806471405,0.0074109756549449735,60.0,-4.7479567704329995,-2.485229029289208,0.3431806471405281,3.171590323570264,5.4343180647140485,48.528,2__MCNDL_OTH,NEAS Energy Ltd.,False
BID,2__NFLEX002,BATTERY,2,2.0,79.80499999999998,79.82499999999999,79.85,79.875,79.89500000000001,0.0074109756549449735,59.0,20.80499999999998,20.82499999999999,20.849999999999994,20.875,20.89500000000001,49.0,2__NFLEX_B,Flexitricity Limited,False
BID,2__PSTAT001,WIND,2,2.0,-20.66,-20.66,-20.66,-20.66,-20.66,0.0074109756549449735,0.0,-20.66,-20.66,-20.66,-20.66,-20.66,47.778,2__PSTAT,Statkraft Markets Gmbh,False
BID,E_BETHW-1,WIND,2,2.0,-13.276,-10.46,-6.94,-3.42,-0.6040000000000006,0.0074109756549449735,0.0,-13.276,-10.46,-6.94,-3.42,-0.6040000000000006,29.75,E_BETHW,SP Renewables (UK) Limited,False
BID,E_CLDRW-1,WIND,2,2.0,-11.58,-11.58,-11.58,-11.58,-11.58,0.0074109756549449735,0.0,-11.58,-11.58,-11.58,-11.58,-11.58,38.0,E_CLDRW,Vattenfall Energy Trading,False
BID,E_CORB-1,CCGT,2,2.0,115.0,115.0,115.0,115.0,115.0,0.0074109756549449735,62.55,52.45,52.45,52.45,52.45,52.45,240.0,E_CORB,EP UK INVESTMENTS LIMITED,False
BID,E_GLOFW-1,WIND,2,2.0,-27.49,-26.009999999999998,-24.16,-22.310000000000002,-20.830000000000002,0.0074109756549449735,0.0,-27.49,-26.009999999999998,-24.16,-22.310000000000002,-20.830000000000002,26.7,E_GLOFW,Glens of Foudland Ltd,False
BID,E_SHILB-1,OTHER,2,2.0,56.3805,58.3025,60.705,63.1075,65.0295,0.0074109756549449735,60.0,-3.619500000000002,-1.697499999999998,0.7049999999999983,3.1075000000000017,5.029499999999999,40.0,E_SHILB,Octopus Energy Trading Limited,False
BID,I_I2D-COPN1,IFA2,2,2.0,-19.017,-14.125,-8.01,-1.8949999999999996,2.996999999999999,0.0074109756549449735,-3.325,-15.692,-10.8,-4.685,1.4300000000000006,6.321999999999999,,I_I2D-COPN,Copenhagen Energy Trading A/S,False
BID,I_IBD-COPN1,BRITNED,2,2.0,5.0385,5.1125,5.205,5.297499999999999,5.371499999999999,0.0074109756549449735,-3.16,8.1985,8.2725,8.365,8.4575,8.5315,,I_IBD-COPN,Copenhagen Energy Trading A/S,False
BID,I_IBD-HELI1,BRITNED,2,2.0,26.6795,28.4775,30.725,32.9725,34.7705,0.0074109756549449735,-3.16,29.8395,31.6375,33.885000000000005,36.13249999999999,37.930499999999995,,I_IBD-HELI,Helios Power Trading A/S,False
BID,I_IBD-IDCE1,BRITNED,2,2.0,-3.322505,-2.772525,-2.08505,-1.397575,-0.8475950000000001,0.0074109756549449735,-3.16,-0.1625049999999999,0.38747500000000024,1.0749500000000003,1.7624250000000001,2.312405,,I_IBD-IDCE,DC Energy Trading V.O.F.,False
BID,I_IBD-OPMX1,BRITNED,2,2.0,55.002,55.01,55.019999999999996,55.03,55.038,0.0074109756549449735,-3.16,58.162000000000006,58.17,58.17999999999999,58.19,58.19799999999999,,I_IBD-OPMX,Optimax Energy GmbH,False
BID,I_IBD-PWMR1,BRITNED,2,2.0,-31.96,-31.8,-31.6,-31.4,-31.24,0.0074109756549449735,-3.16,-28.8,-28.64,-28.44,-28.24,-28.08,,I_IBD-PWMR,PowerMart ApS,False
BID,I_IFD-ELEE1,IFA,2,2.0,15.133,15.265,15.43,15.594999999999999,15.727,0.0074109756549449735,8.199999999999998,6.933000000000002,7.065000000000003,7.230000000000002,7.395000000000001,7.527000000000003,,I_IFD-ELEE,Electrabel SA,False
BID,I_IFD-EZCO1,IFA,2,2.0,11.093895765600791,11.19202297284273,11.314681981895154,11.437340990947577,11.535468198189516,0.0074109756549449735,8.199999999999998,2.893895765600794,2.992022972842733,3.1146819818951563,3.2373409909475797,3.3354681981895187,,I_IFD-EZCO,ENZEE Commodities A/S,False
BID,I_ILD-HELI1,ELECLINK,2,2.0,10.744,11.64,12.76,13.879999999999999,14.776,0.0074109756549449735,4.34,6.404,7.300000000000001,8.42,9.54,10.436,,I_ILD-HELI,Helios Power Trading A/S,False
BID,I_IND-CBST1,NEMO,2,2.0,35.1,35.1,35.1,35.1,35.1,0.0074109756549449735,0.8299999999999998,34.27,34.27,34.27,34.27,34.27,,I_IND-CBST,Cobblestone Energy,False
BID,I_IND-OUTL1,NEMO,2,2.0,-30.525000000000002,-12.825000000000003,9.299999999999997,31.424999999999997,49.12499999999999,0.0074109756549449735,0.8299999999999998,-31.355,-13.655000000000003,8.469999999999997,30.595,48.294999999999995,,I_IND-OUTL,Outlook Energy Ltd,False
BID,I_IVD-COPN1,VIKING,2,2.0,-1.6595,-1.4175,-1.115,-0.8125,-0.5705,0.0074109756549449735,0.8299999999999998,-2.4894999999999996,-2.2474999999999996,-1.9449999999999998,-1.6424999999999998,-1.4004999999999999,,I_IVD-COPN,Copenhagen Energy Trading A/S,False
BID,I_IVD-EDMK1,VIKING,2,2.0,-15.95,-15.95,-15.95,-15.95,-15.95,0.0074109756549449735,0.8299999999999998,-16.779999999999998,-16.779999999999998,-16.779999999999998,-16.779999999999998,-16.779999999999998,,I_IVD-EDMK,Mind Energy A/S,False
BID,I_IVD-EZCO1,VIKING,2,2.0,36.86097290124263,44.30486450621318,53.60972901242635,62.91459351863952,70.35848512361007,0.0074109756549449735,0.8299999999999998,36.030972901242635,43.47486450621318,52.77972901242635,62.08459351863952,69.52848512361007,,I_IVD-EZCO,ENZEE Commodities A/S,False
BID,I_IVD-PWMR1,VIKING,2,2.0,-9.0,-9.0,-9.0,-9.0,-9.0,0.0074109756549449735,0.8299999999999998,-9.83,-9.83,-9.83,-9.83,-9.83,,I_IVD-PWMR,PowerMart ApS,False
BID,T_BLKWW-1,WIND,2,2.0,5.2995,9.657499999999999,15.105,20.552500000000002,24.9105,0.0074109756549449735,0.0,5.2995,9.657499999999999,15.105,20.552500000000002,24.9105,56.216,T_BLKWW,Blackcraig Wind Farm Limited,False
BID,T_CLVHS-2,SOLAR,2,2.0,-25.956,-6.419999999999998,18.0,42.42,61.955999999999996,0.0074109756549449735,-11.35,-14.606,4.9300000000000015,29.35,53.77,73.306,205.0,T_CLVHS,Cleve Hill Solar Park,False
BID,T_CRMLW-1,WIND,2,2.0,-16.3365,-6.682500000000001,5.385,17.4525,27.106499999999997,0.0074109756549449735,0.0,-16.3365,-6.682500000000001,5.385,17.4525,27.106499999999997,48.0,T_CRMLW,EDF Energy Customers Limited,False
BID,T_LCLTW-1,WIND,2,2.0,-18.86,-18.86,-18.86,-18.86,-18.86,0.0074109756549449735,0.0,-18.86,-18.86,-18.86,-18.86,-18.86,69.0,T_LCLTW,Eneco Energy Trade,False
BID,T_MYGPW-1,WIND,2,2.0,10.982999999999999,13.434999999999999,16.5,19.564999999999998,22.017,0.0074109756549449735,0.0,10.982999999999999,13.434999999999999,16.5,19.564999999999998,22.017,25.0,T_MYGPW,Minnygap Energy Limited,False
BID,V__AFEEL002,OTHER,2,2.0,-16.454,-12.870000000000001,-8.39,-3.9100000000000006,-0.32600000000000096,0.0074109756549449735,60.0,-76.45400000000001,-72.87,-68.39,-63.910000000000004,-60.326,50.0,V__AFEEL,EDF Energy Limited,False
BID,V__PHABI011,BATTERY,2,2.0,50.45,52.25,54.5,56.75,58.55,0.0074109756549449735,59.0,-8.549999999999997,-6.75,-4.5,-2.25,-0.45000000000000284,0.0,V__PHABI_B,Habitat Energy Limited,False
BID,E_RDFRB-1,DIESEL,4,1.9444444444444444,55.948,59.74,68.205,78.2,85.664,0.007205115220085391,87.53,-31.582,-27.79,-19.325000000000003,-9.329999999999998,-1.8659999999999997,20.0,E_RDFRB,Conrad Energy (Trading) Ltd,False
BID,E_TRFPK-1,DIESEL,4,1.9444444444444444,55.165,55.825,58.71,65.99,77.198,0.007205115220085391,87.53,-32.365,-31.705,-28.82,-21.540000000000006,-10.332000000000008,14.0,E_TRFPK,Conrad Energy (Trading) Ltd,False
BID,2__HLOND001,BATTERY,5,1.8678321678321679,0.0,0.0,80.0,103.2,103.84,0.006921229361663645,59.0,-59.0,-59.0,21.0,44.2,44.84,29.782,2__HLOND,EDF Energy Customers Limited,False
BID,2__ECNDL001,GAS,3,1.8333333333333333,66.65300403190548,75.36722446216972,86.26,90.68,94.216,0.006793394350366225,74.41977135863905,-7.7667673267335715,0.9474531035306626,11.840228641360952,16.260228641360953,19.79622864136094,20.863,2__ECNDL,NEAS Energy Ltd.,False
BID,T_LARYW-4,WIND,7,1.8333333333333333,-54.0,-26.84,2.5101,19.28005,36.05,0.006793394350366225,0.0,-54.0,-26.84,2.5101,19.28005,36.05,191.099,T_LARYW,London Array Limited,False
BID,2__DSTAT003,BATTERY,5,1.6386904761904761,28.246000000000002,30.03,31.24,77.83,95.566,0.006072147612518903,59.0,-30.753999999999998,-28.97,-27.76,18.83,36.566,20.447,2__DSTAT,Statkraft Markets Gmbh,False
BID,E_ALCOA-1,DIESEL,3,1.6111111111111112,60.730000000000004,83.65,112.3,113.35,114.19,0.005969952610927896,87.53,-26.799999999999997,-3.8799999999999955,24.769999999999996,25.819999999999993,26.659999999999997,40.5,E_ALCOA,Conrad Energy (Trading) Ltd,False
BID,E_DBFRM-1,DIESEL,3,1.6111111111111112,57.009,65.045,75.09,79.40967969718088,82.86542345492559,0.005969952610927896,87.53,-30.521,-22.485,-12.439999999999998,-8.120320302819124,-4.664576545074411,20.0,E_DBFRM,Conrad Energy (Trading) Ltd,False
BID,2__DSTAT002,BATTERY,2,1.5,71.8955,79.0775,88.055,97.0325,104.2145,0.00555823174120873,59.0,12.895499999999998,20.0775,29.055000000000007,38.0325,45.2145,14.0,2__DSTAT,Statkraft Markets Gmbh,False
BID,2__NFLEX006,LOAD RESPONSE,2,1.5,94.9015,95.8275,96.985,98.1425,99.0685,0.00555823174120873,55.254999999999995,39.6465,40.572500000000005,41.730000000000004,42.8875,43.813500000000005,49.0,2__NFLEX_LR,Flexitricity Limited,False
BID,E_BURGH-1,OCGT,3,1.5,51.31,56.55,63.1,73.07000000000001,81.046,0.00555823174120873,64.75,-13.439999999999998,-8.200000000000003,-1.6499999999999986,8.320000000000007,16.296000000000006,48.0,E_BURGH,SSEPG (Operations) Ltd,False
BID,E_CHICK-1,OCGT,3,1.5,51.31,56.55,63.1,73.07000000000001,81.046,0.00555823174120873,64.75,-13.439999999999998,-8.200000000000003,-1.6499999999999986,8.320000000000007,16.296000000000006,48.0,E_CHICK,SSEPG (Operations) Ltd,False
BID,T_GLNKW-1,WIND,2,1.5,-0.9339999999999997,13.01,30.439999999999998,47.87,61.81399999999999,0.00555823174120873,0.0,-0.9339999999999997,13.01,30.439999999999998,47.87,61.81399999999999,52.0,T_GLNKW,EDF Energy Customers Limited,False
BID,T_GYMR-15,WIND,4,1.5,-75.862,-75.31,-75.03999999999999,-53.2475,-1.0415000000000312,0.00555823174120873,0.0,-75.862,-75.31,-75.03999999999999,-53.2475,-1.0415000000000312,148.0,T_GYMR,Gwynt y Mor Offshore Wind Farm,False
BID,T_KILSB-1,BATTERY,2,1.5,65.73349999999999,68.26749999999998,71.43499999999999,74.60249999999999,77.13649999999998,0.00555823174120873,59.0,6.733499999999992,9.267499999999984,12.434999999999988,15.602499999999992,18.136499999999984,52.952,T_KILSB,ZENOBE KILMARNOCK SOUTH LTD,False
BID,T_LNCSW-1,WIND,2,1.5,-44.891,-24.455,1.0899999999999999,26.634999999999998,47.071,0.00555823174120873,0.0,-44.891,-24.455,1.0899999999999999,26.634999999999998,47.071,150.0,T_LNCSW,Lincs Wind Farm Ltd,False
BID,T_SUTBS-1,SOLAR,2,1.5,-14.635,-13.175,-11.35,-9.525,-8.065000000000001,0.00555823174120873,-11.35,-3.285,-1.825000000000001,0.0,1.8249999999999993,3.2849999999999984,49.419,T_SUTBS,EDF Energy Customers Limited,False
BID,T_THNTO-2,WIND,3,1.5,0.1,0.5,1.0,9.6548,16.578639999999996,0.00555823174120873,0.0,0.1,0.5,1.0,9.6548,16.578639999999996,230.159,T_THNTO,Thanet Offshore Wind Limited,False
BID,T_WDNSO-2,WIND,2,1.5,28.568775,30.843875,33.68775,36.531625000000005,38.806725,0.00555823174120873,0.0,28.568775,30.843875,33.68775,36.531625000000005,38.806725,201.0,T_WDNSO,Morecambe Wind Limited,False
BID,2__LSTAT002,BATTERY,3,1.4166666666666667,61.619,68.015,76.01,99.86500000000001,118.949,0.005249441088919357,59.0,2.6189999999999998,9.015,17.010000000000005,40.86500000000001,59.949,20.858,2__LSTAT,Statkraft Markets Gmbh,False
BID,E_RDFRD-1,DIESEL,2,1.3333333333333333,61.409,61.765,62.21,62.655,63.011,0.004940650436629982,87.53,-26.121000000000002,-25.765,-25.32,-24.875,-24.519,20.5,E_RDFRD,Conrad Energy (Trading) Ltd,False
BID,T_KILSB-3,BATTERY,2,1.3333333333333333,53.112500000000004,55.1625,57.725,60.2875,62.3375,0.004940650436629982,59.0,-5.887499999999996,-3.8374999999999986,-1.2749999999999986,1.2875000000000014,3.3374999999999986,53.734,T_KILSB,ZENOBE KILMARNOCK SOUTH LTD,False
BID,2__DSTAT004,BATTERY,4,1.3053571428571429,28.1345,29.4725,30.634999999999998,54.4925,110.29849999999996,0.004836985003361407,59.0,-30.8655,-29.5275,-28.365000000000002,-4.5075,51.29849999999996,16.0,2__DSTAT,Statkraft Markets Gmbh,False
BID,2__GSTAT004,BATTERY,3,1.2361111111111112,57.1,65.5,76.0,78.595,80.67099999999998,0.004580394675625713,59.0,-1.8999999999999986,6.5,17.0,19.595,21.670999999999978,20.354,2__GSTAT_B,Statkraft Markets Gmbh,False
BID,2__AFLEX003,LOAD RESPONSE,2,1.1666666666666667,16.9745,24.0325,32.855000000000004,41.6775,48.7355,0.004323069132051235,55.254999999999995,-38.280499999999996,-31.222499999999997,-22.39999999999999,-13.577499999999993,-6.519499999999994,49.0,2__AFLEX,Flexitricity Limited,False
BID,2__BSTAT003,BATTERY,3,1.1625,28.023,28.915,30.03,64.67241323756602,92.38634382761883,0.004307629599436766,59.0,-30.977,-30.085,-28.97,5.672413237566019,33.38634382761883,16.0,2__BSTAT_B,Statkraft Markets Gmbh,False
BID,2__MSTAT002,BATTERY,2,1.125,63.393499999999996,66.0475,69.365,72.6825,75.3365,0.004168673805906548,59.0,4.393499999999996,7.047499999999999,10.364999999999995,13.682500000000005,16.3365,50.51,2__MSTAT_B,Statkraft Markets Gmbh,False
BID,2__NSTAT001,BATTERY,3,1.125,79.015,91.075,106.15,110.075,113.215,0.004168673805906548,59.0,20.015,32.075,47.150000000000006,51.075,54.215,20.0,2__NSTAT_B,Statkraft Markets Gmbh,False
BID,2__GSTAT002,BATTERY,2,1.1111111111111112,58.0445,70.2225,85.445,100.6675,112.8455,0.004117208697191652,59.0,-0.9555000000000007,11.222499999999997,26.444999999999993,41.667500000000004,53.8455,20.0,2__GSTAT_B,Statkraft Markets Gmbh,False
BID,E_LCHWT-1,DIESEL,2,1.1111111111111112,57.2495,66.2475,77.495,88.74249999999999,97.7405,0.004117208697191652,87.53,-30.280500000000004,-21.2825,-10.034999999999997,1.2124999999999915,10.210499999999996,15.0,E_LCHWT,Conrad Energy (Trading) Ltd,False
BID,T_MOWWO-2,WIND,4,1.0833333333333333,-12.039000000000001,4.484999999999999,12.32,13.27,13.27,0.00401427847976186,0.0,-12.039000000000001,4.484999999999999,12.32,13.27,13.27,215.0,T_MOWWO,Moray Offshore Wind West Ltd,False
BID,2__GSTAT010,BATTERY,2,1.0625,32.41733022517489,41.966651125874414,53.903302251748826,65.83995337762323,75.38927427832277,0.003937080816689517,59.0,-26.582669774825114,-17.033348874125586,-5.096697748251174,6.839953377623232,16.389274278322773,16.0,2__GSTAT_B,Statkraft Markets Gmbh,False
BID,2__KSTAT002,BATTERY,2,1.0625,34.2365,51.0625,72.095,93.1275,109.95349999999999,0.003937080816689517,59.0,-24.7635,-7.9375,13.094999999999999,34.1275,50.95349999999999,14.0,2__KSTAT,Statkraft Markets Gmbh,False
BID,2__DSTAT001,BATTERY,1,1.0,113.6,113.6,113.6,113.6,113.6,0.0037054878274724867,59.0,54.599999999999994,54.599999999999994,54.599999999999994,54.599999999999994,54.599999999999994,20.0,2__DSTAT,Statkraft Markets Gmbh,False
BID,2__ESTAT004,BATTERY,1,1.0,109.71,109.71,109.71,109.71,109.71,0.0037054878274724867,59.0,50.709999999999994,50.709999999999994,50.709999999999994,50.709999999999994,50.709999999999994,12.603,2__ESTAT_B,Statkraft Markets Gmbh,False
BID,2__GFLEX002,LOAD RESPONSE,1,1.0,75.0,75.0,75.0,75.0,75.0,0.0037054878274724867,55.254999999999995,19.745000000000005,19.745000000000005,19.745000000000005,19.745000000000005,19.745000000000005,49.0,2__GFLEX_LR,Flexitricity Limited,False
BID,2__GLOND003,OCGT,1,1.0,68.64,68.64,68.64,68.64,68.64,0.0037054878274724867,64.75,3.8900000000000006,3.8900000000000006,3.8900000000000006,3.8900000000000006,3.8900000000000006,50.0,2__GLOND_OC,EDF Energy Customers Limited,False
BID,2__GSMAE003,CCGT,1,1.0,81.22,81.22,81.22,81.22,81.22,0.0037054878274724867,62.55,18.67,18.67,18.67,18.67,18.67,61.882,2__GSMAE,Smartestenergy Limited,False
BID,2__HSTAT003,BATTERY,1,1.0,96.69,96.69,96.69,96.69,96.69,0.0037054878274724867,59.0,37.69,37.69,37.69,37.69,37.69,20.475,2__HSTAT,Statkraft Markets Gmbh,False
BID,2__KSTAT005,BATTERY,1,1.0,66.66072342216243,66.66072342216243,66.66072342216243,66.66072342216243,66.66072342216243,0.0037054878274724867,59.0,7.660723422162434,7.660723422162434,7.660723422162434,7.660723422162434,7.660723422162434,16.0,2__KSTAT,Statkraft Markets Gmbh,False
BID,2__NLOND001,OCGT,1,1.0,71.34,71.34,71.34,71.34,71.34,0.0037054878274724867,64.75,6.590000000000003,6.590000000000003,6.590000000000003,6.590000000000003,6.590000000000003,30.0,2__NLOND_OC,EDF Energy Customers Limited,False
BID,2__NSTAT003,BATTERY,1,1.0,85.75,85.75,85.75,85.75,85.75,0.0037054878274724867,59.0,26.75,26.75,26.75,26.75,26.75,20.732,2__NSTAT_B,Statkraft Markets Gmbh,False
BID,2__PEDGE003,WIND,1,1.0,50.0,50.0,50.0,50.0,50.0,0.0037054878274724867,0.0,50.0,50.0,50.0,50.0,50.0,55.749,2__PEDGE,Edgware Energy Limited,False
BID,2__PSMAE001,WIND,1,1.0,91.5,91.5,91.5,91.5,91.5,0.0037054878274724867,0.0,91.5,91.5,91.5,91.5,91.5,0.0,2__PSMAE,Smartestenergy Limited,False
BID,E_BABAW-1,WIND,1,1.0,-27.86,-27.86,-27.86,-27.86,-27.86,0.0037054878274724867,0.0,-27.86,-27.86,-27.86,-27.86,-27.86,52.5,E_BABAW,Statkraft Markets Gmbh,False
BID,E_CHTRY-1,DIESEL,1,1.0,78.3,78.3,78.3,78.3,78.3,0.0037054878274724867,87.53,-9.230000000000004,-9.230000000000004,-9.230000000000004,-9.230000000000004,-9.230000000000004,20.0,E_CHTRY,Conrad Energy (Trading) Ltd,False
BID,E_MORFL-1,DIESEL,1,1.0,96.9,96.9,96.9,96.9,96.9,0.0037054878274724867,87.53,9.370000000000005,9.370000000000005,9.370000000000005,9.370000000000005,9.370000000000005,20.0,E_MORFL,Conrad Energy (Trading) Ltd,False
BID,I_I2D-DMCC1,IFA2,1,1.0,-8.6,-8.6,-8.6,-8.6,-8.6,0.0037054878274724867,-3.325,-5.2749999999999995,-5.2749999999999995,-5.2749999999999995,-5.2749999999999995,-5.2749999999999995,,I_I2D-DMCC,Cobblestone Energy DMCC,False
BID,I_I2D-NORL1,IFA2,1,1.0,41.0,41.0,41.0,41.0,41.0,0.0037054878274724867,-3.325,44.325,44.325,44.325,44.325,44.325,,I_I2D-NORL,Norlys Energy Trading A/S,False
BID,I_I2D-SETL1,IFA2,1,1.0,59.52,59.52,59.52,59.52,59.52,0.0037054878274724867,-3.325,62.845000000000006,62.845000000000006,62.845000000000006,62.845000000000006,62.845000000000006,,I_I2D-SETL,Shell Energy Europe Limited,False
BID,I_IBD-ELTR1,BRITNED,1,1.0,-10.0,-10.0,-10.0,-10.0,-10.0,0.0037054878274724867,-3.16,-6.84,-6.84,-6.84,-6.84,-6.84,,I_IBD-ELTR,ElectroRoute Energy Trading,False
BID,I_IBD-TRLS1,BRITNED,1,1.0,-5.04112,-5.04112,-5.04112,-5.04112,-5.04112,0.0037054878274724867,-3.16,-1.8811200000000001,-1.8811200000000001,-1.8811200000000001,-1.8811200000000001,-1.8811200000000001,,I_IBD-TRLS,Engelhart CTP Renewables GmbH,False
BID,I_IFD-CBST1,IFA,2,1.0,-19.19,-18.830000000000002,-18.380000000000003,-17.93,-17.57,0.0037054878274724867,8.199999999999998,-27.39,-27.03,-26.58,-26.129999999999995,-25.769999999999996,,I_IFD-CBST,Cobblestone Energy,False
BID,I_IFD-DMCC1,IFA,2,1.0,14.0,14.0,14.0,14.0,14.0,0.0037054878274724867,8.199999999999998,5.8000000000000025,5.8000000000000025,5.8000000000000025,5.8000000000000025,5.8000000000000025,,I_IFD-DMCC,Cobblestone Energy DMCC,False
BID,I_IFD-OPMX1,IFA,1,1.0,59.92,59.92,59.92,59.92,59.92,0.0037054878274724867,8.199999999999998,51.720000000000006,51.720000000000006,51.720000000000006,51.720000000000006,51.720000000000006,,I_IFD-OPMX,Optimax Energy GmbH,False
BID,I_IFD-TRLS1,IFA,1,1.0,35.63,35.63,35.63,35.63,35.63,0.0037054878274724867,8.199999999999998,27.430000000000007,27.430000000000007,27.430000000000007,27.430000000000007,27.430000000000007,,I_IFD-TRLS,Engelhart CTP Renewables GmbH,False
BID,I_ILD-MFTE1,ELECLINK,1,1.0,39.66,39.66,39.66,39.66,39.66,0.0037054878274724867,4.34,35.31999999999999,35.31999999999999,35.31999999999999,35.31999999999999,35.31999999999999,,I_ILD-MFTE,MFT Energy A/S,False
BID,I_ILD-NTPL1,ELECLINK,2,1.0,35.5,35.5,35.5,35.5,35.5,0.0037054878274724867,4.34,31.16,31.16,31.16,31.16,31.16,,I_ILD-NTPL,Northpool BV,False
BID,I_IND-COPN1,NEMO,1,1.0,-14.84,-14.84,-14.84,-14.84,-14.84,0.0037054878274724867,0.8299999999999998,-15.67,-15.67,-15.67,-15.67,-15.67,,I_IND-COPN,Copenhagen Energy Trading A/S,False
BID,I_IND-HELI1,NEMO,1,1.0,-6.56,-6.56,-6.56,-6.56,-6.56,0.0037054878274724867,0.8299999999999998,-7.39,-7.39,-7.39,-7.39,-7.39,,I_IND-HELI,Helios Power Trading A/S,False
BID,I_IND-SETL1,NEMO,1,1.0,60.0,60.0,60.0,60.0,60.0,0.0037054878274724867,0.8299999999999998,59.17,59.17,59.17,59.17,59.17,,I_IND-SETL,Shell Energy Europe Limited,False
BID,I_IVD-HELI1,VIKING,1,1.0,16.0,16.0,16.0,16.0,16.0,0.0037054878274724867,0.8299999999999998,15.17,15.17,15.17,15.17,15.17,,I_IVD-HELI,Helios Power Trading A/S,False
BID,T_DNLWW-1,WIND,1,1.0,-16.24,-16.24,-16.24,-16.24,-16.24,0.0037054878274724867,0.0,-16.24,-16.24,-16.24,-16.24,-16.24,29.75,T_DNLWW,SP Renewables (UK) Limited,False
BID,T_GYMR-17,WIND,3,1.0,-75.908,-75.53999999999999,-75.08,-75.03999999999999,-75.008,0.0037054878274724867,0.0,-75.908,-75.53999999999999,-75.08,-75.03999999999999,-75.008,148.0,T_GYMR,Gwynt y Mor Offshore Wind Farm,False
BID,T_HUMR-2,OTHER,1,1.0,57.68,57.68,57.68,57.68,57.68,0.0037054878274724867,60.0,-2.3200000000000003,-2.3200000000000003,-2.3200000000000003,-2.3200000000000003,-2.3200000000000003,50.0,T_HUMR_OTH,VPI Immingham Energy Park A,False
BID,T_KILLPG-2,CCGT,1,1.0,90.0,90.0,90.0,90.0,90.0,0.0037054878274724867,62.55,27.450000000000003,27.450000000000003,27.450000000000003,27.450000000000003,27.450000000000003,316.0,T_KILLPG,Uniper UK Limited,False
BID,T_KILSB-6,BATTERY,1,1.0,79.78166676533061,79.78166676533061,79.78166676533061,79.78166676533061,79.78166676533061,0.0037054878274724867,59.0,20.781666765330613,20.781666765330613,20.781666765330613,20.781666765330613,20.781666765330613,51.226,T_KILSB,ZENOBE KILMARNOCK SOUTH LTD,False
BID,T_LARKS-1,OTHER,1,1.0,-59.61,-59.61,-59.61,-59.61,-59.61,0.0037054878274724867,60.0,-119.61,-119.61,-119.61,-119.61,-119.61,49.9,T_LARKS,Iron Acton Green Limited,False
BID,T_SUTB-1,CCGT,1,1.0,11.55,11.55,11.55,11.55,11.55,0.0037054878274724867,62.55,-51.0,-51.0,-51.0,-51.0,-51.0,850.0,T_SUTB,SUTTON BRIDGE POWER GENERATION,False
BID,V__DWELS001,OTHER,1,1.0,79.62,79.62,79.62,79.62,79.62,0.0037054878274724867,60.0,19.620000000000005,19.620000000000005,19.620000000000005,19.620000000000005,19.620000000000005,0.0,V__DWELS,Welsh Power Group Limited,False
BID,V__EFEEL400,BATTERY,1,1.0,66.36,66.36,66.36,66.36,66.36,0.0037054878274724867,59.0,7.359999999999999,7.359999999999999,7.359999999999999,7.359999999999999,7.359999999999999,20.0,V__EFEEL,EDF Energy Limited,False
BID,V__HFEEL002,BATTERY,1,1.0,-17.62,-17.62,-17.62,-17.62,-17.62,0.0037054878274724867,59.0,-76.62,-76.62,-76.62,-76.62,-76.62,42.0,V__HFEEL,EDF Energy Limited,False
BID,T_BLLA-2,WIND,4,0.95,-18.5,-12.5,-3.3899999999999997,4.5075,7.5974999999999975,0.0035202134360988622,0.0,-18.5,-12.5,-3.3899999999999997,4.5075,7.5974999999999975,69.0,T_BLLA,SP Renewables (UK) Limited,False
BID,2__FSTAT001,BATTERY,2,0.8333333333333333,100.3075,101.5375,103.075,104.61250000000001,105.8425,0.003087906522893739,59.0,41.307500000000005,42.537499999999994,44.075,45.61250000000001,46.8425,50.0,2__FSTAT,Statkraft Markets Gmbh,False
BID,T_GRGBW-2,WIND,2,0.8333333333333333,-11.926000000000002,4.489999999999998,25.009999999999998,45.53,61.94599999999999,0.003087906522893739,0.0,-11.926000000000002,4.489999999999998,25.009999999999998,45.53,61.94599999999999,240.0,T_GRGBW,Greater Gabbard Offshore Winds,False
BID,V__HWELS001,OTHER,3,0.8333333333333333,101.29299999999999,107.38499999999999,115.0,115.0,115.0,0.003087906522893739,60.0,41.29299999999999,47.38499999999999,55.0,55.0,55.0,0.0,V__HWELS,Welsh Power Group Limited,False
BID,V__KWELS001,OTHER,3,0.8333333333333333,101.29299999999999,107.38499999999999,115.0,115.0,115.0,0.003087906522893739,60.0,41.29299999999999,47.38499999999999,55.0,55.0,55.0,0.0,V__KWELS,Welsh Power Group Limited,False
BID,V__KWELS002,OTHER,3,0.8333333333333333,101.29299999999999,107.38499999999999,115.0,115.0,115.0,0.003087906522893739,60.0,41.29299999999999,47.38499999999999,55.0,55.0,55.0,0.0,V__KWELS,Welsh Power Group Limited,False
BID,M_SLOY-4,NPSHYD,5,0.7713675213675213,0.0,0.0,0.0,12.01,30.561999999999998,0.0028582929609349736,57.135000000000005,-57.135000000000005,-57.135000000000005,-57.135000000000005,-45.12500000000001,-26.573000000000008,40.0,M_SLOY,SSE Generation Ltd,False
BID,2__GSTAT001,BATTERY,3,0.75,54.535,64.075,76.0,95.0,110.2,0.002779115870604365,59.0,-4.465000000000003,5.075000000000003,17.0,36.0,51.2,20.0,2__GSTAT_B,Statkraft Markets Gmbh,False
BID,T_DDGNO-1,WIND,3,0.75,35.303999999999995,39.32,44.34,44.52,44.664,0.002779115870604365,0.0,35.303999999999995,39.32,44.34,44.52,44.664,108.0,T_DDGNO,Dudgeon Offshore Wind Ltd,False
BID,T_DDGNO-2,WIND,3,0.75,35.303999999999995,39.32,44.34,44.52,44.664,0.002779115870604365,0.0,35.303999999999995,39.32,44.34,44.52,44.664,90.0,T_DDGNO,Dudgeon Offshore Wind Ltd,False
BID,T_DDGNO-3,WIND,3,0.75,35.303999999999995,39.32,44.34,44.52,44.664,0.002779115870604365,0.0,35.303999999999995,39.32,44.34,44.52,44.664,102.0,T_DDGNO,Dudgeon Offshore Wind Ltd,False
BID,T_DDGNO-4,WIND,3,0.75,35.303999999999995,39.32,44.34,44.52,44.664,0.002779115870604365,0.0,35.303999999999995,39.32,44.34,44.52,44.664,102.0,T_DDGNO,Dudgeon Offshore Wind Ltd,False
BID,2__EFLEX004,LOAD RESPONSE,2,0.6666666666666666,53.20508159375,64.02540796875,77.5508159375,91.07622390625,101.89655028124999,0.002470325218314991,55.254999999999995,-2.0499184062499936,8.770407968750007,22.29581593750001,35.82122390625,46.64155028124999,49.0,2__EFLEX,Flexitricity Limited,False
BID,2__NFLEX003,LOAD RESPONSE,2,0.6428571428571428,61.93438826800005,64.8955696852632,68.59704645684214,72.29852322842106,75.25970464568421,0.002382099317660884,55.254999999999995,6.679388268000054,9.640569685263202,13.34204645684214,17.043523228421066,20.004704645684214,49.0,2__NFLEX_LR,Flexitricity Limited,False
BID,2__NFLEX004,LOAD RESPONSE,1,0.5,61.194092913684266,61.194092913684266,61.194092913684266,61.194092913684266,61.194092913684266,0.0018527439137362434,55.254999999999995,5.93909291368427,5.93909291368427,5.93909291368427,5.93909291368427,5.93909291368427,49.0,2__NFLEX_LR,Flexitricity Limited,False
BID,E_RDSCR-1,DIESEL,1,0.5,110.71,110.71,110.71,110.71,110.71,0.0018527439137362434,87.53,23.179999999999993,23.179999999999993,23.179999999999993,23.179999999999993,23.179999999999993,40.0,E_RDSCR,Conrad Energy (Trading) Ltd,False
BID,I_IFD-VOLT1,IFA,1,0.5,-4.0,-4.0,-4.0,-4.0,-4.0,0.0018527439137362434,8.199999999999998,-12.199999999999998,-12.199999999999998,-12.199999999999998,-12.199999999999998,-12.199999999999998,,I_IFD-VOLT,Volta Energy DAC,False
BID,T_FARR-2,WIND,1,0.5,-9.24014,-9.24014,-9.24014,-9.24014,-9.24014,0.0018527439137362434,0.0,-9.24014,-9.24014,-9.24014,-9.24014,-9.24014,92.0,T_FARR,Smartestenergy Limited,False
BID,T_GANW-13,WIND,1,0.5,-22.52,-22.52,-22.52,-22.52,-22.52,0.0018527439137362434,0.0,-22.52,-22.52,-22.52,-22.52,-22.52,88.0,T_GANW,Galloper Offshore WindFarm Ltd,False
BID,T_GANW-24,WIND,1,0.5,-22.52,-22.52,-22.52,-22.52,-22.52,0.0018527439137362434,0.0,-22.52,-22.52,-22.52,-22.52,-22.52,88.0,T_GANW,Galloper Offshore WindFarm Ltd,False
BID,T_LNCSW-2,WIND,1,0.5,52.18,52.18,52.18,52.18,52.18,0.0018527439137362434,0.0,52.18,52.18,52.18,52.18,52.18,150.0,T_LNCSW,Lincs Wind Farm Ltd,False
BID,V__HWELS002,OTHER,2,0.5,115.0,115.0,115.0,115.0,115.0,0.0018527439137362434,60.0,55.0,55.0,55.0,55.0,55.0,0.0,V__HWELS,Welsh Power Group Limited,False
BID,T_ABRBO-1,WIND,1,0.3333333333333333,-60.0,-60.0,-60.0,-60.0,-60.0,0.0012351626091574954,0.0,-60.0,-60.0,-60.0,-60.0,-60.0,99.0,T_ABRBO,Aberdeen Offshore Wind Farm,False
BID,2__BSTAT001,GAS,3,0.3053571428571429,28.023,28.915,30.03,30.634999999999998,31.119,0.0011314971758889202,74.41977135863905,-46.39677135863906,-45.504771358639054,-44.38977135863905,-43.784771358639055,-43.300771358639054,4.0,2__BSTAT_G,Statkraft Markets Gmbh,False
BID,2__HSTAT005,BATTERY,3,0.3053571428571429,28.023,28.915,30.03,30.634999999999998,31.119,0.0011314971758889202,59.0,-30.977,-30.085,-28.97,-28.365000000000002,-27.881,16.0,2__HSTAT,Statkraft Markets Gmbh,False
BID,2__HSTAT006,BATTERY,3,0.3053571428571429,28.023,28.915,30.03,30.634999999999998,31.119,0.0011314971758889202,59.0,-30.977,-30.085,-28.97,-28.365000000000002,-27.881,16.0,2__HSTAT,Statkraft Markets Gmbh,False
BID,2__DSTAT006,BATTERY,2,0.22916666666666666,32.329,41.525000000000006,53.02,64.515,73.711,0.0008491742937957781,59.0,-26.671,-17.474999999999994,-5.979999999999997,5.515000000000001,14.710999999999999,14.0,2__DSTAT,Statkraft Markets Gmbh,False
BID,2__AFLEX004,LOAD RESPONSE,1,0.16666666666666666,50.5,50.5,50.5,50.5,50.5,0.0006175813045787477,55.254999999999995,-4.7549999999999955,-4.7549999999999955,-4.7549999999999955,-4.7549999999999955,-4.7549999999999955,49.0,2__AFLEX,Flexitricity Limited,False
BID,2__NFLEX005,LOAD RESPONSE,1,0.16666666666666666,50.5,50.5,50.5,50.5,50.5,0.0006175813045787477,55.254999999999995,-4.7549999999999955,-4.7549999999999955,-4.7549999999999955,-4.7549999999999955,-4.7549999999999955,49.0,2__NFLEX_LR,Flexitricity Limited,False
BID,2__GSTAT008,BATTERY,1,0.125,76.0,76.0,76.0,76.0,76.0,0.00046318597843406084,59.0,17.0,17.0,17.0,17.0,17.0,22.0,2__GSTAT_B,Statkraft Markets Gmbh,False
BID,2__NSTAT002,BATTERY,1,0.125,76.0,76.0,76.0,76.0,76.0,0.00046318597843406084,59.0,17.0,17.0,17.0,17.0,17.0,20.0,2__NSTAT_B,Statkraft Markets Gmbh,False
BID,E_ABERDARE,OCGT,1,0.125,52.15,52.15,52.15,52.15,52.15,0.00046318597843406084,64.75,-12.600000000000001,-12.600000000000001,-12.600000000000001,-12.600000000000001,-12.600000000000001,15.4,E_ABERDARE,UK Power Reserve Limited,False
BID,E_SEVINGTN,GAS,1,0.125,52.15,52.15,52.15,52.15,52.15,0.00046318597843406084,74.41977135863905,-22.269771358639055,-22.269771358639055,-22.269771358639055,-22.269771358639055,-22.269771358639055,10.3,E_SEVINGTN,UK Power Reserve Limited,False
BID,2__DSTAT005,BATTERY,1,0.0625,30.03,30.03,30.03,30.03,30.03,0.00023159298921703042,59.0,-28.97,-28.97,-28.97,-28.97,-28.97,16.0,2__DSTAT,Statkraft Markets Gmbh,False
BID,2__KSTAT003,BATTERY,1,0.0625,30.03,30.03,30.03,30.03,30.03,0.00023159298921703042,59.0,-28.97,-28.97,-28.97,-28.97,-28.97,16.0,2__KSTAT,Statkraft Markets Gmbh,False
OFFER,T_SEAB-1,CCGT,835,793.5364468864469,81.47,98.0,111.0,128.8,190.0,3.348678933563096,113.9,-32.43000000000001,-15.900000000000006,-2.9000000000000057,14.900000000000006,76.1,830.0,T_SEAB,Seabank Power Limited,True
OFFER,T_COSO-1,CCGT,696,652.9833333333333,85.0,99.99,115.0,134.8025,190.4450975,2.7555527422599204,113.9,-28.900000000000006,-13.91000000000001,1.0999999999999943,20.902500000000003,76.5450975,856.186,T_COSO,Coryton Energy Company Ltd,True
OFFER,T_DAMC-1,CCGT,701,650.15,86.5,103.85,118.68,136.0,189.3701,2.74359623581044,113.9,-27.400000000000006,-10.050000000000011,4.780000000000001,22.099999999999994,75.4701,820.0,T_DAMC,VPI Power Limited,True
OFFER,T_HUMR-1,CCGT,618,589.5,76.97499999999998,98.0,115.74999,139.0,195.135,2.4876566654006838,113.9,-36.925000000000026,-15.900000000000006,1.8499899999999911,25.099999999999994,81.23499999999999,1283.0,T_HUMR_CC,VPI Immingham LLP,True
OFFER,T_CRUA-1,PS,580,549.6825757575757,88.34223893477994,106.375,120.12644499999999,142.10500000000002,199.03749999999997,2.319629386663188,119.0,-30.657761065220058,-12.625,1.1264449999999897,23.105000000000018,80.03749999999997,123.0,T_CRUA,Drax Pumped Storage Limited,True
OFFER,T_SHBA-1,CCGT,488,454.1166666666667,83.07000000000001,99.5,114.0,129.9,193.0,1.9163466542881658,113.9,-30.83,-14.400000000000006,0.09999999999999432,16.0,79.1,821.4,T_SHBA,EP UK INVESTMENTS LIMITED,True
OFFER,T_MRWD-1,CCGT,448,417.0833333333333,72.36999999999999,93.4225,102.0,111.9,178.29999999999995,1.760068081754371,113.9,-41.530000000000015,-20.477500000000006,-11.900000000000006,-2.0,64.39999999999995,920.0,T_MRWD,Marchwood Power Limited,True
OFFER,T_ROCK-1,CCGT,404,384.3333333333333,85.0,97.9,114.0,127.9,193.22989799999988,1.6218649336765552,113.9,-28.900000000000006,-16.0,0.09999999999999432,14.0,79.32989799999987,810.0,T_ROCK,Rocksavage Power Company Ltd,True
OFFER,T_RYHPS-1,CCGT,394,369.53333333333336,89.0,120.0,145.37,183.79500000000002,263.1499999999997,1.559409770575741,113.9,-24.900000000000006,6.099999999999994,31.47,69.89500000000001,149.2499999999997,720.98,T_RYHPS,VPI Power Limited,True
OFFER,T_CARR-1,CCGT,395,366.64444444444445,80.796,99.0,111.0,125.0,165.0,1.5472188228233297,113.9,-33.104,-14.900000000000006,-2.9000000000000057,11.099999999999994,51.099999999999994,470.0,T_CARR,Carrington Power Ltd,True
OFFER,T_SHBA-2,CCGT,327,316.6666666666667,88.0,98.22980999999999,112.0,129.91,196.0,1.3363154267066155,113.9,-25.900000000000006,-15.67019000000002,-1.9000000000000057,16.00999999999999,82.1,580.0,T_SHBA,EP UK INVESTMENTS LIMITED,True
OFFER,E_DOLLB-1,BATTERY,175,162.76709956709956,66.026,94.75,110.86,123.975,144.92399999999995,0.6868679561425478,107.235,-41.209,-12.485,3.625,16.739999999999995,37.68899999999995,102.0,E_DOLLB,Dollymans Storage Limited,True
OFFER,T_DRAXX-2,BIOMASS,134,126.41666666666667,70.0,90.2784384646534,100.95,119.375,156.92975711524105,0.5334711848194568,103.0,-33.0,-12.721561535346595,-2.049999999999997,16.375,53.929757115241046,669.4,T_DRAXX,Drax Power Ltd,True
OFFER,T_GLNDO-1,NPSHYD,174,123.10119047619048,80.0,100.375,115.0,138.99992800230393,179.35,0.5194800627766826,117.0,-37.0,-16.625,-2.0,21.999928002303932,62.349999999999994,100.0,T_GLNDO,SSE Generation Ltd,True
OFFER,T_DINO-1,PS,571,543.3705128205128,76.92509090909091,93.4,104.99170439687975,120.0,139.0,2.2929928379985345,119.0,-42.07490909090909,-25.599999999999994,-14.008295603120246,1.0,20.0,320.0,T_DINO,First Hydro Company,False
OFFER,T_DINO-2,PS,544,531.6595238095238,81.915,109.3575,150.0,184.0,219.60650000000004,2.243573126596294,119.0,-37.084999999999994,-9.642499999999998,31.0,65.0,100.60650000000004,320.0,T_DINO,First Hydro Company,False
OFFER,T_DINO-3,PS,436,415.6595238095238,81.0,98.90840148470464,117.0,141.0,190.0,1.754059686076397,119.0,-38.0,-20.09159851529536,-2.0,22.0,71.0,320.0,T_DINO,First Hydro Company,False
OFFER,T_DINO-4,PS,401,387.8095238095238,82.0,100.0,118.0,136.83,165.0,1.6365342609170943,119.0,-37.0,-19.0,-1.0,17.830000000000013,46.0,320.0,T_DINO,First Hydro Company,False
OFFER,T_FFES-1,PS,328,316.75,81.4175,99.097335,114.975,129.8,175.4354999999999,1.336667088661012,119.0,-37.582499999999996,-19.902665,-4.025000000000006,10.800000000000011,56.435499999999905,91.033,T_FFES,First Hydro Company,False
OFFER,T_CARR-2,CCGT,342,313.95,80.0,94.0,110.0,129.0,180.0,1.3248512469932903,113.9,-33.900000000000006,-19.900000000000006,-3.9000000000000057,15.099999999999994,66.1,470.0,T_CARR,Carrington Power Ltd,False
OFFER,T_SPLN-1,CCGT,318,294.7492424242424,79.9625,94.0,115.0,128.0,185.06499999999997,1.2438251357734837,113.9,-33.9375,-19.900000000000006,1.0999999999999943,14.099999999999994,71.16499999999996,950.0,T_SPLN,Spalding Energy Company Ltd,False
OFFER,T_WBURB-3,CCGT,322,294.71666666666664,78.9525,94.32249999999999,107.5,130.0,186.89999999999998,1.243687667918583,113.9,-34.947500000000005,-19.577500000000015,-6.400000000000006,16.099999999999994,72.99999999999997,470.0,T_WBURB_CC,West Burton B Limited,False
OFFER,T_WBURB-1,CCGT,294,267.78333333333336,78.48942214066362,97.92500000000001,109.27502000000001,127.975,178.34999999999997,1.1300305242576416,113.9,-35.410577859336385,-15.974999999999994,-4.624979999999994,14.074999999999989,64.44999999999996,470.0,T_WBURB_CC,West Burton B Limited,False
OFFER,T_DINO-6,PS,271,266.3333333333333,82.475,99.0,124.56,146.7,201.5,1.123911606251143,119.0,-36.525000000000006,-20.0,5.560000000000002,27.69999999999999,82.5,320.0,T_DINO,First Hydro Company,False
OFFER,T_SEAB-2,CCGT,281,265.25,88.87,108.0,120.0,155.0,190.0,1.1193400008439887,113.9,-25.03,-5.900000000000006,6.099999999999994,41.099999999999994,76.1,406.0,T_SEAB,Seabank Power Limited,False
OFFER,T_CNQPS-2,CCGT,283,257.34285714285716,89.19921138350763,103.97999999999999,117.95,139.6,257.9999999999998,1.0859723051139687,113.9,-24.700788616492375,-9.920000000000016,4.049999999999997,25.69999999999999,144.09999999999977,352.0,T_CNQPS,Uniper UK Limited,False
OFFER,T_FFES-2,PS,255,244.33333333333334,91.562,103.475,117.8,134.0,167.59999999999997,1.031072850290473,119.0,-27.438000000000002,-15.525000000000006,-1.2000000000000028,15.0,48.599999999999966,91.875,T_FFES,First Hydro Company,False
OFFER,T_CNQPS-4,CCGT,265,243.66666666666666,88.586,104.5,116.9,131.27,181.28799999999998,1.0282595546553008,113.9,-25.314000000000007,-9.400000000000006,3.0,17.370000000000005,67.38799999999998,352.0,T_CNQPS,Uniper UK Limited,False
OFFER,T_CNQPS-3,CCGT,251,236.68333333333334,89.0,104.0,118.5,135.47413654025803,183.685,0.9987902828768761,113.9,-24.900000000000006,-9.900000000000006,4.599999999999994,21.574136540258024,69.785,352.0,T_CNQPS,Uniper UK Limited,False
OFFER,T_FOYE-1,PS,247,230.8373015873016,85.054,104.0,124.5702,150.0,201.49999999999994,0.9741203594855956,119.0,-33.946,-15.0,5.5702,31.0,82.49999999999994,160.0,T_FOYE,SSE Generation Ltd,False
OFFER,E_SHOS-1,CCGT,255,219.11666666666667,75.0,90.9,104.0,124.625,187.0,0.9246599428900987,113.9,-38.900000000000006,-23.0,-9.900000000000006,10.724999999999994,73.1,460.0,E_SHOS,VPI Power Limited,False
OFFER,T_GRAI-8,CCGT,305,206.65,80.0,98.0,108.0,129.0,199.8,0.8720513145123855,113.9,-33.900000000000006,-15.900000000000006,-5.900000000000006,15.099999999999994,85.9,468.0,T_GRAI,Uniper UK Limited,False
OFFER,T_DINO-5,PS,209,206.0,79.0,96.9,132.4,195.0,228.94799999999998,0.869308351268093,119.0,-40.0,-22.099999999999994,13.400000000000006,76.0,109.94799999999998,320.0,T_DINO,First Hydro Company,False
OFFER,T_CNQPS-1,CCGT,211,193.75,86.7,101.07,120.0,148.975,215.0,0.8176140439718108,113.9,-27.200000000000003,-12.830000000000013,6.099999999999994,35.07499999999999,101.1,351.162,T_CNQPS,Uniper UK Limited,False
OFFER,T_FOYE-2,PS,195,185.54166666666666,90.76062532256697,104.175,120.0,148.85,200.0,0.7829753414637576,119.0,-28.239374677433034,-14.825000000000003,1.0,29.849999999999994,81.0,160.0,T_FOYE,SSE Generation Ltd,False
OFFER,T_WBURB-2,CCGT,193,179.36666666666667,76.75599999999999,93.5,103.0,126.0,193.19999999999993,0.7569171906429788,113.9,-37.14400000000002,-20.400000000000006,-10.900000000000006,12.099999999999994,79.29999999999993,470.0,T_WBURB_CC,West Burton B Limited,False
OFFER,T_LAGA-1,CCGT,171,168.5,83.0,100.20580340718615,114.5,129.45999999999998,159.0,0.711060471789678,113.9,-30.900000000000006,-13.694196592813853,0.5999999999999943,15.559999999999974,45.099999999999994,905.0,T_LAGA,EP UK INVESTMENTS LIMITED,False
OFFER,T_SCCL-1,CCGT,174,162.33333333333334,78.76,100.0,112.38,131.48499999999999,195.0,0.6850374871643387,113.9,-35.14,-13.900000000000006,-1.5200000000000102,17.58499999999998,81.1,408.2,T_SCCL,SCCL,False
OFFER,T_MEDP-1,CCGT,164,156.66666666666666,90.0795195,99.0,111.45,130.0,179.41416318261193,0.6611244742653781,113.9,-23.820480500000002,-14.900000000000006,-2.450000000000003,16.099999999999994,65.51416318261192,750.0,T_MEDP,Medway Power Ltd,False
OFFER,T_GRAI-7,CCGT,234,153.95,70.131,93.125,105.055,119.9,136.999935,0.6496602945520529,113.9,-43.769000000000005,-20.775000000000006,-8.844999999999999,6.0,23.099934999999988,468.0,T_GRAI,Uniper UK Limited,False
OFFER,T_CRUA-4,PS,163,152.13333333333333,90.95900800000001,109.62,126.9,159.575,215.0,0.6419940639462097,119.0,-28.04099199999999,-9.379999999999995,7.900000000000006,40.57499999999999,96.0,104.0,T_CRUA,Drax Pumped Storage Limited,False
OFFER,T_KEAD-2,CCGT,152,146.58333333333334,60.0,85.73,94.975,100.0,119.55249999999997,0.6185733777834044,113.9,-53.900000000000006,-28.17,-18.92500000000001,-13.900000000000006,5.652499999999961,890.0,T_KEAD,Keadby Generation Limited,False
OFFER,T_GRAI-6,CCGT,215,143.83333333333334,66.474,88.59,99.69,112.5,144.29999999999998,0.6069685332883207,113.9,-47.426,-25.310000000000002,-14.210000000000008,-1.4000000000000057,30.399999999999977,468.0,T_GRAI,Uniper UK Limited,False
OFFER,T_DIDCB5,CCGT,155,139.33333333333334,79.2,95.9,111.45,129.0,177.59999999999997,0.5879787877509108,113.9,-34.7,-18.0,-2.450000000000003,15.099999999999994,63.69999999999996,770.0,T_DIDCB,RWE Generation UK plc,False
OFFER,T_CRUA-2,PS,143,138.45833333333334,87.11204657555156,103.75,122.58,164.5,215.0,0.5842863372297478,119.0,-31.88795342444844,-15.25,3.5799999999999983,45.5,96.0,124.76,T_CRUA,Drax Pumped Storage Limited,False
OFFER,T_CDCL-1,CCGT,176,134.1,79.625,92.43730048429474,100.0,117.95,158.625,0.565894417014812,113.9,-34.275000000000006,-21.462699515705268,-13.900000000000006,4.049999999999997,44.724999999999994,445.0,T_CDCL,Uniper UK Limited,False
OFFER,T_SCCL-2,CCGT,145,133.93333333333334,76.0,99.0,123.67,141.0,180.0,0.5651910931060191,113.9,-37.900000000000006,-14.900000000000006,9.769999999999996,27.099999999999994,66.1,409.1,T_SCCL,SCCL,False
OFFER,T_KILLPG-2,CCGT,129,125.0,89.604,103.0,125.0,147.0,235.0,0.5274929315947167,113.9,-24.296000000000006,-10.900000000000006,11.099999999999994,33.099999999999994,121.1,316.0,T_KILLPG,Uniper UK Limited,False
OFFER,T_KEAD-1,CCGT,121,110.23333333333333,96.0,114.0,124.33,138.0,179.0,0.4651784332756608,113.9,-17.900000000000006,0.09999999999999432,10.429999999999993,24.099999999999994,65.1,764.0,T_KEAD,Keadby Generation Limited,False
OFFER,T_LBAR-1,CCGT,118,106.58333333333333,75.0,90.9375,120.0,147.25,232.1499999999998,0.449775639673095,113.9,-38.900000000000006,-22.962500000000006,6.099999999999994,33.349999999999994,118.2499999999998,750.0,T_LBAR,RWE Generation UK plc,False
OFFER,T_DIDCB6,CCGT,123,106.36666666666666,91.2,109.755,125.0,156.9,200.59999999999997,0.44886131859166417,113.9,-22.700000000000003,-4.14500000000001,11.099999999999994,43.0,86.69999999999996,720.0,T_DIDCB,RWE Generation UK plc,False
OFFER,T_RATS-3,COAL,113,104.91666666666667,75.0,95.67,107.5,134.36,167.268,0.44274240058516556,116.95,-41.95,-21.28,-9.450000000000003,17.41000000000001,50.318,0.0,T_RATS,Uniper UK Limited,False
OFFER,T_PEMB-31,CCGT,118,103.03333333333333,76.759,99.0,114.5,136.39999999999998,185.52499999999998,0.43479484041580513,113.9,-37.141000000000005,-14.900000000000006,0.5999999999999943,22.49999999999997,71.62499999999997,475.0,T_PEMB,RWE Generation UK plc,False
OFFER,T_PEMB-51,CCGT,116,101.11666666666666,76.0875,85.2,95.0,120.25,191.0,0.4267066154646861,113.9,-37.8125,-28.700000000000003,-18.900000000000006,6.349999999999994,77.1,475.0,T_PEMB,RWE Generation UK plc,False
OFFER,E_THMRB-1,BATTERY,117,96.22619047619048,75.92,92.0,99.0,111.0,136.15599999999998,0.4060690824838185,107.235,-31.314999999999998,-15.235,-8.235,3.7650000000000006,28.920999999999978,49.5,E_THMRB,Tesla Motors Limited,False
OFFER,T_PEMB-21,CCGT,108,92.95,74.942,99.86749999999999,119.54217,145.75,192.0,0.39224374393383127,113.9,-38.95800000000001,-14.032500000000013,5.642169999999993,31.849999999999994,78.1,475.0,T_PEMB,RWE Generation UK plc,False
OFFER,T_PEMB-41,CCGT,103,92.45,80.0,95.4569652011563,105.0,125.0,168.59999999999997,0.39013377220745243,113.9,-33.900000000000006,-18.443034798843712,-8.900000000000006,11.099999999999994,54.69999999999996,475.0,T_PEMB,RWE Generation UK plc,False
OFFER,T_SCCL-3,CCGT,96,92.33333333333333,81.99,96.72,104.875,123.0,173.0,0.3896414454712973,113.9,-31.91000000000001,-17.180000000000007,-9.025000000000006,9.099999999999994,59.099999999999994,409.3,T_SCCL,SCCL,False
OFFER,T_DRAXX-3,BIOMASS,98,90.16666666666667,68.677,96.9,116.375,134.83895143278872,190.0,0.38049823465698895,103.0,-34.32299999999999,-6.099999999999994,13.375,31.83895143278872,87.0,661.4,T_DRAXX,Drax Power Ltd,False
OFFER,T_FFES-4,PS,92,89.33333333333333,101.3,114.9875,124.0,135.25,173.60000000000002,0.3769816151130241,119.0,-17.700000000000003,-4.012500000000003,5.0,16.25,54.60000000000002,90.92,T_FFES,First Hydro Company,False
OFFER,2__HIMPO002,LOAD RESPONSE,95,86.18015873015872,82.797,96.745,109.95,123.75,140.89999999999998,0.3636753965909555,109.0,-26.203000000000003,-12.254999999999995,0.9500000000000028,14.75,31.899999999999977,52.564,2__HIMPO,SSE Energy Supply Limited,False
OFFER,2__HSTAT002,BATTERY,99,85.99209956709957,71.171,89.0,101.94,118.18906718084774,134.71200000000002,0.36288179755707295,107.235,-36.06399999999999,-18.235,-5.295000000000002,10.954067180847744,27.477000000000018,52.237,2__HSTAT,Statkraft Markets Gmbh,False
OFFER,2__MSTAT001,BATTERY,94,83.53257575757576,68.089,96.23507191936747,107.815,123.345,157.79999999999995,0.3525027461601712,107.235,-39.146,-10.999928080632529,0.5799999999999983,16.11,50.564999999999955,50.0,2__MSTAT_B,Statkraft Markets Gmbh,False
OFFER,E_CLAYB-1,BATTERY,93,81.65119047619048,78.6601532844542,93.9,102.0,117.0,136.77599999999998,0.34456340665987456,107.235,-28.574846715545803,-13.334999999999994,-5.234999999999999,9.765,29.540999999999983,49.5,E_CLAYB,Tesla Motors Limited,False
OFFER,T_STAY-2,CCGT,95,81.41666666666667,86.7,97.0,113.0,130.0,202.2,0.3435737294453588,113.9,-27.200000000000003,-16.900000000000006,-0.9000000000000057,16.099999999999994,88.29999999999998,464.0,T_STAY,RWE Generation UK plc,False
OFFER,E_PILLB-2,BATTERY,95,80.48809523809524,71.367,97.2,109.0,119.925,145.75,0.33965521052494085,107.235,-35.867999999999995,-10.034999999999997,1.7650000000000006,12.689999999999998,38.515,49.9,E_PILLB,BP Gas Marketing Limited,False
OFFER,2__ASTAT005,BATTERY,86,80.18333333333334,74.07499999999999,92.28750000000001,104.0,115.9375,146.75,0.33836913252029094,107.235,-33.16000000000001,-14.947499999999991,-3.2349999999999994,8.7025,39.515,51.313,2__ASTAT_B,Statkraft Markets Gmbh,False
OFFER,T_COVNB-1,OTHER,148,79.46583000333,71.0,91.0375,102.72511390819,116.5875,135.221,0.33534130904051146,107.345,-36.345,-16.307500000000005,-4.619886091810002,9.242500000000007,27.876000000000005,50.449,T_COVNB,Pivoted Power LLP,False
OFFER,T_COWB-1,OTHER,127,78.71201298701298,85.0,95.0,113.0,129.15,156.88304199999996,0.3321602438579271,107.345,-22.345,-12.344999999999999,5.655000000000001,21.805000000000007,49.53804199999996,50.431,T_COWB,Pivoted Power LLP,False
OFFER,T_CRUA-3,PS,82,77.75,79.95399999999998,91.5,111.2,134.675,171.8525,0.3281006034519137,119.0,-39.04600000000002,-27.5,-7.799999999999997,15.675000000000011,52.85249999999999,101.48,T_CRUA,Drax Pumped Storage Limited,False
OFFER,T_STAY-4,CCGT,88,76.91666666666667,82.35,95.0,113.0,130.0,167.401488,0.32458398390794896,113.9,-31.55000000000001,-18.900000000000006,-0.9000000000000057,16.099999999999994,53.501487999999995,464.0,T_STAY,RWE Generation UK plc,False
OFFER,T_SVRP-20,CCGT,81,76.83333333333333,89.0,98.0,113.0,120.0,139.9,0.32423232195355245,113.9,-24.900000000000006,-15.900000000000006,-0.9000000000000057,6.099999999999994,26.0,425.0,T_SVRP,Severn Power Limited,False
OFFER,T_KEMB-1,LOAD RESPONSE,151,73.1192932067932,82.45,97.45,115.0,132.8,154.5,0.30855928263828,109.0,-26.549999999999997,-11.549999999999997,6.0,23.80000000000001,45.5,35.468,T_KEMB,EDF Energy Customers Limited,False
OFFER,E_BURWB-1,OTHER,89,72.7,80.00000000000001,93.9,115.0,138.0,195.0,0.3067898890154872,107.345,-27.344999999999985,-13.444999999999993,7.655000000000001,30.655,87.655,50.533,E_BURWB_OTH,Arenko Cleantech Limited,False
OFFER,E_SKELB-1,BATTERY,91,71.88095238095238,72.94216355694445,93.05,102.18,119.0,138.95257552752702,0.30333355437799037,107.235,-34.29283644305555,-14.185000000000002,-5.054999999999993,11.765,31.717575527527018,49.9,E_SKELB,Tesla Motors Limited,False
OFFER,2__GSTAT008,BATTERY,79,70.48168498168498,63.46000000000001,102.75,119.6,132.40881372278284,173.1,0.29742872507779455,107.235,-43.77499999999999,-4.484999999999999,12.364999999999995,25.17381372278284,65.865,22.0,2__GSTAT_B,Statkraft Markets Gmbh,False
OFFER,E_ILMEB-1,BATTERY,93,70.01547619047619,76.712,94.85,102.99985000749965,119.9,151.75999999999996,0.29546135034171495,107.235,-30.522999999999996,-12.385000000000005,-4.235149992500354,12.665000000000006,44.52499999999996,49.5,E_ILMEB,Tesla Motors Limited,False
OFFER,E_CHAPB-1,BATTERY,88,70.00952380952381,71.34975208809307,91.41499999999999,100.16632289506393,110.9975,133.27499999999998,0.29543623163068666,107.235,-35.88524791190693,-15.820000000000007,-7.0686771049360715,3.762500000000003,26.039999999999978,50.169,E_CHAPB,Tesla Motors Limited,False
OFFER,E_FARNB-1,BATTERY,91,68.96785714285714,74.91,92.69999999999999,99.0,108.475,123.216088355621,0.29104045720073063,107.235,-32.325,-14.53500000000001,-8.235,1.2399999999999949,15.981088355620997,20.0,E_FARNB,Tesla Motors Limited,False
OFFER,E_PILLB-1,BATTERY,82,68.8547619047619,75.845,91.88499999999999,100.0,118.1925,155.40400000000002,0.29056320169119254,107.235,-31.39,-15.350000000000009,-7.234999999999999,10.957499999999996,48.169000000000025,49.9,E_PILLB,BP Gas Marketing Limited,False
OFFER,T_BUSTB-1,BATTERY,137,68.73936896436896,77.13199999999999,94.43,109.0,122.0,149.0,0.29007625000788695,107.235,-30.10300000000001,-12.804999999999993,1.7650000000000006,14.765,41.765,52.237,T_BUSTB,Pivoted Power LLP,False
OFFER,2__MSTAT002,BATTERY,88,66.67851037851038,84.7,100.95,119.6,133.21099978178677,174.0,0.28137954331143344,107.235,-22.534999999999997,-6.284999999999997,12.364999999999995,25.97599978178677,66.765,50.51,2__MSTAT_B,Statkraft Markets Gmbh,False
OFFER,2__DSTAT002,BATTERY,76,66.625,81.39999999999999,102.92,114.75,129.85000000000002,206.05,0.281153732539984,107.235,-25.835000000000008,-4.314999999999998,7.515000000000001,22.615000000000023,98.81500000000001,14.0,2__DSTAT,Statkraft Markets Gmbh,False
OFFER,E_BHOLB-1,BATTERY,78,66.51428571428572,76.137,89.60999999999999,98.965,112.0,130.15806419591843,0.2806865245148572,107.235,-31.098,-17.625000000000014,-8.269999999999996,4.765000000000001,22.92306419591843,7.12,E_BHOLB,Tesla Motors Limited,False
OFFER,E_BARNB-1,BATTERY,83,65.61666666666666,75.29697959183673,88.72976208670912,104.0,119.45,150.0,0.27689862289178657,107.235,-31.93802040816327,-18.505237913290884,-3.2349999999999994,12.215000000000003,42.765,44.0,E_BARNB,EDF Energy Customers Limited,False
OFFER,2__HSTAT001,BATTERY,74,65.025,51.07769377155765,93.91,104.95,117.875,141.09999999999997,0.27440182301557164,107.235,-56.15730622844235,-13.325000000000003,-2.2849999999999966,10.64,33.86499999999997,100.0,2__HSTAT,Statkraft Markets Gmbh,False
OFFER,T_LARKB-1,OTHER,77,64.8468253968254,69.35,98.0,108.0,119.200083469551,144.0,0.2736499362654572,107.345,-37.995000000000005,-9.344999999999999,0.6550000000000011,11.855083469551005,36.655,52.0,T_LARKB,EDF Energy Customers Limited,False
OFFER,T_RATS-2,COAL,84,64.11666666666666,79.506,96.50516666666667,119.7,164.25,192.0,0.27056870771264996,116.95,-37.444,-20.444833333333335,2.75,47.3,75.05,0.0,T_RATS,Uniper UK Limited,False
OFFER,2__FBPGM001,BATTERY,64,64.0,81.85399999999998,97.31573852148311,113.0,119.69999999999999,139.57299999999998,0.2700763809764949,107.235,-25.381000000000014,-9.919261478516887,5.765000000000001,12.46499999999999,32.33799999999998,39.859,2__FBPGM,BP Gas Marketing Limited,False
OFFER,T_PEMB-11,CCGT,72,61.53333333333333,89.1,100.0,114.92943162265092,130.6125,170.185,0.25966718712635917,113.9,-24.80000000000001,-13.900000000000006,1.0294316226509181,16.712500000000006,56.285,475.0,T_PEMB,RWE Generation UK plc,False
OFFER,T_STAY-1,CCGT,77,61.166666666666664,75.0,101.0,116.5,134.06,180.0,0.2581198745270146,113.9,-38.900000000000006,-12.900000000000006,2.5999999999999943,20.159999999999997,66.1,464.0,T_STAY,RWE Generation UK plc,False
OFFER,T_DRAXX-4,BIOMASS,65,60.666666666666664,67.6,87.0,93.5,110.0,165.59999999999997,0.2560099028006358,103.0,-35.400000000000006,-16.0,-9.5,7.0,62.599999999999966,645.0,T_DRAXX,Drax Power Ltd,False
OFFER,2__ASTAT003,OTHER,102,60.40634263397421,85.0,94.25,108.0,121.75,195.5499999999999,0.25491135010327975,107.345,-22.345,-13.094999999999999,0.6550000000000011,14.405000000000001,88.2049999999999,42.0,2__ASTAT_OTH,Statkraft Markets Gmbh,False
OFFER,E_LITRB-1,BATTERY,66,60.21666666666667,71.78797693247664,93.25,104.0,118.5,143.73249643874644,0.25411092824689485,107.235,-35.44702306752336,-13.985,-3.2349999999999994,11.265,36.49749643874644,50.0,E_LITRB,Tesla Motors Limited,False
OFFER,T_STAY-3,CCGT,70,60.0,87.25,101.45,118.5,150.0,190.0,0.253196607165464,113.9,-26.650000000000006,-12.450000000000003,4.599999999999994,36.099999999999994,76.1,464.0,T_STAY,RWE Generation UK plc,False
OFFER,2__JSTAT001,BATTERY,61,59.833333333333336,77.22,103.0,120.0,135.0,165.0,0.25249328325667103,107.235,-30.015,-4.234999999999999,12.765,27.765,57.765,22.0,2__JSTAT,Statkraft Markets Gmbh,False
OFFER,T_EECL-1,CCGT,86,59.26111111111111,79.8125,88.17500000000001,96.9,112.0,181.5,0.2500785378364819,113.9,-34.087500000000006,-25.724999999999994,-17.0,-1.9000000000000057,67.6,444.0,T_EECL,Uniper UK Limited,False
OFFER,E_CLAYB-2,BATTERY,72,58.101190476190474,73.775,90.435,100.0,114.555,133.63250000000002,0.24518373834742996,107.235,-33.459999999999994,-16.799999999999997,-7.234999999999999,7.320000000000007,26.397500000000022,49.5,E_CLAYB,Tesla Motors Limited,False
OFFER,E_HAWKB-1,BATTERY,83,57.21071428571428,68.69200000000001,93.37704081632651,102.18,113.77400252999368,139.67999999999998,0.24142597917759331,107.235,-38.54299999999999,-13.857959183673486,-5.054999999999993,6.539002529993681,32.44499999999998,20.0,E_HAWKB,Tesla Motors Limited,False
OFFER,E_ROARB-1,BATTERY,63,57.076190476190476,76.35,100.03,112.0,126.975,144.7,0.2408582963083533,107.235,-30.885000000000005,-7.204999999999998,4.765000000000001,19.739999999999995,37.46499999999999,50.0,E_ROARB,Tesla Motors Limited,False
OFFER,E_CONTB-1,BATTERY,73,56.06071428571428,61.67,94.75,102.99985000749965,120.0,138.99999999999991,0.2365730442069219,107.235,-45.565,-12.485,-4.235149992500354,12.765,31.764999999999915,35.8,E_CONTB,Tesla Motors Limited,False
OFFER,2__ESTAT001,BATTERY,60,55.676923076923075,79.95,97.0,115.07522659294843,131.975,190.14999999999998,0.23495346700815747,107.235,-27.284999999999997,-10.235,7.840226592948426,24.739999999999995,82.91499999999998,20.475,2__ESTAT_B,Statkraft Markets Gmbh,False
OFFER,T_NURSB-1,BATTERY,131,54.153330003330005,79.39999999999999,93.215,105.0,119.7,141.345,0.22852399039258134,107.235,-27.835000000000008,-14.019999999999996,-2.2349999999999994,12.465000000000003,34.11,48.0,T_NURSB,EDF Energy Customers Limited,False
OFFER,2__MCMRO002,OTHER,66,53.80238095238095,68.38316971382197,95.4125,103.26992500374982,114.62021867672598,145.5,0.22704300524277737,107.345,-38.96183028617803,-11.932500000000005,-4.07507499625018,7.275218676725984,38.155,36.844,2__MCMRO,BGI Trading Limited,False
OFFER,T_WISHB-1,BATTERY,61,52.791666666666664,84.0,94.49,104.9,120.5,140.31,0.22277784811016862,107.235,-23.235,-12.745000000000005,-2.3349999999999937,13.265,33.075,51.0,T_WISHB,Zenobe Wishaw Limited,False
OFFER,2__LSTAT001,BATTERY,63,52.64087301587301,90.164,107.1,116.77311041150666,128.5,188.39999999999998,0.22214150743078453,107.235,-17.070999999999998,-0.13500000000000512,9.538110411506665,21.265,81.16499999999998,20.423,2__LSTAT,Statkraft Markets Gmbh,False
OFFER,E_ARNKB-1,LOAD RESPONSE,58,52.4,84.5875,94.775,101.95,117.625,139.04999999999998,0.22112503692450522,109.0,-24.412499999999994,-14.224999999999994,-7.049999999999997,8.625,30.049999999999983,41.66,E_ARNKB_LR,Octopus Energy Trading Limited,False
OFFER,E_BROAB-1,BATTERY,64,51.29761904761905,53.161870870788206,89.0,100.70889730499707,107.5,138.18999999999994,0.2164730516420604,107.235,-54.07312912921179,-18.235,-6.526102695002933,0.26500000000000057,30.95499999999994,11.0,E_BROAB,Tesla Motors Limited,False
OFFER,2__FBPGM002,BATTERY,50,50.0,93.0815,102.8481339904508,114.8185859626535,128.8732259324841,150.7825,0.21099717263788664,107.235,-14.153499999999994,-4.386866009549195,7.583585962653501,21.638225932484104,43.5475,59.642,2__FBPGM,BP Gas Marketing Limited,False
OFFER,E_ALCOA-1,DIESEL,75,49.81666666666666,80.459,95.19512244698046,111.9,124.00013699881268,165.83499999999998,0.21022351633821437,114.71,-34.25099999999999,-19.51487755301953,-2.809999999999988,9.290136998812685,51.124999999999986,40.5,E_ALCOA,Conrad Energy (Trading) Ltd,False
OFFER,2__GCMRO001,OTHER,68,48.68333333333333,86.46163265306124,102.48250353199728,110.82499999999999,122.82762295081967,156.235,0.2054409137584223,107.345,-20.883367346938755,-4.862496468002718,3.4799999999999898,15.482622950819675,48.890000000000015,16.379,2__GCMRO,BGI Trading Limited,False
OFFER,2__DUKPR001,OCGT,58,46.94444444444444,74.28499999999998,104.0,114.775,129.2821076021333,142.75999999999996,0.19810290097668246,114.37479876576336,-40.089798765763376,-10.374798765763359,0.400201234236647,14.907308836369936,28.385201234236604,20.0,2__DUKPR,UK Power Reserve Limited,False
OFFER,T_TYLNB-1,BATTERY,51,46.833333333333336,48.27,94.975,99.95,108.94967859438611,124.01685108397167,0.19763401837082054,107.235,-58.964999999999996,-12.260000000000005,-7.284999999999997,1.7146785943861147,16.781851083971674,58.0,T_TYLNB,Pivoted Power LLP,False
OFFER,2__ESTAT003,BATTERY,48,46.0,94.7,107.75,119.515,137.14499999999998,153.2119723919971,0.19411739882685572,107.235,-12.534999999999997,0.5150000000000006,12.280000000000001,29.909999999999982,45.97697239199711,18.0,2__ESTAT_B,Statkraft Markets Gmbh,False
OFFER,2__MCNDL001,OCGT,72,45.95800865800866,95.0,103.975,119.0,135.25,168.8,0.19394019773814683,114.37479876576336,-19.37479876576336,-10.399798765763364,4.625201234236641,20.87520123423664,54.42520123423665,51.433,2__MCNDL_OC,NEAS Energy Ltd.,False
OFFER,2__FSTAT001,BATTERY,70,45.547161172161175,90.9,107.75,121.94496185217196,146.5,199.64499999999995,0.19220644458016278,107.235,-16.334999999999994,0.5150000000000006,14.709961852171958,39.265,92.40999999999995,50.0,2__FSTAT,Statkraft Markets Gmbh,False
OFFER,2__FSTAT002,BATTERY,81,45.52771672771673,86.9,98.0,118.45,132.0,200.0,0.19212439012413696,107.235,-20.334999999999994,-9.235,11.215000000000003,24.765,92.765,50.0,2__FSTAT,Statkraft Markets Gmbh,False
OFFER,T_SUNDB-1,BATTERY,58,44.96230158730159,83.10761722239195,97.97,109.775,126.815,154.20349999999996,0.18973837020425197,107.235,-24.127382777608048,-9.265,2.5400000000000063,19.58,46.96849999999996,50.246,T_SUNDB,Pivoted Power LLP,False
OFFER,2__GSTAT002,BATTERY,87,44.83281440781441,83.575,98.405,120.0,145.750535,173.67000000000002,0.189191941628959,107.235,-23.659999999999997,-8.829999999999998,12.765,38.515535000000014,66.43500000000002,20.0,2__GSTAT_B,Statkraft Markets Gmbh,False
OFFER,2__GSTAT001,BATTERY,85,44.49710012210012,93.4,109.3,128.0,143.0,173.78,0.18777524632696171,107.235,-13.834999999999994,2.0649999999999977,20.765,35.765,66.545,20.0,2__GSTAT_B,Statkraft Markets Gmbh,False
OFFER,2__PLOND001,OTHER,97,43.298586136086136,77.96,90.0,99.54487,111.34744739702823,144.496,0.1827175850786434,107.345,-29.385000000000005,-17.345,-7.800129999999996,4.002447397028234,37.15100000000001,52.0,2__PLOND,EDF Energy Customers Limited,False
OFFER,T_RATS-4,COAL,53,43.25,79.6,118.5,131.9,180.0,204.0,0.18251255433177196,116.95,-37.35000000000001,1.5499999999999972,14.950000000000003,63.05,87.05,0.0,T_RATS,Uniper UK Limited,False
OFFER,T_FFES-3,PS,44,42.5,111.35,178.75,193.45,214.7829275,246.791518,0.17934759674220366,119.0,-7.650000000000006,59.75,74.44999999999999,95.7829275,127.791518,90.0,T_FFES,First Hydro Company,False
OFFER,2__HANGE003,LOAD RESPONSE,65,42.19503968253968,76.0,93.0,100.0,116.9,134.7451544259259,0.17806068144718606,109.0,-33.0,-16.0,-9.0,7.900000000000006,25.745154425925904,49.813,2__HANGE_LR,Limejump Energy Limited,False
OFFER,2__DSTAT001,BATTERY,48,41.5991452991453,102.328,109.67500000000001,119.11500000000001,130.0,161.3575,0.17554604084544584,107.235,-4.9069999999999965,2.440000000000012,11.88000000000001,22.765,54.12249999999999,20.0,2__DSTAT,Statkraft Markets Gmbh,False
OFFER,2__FSTAT003,BATTERY,78,41.567435342435346,88.17946472363704,104.0,121.75999999999999,147.25,206.87499999999997,0.17541222662124042,107.235,-19.05553527636296,-3.2349999999999994,14.524999999999991,40.015,99.63999999999997,50.0,2__FSTAT,Statkraft Markets Gmbh,False
OFFER,2__GCMRO002,OTHER,60,40.68333333333333,80.0,102.85750353199728,113.305,126.625,144.4742083333333,0.17168136613636042,107.345,-27.345,-4.487496468002718,5.960000000000008,19.28,37.12920833333331,14.0,2__GCMRO,BGI Trading Limited,False
OFFER,T_KILLPG-1,CCGT,45,40.5,85.36,120.01,134.0,153.0,235.0,0.17090770983668818,113.9,-28.540000000000006,6.109999999999999,20.099999999999994,39.099999999999994,121.1,311.0,T_KILLPG,Uniper UK Limited,False
OFFER,2__CMRCY001,LOAD RESPONSE,40,40.0,69.9025,86.9,108.35,126.2125,158.97499999999997,0.16879773811030932,109.0,-39.0975,-22.099999999999994,-0.6500000000000057,17.212500000000006,49.974999999999966,2.3,2__CMRCY,Octopus Energy Limited,False
OFFER,2__JSTAT002,BATTERY,48,39.31709956709957,71.15867387210281,92.09840593544655,103.00863030169705,120.125,135.975,0.1659159368996057,107.235,-36.07632612789719,-15.13659406455345,-4.226369698302946,12.89,28.739999999999995,6.305,2__JSTAT,Statkraft Markets Gmbh,False
OFFER,2__JUKPR001,OCGT,56,39.18859649122807,77.99,100.0,112.25,128.1525,171.725,0.16537366118592256,114.37479876576336,-36.384798765763364,-14.374798765763359,-2.1247987657633587,13.777701234236645,57.350201234236636,50.0,2__JUKPR,UK Power Reserve Limited,False
OFFER,E_BLKPB-1,BATTERY,40,37.53333333333333,87.92077678350743,97.5125,103.475,119.5,135.31539199997084,0.15838854426017357,107.235,-19.314223216492564,-9.722499999999997,-3.760000000000005,12.265,28.080391999970843,25.3,E_BLKPB,Conrad Energy (Trading) Ltd,False
OFFER,T_DRAXX-1,BIOMASS,38,37.5,15.0335,85.0875,106.03,122.0,138.159681,0.15824787947841498,103.0,-87.9665,-17.912499999999994,3.030000000000001,19.0,35.159681000000006,665.248,T_DRAXX,Drax Power Ltd,False
OFFER,T_PINFB-4,BATTERY,110,37.06844544344544,80.99980887292945,90.43927102681798,110.0,124.9125,152.8705149764201,0.1564267436529748,107.235,-26.23519112707055,-16.795728973182023,2.7650000000000006,17.677499999999995,45.63551497642011,26.0,T_PINFB_B,Zenobe Capenhurst Limited,False
OFFER,E_RAKE-1,DIESEL,77,36.37533577533578,84.0,104.5,117.98,140.0,168.38,0.15350186004699237,114.71,-30.709999999999994,-10.209999999999994,3.2700000000000102,25.290000000000006,53.67,20.0,E_RAKE,Conrad Energy (Trading) Ltd,False
OFFER,E_JAMBB-1,BATTERY,44,36.06309523809524,87.81628465277778,96.65,106.0,114.0525,144.8,0.1521842226361786,107.235,-19.418715347222218,-10.584999999999994,-1.2349999999999994,6.8174999999999955,37.56500000000001,30.0,E_JAMBB_B,Tesla Motors Limited,False
OFFER,2__GSTAT004,BATTERY,79,35.84968262731421,78.5,101.11,120.0,145.5,184.20999999999992,0.15128363348657725,107.235,-28.735,-6.125,12.765,38.265,76.97499999999992,20.354,2__GSTAT_B,Statkraft Markets Gmbh,False
OFFER,T_SVRP-10,CCGT,37,35.75,82.726,95.0,98.95,115.74,144.0,0.15086297843608895,113.9,-31.174000000000007,-18.900000000000006,-14.950000000000003,1.8399999999999892,30.099999999999994,425.0,T_SVRP,Severn Power Limited,False
OFFER,T_LKSDB-1,OTHER,46,35.45,83.99499999999999,97.0,102.975,118.0,165.83793590318334,0.14959699540026167,107.345,-23.35000000000001,-10.344999999999999,-4.3700000000000045,10.655000000000001,58.49293590318334,105.0,T_LKSDB,Lakeside Energy Storage Ltd,False
OFFER,M_SLOY-1,NPSHYD,132,35.342374292374295,88.6445,101.06,115.0,130.665,239.79999999999995,0.1491428210000181,117.0,-28.355500000000006,-15.939999999999998,-2.0,13.664999999999992,122.79999999999995,50.0,M_SLOY,SSE Generation Ltd,False
OFFER,T_PINFB-1,BATTERY,97,35.16103202353202,79.296,93.0,100.8,122.37,150.0,0.14837756687990897,107.235,-27.938999999999993,-14.235,-6.435000000000002,15.135000000000005,42.765,27.08,T_PINFB_B,Zenobe Capenhurst Limited,False
OFFER,E_KLYN-A-1,CCGT,41,34.5,76.79999999999998,97.0,124.19,150.0,175.0,0.14558804912014178,113.9,-37.10000000000002,-16.900000000000006,10.289999999999992,36.099999999999994,61.099999999999994,392.0,E_KLYN-A,RWE Generation UK plc,False
OFFER,V__GHABI001,OTHER,48,34.19166666666666,71.10280168224614,97.25,119.35499999999999,139.25,208.850143,0.1442868998888748,107.345,-36.24219831775386,-10.094999999999999,12.009999999999991,31.905,101.505143,0.0,V__GHABI,Habitat Energy Limited,False
OFFER,E_RHEI-1,NPSHYD,34,34.0,98.937,114.17500000000001,120.0,137.8775,176.28676730573412,0.14347807739376292,117.0,-18.063000000000002,-2.8249999999999886,3.0,20.877499999999998,59.28676730573412,50.0,E_RHEI,Statkraft Markets Gmbh,False
OFFER,T_SEEL-1,OCGT,34,34.0,90.0,108.0,126.30064915010064,144.0,193.475,0.14347807739376292,114.37479876576336,-24.37479876576336,-6.374798765763359,11.92585038433728,29.62520123423664,79.10020123423664,300.0,T_SEEL,Spalding Energy Expansion Ltd,False
OFFER,2__AFLEX004,LOAD RESPONSE,121,33.98948449211607,95.0,114.0,125.0,144.8,186.0,0.14343370254511573,109.0,-14.0,5.0,16.0,35.80000000000001,77.0,49.0,2__AFLEX,Flexitricity Limited,False
OFFER,T_PINFB-3,OTHER,110,33.843896381396384,80.30039471623607,95.0,108.0,130.0,160.47249999999997,0.1428193289504848,107.345,-27.04460528376393,-12.344999999999999,0.6550000000000011,22.655,53.12749999999997,26.0,T_PINFB_OTH,Zenobe Capenhurst Limited,False
OFFER,2__GSTAT005,BATTERY,37,33.245670995671,77.16,91.0,100.0,115.0,138.2920879999999,0.1402948516507195,107.235,-30.075000000000003,-16.235,-7.234999999999999,7.765000000000001,31.057087999999894,20.0,2__GSTAT_B,Statkraft Markets Gmbh,False
OFFER,V__JZENO001,OTHER,99,33.02475857475857,78.0,92.0,107.5,123.99473530968766,140.29999999999998,0.13936261372645722,107.345,-29.345,-15.344999999999999,0.15500000000000114,16.649735309687657,32.954999999999984,0.0,V__JZENO,BESS Holdco 2 Limited,False
OFFER,2__MCMRO003,OTHER,40,32.666666666666664,39.66259047619047,93.625,102.21896467213148,106.92500000000001,119.05,0.13785148612341927,107.345,-67.68240952380953,-13.719999999999999,-5.126035327868522,-0.4199999999999875,11.704999999999998,50.0,2__MCMRO,BGI Trading Limited,False
OFFER,2__MSTAT005,BATTERY,39,32.009523809523806,68.297,94.625,107.0,126.45,140.9,0.13507838042589276,107.235,-38.938,-12.61,-0.23499999999999943,19.215000000000003,33.665000000000006,8.0,2__MSTAT_B,Statkraft Markets Gmbh,False
OFFER,T_SLOY-2,NPSHYD,126,31.93404095904096,88.6225,102.9175,118.44,135.85,241.0,0.13475984706520217,117.0,-28.377499999999998,-14.082499999999996,1.4399999999999977,18.849999999999994,124.0,41.0,T_SLOY,SSE Generation Ltd,False
OFFER,2__HANGE002,LOAD RESPONSE,53,31.818366355866356,50.724000000000004,93.0,104.0,118.5,145.0,0.13427170678088515,109.0,-58.275999999999996,-16.0,-5.0,9.5,36.0,50.0,2__HANGE_LR,Limejump Energy Limited,False
OFFER,2__GSTAT010,BATTERY,34,31.5,94.6,102.22752577319588,109.99979129708859,124.375,141.93449999999999,0.13292821876186858,107.235,-12.635000000000005,-5.007474226804121,2.7647912970885926,17.14,34.699499999999986,16.0,2__GSTAT_B,Statkraft Markets Gmbh,False
OFFER,2__EFLEX003,LOAD RESPONSE,69,31.42979797979798,85.56,98.9,117.0,129.5,151.66008999999994,0.1326319702063467,109.0,-23.439999999999998,-10.099999999999994,8.0,20.5,42.66008999999994,49.0,2__EFLEX,Flexitricity Limited,False
OFFER,2__AFLEX003,LOAD RESPONSE,111,31.355992983624564,89.595,109.51566296578207,124.5,139.35,188.0,0.1323205172959639,109.0,-19.405,0.5156629657820702,15.5,30.349999999999994,79.0,49.0,2__AFLEX,Flexitricity Limited,False
OFFER,E_DBFRM-1,DIESEL,66,31.08291153291153,89.91272246242863,99.0,114.52000000000001,134.355,166.525,0.13116812901595784,114.71,-24.79727753757136,-15.709999999999994,-0.18999999999998352,19.644999999999996,51.81500000000001,20.0,E_DBFRM,Conrad Energy (Trading) Ltd,False
OFFER,T_NTRVB-1,BATTERY,31,31.0,83.08500000000001,96.435,105.0,114.02168388454135,134.5,0.13081824703548972,107.235,-24.14999999999999,-10.799999999999997,-2.2349999999999994,6.786683884541347,27.265,57.0,T_NTRVB,Arenko Cleantech Limited,False
OFFER,2__AFLEX005,LOAD RESPONSE,107,30.982341634973213,95.6,111.0,127.0,154.25,188.79999999999995,0.13074372973360854,109.0,-13.400000000000006,2.0,18.0,45.25,79.79999999999995,49.0,2__AFLEX,Flexitricity Limited,False
OFFER,V__AZENO002,OTHER,93,30.707893495393495,78.0,94.0,110.0,123.0,135.964,0.12958557410386756,107.345,-29.345,-13.344999999999999,2.655000000000001,15.655000000000001,28.619,0.0,V__AZENO,BESS Holdco 2 Limited,False
OFFER,2__HANGE005,OTHER,33,30.583333333333332,51.616,96.0,102.0,118.0,137.45199999999997,0.1290599372635073,107.345,-55.729,-11.344999999999999,-5.344999999999999,10.655000000000001,30.10699999999997,101.899,2__HANGE_OTH,Limejump Energy Limited,False
OFFER,T_PINFB-2,OTHER,81,30.26671384171384,79.75,94.0,106.0,126.0,150.0,0.1277238209128322,107.345,-27.595,-13.344999999999999,-1.3449999999999989,18.655,42.655,26.0,T_PINFB_OTH,Zenobe Capenhurst Limited,False
OFFER,2__NLOND001,OCGT,34,29.75,88.625,103.5875,109.25493108277439,123.36,158.19999999999993,0.12554331771954255,114.37479876576336,-25.74979876576336,-10.787298765763353,-5.119867682988968,8.98520123423664,43.82520123423657,30.0,2__NLOND_OC,EDF Energy Customers Limited,False
OFFER,2__HANGE004,BATTERY,44,29.72361111111111,70.798,85.0,97.0,108.92500000000001,132.25,0.12543195810065036,107.235,-36.437,-22.235,-10.235,1.690000000000012,25.015,49.335,2__HANGE_B,Limejump Energy Limited,False
OFFER,2__HSTAT004,BATTERY,36,29.194877344877344,81.725,98.01823479484673,106.25999999999999,113.15,134.3730682637439,0.12320073150558022,107.235,-25.510000000000005,-9.216765205153266,-0.9750000000000085,5.915000000000006,27.138068263743904,20.0,2__HSTAT,Statkraft Markets Gmbh,False
OFFER,T_RICHB-1,OTHER,44,29.15456349206349,54.553,89.75,102.725,113.80000000000001,125.7,0.12303060932634297,107.345,-52.792,-17.595,-4.6200000000000045,6.4550000000000125,18.355000000000004,49.9,T_RICHB,Limejump Energy Limited,False
OFFER,2__HANGE001,LOAD RESPONSE,51,29.081461593961595,65.015,90.73503657154632,99.43013698630136,111.53,122.9,0.1227221234500637,109.0,-43.985,-18.264963428453683,-9.569863013698637,2.530000000000001,13.900000000000006,50.0,2__HANGE_LR,Limejump Energy Limited,False
OFFER,2__ASTAT008,BATTERY,32,28.93452380952381,50.312279345164164,82.00615051415721,99.95,117.4,150.92156923076922,0.12210205430866275,107.235,-56.922720654835835,-25.228849485842787,-7.284999999999997,10.165000000000006,43.68656923076922,28.749,2__ASTAT_B,Statkraft Markets Gmbh,False
OFFER,2__GANGE001,LOAD RESPONSE,33,27.86111111111111,36.228,84.0,91.9,106.0,121.9833098259935,0.11757231341988905,109.0,-72.77199999999999,-25.0,-17.099999999999994,-3.0,12.983309825993501,50.0,2__GANGE,Limejump Energy Limited,False
OFFER,2__HSTAT003,BATTERY,28,27.5,94.55,113.775,121.35,133.8,140.0,0.11604844495083766,107.235,-12.685000000000002,6.540000000000006,14.114999999999995,26.565000000000012,32.765,20.475,2__HSTAT,Statkraft Markets Gmbh,False
OFFER,2__DSTAT006,BATTERY,40,27.183333333333334,88.051,102.56621575191262,109.5,116.2475,131.39499999999998,0.11471212952413105,107.235,-19.183999999999997,-4.668784248087377,2.2650000000000006,9.012500000000003,24.159999999999982,14.0,2__DSTAT,Statkraft Markets Gmbh,False
OFFER,E_RDFRB-1,DIESEL,75,27.133369408369408,85.0,98.0,110.0,129.3,167.93,0.11450128458610545,114.71,-29.709999999999994,-16.709999999999994,-4.709999999999994,14.590000000000018,53.22000000000001,20.0,E_RDFRB,Conrad Energy (Trading) Ltd,False
OFFER,E_WTRLN-1,DIESEL,32,27.083333333333332,94.7525,107.07482584381022,115.0,131.23585169262066,194.7,0.11429013517885525,114.71,-19.957499999999996,-7.635174156189777,0.29000000000000625,16.525851692620662,79.99,20.0,E_WTRLN,Conrad Energy (Trading) Ltd,False
OFFER,2__DSTAT004,BATTERY,32,27.076923076923077,88.55010751403655,104.71752525252525,116.5,125.25,172.779166,0.1142630842592863,107.235,-18.684892485963445,-2.5174747474747505,9.265,18.015,65.544166,16.0,2__DSTAT,Statkraft Markets Gmbh,False
OFFER,2__GSTAT016,BATTERY,30,27.05952380952381,84.842,104.535,110.0,129.5,171.49999999999991,0.114189660334742,107.235,-22.393,-2.700000000000003,2.7650000000000006,22.265,64.26499999999992,8.0,2__GSTAT_B,Statkraft Markets Gmbh,False
OFFER,2__GLOND002,LOAD RESPONSE,82,26.814567377067377,77.80999999999999,90.0,101.29506305118272,118.0,148.76850000000002,0.11315595804138658,109.0,-31.190000000000012,-19.0,-7.704936948817277,9.0,39.76850000000002,0.0,2__GLOND_LR,EDF Energy Customers Limited,False
OFFER,2__MSTAT003,BATTERY,32,26.426923076923078,87.50500000000001,108.5475,121.1,133.8,153.005,0.11152012101499378,107.235,-19.72999999999999,1.3125,13.864999999999995,26.565000000000012,45.769999999999996,16.0,2__MSTAT_B,Statkraft Markets Gmbh,False
OFFER,T_RICHB-2,OTHER,43,26.39623015873016,76.0,90.73503657154632,99.6,118.8,140.312,0.11139059863581956,107.345,-31.345,-16.609963428453682,-7.7450000000000045,11.454999999999998,32.96700000000001,49.9,T_RICHB,Limejump Energy Limited,False
OFFER,2__DSTAT003,BATTERY,29,26.3,90.64,104.5,125.0,147.95,199.49999999999997,0.11098451280752838,107.235,-16.595,-2.7349999999999994,17.765,40.71499999999999,92.26499999999997,20.447,2__DSTAT,Statkraft Markets Gmbh,False
OFFER,E_GOSHS-1,DIESEL,41,26.227355977355977,94.0,106.4,121.0,127.0,145.0,0.11067795913978976,114.71,-20.709999999999994,-8.309999999999988,6.290000000000006,12.290000000000006,30.290000000000006,20.0,E_GOSHS,Conrad Energy (Trading) Ltd,False
OFFER,T_WHLWB-1,BATTERY,29,25.676190476190477,77.0,104.0,115.0,127.0,146.624,0.10835207189176047,107.235,-30.235,-3.2349999999999994,7.765000000000001,19.765,39.388999999999996,50.2,T_WHLWB,SP Renewables (UK) Limited,False
OFFER,E_RDFRD-1,DIESEL,72,25.675036075036076,85.0,101.125,110.58500000000001,125.0,158.45,0.1083472003841671,114.71,-29.709999999999994,-13.584999999999994,-4.124999999999986,10.290000000000006,43.739999999999995,20.5,E_RDFRD,Conrad Energy (Trading) Ltd,False
OFFER,V__BCEND004,BATTERY,34,25.542929292929294,83.775,98.32499999999999,109.45,120.75,144.62038268005503,0.10778971723395069,107.235,-23.459999999999994,-8.91000000000001,2.2150000000000034,13.515,37.38538268005503,0.0,V__BCEND,Centrica Business Solutions UK,False
OFFER,2__KSTAT006,BATTERY,31,25.416666666666668,51.2650505050505,89.81,99.86000000000001,119.8,149.5,0.10725689609092573,107.235,-55.969949494949496,-17.424999999999997,-7.374999999999986,12.564999999999998,42.265,21.032,2__KSTAT,Statkraft Markets Gmbh,False
OFFER,2__LANGE002,LOAD RESPONSE,38,25.010353535353534,69.676,91.57755485731947,99.5,112.5,125.52199999999999,0.10554227765267137,109.0,-39.324,-17.42244514268053,-9.5,3.5,16.52199999999999,50.0,2__LANGE,Limejump Energy Limited,False
OFFER,T_ERRO-1,NPSHYD,91,24.277813852813853,84.5,100.0,119.0,130.0,192.0,0.1024510016154528,117.0,-32.5,-17.0,2.0,13.0,75.0,25.3,T_ERRO,SSE Generation Ltd,False
OFFER,E_JAMBB-2,OTHER,29,24.266666666666666,65.991089408493,93.1,104.5,112.69,123.67301999999998,0.10240396112025432,107.345,-41.353910591507,-14.245000000000005,-2.844999999999999,5.344999999999999,16.32801999999998,19.0,E_JAMBB_OTH,Tesla Motors Limited,False
OFFER,E_RDSCR-1,DIESEL,60,23.99448051948052,85.0,99.19999999999999,112.815,125.6271041958175,151.045,0.10125535097050478,114.71,-29.709999999999994,-15.510000000000005,-1.894999999999996,10.917104195817501,36.334999999999994,40.0,E_RDSCR,Conrad Energy (Trading) Ltd,False
OFFER,2__GSTAT003,BATTERY,51,23.776630679262258,95.5,105.90147999999999,123.0,157.19997,196.0,0.10033603696359142,107.235,-11.735,-1.3335200000000071,15.765,49.96497000000001,88.765,20.0,2__GSTAT_B,Statkraft Markets Gmbh,False
OFFER,E_TRFPK-1,DIESEL,40,23.515079365079366,74.6495,98.375,114.85499999999999,146.47511850213303,175.245342,0.09923230520774513,114.71,-40.06049999999999,-16.334999999999994,0.14499999999999602,31.765118502133035,60.535342,14.0,E_TRFPK,Conrad Energy (Trading) Ltd,False
OFFER,2__NSTAT002,BATTERY,45,23.421703296703296,94.0,109.0,123.0,154.5,180.0,0.09883826347935729,107.235,-13.235,1.7650000000000006,15.765,47.265,72.765,20.0,2__NSTAT_B,Statkraft Markets Gmbh,False
OFFER,T_PEHE-1,CCGT,27,23.333333333333332,88.3,93.175,107.0,119.0,165.0,0.09846534723101376,113.9,-25.60000000000001,-20.72500000000001,-6.900000000000006,5.099999999999994,51.099999999999994,1200.0,T_PEHE,SSE Thermal Generation,False
OFFER,2__GLOND001,LOAD RESPONSE,82,23.230873293373293,78.0,89.25,99.3,117.86552100613686,139.275,0.0980329716562151,109.0,-31.0,-19.75,-9.700000000000003,8.86552100613686,30.275000000000006,0.0,2__GLOND_LR,EDF Energy Customers Limited,False
OFFER,E_CUPAB-1,OTHER,26,23.2020202020202,83.285,92.75,106.615,121.50990999999999,132.425,0.09791121324226779,107.345,-24.060000000000002,-14.594999999999999,-0.730000000000004,14.164909999999992,25.080000000000013,41.314,E_CUPAB,Octopus Energy Trading Limited,False
OFFER,E_GYAR-1,CCGT,27,22.916666666666668,78.277,113.5,158.5,173.28,179.805,0.09670703745903139,113.9,-35.623000000000005,-0.4000000000000057,44.599999999999994,59.379999999999995,65.905,420.0,E_GYAR,RWE Generation UK plc,False
OFFER,2__LSTAT003,BATTERY,25,22.9,80.6,98.0,120.49,125.0,156.29999999999998,0.09663670506815208,107.235,-26.635000000000005,-9.235,13.254999999999995,17.765,49.06499999999998,20.0,2__LSTAT,Statkraft Markets Gmbh,False
OFFER,T_BLHLB-2,BATTERY,33,22.583333333333332,73.446,89.98,102.5,115.0,136.792,0.09530038964144547,107.235,-33.789,-17.254999999999995,-4.734999999999999,7.765000000000001,29.557000000000002,50.42,T_BLHLB_B,ZENOBE BLACKHILLOCK LIMITED,False
OFFER,2__GFLEX001,LOAD RESPONSE,76,22.32916703179861,87.67500000000001,104.75,125.0,141.725,184.0,0.09422782222137237,109.0,-21.32499999999999,-4.25,16.0,32.724999999999994,75.0,49.0,2__GFLEX_LR,Flexitricity Limited,False
OFFER,E_LCHWT-1,DIESEL,36,22.23932178932179,84.92500000000001,98.12581769794959,110.42500000000001,129.75,189.5,0.09384868037862087,114.71,-29.784999999999982,-16.584182302050408,-4.284999999999982,15.040000000000006,74.79,15.0,E_LCHWT,Conrad Energy (Trading) Ltd,False
OFFER,T_SLOY-3,NPSHYD,94,22.04594572094572,87.0865,102.9175,120.0,135.0,239.39999999999998,0.09303264430495725,117.0,-29.9135,-14.082499999999996,3.0,18.0,122.39999999999998,41.46,T_SLOY,SSE Generation Ltd,False
OFFER,E_LSTWY-1,DIESEL,29,22.04090909090909,71.296,95.9,115.0,120.0,135.6,0.0930113900110102,114.71,-43.41399999999999,-18.809999999999988,0.29000000000000625,5.290000000000006,20.89,12.72,E_LSTWY,Conrad Energy (Trading) Ltd,False
OFFER,E_OLDHB-1,BATTERY,22,22.0,91.40812804548827,103.75,115.74981539597563,125.0,134.581,0.09283875596067012,107.235,-15.82687195451173,-3.4849999999999994,8.514815395975631,17.765,27.34599999999999,20.0,E_OLDHB,Field Oldham Ltd,False
OFFER,E_CLAC-1,NPSHYD,55,21.90595238095238,91.235,108.0,115.0,132.5,197.34999999999994,0.09244188032642267,117.0,-25.765,-9.0,-2.0,15.5,80.34999999999994,43.38,E_CLAC,SSE Generation Ltd,False
OFFER,E_POTES-1,BATTERY,24,21.666666666666668,82.7185,88.25,98.685,105.5,127.13712965852268,0.09143210814308422,107.235,-24.516499999999994,-18.985,-8.549999999999997,-1.7349999999999994,19.902129658522682,35.0,E_POTES,Arenko Cleantech Limited,False
OFFER,M_SLOY-4,NPSHYD,94,21.638802863802862,88.8075,102.9175,115.5,135.85,215.89999999999992,0.09131452447062018,117.0,-28.192499999999995,-14.082499999999996,-1.5,18.849999999999994,98.89999999999992,40.0,M_SLOY,SSE Generation Ltd,False
OFFER,2__NSTAT001,BATTERY,51,21.601959151959154,93.5,110.65,124.0,148.5,180.0,0.09115904609005002,107.235,-13.735,3.4150000000000063,16.765,41.265,72.765,20.0,2__NSTAT_B,Statkraft Markets Gmbh,False
OFFER,E_SOLUTIA,GAS,27,21.366666666666667,95.675,108.0,124.0,139.94996,212.33,0.09016612510725688,118.95,-23.275000000000006,-10.950000000000003,5.049999999999997,20.99996,93.38000000000001,15.8,E_SOLUTIA,UK Power Reserve Limited,False
OFFER,T_OCHLB-1,BATTERY,29,21.366666666666667,64.86800000000001,91.58,97.0,102.95,120.6678681495702,0.09016612510725688,107.235,-42.36699999999999,-15.655000000000001,-10.235,-4.284999999999997,13.432868149570197,58.0,T_OCHLB,HD143OCK Ltd,False
OFFER,T_ERRO-3,NPSHYD,80,21.299242424242426,84.85,100.66,116.70502714882988,128.0,200.54999999999995,0.08988159861688157,117.0,-32.150000000000006,-16.340000000000003,-0.2949728511701153,11.0,83.54999999999995,25.66,T_ERRO,SSE Generation Ltd,False
OFFER,T_BLHLB-1,BATTERY,35,21.25,77.042,92.415,101.95,115.42238967605384,122.92406102337046,0.08967379837110183,107.235,-30.192999999999998,-14.819999999999993,-5.284999999999997,8.18738967605384,15.689061023370456,50.0,T_BLHLB_B,ZENOBE BLACKHILLOCK LIMITED,False
OFFER,I_IBG-INCM1,BRITNED,21,21.0,76.0,103.0,121.0,148.87,629.01,0.0886188125079124,130.92000000000002,-54.920000000000016,-27.920000000000016,-9.920000000000016,17.94999999999999,498.09,,I_IBG-INCM,IN COMMODITIES A/S,False
OFFER,2__DLOND001,OCGT,25,20.833333333333332,78.344,103.5,111.0002628811777,119.0,125.0,0.08791548859911942,114.37479876576336,-36.030798765763365,-10.874798765763359,-3.3745358845856543,4.625201234236641,10.625201234236641,24.0,2__DLOND,EDF Energy Customers Limited,False
OFFER,2__LSTAT002,BATTERY,31,20.783333333333335,75.625,89.25,96.5,102.95,115.58500000000001,0.08770449142648155,107.235,-31.61,-17.985,-10.735,-4.284999999999997,8.350000000000009,20.858,2__LSTAT,Statkraft Markets Gmbh,False
OFFER,2__LFLEX001,LOAD RESPONSE,40,20.16190476190476,64.12950000000001,90.1975,98.5,108.625,122.4005,0.08508209799512496,109.0,-44.87049999999999,-18.802499999999995,-10.5,-0.375,13.400499999999994,49.0,2__LFLEX,Flexitricity Limited,False
OFFER,2__HFLEX001,LOAD RESPONSE,72,20.10568218331376,87.1755,104.75,124.0,141.2,175.8,0.08484484189270271,109.0,-21.8245,-4.25,15.0,32.19999999999999,66.80000000000001,49.0,2__HFLEX,Flexitricity Limited,False
OFFER,2__KSTAT001,BATTERY,30,20.074310776942355,76.64140968606237,92.00750000000001,114.4,120.0,164.39999999999998,0.08471245633178189,107.235,-30.593590313937625,-15.227499999999992,7.165000000000006,12.765,57.16499999999998,8.0,2__KSTAT,Statkraft Markets Gmbh,False
OFFER,T_BLHLB-3,BATTERY,27,19.916666666666668,68.003,91.915,100.0,114.11245617934375,138.547,0.08404720710075819,107.235,-39.232,-15.319999999999993,-7.234999999999999,6.877456179343753,31.311999999999998,54.0,T_BLHLB_B,ZENOBE BLACKHILLOCK LIMITED,False
OFFER,E_MORFL-1,DIESEL,34,19.894022644022645,92.9175,104.025565,123.375,133.0,171.23499999999999,0.08395165060565744,114.71,-21.79249999999999,-10.684434999999993,8.665000000000006,18.290000000000006,56.52499999999999,20.0,E_MORFL,Conrad Energy (Trading) Ltd,False
OFFER,T_RATS-1,COAL,22,19.666666666666668,43.5095,80.775,102.0,116.17500000000001,124.84,0.08299222123756875,116.95,-73.4405,-36.175,-14.950000000000003,-0.7749999999999915,7.890000000000001,0.0,T_RATS,Uniper UK Limited,False
OFFER,V__LCEND005,BATTERY,23,19.424242424242426,67.407,94.745,104.59195633945625,124.0,158.81,0.08196920464296081,107.235,-39.828,-12.489999999999995,-2.6430436605437535,16.765,51.575,0.0,V__LCEND,Centrica Business Solutions UK,False
OFFER,E_ROOSB-1,BATTERY,27,19.375,81.7701906338059,100.925,112.8,122.69,154.53,0.08176140439718108,107.235,-25.464809366194103,-6.310000000000002,5.564999999999998,15.454999999999998,47.295,49.0,E_ROOSB,CBS ENERGY STORAGE ASSETS LTD,False
OFFER,2__EFLEX004,LOAD RESPONSE,47,18.974603174603175,88.53,98.4,112.0,117.08,127.77799999999998,0.08007175243534277,109.0,-20.47,-10.599999999999994,3.0,8.079999999999998,18.777999999999977,49.0,2__EFLEX,Flexitricity Limited,False
OFFER,T_PNYCB-1,BATTERY,20,18.75,77.71299999999998,95.71085818860647,102.6,108.56073094565714,123.15000000000002,0.07912393973920749,107.235,-29.52200000000002,-11.524141811393534,-4.635000000000005,1.325730945657142,15.91500000000002,22.0,T_PNYCB,Arenko Cleantech Limited,False
OFFER,2__NFLEX004,LOAD RESPONSE,32,18.57408424908425,88.3,108.75,114.0,133.0,169.64999999999998,0.07838158521789362,109.0,-20.700000000000003,-0.25,5.0,24.0,60.64999999999998,49.0,2__NFLEX_LR,Flexitricity Limited,False
OFFER,2__HLOND002,BATTERY,19,18.5,84.77499999999998,95.45,100.95,109.0,116.25911247511071,0.07806895387601806,107.235,-22.460000000000022,-11.784999999999997,-6.284999999999997,1.7650000000000006,9.024112475110712,53.123,2__HLOND,EDF Energy Customers Limited,False
OFFER,2__FFSEN007,OTHER,21,18.083333333333332,87.22353640874991,94.28268374479633,105.0,122.24753105681792,133.32,0.07631064410403567,107.345,-20.12146359125009,-13.062316255203669,-2.344999999999999,14.90253105681792,25.974999999999994,22.826,2__FFSEN,F & S Energy Ltd,False
OFFER,E_SUDME-1,DIESEL,50,18.06626984126984,85.0,98.0,107.86873,128.825,169.1,0.07623863713242114,114.71,-29.709999999999994,-16.709999999999994,-6.841269999999994,14.114999999999995,54.39,40.0,E_SUDME,Conrad Energy (Trading) Ltd,False
OFFER,E_TOLLB-1,BATTERY,18,18.0,71.0315,86.72753333333333,96.75,105.605,141.3000968219615,0.0759589821496392,107.235,-36.203500000000005,-20.507466666666673,-10.485,-1.6299999999999955,34.06509682196149,49.0,E_TOLLB,Tollgate Energy Storage Ltd,False
OFFER,T_HUMR-2,OTHER,18,18.0,60.276500000000006,105.78193179583333,114.0,124.2375,127.3,0.0759589821496392,107.345,-47.06849999999999,-1.5630682041666688,6.655000000000001,16.8925,19.955,50.0,T_HUMR_OTH,VPI Immingham Energy Park A,False
OFFER,2__NFLEX002,BATTERY,34,17.968528693528693,95.39048982667671,108.075,118.73237994846792,129.875,158.025,0.07582617501594587,107.235,-11.844510173323286,0.8400000000000034,11.497379948467923,22.64,50.790000000000006,49.0,2__NFLEX_B,Flexitricity Limited,False
OFFER,2__EFLEX002,LOAD RESPONSE,65,17.46318579081737,84.0,109.77,128.99988,155.50015,174.8,0.07369365654225163,109.0,-25.0,0.769999999999996,19.99987999999999,46.50014999999999,65.80000000000001,49.0,2__EFLEX,Flexitricity Limited,False
OFFER,2__JSTAT003,BATTERY,19,17.316666666666666,94.83896116728698,106.45,113.8,120.39496185217196,140.58244537625816,0.07307535412358808,107.235,-12.396038832713018,-0.7849999999999966,6.564999999999998,13.15996185217196,33.347445376258165,22.0,2__JSTAT,Statkraft Markets Gmbh,False
OFFER,2__DSTAT005,BATTERY,20,17.253846153846155,81.0,114.4875,117.0,117.15500732364579,128.17000000000002,0.07281025511181227,107.235,-26.235,7.252499999999998,9.765,9.920007323645791,20.935000000000016,16.0,2__DSTAT,Statkraft Markets Gmbh,False
OFFER,2__NFLEX003,LOAD RESPONSE,35,17.129347406978987,99.4,109.5,114.0,132.41897,184.09999999999997,0.07228487744009363,109.0,-9.599999999999994,0.5,5.0,23.41897,75.09999999999997,49.0,2__NFLEX_LR,Flexitricity Limited,False
OFFER,I_IBG-DSKC1,BRITNED,17,17.0,102.882,120.0,128.88,146.0,194.7568,0.07173903869688146,130.92000000000002,-28.03800000000001,-10.920000000000016,-2.0400000000000205,15.079999999999984,63.83679999999998,,I_IBG-DSKC,Danske Commodities A/S,False
OFFER,I_IVG-DSKC1,VIKING,17,17.0,102.394,109.0,118.52,129.62,175.43599999999986,0.07173903869688146,123.85,-21.45599999999999,-14.849999999999994,-5.329999999999998,5.77000000000001,51.58599999999987,,I_IVG-DSKC,Danske Commodities A/S,False
OFFER,T_SUTB-1,CCGT,20,17.0,94.0,94.75,97.0,97.75,129.18950000000035,0.07173903869688146,113.9,-19.900000000000006,-19.150000000000006,-16.900000000000006,-16.150000000000006,15.289500000000345,850.0,T_SUTB,SUTTON BRIDGE POWER GENERATION,False
OFFER,T_BLHLB-4,OTHER,25,16.75,77.22599999999998,88.29,100.0,104.95,117.52399999999997,0.07068405283369203,107.345,-30.119000000000014,-19.054999999999993,-7.344999999999999,-2.394999999999996,10.178999999999974,54.42,T_BLHLB_OTH,ZENOBE BLACKHILLOCK LIMITED,False
OFFER,E_ARBRB-1,OTHER,18,16.09090909090909,78.87950000000001,87.625,102.21820240130342,113.42500000000001,126.92499999999998,0.0679027264671017,107.345,-28.46549999999999,-19.72,-5.126797598696584,6.0800000000000125,19.579999999999984,34.511,E_ARBRB,Octopus Energy Trading Limited,False
OFFER,E_TDRVE-1,OTHER,21,16.083333333333332,94.0,97.5,104.0,117.49,135.0,0.0678707571985202,107.345,-13.344999999999999,-9.844999999999999,-3.344999999999999,10.144999999999996,27.655,6.0,E_TDRVE,Conrad Energy (Trading) Ltd,False
OFFER,I_ING-DSKC1,NEMO,16,16.0,114.85,118.34,134.45,142.345,163.0,0.06751909524412372,130.64499999999998,-15.794999999999987,-12.304999999999978,3.805000000000007,11.700000000000017,32.35500000000002,,I_ING-DSKC,Danske Commodities A/S,False
OFFER,E_ABERDARE,OCGT,19,15.7,83.67,85.96757246352286,114.0,124.0,178.3209999999999,0.06625311220829641,114.37479876576336,-30.704798765763357,-28.407226302240502,-0.3747987657633587,9.625201234236641,63.946201234236554,15.4,E_ABERDARE,UK Power Reserve Limited,False
OFFER,T_NANT-1,NPSHYD,42,15.585714285714285,93.125525,110.5,122.45,144.5,173.0,0.06577083295655266,117.0,-23.874475000000004,-6.5,5.450000000000003,27.5,56.0,20.0,T_NANT,SSE Generation Ltd,False
OFFER,2__NFLEX005,LOAD RESPONSE,68,15.460754888386468,103.025,112.0,125.0,153.9250375,186.14999999999998,0.06524351136593859,109.0,-5.974999999999994,3.0,16.0,44.9250375,77.14999999999998,49.0,2__NFLEX_LR,Flexitricity Limited,False
OFFER,E_SEVINGTN,GAS,24,15.45,78.0075,92.0524675,103.25,151.2,267.99999999999983,0.06519812634510698,118.95,-40.94250000000001,-26.897532499999997,-15.700000000000003,32.249999999999986,149.04999999999984,10.3,E_SEVINGTN,UK Power Reserve Limited,False
OFFER,2__BSTAT002,BATTERY,29,15.432644110275689,91.36,115.0,123.0,165.91971,202.29999999999998,0.06512488547189808,107.235,-15.875,7.765000000000001,15.765,58.68471000000001,95.06499999999998,6.431,2__BSTAT_B,Statkraft Markets Gmbh,False
OFFER,2__NFSEN007,OTHER,18,15.2,77.20673910610056,87.38749999999999,102.9999293552489,133.3043325,172.84999999999997,0.06414314048191755,107.345,-30.138260893899442,-19.95750000000001,-4.345070644751104,25.959332499999988,65.50499999999997,30.674,2__NFSEN,F & S Energy Ltd,False
OFFER,2__MFLEX002,LOAD RESPONSE,23,15.175,82.04899999999999,87.0,110.0,120.0,136.82034299999998,0.0640376418955986,109.0,-26.951000000000008,-22.0,1.0,11.0,27.82034299999998,49.0,2__MFLEX,Flexitricity Limited,False
OFFER,2__HSTAT007,BATTERY,16,15.125,69.8410360659837,89.43489390144336,95.67500000000001,106.9975,133.75,0.06382664472296071,107.235,-37.3939639340163,-17.80010609855664,-11.559999999999988,-0.23749999999999716,26.515,40.0,2__HSTAT,Statkraft Markets Gmbh,False
OFFER,2__KFLEX001,LOAD RESPONSE,53,15.064448417079996,90.34,112.0,129.5,154.0,178.4,0.06357112046706333,109.0,-18.659999999999997,3.0,20.5,45.0,69.4,49.0,2__KFLEX,Flexitricity Limited,False
OFFER,2__NFLEX006,LOAD RESPONSE,68,15.023850126481705,99.74,109.9425,122.58500000000001,155.6251125,186.14999999999998,0.0633997979764599,109.0,-9.260000000000005,0.9424999999999955,13.585000000000008,46.6251125,77.14999999999998,49.0,2__NFLEX_LR,Flexitricity Limited,False
OFFER,2__GSTAT017,BATTERY,15,15.0,89.62,98.8,118.0,122.0,133.93499999999997,0.063299151791366,107.235,-17.614999999999995,-8.435000000000002,10.765,14.765,26.699999999999974,28.0,2__GSTAT_B,Statkraft Markets Gmbh,False
OFFER,2__KSTAT002,BATTERY,15,15.0,81.70704,99.5,115.11,136.17000000000002,140.258506923106,0.063299151791366,107.235,-25.527959999999993,-7.734999999999999,7.875,28.935000000000016,33.02350692310601,14.0,2__KSTAT,Statkraft Markets Gmbh,False
OFFER,2__KSTAT003,BATTERY,15,15.0,73.884,100.0,102.0,114.42500000000001,128.32999999999998,0.063299151791366,107.235,-33.351,-7.234999999999999,-5.234999999999999,7.190000000000012,21.094999999999985,16.0,2__KSTAT,Statkraft Markets Gmbh,False
OFFER,E_CRSSB-1,BATTERY,15,15.0,82.0,91.905,100.0,106.675,115.36499999999998,0.063299151791366,107.235,-25.235,-15.329999999999998,-7.234999999999999,-0.5600000000000023,8.129999999999981,20.0,E_CRSSB,Arenko Cleantech Limited,False
OFFER,2__ECNDL001,GAS,29,14.642857142857142,97.96000000000001,108.0,114.0,124.0,149.2,0.0617920291296668,118.95,-20.989999999999995,-10.950000000000003,-4.950000000000003,5.049999999999997,30.249999999999986,20.863,2__ECNDL,NEAS Energy Ltd.,False
OFFER,V__DWELS002,OTHER,16,14.625,126.1875,136.515,182.0,190.0,223.375,0.061716672996581845,107.345,18.8425,29.169999999999987,74.655,82.655,116.03,0.0,V__DWELS,Welsh Power Group Limited,False
OFFER,2__BFSEN005,OTHER,15,14.5,75.15999999999998,85.59,98.96069100731728,123.2,209.384794,0.06118918006498713,107.345,-32.18500000000002,-21.754999999999995,-8.384308992682719,15.855000000000004,102.039794,52.529,2__BFSEN_OTH,F & S Energy Ltd,False
OFFER,2__BUKPR001,OCGT,20,14.166666666666666,73.404,98.83263792132824,107.0,120.23,141.398,0.05978253224740121,114.37479876576336,-40.97079876576336,-15.542160844435116,-7.374798765763359,5.855201234236645,27.023201234236637,10.359,2__BUKPR,UK Power Reserve Limited,False
OFFER,I_IVG-INCM1,VIKING,14,14.0,104.8185,114.5,157.0,283.75,391.1,0.05907920833860826,123.85,-19.031499999999994,-9.349999999999994,33.150000000000006,159.9,267.25,,I_IVG-INCM,IN COMMODITIES A/S,False
OFFER,2__BFLEX004,LOAD RESPONSE,31,13.869047619047619,64.72999999999999,84.26499999999999,99.0,104.95,118.5,0.05852659669598523,109.0,-44.27000000000001,-24.735000000000014,-10.0,-4.049999999999997,9.5,49.0,2__BFLEX,Flexitricity Limited,False
OFFER,2__GFSEN006,OTHER,16,13.833333333333334,92.44999999999999,99.12768102424498,116.0,137.84474141677532,148.375,0.05837588442981531,107.345,-14.89500000000001,-8.21731897575502,8.655000000000001,30.499741416775322,41.03,46.138,2__GFSEN,F & S Energy Ltd,False
OFFER,T_WBURB-41,BATTERY,26,13.703679653679654,81.68817972259305,92.475,111.2,120.375,182.9225,0.05782875323323481,107.235,-25.54682027740695,-14.760000000000005,3.9650000000000034,13.14,75.68750000000001,31.0,T_WBURB_B,West Burton B Limited,False
OFFER,2__NFLEX007,LOAD RESPONSE,47,13.123106425738005,99.0,114.0,132.37,160.025,194.2,0.055378767041136034,109.0,-10.0,5.0,23.370000000000005,51.025000000000006,85.19999999999999,49.0,2__NFLEX_LR,Flexitricity Limited,False
OFFER,2__BBPGM001,BATTERY,13,13.0,89.566,95.0,103.68522224163932,108.0,110.05378,0.05485926488585053,107.235,-17.668999999999997,-12.235,-3.549777758360676,0.7650000000000006,2.818780000000004,10.19,2__BBPGM,BP Gas Marketing Limited,False
OFFER,I_IBG-NTPL1,BRITNED,13,13.0,126.196,134.06,137.11,146.28,166.90399999999997,0.05485926488585053,130.92000000000002,-4.724000000000018,3.1399999999999864,6.189999999999998,15.359999999999985,35.98399999999995,,I_IBG-NTPL,Northpool BV,False
OFFER,2__PFLEX001,OTHER,25,12.885714285714286,73.904,95.00136054421769,110.07,124.104125,134.384,0.05437698563410679,107.345,-33.441,-12.34363945578231,2.7249999999999943,16.759124999999997,27.038999999999987,49.0,2__PFLEX,Flexitricity Limited,False
OFFER,V__KWELS001,OTHER,18,12.7,102.85,113.0,132.16,170.23250000000002,235.0,0.05359328185002321,107.345,-4.4950000000000045,5.655000000000001,24.814999999999998,62.88750000000002,127.655,0.0,V__KWELS,Welsh Power Group Limited,False
OFFER,2__GFLEX002,LOAD RESPONSE,52,12.642781195412773,92.55,101.025,121.875,138.5,183.39999999999995,0.053351821730230724,109.0,-16.450000000000003,-7.974999999999994,12.875,29.5,74.39999999999995,49.0,2__GFLEX_LR,Flexitricity Limited,False
OFFER,2__GSMAE003,CCGT,13,12.5,77.43,95.85,106.69013333333332,108.99,128.39999999999998,0.05274929315947166,113.9,-36.47,-18.05000000000001,-7.209866666666684,-4.910000000000011,14.499999999999972,61.882,2__GSMAE,Smartestenergy Limited,False
OFFER,I_IVG-NEAS1,VIKING,13,12.5,109.812,114.65,139.9902,160.8,225.3860296296296,0.05274929315947166,123.85,-14.037999999999997,-9.199999999999989,16.140199999999993,36.95000000000002,101.53602962962961,,I_IVG-NEAS,Centrica Energy Trading A/S,False
OFFER,2__GLOND003,OCGT,18,12.166666666666666,85.35,106.91250000000001,108.0,129.16500000000002,163.36911694832412,0.05134264534188575,114.37479876576336,-29.024798765763364,-7.46229876576335,-6.374798765763359,14.790201234236662,48.99431818256076,50.0,2__GLOND_OC,EDF Energy Customers Limited,False
OFFER,V__DWELS001,OTHER,15,12.125,109.9,136.25,139.0,145.50802,229.0,0.051166814364687514,107.345,2.555000000000007,28.905,31.655,38.16301999999999,121.655,0.0,V__DWELS,Welsh Power Group Limited,False
OFFER,I_IBG-NITR1,BRITNED,12,12.0,110.17504793904291,121.25,129.44,148.215,277.64399999999995,0.0506393214330928,130.92000000000002,-20.744952060957104,-9.670000000000016,-1.4800000000000182,17.294999999999987,146.72399999999993,,I_IBG-NITR,Nitor Energy A/S,False
OFFER,I_ING-INCM1,NEMO,12,12.0,93.50510984422677,105.5625,120.0,142.575,191.3489995,0.0506393214330928,130.64499999999998,-37.139890155773216,-25.082499999999982,-10.644999999999982,11.930000000000007,60.70399950000001,,I_ING-INCM,IN COMMODITIES A/S,False
OFFER,I_ING-OUTL1,NEMO,12,12.0,105.55,113.25,122.5,149.03,158.32999999999998,0.0506393214330928,130.64499999999998,-25.094999999999985,-17.394999999999982,-8.144999999999982,18.38500000000002,27.685000000000002,,I_ING-OUTL,Outlook Energy Ltd,False
OFFER,E_DERBY-1,OCGT,16,11.95,101.525,109.80000000000001,121.75,147.5,250.0,0.05042832426045491,114.37479876576336,-12.849798765763353,-4.574798765763347,7.375201234236641,33.12520123423664,135.62520123423664,56.084,E_DERBY,Whitetower Energy Limited,False
OFFER,T_ERRO-2,NPSHYD,52,11.8,79.3,92.345,117.705,139.125,215.04999999999995,0.04979533274254125,117.0,-37.7,-24.655,0.7049999999999983,22.125,98.04999999999995,25.26,T_ERRO,SSE Generation Ltd,False
OFFER,2__LANGE001,LOAD RESPONSE,31,11.508170995670996,76.0,91.73503657154632,97.0,104.0,119.17,0.04856383084639826,109.0,-33.0,-17.264963428453683,-12.0,-5.0,10.170000000000002,65.0,2__LANGE,Limejump Energy Limited,False
OFFER,I_IBG-NEAS1,BRITNED,12,11.5,85.275,96.9,105.14,115.5,118.17,0.04852934970671393,130.92000000000002,-45.64500000000001,-34.02000000000001,-25.780000000000015,-15.420000000000016,-12.750000000000014,,I_IBG-NEAS,Centrica Energy Trading A/S,False
OFFER,T_SZJNB-1,BATTERY,12,11.5,81.35249999999998,88.69249999999998,98.46919751962848,114.9675,119.49955999999999,0.04852934970671393,107.235,-25.88250000000002,-18.542500000000018,-8.76580248037152,7.732500000000002,12.264559999999989,57.0,T_SZJNB,Arenko Cleantech Limited,False
OFFER,V__HHABI001,OTHER,15,11.416666666666666,119.1,144.0,160.0,184.0,209.89987,0.04817768775231745,107.345,11.754999999999995,36.655,52.655,76.655,102.55487,0.0,V__HHABI_OTH,Habitat Energy Limited,False
OFFER,2__GSTAT009,BATTERY,12,11.125,72.64436491877069,92.75,106.75196291294927,111.42,119.45,0.04694687091192978,107.235,-34.59063508122931,-14.485,-0.48303708705073234,4.185000000000002,12.215000000000003,16.45,2__GSTAT_B,Statkraft Markets Gmbh,False
OFFER,2__KSTAT004,BATTERY,12,11.0,105.72551578947368,117.385,125.64,128.575,135.755,0.04641937798033506,107.235,-1.509484210526324,10.150000000000006,18.405,21.33999999999999,28.519999999999996,16.3,2__KSTAT,Statkraft Markets Gmbh,False
OFFER,I_IFG-DSKC1,IFA,11,11.0,116.965,141.4350980392157,150.0,196.845,218.095,0.04641937798033506,145.075,-28.109999999999985,-3.6399019607843,4.925000000000011,51.77000000000001,73.02000000000001,,I_IFG-DSKC,Danske Commodities A/S,False
OFFER,E_PETEM3,CCGT,20,10.892857142857142,99.4,108.5,125.98886030713157,138.20000000000002,141.2350650065559,0.045967241181825304,113.9,-14.5,-5.400000000000006,12.088860307131569,24.30000000000001,27.335065006555908,49.227,E_PETEM,River Nene Power Limited,False
OFFER,2__BFLEX003,LOAD RESPONSE,28,10.619444444444444,91.275,98.09793414022546,106.65,127.125,144.6575,0.044813455055257814,109.0,-17.724999999999994,-10.902065859774538,-2.3499999999999943,18.125,35.6575,49.0,2__BFLEX,Flexitricity Limited,False
OFFER,T_MKFRB-1,BATTERY,17,10.616666666666667,77.41809160748966,92.4,94.0,101.25,109.944,0.04480173299011127,107.235,-29.816908392510342,-14.834999999999994,-13.235,-5.984999999999999,2.709000000000003,57.0,T_MKFRB,HD777FRY Ltd,False
OFFER,V__NHABI005,OTHER,17,10.433333333333334,88.6,96.5,102.96,118.0,152.8,0.04402807669043901,107.345,-18.745000000000005,-10.844999999999999,-4.385000000000005,10.655000000000001,45.45500000000001,0.0,V__NHABI,Habitat Energy Limited,False
OFFER,2__ESTAT004,BATTERY,13,10.35,96.88,109.0,115.0,120.88992370434391,144.93999999999997,0.043676414736042536,107.235,-10.355000000000004,1.7650000000000006,7.765000000000001,13.654923704343915,37.70499999999997,12.603,2__ESTAT_B,Statkraft Markets Gmbh,False
OFFER,T_WBURB-43,BATTERY,23,10.342261904761905,82.99444700133496,93.0,107.5,115.25,132.42,0.04364376041170573,107.235,-24.240552998665038,-14.235,0.26500000000000057,8.015,25.184999999999988,31.0,T_WBURB_B,West Burton B Limited,False
OFFER,E_FDUN-1,OCGT,14,10.2,104.075,121.725,156.475,239.75,273.75,0.04304342321812887,114.37479876576336,-10.299798765763356,7.350201234236636,42.100201234236636,125.37520123423664,159.37520123423664,99.0,E_FDUN,Whitetower Energy Limited,False
OFFER,2__NLOND002,OCGT,11,10.166666666666666,90.35,112.5,115.0,127.2,199.23038982774762,0.042902758436370286,114.37479876576336,-24.024798765763364,-1.8747987657633587,0.6252012342366413,12.825201234236644,84.85559106198426,30.0,2__NLOND_OC,EDF Energy Customers Limited,False
OFFER,T_FINL-1,NPSHYD,27,10.116666666666667,95.023,115.52498618457409,125.0,138.5,173.0,0.042691761263732406,117.0,-21.977000000000004,-1.4750138154259105,8.0,21.5,56.0,85.794,T_FINL,SSE Generation Ltd,False
OFFER,2__GSTAT006,BATTERY,19,10.043192918192918,88.6,93.375,96.5,143.0,178.2099999999999,0.04238170619991104,107.235,-18.635000000000005,-13.86,-10.735,35.765,70.9749999999999,6.302,2__GSTAT_B,Statkraft Markets Gmbh,False
OFFER,E_NEWTB-1,BATTERY,14,10.033333333333333,94.0675,108.25047270893734,134.0,147.0,184.35,0.042340099309335924,107.235,-13.167500000000004,1.015472708937338,26.765,39.765,77.115,52.0,E_NEWTB,EDF Energy Customers Limited,False
OFFER,2__GSTAT012,BATTERY,10,10.0,93.225,105.33,119.475,125.713044278125,129.01001499741395,0.04219943452757733,107.235,-14.010000000000005,-1.9050000000000011,12.239999999999995,18.478044278124997,21.775014997413948,16.0,2__GSTAT_B,Statkraft Markets Gmbh,False
OFFER,2__HSTAT006,BATTERY,10,10.0,85.58955288461539,99.82000000000001,104.9,111.725,126.19749999999999,0.04219943452757733,107.235,-21.645447115384613,-7.414999999999992,-2.3349999999999937,4.489999999999995,18.96249999999999,16.0,2__HSTAT,Statkraft Markets Gmbh,False
OFFER,E_PETEM1,CCGT,10,10.0,83.95,102.17500000000001,145.5,170.54,183.754,0.04219943452757733,113.9,-29.950000000000003,-11.724999999999994,31.599999999999994,56.639999999999986,69.85399999999998,245.0,E_PETEM,River Nene Power Limited,False
OFFER,I_IBG-MFTE1,BRITNED,10,10.0,101.0025,118.205,121.235,145.33749999999998,160.09449999999998,0.04219943452757733,130.92000000000002,-29.917500000000018,-12.715000000000018,-9.685000000000016,14.417499999999961,29.174499999999966,,I_IBG-MFTE,MFT Energy A/S,False
OFFER,I_IBG-OUTL1,BRITNED,10,10.0,125.1265,130.0,130.96,146.8,154.1065,0.04219943452757733,130.92000000000002,-5.793500000000023,-0.9200000000000159,0.03999999999999204,15.879999999999995,23.186499999999995,,I_IBG-OUTL,Outlook Energy Ltd,False
OFFER,I_ING-EDMK1,NEMO,10,10.0,95.85045402951191,107.4,115.12083333333334,129.62740000000002,218.27899999999983,0.04219943452757733,130.64499999999998,-34.79454597048807,-23.244999999999976,-15.524166666666645,-1.017599999999959,87.63399999999984,,I_ING-EDMK,Mind Energy A/S,False
OFFER,V__NFLEX001,LOAD RESPONSE,20,9.661904761904761,70.11099999999999,95.0,104.95,112.20750000000001,132.31799999999998,0.040772691741168765,109.0,-38.88900000000001,-14.0,-4.049999999999997,3.2075000000000102,23.317999999999984,0.0,V__NFLEX,Flexitricity Limited,False
OFFER,E_CHTRY-1,DIESEL,13,9.333333333333334,86.838,90.5,104.73,122.0,140.23899999999995,0.03938613889240551,114.71,-27.872,-24.209999999999994,-9.97999999999999,7.290000000000006,25.528999999999954,20.0,E_CHTRY,Conrad Energy (Trading) Ltd,False
OFFER,V__MCEND001,BATTERY,10,9.25,55.109500000000004,85.015,89.84118557424678,106.4,112.673,0.03903447693800903,107.235,-52.125499999999995,-22.22,-17.39381442575322,-0.8349999999999937,5.438000000000002,0.0,V__MCEND,Centrica Business Solutions UK,False
OFFER,2__NLOND003,LOAD RESPONSE,10,9.166666666666666,87.05,104.75,111.0,116.96416666666667,191.75342881052222,0.03868281498361255,109.0,-21.950000000000003,-4.25,2.0,7.964166666666671,82.75342881052222,30.0,2__NLOND_LR,EDF Energy Customers Limited,False
OFFER,2__BSTAT003,BATTERY,9,9.0,67.4,94.0,132.0,155.0,158.3,0.0379794910748196,107.235,-39.834999999999994,-13.235,24.765,47.765,51.06500000000001,16.0,2__BSTAT_B,Statkraft Markets Gmbh,False
OFFER,2__GSTAT015,BATTERY,9,9.0,100.87599999999999,113.0,121.5,127.0,166.7,0.0379794910748196,107.235,-6.359000000000009,5.765000000000001,14.265,19.765,59.46499999999999,16.0,2__GSTAT_B,Statkraft Markets Gmbh,False
OFFER,2__LECOT003,OTHER,9,9.0,95.6,107.0,108.0,125.0,133.24594790791792,0.0379794910748196,107.345,-11.745000000000005,-0.34499999999999886,0.6550000000000011,17.655,25.900947907917924,10.0,2__LECOT,ECOTRICITY LIMITED,False
OFFER,E_BRIDGWTR,GAS,18,8.767099567099567,92.965,108.375,130.5,139.0,222.24999999999997,0.03699666441785698,118.95,-25.985,-10.575000000000003,11.549999999999997,20.049999999999997,103.29999999999997,10.18,E_BRIDGWTR,UK Power Reserve Limited,False
OFFER,2__FFSEN005,OTHER,10,8.666666666666666,79.98749999999998,96.375,109.74000000000001,119.8280325,125.0,0.036572843257233686,107.345,-27.357500000000016,-10.969999999999999,2.3950000000000102,12.483032500000007,17.655,24.479,2__FFSEN,F & S Energy Ltd,False
OFFER,E_BROFB-1,BATTERY,14,8.566666666666666,93.59349999999999,99.99247818213553,123.97247,138.0,172.25,0.03615084891195791,107.235,-13.641500000000008,-7.242521817864471,16.737470000000002,30.765,65.015,52.0,E_BROFB,EDF Energy Customers Limited,False
OFFER,2__HSTAT005,BATTERY,9,8.5,83.5,98.75,113.8,125.0,136.0,0.03586951934844073,107.235,-23.735,-8.485,6.564999999999998,17.765,28.765,16.0,2__HSTAT,Statkraft Markets Gmbh,False
OFFER,2__NSTAT003,BATTERY,11,8.5,114.0,119.45006829668078,121.0,129.45,150.9,0.03586951934844073,107.235,6.765000000000001,12.215068296680784,13.765,22.21499999999999,43.665000000000006,20.732,2__NSTAT_B,Statkraft Markets Gmbh,False
OFFER,2__KUKPR001,OTHER,17,8.473448773448773,95.666,113.8,120.17,136.0,188.55999999999997,0.03575747467379319,107.345,-11.679000000000002,6.454999999999998,12.825000000000003,28.655,81.21499999999997,10.2,2__KUKPR,UK Power Reserve Limited,False
OFFER,2__GFLEX003,LOAD RESPONSE,34,8.351281028912608,93.225,108.725,125.375,142.25,184.94999999999996,0.03524193370009962,109.0,-15.775000000000006,-0.2750000000000057,16.375,33.25,75.94999999999996,49.0,2__GFLEX_LR,Flexitricity Limited,False
OFFER,E_FASN-3,NPSHYD,16,8.30952380952381,96.64750000000001,108.75,120.0,135.75,173.0,0.0350657205955345,117.0,-20.352499999999992,-8.25,3.0,18.75,56.0,24.2,E_FASN,SSE Generation Ltd,False
OFFER,2__EFLEX001,LOAD RESPONSE,18,8.267857142857142,80.46649999999998,93.16775766863043,103.0,104.975,118.3,0.03488988961833626,109.0,-28.533500000000018,-15.83224233136957,-6.0,-4.025000000000006,9.299999999999997,49.0,2__EFLEX,Flexitricity Limited,False
OFFER,E_CROYD-2,OCGT,14,8.241666666666667,100.3,114.75,130.875,208.5,250.0,0.03477936728981165,114.37479876576336,-14.074798765763362,0.3752012342366413,16.50020123423664,94.12520123423664,135.62520123423664,50.0,E_CROYD,Whitetower Energy Limited,False
OFFER,T_THURB-2,BATTERY,9,8.125,39.71367578145045,74.93999999999998,95.0,103.4,109.0,0.034287040553656584,107.235,-67.52132421854955,-32.295000000000016,-12.235,-3.8349999999999937,1.7650000000000006,100.0,T_THURB,THURROCK STORAGE LIMITED,False
OFFER,T_FASN-1,NPSHYD,14,8.00952380952381,70.0,85.75,108.5,119.5,128.6,0.03379973755970718,117.0,-47.0,-31.25,-8.5,2.5,11.599999999999994,23.04,T_FASN,SSE Generation Ltd,False
OFFER,2__DLOND002,OCGT,11,8.0,105.95,108.45,123.0,128.5,136.205,0.03375954762206186,114.37479876576336,-8.424798765763356,-5.924798765763356,8.625201234236641,14.125201234236641,21.830201234236654,24.0,2__DLOND,EDF Energy Customers Limited,False
OFFER,2__DSTAT007,BATTERY,8,8.0,98.655,106.0,108.0,130.0,135.785,0.03375954762206186,107.235,-8.579999999999998,-1.2349999999999994,0.7650000000000006,22.765,28.549999999999997,30.0,2__DSTAT,Statkraft Markets Gmbh,False
OFFER,2__GLOND004,OCGT,8,8.0,108.04984981515712,117.5,126.555,129.455,143.92749999999998,0.03375954762206186,114.37479876576336,-6.324948950606242,3.1252012342366413,12.180201234236648,15.080201234236654,29.552701234236622,24.0,2__GLOND_OC,EDF Energy Customers Limited,False
OFFER,E_CORB-1,CCGT,8,8.0,122.08,123.575,146.5,168.23,189.00029045322142,0.03375954762206186,113.9,8.179999999999993,9.674999999999997,32.599999999999994,54.329999999999984,75.10029045322142,240.0,E_CORB,EP UK INVESTMENTS LIMITED,False
OFFER,I_ING-NEAS1,NEMO,8,8.0,95.04991789300827,102.8125,132.0,167.5,205.0,0.03375954762206186,130.64499999999998,-35.59508210699171,-27.832499999999982,1.3550000000000182,36.85500000000002,74.35500000000002,,I_ING-NEAS,Centrica Energy Trading A/S,False
OFFER,I_ING-OPMX1,NEMO,8,8.0,95.3675,122.14,154.155,174.3625275,212.2115385,0.03375954762206186,130.64499999999998,-35.277499999999975,-8.504999999999981,23.51000000000002,43.71752750000002,81.56653850000001,,I_ING-OPMX,Optimax Energy GmbH,False
OFFER,T_THURB-1,BATTERY,9,8.0,72.57000000000001,97.0,99.05862956499918,105.0,109.21,0.03375954762206186,107.235,-34.66499999999999,-10.235,-8.17637043500082,-2.2349999999999994,1.9749999999999943,100.0,T_THURB,THURROCK STORAGE LIMITED,False
OFFER,2__GFLEX008,BATTERY,16,7.935714285714286,61.17,90.525,97.5,105.49000000000001,117.7775,0.03348826554295601,107.235,-46.065,-16.709999999999994,-9.735,-1.7449999999999903,10.542500000000004,49.0,2__GFLEX_B,Flexitricity Limited,False
OFFER,2__MCNDL002,OTHER,15,7.75,95.225,104.515,111.88,118.725,121.19999999999999,0.03270456175887243,107.345,-12.120000000000005,-2.8299999999999983,4.534999999999997,11.379999999999995,13.85499999999999,48.528,2__MCNDL_OTH,NEAS Energy Ltd.,False
OFFER,V__HWELS002,OTHER,10,7.333333333333333,122.735,134.0,162.0,225.07,237.75,0.03094625198689004,107.345,15.39,26.655,54.655,117.725,130.405,0.0,V__HWELS,Welsh Power Group Limited,False
OFFER,V__HZENO004,BATTERY,8,7.333333333333333,76.83930004008712,90.2205714572051,98.42500000000001,115.50409822395976,121.40223670930335,0.03094625198689004,107.235,-30.395699959912875,-17.014428542794903,-8.809999999999988,8.269098223959759,14.167236709303353,0.0,V__HZENO,BESS Holdco 2 Limited,False
OFFER,2__MSTAT006,BATTERY,8,7.066666666666666,88.05,107.5,113.67500000000001,116.47248092608598,133.58376302943338,0.02982093373282131,107.235,-19.185000000000002,0.26500000000000057,6.440000000000012,9.23748092608598,26.348763029433385,16.0,2__MSTAT_B,Statkraft Markets Gmbh,False
OFFER,V__PHABI004,OTHER,11,7.033333333333333,99.0,101.0,109.0,120.33920042245114,138.75,0.029680268951062724,107.345,-8.344999999999999,-6.344999999999999,1.6550000000000011,12.994200422451144,31.405,0.0,V__PHABI_OTH,Habitat Energy Limited,False
OFFER,E_GRCRB-1,BATTERY,7,7.0,67.39051557040726,79.98,92.8,96.49971921156788,100.5,0.02953960416930413,107.235,-39.84448442959274,-27.254999999999995,-14.435000000000002,-10.73528078843212,-6.734999999999999,20.0,E_GRCRB,FIELD GERRARDS CROSS LTD,False
OFFER,I_I2G-DSKC1,IFA2,7,7.0,134.288,138.46507,147.12,182.87506666666667,204.323,0.02953960416930413,159.75006666666667,-25.462066666666658,-21.28499666666667,-12.630066666666664,23.125,44.57293333333334,,I_I2G-DSKC,Danske Commodities A/S,False
OFFER,I_IFG-INCM1,IFA,7,7.0,109.004,110.24000000000001,128.0,157.555,189.685,0.02953960416930413,145.075,-36.070999999999984,-34.83499999999998,-17.07499999999999,12.480000000000018,44.610000000000014,,I_IFG-INCM,IN COMMODITIES A/S,False
OFFER,T_FASN-2,NPSHYD,16,6.65,88.0,101.14750000000001,117.02498618457409,120.75,126.75,0.028062623960838924,117.0,-29.0,-15.852499999999992,0.02498618457408952,3.75,9.75,23.28,T_FASN,SSE Generation Ltd,False
OFFER,T_THURB-3,BATTERY,8,6.625,61.644830281697395,89.78545465009981,97.76245307928414,104.39750000000001,112.27499999999999,0.02795712537451998,107.235,-45.590169718302604,-17.44954534990019,-9.472546920715857,-2.8374999999999915,5.039999999999992,100.0,T_THURB,THURROCK STORAGE LIMITED,False
OFFER,2__KSTAT005,BATTERY,7,6.5,99.19200000000001,102.045,110.0,110.0,111.75,0.027429632442925265,107.235,-8.042999999999992,-5.189999999999998,2.7650000000000006,2.7650000000000006,4.515000000000001,16.0,2__KSTAT,Statkraft Markets Gmbh,False
OFFER,V__HWELS001,OTHER,10,6.333333333333333,127.673119,148.0,164.0,188.750035,235.0,0.026726308534132305,107.345,20.328119,40.655,56.655,81.405035,127.655,0.0,V__HWELS,Welsh Power Group Limited,False
OFFER,2__LUKPR001,OTHER,10,6.257575757575758,89.0,90.4975,114.535,118.95806087908154,134.65,0.02640661584831733,107.345,-18.345,-16.847499999999997,7.189999999999998,11.613060879081544,27.305000000000007,10.2,2__LUKPR,UK Power Reserve Limited,False
OFFER,2__BSTAT001,GAS,12,6.119047619047619,97.2,108.745,120.00012972692483,143.0,159.9138695,0.02582203493711279,118.95,-21.75,-10.204999999999998,1.0501297269248226,24.049999999999997,40.9638695,4.0,2__BSTAT_G,Statkraft Markets Gmbh,False
OFFER,I_IFG-NORL1,IFA,6,6.0,90.69500000000001,110.0,128.5,191.10000000000002,209.13,0.0253196607165464,145.075,-54.37999999999998,-35.07499999999999,-16.57499999999999,46.025000000000034,64.055,,I_IFG-NORL,Norlys Energy Trading A/S,False
OFFER,I_IFG-NTPL1,IFA,6,6.0,99.57499999999999,119.06247787610619,133.89495575221238,175.3225,186.53,0.0253196607165464,145.075,-45.5,-26.012522123893802,-11.180044247787606,30.247500000000002,41.45500000000001,,I_IFG-NTPL,Northpool BV,False
OFFER,I_ING-DVAL1,NEMO,6,6.0,97.0,97.75,127.5,164.5028,168.3901,0.0253196607165464,130.64499999999998,-33.64499999999998,-32.89499999999998,-3.144999999999982,33.857800000000026,37.74510000000001,,I_ING-DVAL,DVALIN ApS,False
OFFER,I_ING-NITR1,NEMO,6,6.0,100.8325,120.89750000000001,128.7,163.6,202.51500000000001,0.0253196607165464,130.64499999999998,-29.812499999999986,-9.747499999999974,-1.9449999999999932,32.95500000000001,71.87000000000003,,I_ING-NITR,Nitor Energy A/S,False
OFFER,I_IVG-OUTL1,VIKING,6,6.0,96.29750000000001,116.9,117.7,169.8075,187.39000000000001,0.0253196607165464,123.85,-27.55249999999998,-6.949999999999989,-6.1499999999999915,45.95750000000001,63.54000000000002,,I_IVG-OUTL,Outlook Energy Ltd,False
OFFER,V__BEROV001,OTHER,6,6.0,109.55000000000001,110.0,116.485,126.7425,132.875735,0.0253196607165464,107.345,2.2050000000000125,2.655000000000001,9.14,19.397500000000008,25.530734999999993,0.0,V__BEROV,Erova Energy Limited,False
OFFER,V__HDSKC001,BATTERY,6,6.0,88.64750000000001,90.065,98.45,115.4,122.9125,0.0253196607165464,107.235,-18.58749999999999,-17.17,-8.784999999999997,8.165000000000006,15.677499999999995,0.0,V__HDSKC,Danske Commodities A/S,False
OFFER,E_ARNKB-2,BATTERY,14,5.751190476190476,72.731,87.2325,112.84,123.9475,133.9350315,0.024269698595562626,107.235,-34.504000000000005,-20.002499999999998,5.605000000000004,16.712500000000006,26.70003150000001,49.0,E_ARNKB_B,Flexitricity Limited,False
OFFER,E_EXETR-2,OCGT,11,5.666666666666666,103.45,115.0,130.0,226.0,250.0,0.023913012898960487,114.37479876576336,-10.924798765763356,0.6252012342366413,15.625201234236641,111.62520123423664,135.62520123423664,50.0,E_EXETR,Whitetower Energy Limited,False
OFFER,E_MDLWH-1,DIESEL,9,5.666666666666666,87.718,104.73,108.09976779174696,135.0,153.0125,0.023913012898960487,114.71,-26.99199999999999,-9.97999999999999,-6.610232208253038,20.290000000000006,38.302499999999995,20.0,E_MDLWH,Conrad Energy (Trading) Ltd,False
OFFER,V__AFLEX002,GAS,9,5.3,73.168,98.6,119.0,126.0,132.136,0.022365700299615984,118.95,-45.782,-20.35000000000001,0.04999999999999716,7.049999999999997,13.185999999999993,0.0,V__AFLEX,Flexitricity Limited,False
OFFER,2__ESTAT002,GAS,17,5.09478021978022,66.6,104.0,126.0,169.0,225.2,0.021499684431701145,118.95,-52.35000000000001,-14.950000000000003,7.049999999999997,50.05,106.24999999999999,4.0,2__ESTAT_G,Statkraft Markets Gmbh,False
OFFER,I_IBG-EDFT1,BRITNED,5,5.0,115.936,164.0,175.84375432033588,177.71,178.578,0.021099717263788665,130.92000000000002,-14.984000000000009,33.079999999999984,44.92375432033586,46.78999999999999,47.65799999999999,,I_IBG-EDFT,EDF TRADING LIMITED,False
OFFER,I_IBG-EDMK1,BRITNED,5,5.0,102.188,133.9,143.38,190.0,209.2,0.021099717263788665,130.92000000000002,-28.732000000000014,2.9799999999999898,12.45999999999998,59.079999999999984,78.27999999999997,,I_IBG-EDMK,Mind Energy A/S,False
OFFER,I_IBG-HELI1,BRITNED,5,5.0,123.67610666666666,125.78,136.31,140.2,193.16799999999998,0.021099717263788665,130.92000000000002,-7.243893333333361,-5.140000000000015,5.389999999999986,9.279999999999973,62.24799999999996,,I_IBG-HELI,Helios Power Trading A/S,False
OFFER,I_IBG-OPMX1,BRITNED,5,5.0,98.648,103.0,116.01,154.88,186.976,0.021099717263788665,130.92000000000002,-32.27200000000002,-27.920000000000016,-14.91000000000001,23.95999999999998,56.05599999999998,,I_IBG-OPMX,Optimax Energy GmbH,False
OFFER,I_IFG-NEAS1,IFA,5,5.0,101.0,133.0,146.92,147.0,153.311768,0.021099717263788665,145.075,-44.07499999999999,-12.074999999999989,1.8449999999999989,1.9250000000000114,8.236768000000012,,I_IFG-NEAS,Centrica Energy Trading A/S,False
OFFER,I_ILG-DSKC1,ELECLINK,5,5.0,115.649388,124.60642,134.8,136.38,171.27599999999998,0.021099717263788665,123.02000000000001,-7.370612000000008,1.5864199999999897,11.780000000000001,13.359999999999985,48.25599999999997,,I_ILG-DSKC,Danske Commodities A/S,False
OFFER,I_IVG-CACM1,VIKING,5,5.0,133.29589381355274,165.0,165.0,179.09,182.09799999999998,0.021099717263788665,123.85,9.445893813552743,41.150000000000006,41.150000000000006,55.24000000000001,58.24799999999999,,I_IVG-CACM,C A Commodities A/S,False
OFFER,T_BREDB-1,BATTERY,5,5.0,93.224,97.0,99.9228342467976,105.52,131.87474213870127,0.021099717263788665,107.235,-14.010999999999996,-10.235,-7.312165753202393,-1.7150000000000034,24.639742138701266,49.9,T_BREDB,Pivoted Power LLP,False
OFFER,T_TEBWB-1,BATTERY,5,5.0,93.224,97.0,108.0,109.0,116.6,0.021099717263788665,107.235,-14.010999999999996,-10.235,0.7650000000000006,1.7650000000000006,9.364999999999995,39.9,T_TEBWB,Arenko Cleantech Limited,False
OFFER,2__NFLEX001,OTHER,8,4.95,90.94162024536087,101.92258588954348,106.38499999999999,109.325,114.46199999999999,0.020888720091150777,107.345,-16.403379754639133,-5.422414110456515,-0.960000000000008,1.980000000000004,7.11699999999999,50.406,2__NFLEX_OTH,Flexitricity Limited,False
OFFER,M_CAS-KIL01,NPSHYD,7,4.6,93.514,102.0,108.0,118.42500000000001,142.48499999999999,0.01941173988268557,117.0,-23.486000000000004,-15.0,-9.0,1.4250000000000114,25.484999999999985,70.0,M_CAS-KIL,SSE Generation Ltd,False
OFFER,T_TKNWW-1,WIND,7,4.5,69.248,72.165,80.0,80.0,83.5,0.0189897455374098,80.0,-10.751999999999995,-7.834999999999994,0.0,0.0,3.5,412.0,T_TKNWW,Triton Knoll Offshore Wind,False
OFFER,2__NFLEX009,OTHER,11,4.269047619047619,79.75,99.78,103.67,116.925,135.89999999999998,0.018015139549510988,107.345,-27.595,-7.564999999999998,-3.674999999999997,9.579999999999998,28.55499999999998,49.0,2__NFLEX_OTH,Flexitricity Limited,False
OFFER,2__GSTAT007,BATTERY,5,4.066666666666666,94.0,102.0,120.88992370434391,123.0,167.79999999999998,0.017161103374548112,107.235,-13.235,-5.234999999999999,13.654923704343915,15.765,60.56499999999998,8.0,2__GSTAT_B,Statkraft Markets Gmbh,False
OFFER,2__GSTAT013,GAS,4,4.0,86.59499999999998,106.575,120.2,129.625,139.525,0.01687977381103093,118.95,-32.35500000000002,-12.375,1.25,10.674999999999997,20.575000000000003,14.0,2__GSTAT_G,Statkraft Markets Gmbh,False
OFFER,E_PGEXTR,DIESEL,6,4.0,83.20255172413795,89.25,99.05,106.525,109.48750000000001,0.01687977381103093,114.71,-31.507448275862046,-25.459999999999994,-15.659999999999997,-8.184999999999988,-5.222499999999982,20.439,E_PGEXTR,Peak Gen Top Co Limited,False
OFFER,I_IBG-ELTR1,BRITNED,4,4.0,123.0452,123.098,146.06,170.5,174.1,0.01687977381103093,130.92000000000002,-7.874800000000022,-7.822000000000017,15.139999999999986,39.579999999999984,43.17999999999998,,I_IBG-ELTR,ElectroRoute Energy Trading,False
OFFER,I_IBG-NORL1,BRITNED,4,4.0,139.836,152.57999999999998,158.445,159.0,159.0,0.01687977381103093,130.92000000000002,8.915999999999997,21.659999999999968,27.524999999999977,28.079999999999984,28.079999999999984,,I_IBG-NORL,Norlys Energy Trading A/S,False
OFFER,I_IBG-VOLT1,BRITNED,4,4.0,204.0426133333333,206.41253333333333,255.04504000000003,305.79256000000004,313.238512,0.01687977381103093,130.92000000000002,73.12261333333328,75.49253333333331,124.12504000000001,174.87256000000002,182.318512,,I_IBG-VOLT,Volta Energy DAC,False
OFFER,I_ING-MFTE1,NEMO,4,4.0,138.6795,153.3975,163.44,180.7125,212.7825,0.01687977381103093,130.64499999999998,8.034500000000008,22.752500000000026,32.795000000000016,50.067500000000024,82.13750000000002,,I_ING-MFTE,MFT Energy A/S,False
OFFER,I_ING-TRLS1,NEMO,4,4.0,178.465,188.725,200.325,208.0,208.84,0.01687977381103093,130.64499999999998,47.82000000000002,58.08000000000001,69.68,77.35500000000002,78.19500000000002,,I_ING-TRLS,Engelhart CTP Renewables GmbH,False
OFFER,I_IVG-MFTE1,VIKING,4,4.0,118.843,122.215,209.31,368.86260869565217,546.1328695652173,0.01687977381103093,123.85,-5.006999999999991,-1.634999999999991,85.46000000000001,245.01260869565218,422.2828695652173,,I_IVG-MFTE,MFT Energy A/S,False
OFFER,T_KILSB-3,BATTERY,5,4.0,73.27199999999999,77.28,80.43,82.30045685444142,91.98009137088829,0.01687977381103093,107.235,-33.96300000000001,-29.955,-26.804999999999993,-24.934543145558578,-15.25490862911171,53.734,T_KILSB,ZENOBE KILMARNOCK SOUTH LTD,False
OFFER,V__AFEEL002,OTHER,4,4.0,97.55000000000001,104.15,115.95019396384515,128.25029094576772,136.05005818915353,0.01687977381103093,107.345,-9.794999999999987,-3.194999999999993,8.605193963845153,20.905290945767717,28.705058189153533,50.0,V__AFEEL,EDF Energy Limited,False
OFFER,2__BFLEX001,LOAD RESPONSE,16,3.892857142857143,58.96864869999344,83.6225,95.84517177908695,112.20750000000001,115.65,0.016427637012521173,109.0,-50.03135130000656,-25.377499999999998,-13.154828220913046,3.2075000000000102,6.650000000000006,49.0,2__BFLEX,Flexitricity Limited,False
OFFER,2__HLOND001,BATTERY,6,3.7,121.50750000000001,137.5,145.0,180.25,204.97500000000002,0.015613790775203612,107.235,14.272500000000008,30.265,37.765,73.015,97.74000000000002,29.782,2__HLOND,EDF Energy Customers Limited,False
OFFER,2__NCPPR001,BATTERY,4,3.5,106.415,112.475,117.5,121.25,124.25,0.014769802084652065,107.235,-0.8199999999999932,5.239999999999995,10.265,14.015,17.015,30.0,2__NCPPR,Octopus Energy Trading Limited,False
OFFER,2__NHPOW001,NPSHYD,4,3.5,100.6815,117.8475,127.5,144.625,179.72499999999997,0.014769802084652065,117.0,-16.3185,0.8474999999999966,10.5,27.625,62.724999999999966,25.0,2__NHPOW,Drax Energy Solutions Limited,False
OFFER,T_TKNEW-1,WIND,6,3.5,76.28,80.0,80.0,80.765,84.005,0.014769802084652065,80.0,-3.719999999999999,0.0,0.0,0.7650000000000006,4.0049999999999955,412.0,T_TKNEW,Triton Knoll Offshore Wind,False
OFFER,V__KWELS002,OTHER,6,3.5,111.5,119.125,133.00011999999998,179.12506,223.75,0.014769802084652065,107.345,4.155000000000001,11.780000000000001,25.655119999999982,71.78005999999999,116.405,0.0,V__KWELS,Welsh Power Group Limited,False
OFFER,2__MSTAT004,GAS,6,3.3583333333333334,102.0,105.225,106.45,117.41744277825794,124.12248092608598,0.014171976762178053,118.95,-16.950000000000003,-13.725000000000009,-12.5,-1.532557221742067,5.172480926085981,6.0,2__MSTAT_G,Statkraft Markets Gmbh,False
OFFER,2__GFSEN005,OTHER,4,3.333333333333333,80.225,81.125,85.56,99.74147200431071,124.03300481465641,0.014066478175859109,107.345,-27.120000000000005,-26.22,-21.784999999999997,-7.603527995689291,16.68800481465641,48.783,2__GFSEN,F & S Energy Ltd,False
OFFER,V__HHABI008,BATTERY,7,3.25,56.1,82.5,87.9,94.35,100.44,0.013714816221462632,107.235,-51.135,-24.735,-19.334999999999994,-12.885000000000005,-6.795000000000002,0.0,V__HHABI_B,Habitat Energy Limited,False
OFFER,E_NEWPB-1,BATTERY,3,3.0,53.943,56.435,59.55,71.275,80.655,0.0126598303582732,107.235,-53.292,-50.8,-47.685,-35.959999999999994,-26.58,20.933,E_NEWPB,Field Newport Ltd,False
OFFER,E_PGBARY,DIESEL,4,3.0,130.3,131.5,141.5,153.79,160.486,0.0126598303582732,114.71,15.590000000000018,16.790000000000006,26.790000000000006,39.08,45.775999999999996,20.318,E_PGBARY,Peak Gen Top Co Limited,False
OFFER,I_I2G-DMCC1,IFA2,3,3.0,147.989,151.945,156.89,230.545,289.469,0.0126598303582732,159.75006666666667,-11.761066666666665,-7.805066666666676,-2.8600666666666825,70.79493333333332,129.71893333333333,,I_I2G-DMCC,Cobblestone Energy DMCC,False
OFFER,I_IBG-DARE1,BRITNED,3,3.0,124.416,149.0,179.73,179.73,179.73,0.0126598303582732,130.92000000000002,-6.504000000000019,18.079999999999984,48.809999999999974,48.809999999999974,48.809999999999974,,I_IBG-DARE,Dare Power Ltd,False
OFFER,I_IFG-MFTE1,IFA,3,3.0,103.17099999999999,117.215,134.77,156.81,174.44199999999998,0.0126598303582732,145.075,-41.903999999999996,-27.859999999999985,-10.304999999999978,11.735000000000014,29.36699999999999,,I_IFG-MFTE,MFT Energy A/S,False
OFFER,I_IVG-NORL1,VIKING,3,3.0,111.62599999999999,116.85,123.38,123.72999999999999,124.00999999999999,0.0126598303582732,123.85,-12.224000000000004,-7.0,-0.46999999999999886,-0.12000000000000455,0.1599999999999966,,I_IVG-NORL,Norlys Energy Trading A/S,False
OFFER,I_IVG-NTPL1,VIKING,3,3.0,92.776,95.88,99.76,103.88,107.176,0.0126598303582732,123.85,-31.073999999999998,-27.97,-24.08999999999999,-19.97,-16.673999999999992,,I_IVG-NTPL,Northpool BV,False
OFFER,V__GWELS001,OTHER,3,3.0,128.1,128.5,129.0,146.975,161.355,0.0126598303582732,107.345,20.754999999999995,21.155,21.655,39.629999999999995,54.00999999999999,0.0,V__GWELS,Welsh Power Group Limited,False
OFFER,V__LFLEX001,LOAD RESPONSE,6,2.9,85.04008588954346,96.24275766863043,106.92500000000001,115.9875,119.75,0.012237836012997426,109.0,-23.959914110456538,-12.757242331369568,-2.0749999999999886,6.987499999999997,10.75,3.738,V__LFLEX,Flexitricity Limited,False
OFFER,I_IBG-DMCC1,BRITNED,4,2.8333333333333335,108.82934,128.9051,143.44400000000002,158.196,178.7832,0.011956506449480245,130.92000000000002,-22.090660000000014,-2.0149000000000115,12.524000000000001,27.275999999999982,47.86319999999998,,I_IBG-DMCC,Cobblestone Energy DMCC,False
OFFER,2__GSTAT011,BATTERY,3,2.5,105.1,105.5,106.0,106.0,106.0,0.010549858631894332,107.235,-2.135000000000005,-1.7349999999999994,-1.2349999999999994,-1.2349999999999994,-1.2349999999999994,14.0,2__GSTAT_B,Statkraft Markets Gmbh,False
OFFER,E_PGSOUT,OTHER,3,2.5,86.4,92.0,99.0,101.5,103.5,0.010549858631894332,107.345,-20.944999999999993,-15.344999999999999,-8.344999999999999,-5.844999999999999,-3.844999999999999,24.0,E_PGSOUT,Peak Gen Top Co Limited,False
OFFER,I_IBG-IDCE1,BRITNED,3,2.5,124.41000000000001,146.45,174.0,174.0,174.0,0.010549858631894332,130.92000000000002,-6.510000000000005,15.529999999999973,43.079999999999984,43.079999999999984,43.079999999999984,,I_IBG-IDCE,DC Energy Trading V.O.F.,False
OFFER,T_HOWBO-1,WIND,4,2.4,33.23512929797809,48.27386155822885,61.14,70.80499999999999,78.161,0.010127864286618559,80.0,-46.76487070202191,-31.72613844177115,-18.86,-9.195000000000007,-1.8389999999999986,440.0,T_HOWBO,Breesea Limited,False
OFFER,E_PGHVNT,DIESEL,3,2.3333333333333335,106.50999999999999,109.35,112.9,125.03,134.734,0.009846534723101378,114.71,-8.200000000000003,-5.359999999999999,-1.809999999999988,10.320000000000007,20.024000000000015,20.0,E_PGHVNT,Peak Gen Top Co Limited,False
OFFER,I_ING-ELEE1,NEMO,3,2.3333333333333335,149.87,155.11,161.66,172.79500000000002,181.703,0.009846534723101378,130.64499999999998,19.225000000000023,24.465000000000032,31.015000000000015,42.150000000000034,51.05800000000002,,I_ING-ELEE,Electrabel SA,False
OFFER,2__FFLEX001,GAS,5,2.240909090909091,135.0,135.0,145.0,159.89989,166.379978,0.009456509646407103,118.95,16.049999999999997,16.049999999999997,26.049999999999997,40.949889999999996,47.42997799999999,49.0,2__FFLEX,Flexitricity Limited,False
OFFER,2__JLOND003,OCGT,3,2.1666666666666665,121.45,127.25,134.5,192.48038982774762,238.86470168994566,0.009143210814308422,114.37479876576336,7.075201234236644,12.875201234236641,20.12520123423664,78.10559106198426,124.4899029241823,12.0,2__JLOND,EDF Energy Customers Limited,False
OFFER,2__BSTAT004,BATTERY,2,2.0,62.475,74.375,89.25,104.125,116.02499999999999,0.008439886905515465,107.235,-44.76,-32.86,-17.985,-3.1099999999999994,8.789999999999992,10.0,2__BSTAT_B,Statkraft Markets Gmbh,False
OFFER,2__JLOND002,OCGT,2,2.0,104.225,107.125,110.75,114.375,117.275,0.008439886905515465,114.37479876576336,-10.149798765763364,-7.249798765763359,-3.6247987657633587,0.00020123423664131224,2.900201234236647,12.0,2__JLOND,EDF Energy Customers Limited,False
OFFER,E_PGLLAN,OTHER,2,2.0,109.0,113.0,118.0,123.0,127.0,0.008439886905515465,107.345,1.6550000000000011,5.655000000000001,10.655000000000001,15.655000000000001,19.655,20.525,E_PGLLAN,Peak Gen Top Co Limited,False
OFFER,E_THRNL-1,OCGT,2,2.0,106.505,107.405,108.53,109.655,110.555,0.008439886905515465,114.37479876576336,-7.869798765763363,-6.9697987657633576,-5.8447987657633576,-4.7197987657633576,-3.819798765763352,50.0,E_THRNL,Whitetower Energy Limited,False
OFFER,I_I2G-BKWE1,IFA2,2,2.0,204.9740793933092,252.13743109998097,311.0916207333206,370.0458103666603,417.20916207333204,0.008439886905515465,159.75006666666667,45.22401272664254,92.3873644333143,151.34155406665394,210.29574369999364,257.45909540666537,,I_I2G-BKWE,BKW Energie AG,False
OFFER,I_I2G-DVAL1,IFA2,2,2.0,414.77750000000003,416.6875,419.07500000000005,421.46250000000003,423.3725,0.008439886905515465,159.75006666666667,255.02743333333336,256.93743333333333,259.3249333333334,261.71243333333337,263.62243333333333,,I_I2G-DVAL,DVALIN ApS,False
OFFER,I_I2G-EDMK1,IFA2,2,2.0,220.93022,220.93022,220.93022,220.93022,220.93022,0.008439886905515465,159.75006666666667,61.18015333333332,61.18015333333332,61.18015333333332,61.18015333333332,61.18015333333332,,I_I2G-EDMK,Mind Energy A/S,False
OFFER,I_I2G-HELI1,IFA2,2,2.0,175.65372245156695,175.66767561965813,175.68511707977208,175.70255853988604,175.71651170797722,0.008439886905515465,159.75006666666667,15.90365578490028,15.917608952991458,15.935050413105415,15.952491873219373,15.96644504131055,,I_I2G-HELI,Helios Power Trading A/S,False
OFFER,I_I2G-INCM1,IFA2,2,2.0,128.05,144.25,164.5,184.75,200.95,0.008439886905515465,159.75006666666667,-31.700066666666658,-15.500066666666669,4.749933333333331,24.99993333333333,41.19993333333332,,I_I2G-INCM,IN COMMODITIES A/S,False
OFFER,I_I2G-MFTE1,IFA2,2,2.0,113.22185681537647,114.22778169634984,115.48518779756657,116.74259389878328,117.74851877975665,0.008439886905515465,159.75006666666667,-46.5282098512902,-45.52228497031683,-44.2648788691001,-43.007472767883385,-42.00154788691002,,I_I2G-MFTE,MFT Energy A/S,False
OFFER,I_I2G-NITR1,IFA2,2,2.0,100.0,100.0,100.0,100.0,100.0,0.008439886905515465,159.75006666666667,-59.75006666666667,-59.75006666666667,-59.75006666666667,-59.75006666666667,-59.75006666666667,,I_I2G-NITR,Nitor Energy A/S,False
OFFER,I_IBG-COPN1,BRITNED,2,2.0,662.3606,663.803,665.606,667.409,668.8514,0.008439886905515465,130.92000000000002,531.4405999999999,532.883,534.6859999999999,536.489,537.9313999999999,,I_IBG-COPN,Copenhagen Energy Trading A/S,False
OFFER,I_IBG-DVAL1,BRITNED,2,2.0,93.16550699999999,100.86753499999999,110.49507,120.122605,127.82463299999999,0.008439886905515465,130.92000000000002,-37.754493000000025,-30.052465000000026,-20.424930000000018,-10.797395000000023,-3.0953670000000244,,I_IBG-DVAL,DVALIN ApS,False
OFFER,I_IBG-VETR1,BRITNED,2,2.0,80.304,80.6,80.97,81.34,81.636,0.008439886905515465,130.92000000000002,-50.616000000000014,-50.32000000000002,-49.95000000000002,-49.58000000000001,-49.28400000000002,,I_IBG-VETR,Vattenfall Energy Trading,False
OFFER,I_IFG-DVAL1,IFA,2,2.0,134.2745,135.3725,136.745,138.1175,139.21550000000002,0.008439886905515465,145.075,-10.8005,-9.702499999999986,-8.329999999999984,-6.957499999999982,-5.859499999999969,,I_IFG-DVAL,DVALIN ApS,False
OFFER,I_IFG-ENTC1,IFA,2,2.0,73.3185,73.4725,73.66499999999999,73.8575,74.0115,0.008439886905515465,145.075,-71.75649999999999,-71.60249999999999,-71.41,-71.21749999999999,-71.06349999999999,,I_IFG-ENTC,Energetech Europe BV,False
OFFER,I_IFG-OPMX1,IFA,2,2.0,157.2504294367598,166.2503390290209,177.50022601934725,188.7501130096736,197.75002260193472,0.008439886905515465,145.075,12.1754294367598,21.175339029020904,32.425226019347264,43.67511300967362,52.67502260193473,,I_IFG-OPMX,Optimax Energy GmbH,False
OFFER,I_IFG-TRLS1,IFA,2,2.0,155.023,155.195,155.41,155.625,155.797,0.008439886905515465,145.075,9.948000000000008,10.120000000000005,10.335000000000008,10.550000000000011,10.722000000000008,,I_IFG-TRLS,Engelhart CTP Renewables GmbH,False
OFFER,I_ILG-NITR1,ELECLINK,2,2.0,102.70649999999999,102.8925,103.125,103.3575,103.54350000000001,0.008439886905515465,123.02000000000001,-20.31350000000002,-20.127500000000012,-19.89500000000001,-19.66250000000001,-19.4765,,I_ILG-NITR,Nitor Energy A/S,False
OFFER,I_ILG-OUTL1,ELECLINK,2,2.0,106.45,108.25,110.5,112.75,114.55,0.008439886905515465,123.02000000000001,-16.570000000000007,-14.77000000000001,-12.52000000000001,-10.27000000000001,-8.470000000000013,,I_ILG-OUTL,Outlook Energy Ltd,False
OFFER,I_ING-NTPL1,NEMO,2,2.0,241.91402,243.0501,244.47019999999998,245.8903,247.02638,0.008439886905515465,130.64499999999998,111.26902000000001,112.4051,113.8252,115.24530000000001,116.38138000000001,,I_ING-NTPL,Northpool BV,False
OFFER,I_IVG-EDMK1,VIKING,2,2.0,111.33000000000001,171.05,245.7,320.35,380.07,0.008439886905515465,123.85,-12.519999999999982,47.20000000000002,121.85,196.50000000000003,256.22,,I_IVG-EDMK,Mind Energy A/S,False
OFFER,I_IVG-EZCO1,VIKING,2,2.0,107.601,108.08500000000001,108.69,109.295,109.77900000000001,0.008439886905515465,123.85,-16.248999999999995,-15.764999999999986,-15.159999999999997,-14.554999999999993,-14.070999999999984,,I_IVG-EZCO,ENZEE Commodities A/S,False
OFFER,I_IVG-OPMX1,VIKING,2,2.0,134.91,134.91,134.91,134.91,134.91,0.008439886905515465,123.85,11.060000000000002,11.060000000000002,11.060000000000002,11.060000000000002,11.060000000000002,,I_IVG-OPMX,Optimax Energy GmbH,False
OFFER,T_AKGLW-3,WIND,2,2.0,99.405,99.42500000000001,99.45,99.475,99.495,0.008439886905515465,80.0,19.405,19.42500000000001,19.450000000000003,19.474999999999994,19.495000000000005,163.4,T_AKGLW,AIK2A Sustainable Energy Ltd,False
OFFER,T_KILSB-1,BATTERY,2,2.0,98.4495,101.4075,105.10499999999999,108.8025,111.7605,0.008439886905515465,107.235,-8.785499999999999,-5.827500000000001,-2.1300000000000097,1.5674999999999955,4.525499999999994,52.952,T_KILSB,ZENOBE KILMARNOCK SOUTH LTD,False
OFFER,T_KILSB-5,BATTERY,3,2.0,78.548,83.61999999999999,89.95999999999998,92.17999999999999,93.956,0.008439886905515465,107.235,-28.686999999999998,-23.61500000000001,-17.27500000000002,-15.055000000000007,-13.278999999999996,50.856,T_KILSB,ZENOBE KILMARNOCK SOUTH LTD,False
OFFER,T_MOWEO-2,WIND,2,2.0,84.87349999999998,85.2875,85.80499999999999,86.32249999999999,86.7365,0.008439886905515465,80.0,4.873499999999979,5.287499999999994,5.804999999999993,6.322499999999991,6.736500000000007,300.0,T_MOWEO,Moray Offshore Wind East Ltd,False
OFFER,V__MEROV001,GAS,2,2.0,145.0,145.0,145.0,145.0,145.0,0.008439886905515465,118.95,26.049999999999997,26.049999999999997,26.049999999999997,26.049999999999997,26.049999999999997,0.0,V__MEROV,Erova Energy Limited,False
OFFER,E_BSPHM-1,DIESEL,5,1.9166666666666665,86.14599999999999,87.53,108.09976779174696,135.0,147.8,0.008088224951118987,114.71,-28.564000000000007,-27.179999999999993,-6.610232208253038,20.290000000000006,33.09000000000002,20.0,E_BSPHM,Conrad Energy (Trading) Ltd,False
OFFER,T_SGRWO-6,WIND,3,1.8333333333333333,51.714,58.57,67.14,76.565,84.10499999999998,0.00773656299672251,80.0,-28.286,-21.43,-12.86,-3.4350000000000023,4.104999999999976,380.0,T_SGRWO,Seagreen Wind Energy Limited,False
OFFER,2__AMRCY001,BATTERY,3,1.7,105.4,107.0,109.0,123.99985600460784,135.9997408082941,0.007173903869688146,107.235,-1.8349999999999937,-0.23499999999999943,1.7650000000000006,16.764856004607836,28.764740808294093,15.96,2__AMRCY,Octopus Energy Limited,False
OFFER,I_IVG-PWMR1,VIKING,2,1.5,99.325,100.625,102.25,103.875,105.175,0.0063299151791366,123.85,-24.52499999999999,-23.224999999999994,-21.599999999999994,-19.974999999999994,-18.674999999999997,,I_IVG-PWMR,PowerMart ApS,False
OFFER,T_CLDNW-1,WIND,2,1.5,41.472,46.2,52.11,58.019999999999996,62.748,0.0063299151791366,80.0,-38.528,-33.8,-27.89,-21.980000000000004,-17.252000000000002,200.0,T_CLDNW,Clyde Windfarm (Scotland) Ltd,False
OFFER,2__BFLEX002,LOAD RESPONSE,6,1.4666666666666668,72.3725,84.36749999999998,90.0,92.2125,105.7375,0.006189250397378009,109.0,-36.6275,-24.63250000000002,-19.0,-16.787499999999994,-3.262500000000003,49.0,2__BFLEX,Flexitricity Limited,False
OFFER,T_HOWAO-1,WIND,3,1.4,31.69790160962386,40.5877231164577,51.7,65.85,77.17,0.005907920833860826,80.0,-48.302098390376145,-39.4122768835423,-28.299999999999997,-14.150000000000006,-2.8299999999999983,400.0,T_HOWAO,Hornsea 1 Limited,False
OFFER,E_PGBRKL,DIESEL,3,1.3333333333333333,102.816,118.08,137.16,149.66,159.66,0.0056265912703436435,114.71,-11.893999999999991,3.3700000000000045,22.450000000000003,34.95,44.95,20.0,E_PGBRKL,Peak Gen Top Co Limited,False
OFFER,T_HRSTB-1,BATTERY,2,1.2,96.8015,102.4075,109.415,116.42250000000001,122.02850000000001,0.0050639321433092795,107.235,-10.433499999999995,-4.827500000000001,2.180000000000007,9.187500000000014,14.793500000000009,52.0,T_HRSTB,SP Renewables (UK) Limited,False
OFFER,M_CAS-GAR01,NPSHYD,3,1.1,92.518,94.50999999999999,97.0,104.45,110.41,0.004641937798033507,117.0,-24.482,-22.49000000000001,-20.0,-12.549999999999997,-6.590000000000003,40.0,M_CAS-GAR,SSE Generation Ltd,False
OFFER,2__GFLEX004,GAS,4,1.0333333333333332,100.07849999999999,103.5525,106.65,110.95,117.31,0.004360608234516323,118.95,-18.87150000000001,-15.397500000000008,-12.299999999999997,-8.0,-1.6400000000000006,49.0,2__GFLEX_G,Flexitricity Limited,False
OFFER,2__BFSEN006,BATTERY,1,1.0,95.16,95.16,95.16,95.16,95.16,0.004219943452757733,107.235,-12.075000000000003,-12.075000000000003,-12.075000000000003,-12.075000000000003,-12.075000000000003,50.573,2__BFSEN_B,F & S Energy Ltd,False
OFFER,E_BTUIW-3,WIND,1,1.0,96.12,96.12,96.12,96.12,96.12,0.004219943452757733,80.0,16.120000000000005,16.120000000000005,16.120000000000005,16.120000000000005,16.120000000000005,52.0,E_BTUIW,SP Renewables (UK) Limited,False
OFFER,E_BURWB-2,LOAD RESPONSE,1,1.0,113.0,113.0,113.0,113.0,113.0,0.004219943452757733,109.0,4.0,4.0,4.0,4.0,4.0,52.0,E_BURWB_LR,EDF Energy Customers Limited,False
OFFER,E_DIDC3G,OCGT,1,1.0,136.0,136.0,136.0,136.0,136.0,0.004219943452757733,114.37479876576336,21.62520123423664,21.62520123423664,21.62520123423664,21.62520123423664,21.62520123423664,25.0,E_DIDC3G,RWE Generation UK plc,False
OFFER,E_TLYMW-1,WIND,1,1.0,90.0,90.0,90.0,90.0,90.0,0.004219943452757733,80.0,10.0,10.0,10.0,10.0,10.0,13.856,E_TLYMW,EDF Energy Customers Limited,False
OFFER,E_VKING-2,OCGT,3,1.0,132.0,172.0,222.0,226.0,229.2,0.004219943452757733,114.37479876576336,17.62520123423664,57.62520123423664,107.62520123423664,111.62520123423664,114.82520123423663,50.0,E_VKING,Whitetower Energy Limited,False
OFFER,I_I2G-NEAS1,IFA2,1,1.0,142.56,142.56,142.56,142.56,142.56,0.004219943452757733,159.75006666666667,-17.190066666666667,-17.190066666666667,-17.190066666666667,-17.190066666666667,-17.190066666666667,,I_I2G-NEAS,Centrica Energy Trading A/S,False
OFFER,I_I2G-NORL1,IFA2,1,1.0,138.0,138.0,138.0,138.0,138.0,0.004219943452757733,159.75006666666667,-21.75006666666667,-21.75006666666667,-21.75006666666667,-21.75006666666667,-21.75006666666667,,I_I2G-NORL,Norlys Energy Trading A/S,False
OFFER,I_IBG-BKWE1,BRITNED,1,1.0,124.27,124.27,124.27,124.27,124.27,0.004219943452757733,130.92000000000002,-6.65000000000002,-6.65000000000002,-6.65000000000002,-6.65000000000002,-6.65000000000002,,I_IBG-BKWE,BKW Energie AG,False
OFFER,I_IBG-CACM1,BRITNED,1,1.0,113.18,113.18,113.18,113.18,113.18,0.004219943452757733,130.92000000000002,-17.74000000000001,-17.74000000000001,-17.74000000000001,-17.74000000000001,-17.74000000000001,,I_IBG-CACM,C A Commodities A/S,False
OFFER,I_IBG-EZCO1,BRITNED,1,1.0,84.29,84.29,84.29,84.29,84.29,0.004219943452757733,130.92000000000002,-46.63000000000001,-46.63000000000001,-46.63000000000001,-46.63000000000001,-46.63000000000001,,I_IBG-EZCO,ENZEE Commodities A/S,False
OFFER,I_IBG-PWMR1,BRITNED,1,1.0,115.0,115.0,115.0,115.0,115.0,0.004219943452757733,130.92000000000002,-15.920000000000016,-15.920000000000016,-15.920000000000016,-15.920000000000016,-15.920000000000016,,I_IBG-PWMR,PowerMart ApS,False
OFFER,I_IBG-XNON1,BRITNED,1,1.0,136.09013333333334,136.09013333333334,136.09013333333334,136.09013333333334,136.09013333333334,0.004219943452757733,130.92000000000002,5.170133333333325,5.170133333333325,5.170133333333325,5.170133333333325,5.170133333333325,,I_IBG-XNON,XENON CAPITAL MARKETS LTD,False
OFFER,I_IFG-COPN1,IFA,1,1.0,122.88,122.88,122.88,122.88,122.88,0.004219943452757733,145.075,-22.194999999999993,-22.194999999999993,-22.194999999999993,-22.194999999999993,-22.194999999999993,,I_IFG-COPN,Copenhagen Energy Trading A/S,False
OFFER,I_IFG-EDMK1,IFA,1,1.0,109.59,109.59,109.59,109.59,109.59,0.004219943452757733,145.075,-35.484999999999985,-35.484999999999985,-35.484999999999985,-35.484999999999985,-35.484999999999985,,I_IFG-EDMK,Mind Energy A/S,False
OFFER,I_IFG-NITR1,IFA,1,1.0,90.0,90.0,90.0,90.0,90.0,0.004219943452757733,145.075,-55.07499999999999,-55.07499999999999,-55.07499999999999,-55.07499999999999,-55.07499999999999,,I_IFG-NITR,Nitor Energy A/S,False
OFFER,I_IFG-OUTL1,IFA,1,1.0,146.0,146.0,146.0,146.0,146.0,0.004219943452757733,145.075,0.9250000000000114,0.9250000000000114,0.9250000000000114,0.9250000000000114,0.9250000000000114,,I_IFG-OUTL,Outlook Energy Ltd,False
OFFER,I_ILG-BKWE1,ELECLINK,1,1.0,121.93,121.93,121.93,121.93,121.93,0.004219943452757733,123.02000000000001,-1.0900000000000034,-1.0900000000000034,-1.0900000000000034,-1.0900000000000034,-1.0900000000000034,,I_ILG-BKWE,BKW Energie AG,False
OFFER,I_ILG-DMCC1,ELECLINK,1,1.0,124.11,124.11,124.11,124.11,124.11,0.004219943452757733,123.02000000000001,1.0899999999999892,1.0899999999999892,1.0899999999999892,1.0899999999999892,1.0899999999999892,,I_ILG-DMCC,Cobblestone Energy DMCC,False
OFFER,I_ILG-EDFT1,ELECLINK,1,1.0,128.42,128.42,128.42,128.42,128.42,0.004219943452757733,123.02000000000001,5.399999999999977,5.399999999999977,5.399999999999977,5.399999999999977,5.399999999999977,,I_ILG-EDFT,EDF TRADING LIMITED,False
OFFER,I_ILG-INCM1,ELECLINK,1,1.0,144.52,144.52,144.52,144.52,144.52,0.004219943452757733,123.02000000000001,21.5,21.5,21.5,21.5,21.5,,I_ILG-INCM,IN COMMODITIES A/S,False
OFFER,I_ILG-NTPL1,ELECLINK,1,1.0,83.1,83.1,83.1,83.1,83.1,0.004219943452757733,123.02000000000001,-39.920000000000016,-39.920000000000016,-39.920000000000016,-39.920000000000016,-39.920000000000016,,I_ILG-NTPL,Northpool BV,False
OFFER,I_ING-CBST1,NEMO,1,1.0,60.0,60.0,60.0,60.0,60.0,0.004219943452757733,130.64499999999998,-70.64499999999998,-70.64499999999998,-70.64499999999998,-70.64499999999998,-70.64499999999998,,I_ING-CBST,Cobblestone Energy,False
OFFER,I_ING-DMCC1,NEMO,1,1.0,83.76,83.76,83.76,83.76,83.76,0.004219943452757733,130.64499999999998,-46.88499999999998,-46.88499999999998,-46.88499999999998,-46.88499999999998,-46.88499999999998,,I_ING-DMCC,Cobblestone Energy DMCC,False
OFFER,I_ING-EDFT1,NEMO,1,1.0,114.53,114.53,114.53,114.53,114.53,0.004219943452757733,130.64499999999998,-16.11499999999998,-16.11499999999998,-16.11499999999998,-16.11499999999998,-16.11499999999998,,I_ING-EDFT,EDF TRADING LIMITED,False
OFFER,I_ING-ELTR1,NEMO,1,1.0,110.47,110.47,110.47,110.47,110.47,0.004219943452757733,130.64499999999998,-20.174999999999983,-20.174999999999983,-20.174999999999983,-20.174999999999983,-20.174999999999983,,I_ING-ELTR,ElectroRoute Energy Trading,False
OFFER,I_ING-HELI1,NEMO,1,1.0,179.36,179.36,179.36,179.36,179.36,0.004219943452757733,130.64499999999998,48.71500000000003,48.71500000000003,48.71500000000003,48.71500000000003,48.71500000000003,,I_ING-HELI,Helios Power Trading A/S,False
OFFER,I_ING-PWMR1,NEMO,1,1.0,130.67,130.67,130.67,130.67,130.67,0.004219943452757733,130.64499999999998,0.025000000000005684,0.025000000000005684,0.025000000000005684,0.025000000000005684,0.025000000000005684,,I_ING-PWMR,PowerMart ApS,False
OFFER,I_IVG-NITR1,VIKING,1,1.0,96.0,96.0,96.0,96.0,96.0,0.004219943452757733,123.85,-27.849999999999994,-27.849999999999994,-27.849999999999994,-27.849999999999994,-27.849999999999994,,I_IVG-NITR,Nitor Energy A/S,False
OFFER,T_CGTHW-1,WIND,1,1.0,99.0,99.0,99.0,99.0,99.0,0.004219943452757733,80.0,19.0,19.0,19.0,19.0,19.0,69.0,T_CGTHW,Corriegarth Wind Energy LTD,False
OFFER,T_CUMHW-1,WIND,1,1.0,73.29,73.29,73.29,73.29,73.29,0.004219943452757733,80.0,-6.709999999999994,-6.709999999999994,-6.709999999999994,-6.709999999999994,-6.709999999999994,52.0,T_CUMHW,Uniper UK Limited,False
OFFER,T_GORDW-1,WIND,1,1.0,103.6398239141405,103.6398239141405,103.6398239141405,103.6398239141405,103.6398239141405,0.004219943452757733,80.0,23.639823914140507,23.639823914140507,23.639823914140507,23.639823914140507,23.639823914140507,86.764,T_GORDW,SSE Generation Ltd,False
OFFER,T_GYMR-26,WIND,1,1.0,0.0,0.0,0.0,0.0,0.0,0.004219943452757733,80.0,-80.0,-80.0,-80.0,-80.0,-80.0,148.0,T_GYMR,Gwynt y Mor Offshore Wind Farm,False
OFFER,T_KENNW-1,WIND,1,1.0,97.91,97.91,97.91,97.91,97.91,0.004219943452757733,80.0,17.909999999999997,17.909999999999997,17.909999999999997,17.909999999999997,17.909999999999997,60.0,T_KENNW,Kennoxhead Wind Farm Limited,False
OFFER,T_KILSB-6,BATTERY,1,1.0,88.97,88.97,88.97,88.97,88.97,0.004219943452757733,107.235,-18.265,-18.265,-18.265,-18.265,-18.265,51.226,T_KILSB,ZENOBE KILMARNOCK SOUTH LTD,False
OFFER,T_MOWEO-1,WIND,1,1.0,29.77,29.77,29.77,29.77,29.77,0.004219943452757733,80.0,-50.230000000000004,-50.230000000000004,-50.230000000000004,-50.230000000000004,-50.230000000000004,300.0,T_MOWEO,Moray Offshore Wind East Ltd,False
OFFER,T_NNGAO-2,WIND,1,1.0,84.65999999999998,84.65999999999998,84.65999999999998,84.65999999999998,84.65999999999998,0.004219943452757733,80.0,4.659999999999982,4.659999999999982,4.659999999999982,4.659999999999982,4.659999999999982,224.0,T_NNGAO,Neart Na Gaoithe Offshore Wind,False
OFFER,T_SGRWO-2,WIND,1,1.0,71.73,71.73,71.73,71.73,71.73,0.004219943452757733,80.0,-8.269999999999996,-8.269999999999996,-8.269999999999996,-8.269999999999996,-8.269999999999996,220.0,T_SGRWO,Seagreen Wind Energy Limited,False
OFFER,T_VKNGW-3,WIND,1,1.0,102.50017045067156,102.50017045067156,102.50017045067156,102.50017045067156,102.50017045067156,0.004219943452757733,80.0,22.50017045067156,22.50017045067156,22.50017045067156,22.50017045067156,22.50017045067156,121.8,T_VKNGW,Viking Energy Wind Farm LLP,False
OFFER,V__EEXRG001,OTHER,1,1.0,108.21,108.21,108.21,108.21,108.21,0.004219943452757733,107.345,0.8649999999999949,0.8649999999999949,0.8649999999999949,0.8649999999999949,0.8649999999999949,0.0,V__EEXRG,Exergy Solutions Limited,False
OFFER,V__GDSKC001,OTHER,1,1.0,87.95,87.95,87.95,87.95,87.95,0.004219943452757733,107.345,-19.394999999999996,-19.394999999999996,-19.394999999999996,-19.394999999999996,-19.394999999999996,0.0,V__GDSKC,Danske Commodities A/S,False
OFFER,V__HFEEL002,BATTERY,1,1.0,134.5,134.5,134.5,134.5,134.5,0.004219943452757733,107.235,27.265,27.265,27.265,27.265,27.265,42.0,V__HFEEL,EDF Energy Limited,False
OFFER,V__HFEEL400,BATTERY,1,1.0,100.0,100.0,100.0,100.0,100.0,0.004219943452757733,107.235,-7.234999999999999,-7.234999999999999,-7.234999999999999,-7.234999999999999,-7.234999999999999,10.0,V__HFEEL,EDF Energy Limited,False
OFFER,I_IBG-ELEE1,BRITNED,2,0.8333333333333333,107.81638,123.8403,143.8702,163.9001,179.92402,0.003516619543964777,130.92000000000002,-23.10362000000002,-7.079700000000017,12.950199999999995,32.98009999999999,49.00402,,I_IBG-ELEE,Electrabel SA,False
OFFER,2__NFLEX008,OTHER,3,0.6428571428571428,119.20002646903123,122.00013234515616,125.50026469031232,140.75013234515615,152.95002646903123,0.0027128207910585424,107.345,11.85502646903123,14.655132345156161,18.155264690312322,33.40513234515615,45.60502646903123,49.0,2__NFLEX_OTH,Flexitricity Limited,False
OFFER,2__FANGE001,LOAD RESPONSE,1,0.5,106.0,106.0,106.0,106.0,106.0,0.0021099717263788663,109.0,-3.0,-3.0,-3.0,-3.0,-3.0,50.0,2__FANGE,Limejump Energy Limited,False
OFFER,2__NHPOW002,NPSHYD,1,0.5,153.9,153.9,153.9,153.9,153.9,0.0021099717263788663,117.0,36.900000000000006,36.900000000000006,36.900000000000006,36.900000000000006,36.900000000000006,108.0,2__NHPOW,Drax Energy Solutions Limited,False
OFFER,E_PGFARE,DIESEL,1,0.5,132.0,132.0,132.0,132.0,132.0,0.0021099717263788663,114.71,17.290000000000006,17.290000000000006,17.290000000000006,17.290000000000006,17.290000000000006,20.0,E_PGFARE,Peak Gen Top Co Limited,False
OFFER,I_ING-COPN1,NEMO,1,0.5,118.9,118.9,118.9,118.9,118.9,0.0021099717263788663,130.64499999999998,-11.744999999999976,-11.744999999999976,-11.744999999999976,-11.744999999999976,-11.744999999999976,,I_ING-COPN,Copenhagen Energy Trading A/S,False
OFFER,T_CLDCW-1,WIND,1,0.5,40.29,40.29,40.29,40.29,40.29,0.0021099717263788663,80.0,-39.71,-39.71,-39.71,-39.71,-39.71,200.0,T_CLDCW,Clyde Windfarm (Scotland) Ltd,False
OFFER,T_SGRWO-1,WIND,1,0.5,50.0,50.0,50.0,50.0,50.0,0.0021099717263788663,80.0,-30.0,-30.0,-30.0,-30.0,-30.0,358.0,T_SGRWO,Seagreen Wind Energy Limited,False
OFFER,T_HOWAO-2,WIND,2,0.4,32.00167392126963,42.106584674686545,54.7377231164577,67.36886155822884,77.47377231164577,0.0016879773811030933,80.0,-47.99832607873037,-37.893415325313455,-25.2622768835423,-12.631138441771157,-2.5262276883542256,400.0,T_HOWAO,Hornsea 1 Limited,False
OFFER,T_HOWBO-2,WIND,2,0.4,32.00167392126963,42.106584674686545,54.7377231164577,67.36886155822884,77.47377231164577,0.0016879773811030933,80.0,-47.99832607873037,-37.893415325313455,-25.2622768835423,-12.631138441771157,-2.5262276883542256,440.0,T_HOWBO,Sonningmay Wind Limited,False
OFFER,T_HOWBO-3,WIND,2,0.4,32.00167392126963,42.106584674686545,54.7377231164577,67.36886155822884,77.47377231164577,0.0016879773811030933,80.0,-47.99832607873037,-37.893415325313455,-25.2622768835423,-12.631138441771157,-2.5262276883542256,440.0,T_HOWBO,Soundmark Wind Limited,False
OFFER,T_MOWWO-3,WIND,1,0.3333333333333333,85.98999999999998,85.98999999999998,85.98999999999998,85.98999999999998,85.98999999999998,0.0014066478175859109,80.0,5.989999999999981,5.989999999999981,5.989999999999981,5.989999999999981,5.989999999999981,143.0,T_MOWWO,Moray Offshore Wind West Ltd,False
OFFER,T_SGRWO-5,WIND,1,0.3333333333333333,85.98999999999998,85.98999999999998,85.98999999999998,85.98999999999998,85.98999999999998,0.0014066478175859109,80.0,5.989999999999981,5.989999999999981,5.989999999999981,5.989999999999981,5.989999999999981,300.0,T_SGRWO,Seagreen Wind Energy Limited,False
OFFER,V__KHABI007,BATTERY,1,0.08333333333333333,94.0,94.0,94.0,94.0,94.0,0.0003516619543964777,107.235,-13.235,-13.235,-13.235,-13.235,-13.235,0.0,V__KHABI,Habitat Energy Limited,False
