predictor,source_column,feature,side,mean_abs_shap,conditional_mean_shap_when_active,conditional_mean_abs_shap_when_active,share_positive_shap_when_active,share_negative_shap_when_active,active_rows_in_shap_sample,active_weight_in_shap_sample,mdi,model_train_r2,shap_expected_value,overall_shap_rank,side_shap_rank,weighted_test_r2,weighted_test_mae,weighted_test_rmse,unweighted_test_r2,unweighted_test_mae,unweighted_test_rmse,holdout_cutoff,entity_id,identity_name,bmu_id,plant_family,technology,lead_party,technology_key,bid_weight,offer_weight,marginal_occurrences,registered_capacity_mw,plant_family_frequency,lead_party_frequency,marginal_side_share_pct,frequency_percentile,importance_percentile,frequency_q75,importance_q75,quadrant,label_reason
BMU ID,marginal_bmu_id,T_RYHPS-1_OFFER,OFFER,0.7453167149087673,57.07649058097317,57.07649058097317,1.0,0.0,11,10.5,0.1291359475052776,0.1390227409923853,82.36037528752148,1,1,0.0718864433550563,29.382295397846597,40.10965716026676,0.0874561108639911,29.181332817536816,39.771802331439154,2025-05-26 SP14,T_RYHPS-1,T_RYHPS-1,T_RYHPS-1,T_RYHPS,CCGT,VPI Power Limited,CCGT,15.0,369.53333333333336,409,720.98,T_RYHPS,VPI Power Limited,1.5594097705757413,0.8461538461538461,1.0,1.128500794756017,0.13377147748980542,"Higher frequency, higher attribution",Leading global importance
BMU ID,marginal_bmu_id,T_COSO-1_OFFER,OFFER,0.6819095733818111,23.175455306498176,23.175455306498176,1.0,0.0,31,31.0,0.0428192010089806,0.1390227409923853,82.36037528752148,2,2,0.0718864433550563,29.382295397846597,40.10965716026676,0.0874561108639911,29.181332817536816,39.771802331439154,2025-05-26 SP14,T_COSO-1,Coryton Power Station,T_COSO-1,T_COSO,CCGT,Coryton Energy Company Ltd,CCGT,101.75,652.9833333333333,807,856.186,T_COSO,Coryton Energy Company Ltd,2.755552742259921,0.9871794871794872,0.9871794871794872,1.128500794756017,0.13377147748980542,"Higher frequency, higher attribution",Leading global importance
BMU ID,marginal_bmu_id,T_SEAB-1_OFFER,OFFER,0.5527896313024572,17.98911870236082,17.98911870236082,1.0,0.0,29,28.333333333333336,0.0297198822581751,0.1390227409923853,82.36037528752148,4,3,0.0718864433550563,29.382295397846597,40.10965716026676,0.0874561108639911,29.181332817536816,39.771802331439154,2025-05-26 SP14,T_SEAB-1,Seabank Power Module,T_SEAB-1,T_SEAB,CCGT,Seabank Power Limited,CCGT,310.34166666666664,793.5364468864469,1180,830.0,T_SEAB,Seabank Power Limited,3.3486789335630966,1.0,0.9743589743589743,1.128500794756017,0.13377147748980542,"Higher frequency, higher attribution",Leading global importance
BMU ID,marginal_bmu_id,T_DINO-2_OFFER,OFFER,0.5276027080594067,24.510164889059645,24.510164889059645,1.0,0.0,21,20.5,0.0485127362080954,0.1390227409923853,82.36037528752148,5,4,0.0718864433550563,29.382295397846597,40.10965716026676,0.0874561108639911,29.181332817536816,39.771802331439154,2025-05-26 SP14,T_DINO-2,Dinorwig 2,T_DINO-2,T_DINO,PS,First Hydro Company,PS,115.77619047619048,531.6595238095238,685,320.0,T_DINO,First Hydro Company,2.243573126596294,0.9230769230769231,0.9615384615384616,1.128500794756017,0.13377147748980542,"Higher frequency, higher attribution",
BMU ID,marginal_bmu_id,T_HUMR-1_OFFER,OFFER,0.4850302511858848,19.203225774690942,19.203225774690942,1.0,0.0,27,25.5,0.0269772836385931,0.1390227409923853,82.36037528752148,6,5,0.0718864433550563,29.382295397846597,40.10965716026676,0.0874561108639911,29.181332817536816,39.771802331439154,2025-05-26 SP14,T_HUMR-1,HUMR-1,T_HUMR-1,T_HUMR_CC,CCGT,VPI Immingham LLP,CCGT,808.1666666666666,589.5,1441,1283.0,T_HUMR_CC,VPI Immingham LLP,2.487656665400684,0.9615384615384616,0.9487179487179487,1.128500794756017,0.13377147748980542,"Higher frequency, higher attribution",
BMU ID,marginal_bmu_id,T_DAMC-1_OFFER,OFFER,0.4680404423500507,20.176451525228167,20.176451525228167,1.0,0.0,21,19.33333333333333,0.0316632574995655,0.1390227409923853,82.36037528752148,7,6,0.0718864433550563,29.382295397846597,40.10965716026676,0.0874561108639911,29.181332817536816,39.771802331439154,2025-05-26 SP14,T_DAMC-1,Damhead Creek Ltd.,T_DAMC-1,T_DAMC,CCGT,VPI Power Limited,CCGT,131.27777777777777,650.15,838,820.0,T_DAMC,VPI Power Limited,2.7435962358104407,0.9743589743589743,0.9358974358974359,1.128500794756017,0.13377147748980542,"Higher frequency, higher attribution",
BMU ID,marginal_bmu_id,T_CRUA-1_OFFER,OFFER,0.4013014512674345,21.107617606819662,21.107617606819662,1.0,0.0,15,15.0,0.0327595001879057,0.1390227409923853,82.36037528752148,8,7,0.0718864433550563,29.382295397846597,40.10965716026676,0.0874561108639911,29.181332817536816,39.771802331439154,2025-05-26 SP14,T_CRUA-1,T_CRUA-1,T_CRUA-1,T_CRUA,PS,Drax Pumped Storage Limited,PS,125.84597069597069,549.6825757575757,775,123.0,T_CRUA,Drax Pumped Storage Limited,2.3196293866631885,0.9487179487179487,0.9230769230769231,1.128500794756017,0.13377147748980542,"Higher frequency, higher attribution",
BMU ID,marginal_bmu_id,T_CNQPS-1_OFFER,OFFER,0.3143627433340365,36.332625706450486,36.332625706450486,1.0,0.0,10,9.0,0.0319237279806976,0.1390227409923853,82.36037528752148,11,8,0.0718864433550563,29.382295397846597,40.10965716026676,0.0874561108639911,29.181332817536816,39.771802331439154,2025-05-26 SP14,T_CNQPS-1,T_CNQPS-1,T_CNQPS-1,T_CNQPS,CCGT,Uniper UK Limited,CCGT,67.64682539682539,193.75,333,351.162,T_CNQPS,Uniper UK Limited,0.8176140439718109,0.6153846153846154,0.9102564102564102,1.128500794756017,0.13377147748980542,"Lower frequency, higher attribution",
BMU ID,marginal_bmu_id,T_DINO-3_OFFER,OFFER,0.3138982794502192,17.881786571854388,17.881786571854388,1.0,0.0,18,17.5,0.0188373837983668,0.1390227409923853,82.36037528752148,12,9,0.0718864433550563,29.382295397846597,40.10965716026676,0.0874561108639911,29.181332817536816,39.771802331439154,2025-05-26 SP14,T_DINO-3,Dinorwig 3,T_DINO-3,T_DINO,PS,First Hydro Company,PS,226.897557997558,415.6595238095238,709,320.0,T_DINO,First Hydro Company,1.7540596860763973,0.8846153846153846,0.8974358974358975,1.128500794756017,0.13377147748980542,"Higher frequency, higher attribution",
BMU ID,marginal_bmu_id,T_DINO-5_OFFER,OFFER,0.2673689155352701,25.5577429436958,25.5577429436958,1.0,0.0,12,12.0,0.0200176140734737,0.1390227409923853,82.36037528752148,14,10,0.0718864433550563,29.382295397846597,40.10965716026676,0.0874561108639911,29.181332817536816,39.771802331439154,2025-05-26 SP14,T_DINO-5,Dinorwig 5,T_DINO-5,T_DINO,PS,First Hydro Company,PS,97.86666666666666,206.0,330,320.0,T_DINO,First Hydro Company,0.8693083512680931,0.6282051282051282,0.8846153846153846,1.128500794756017,0.13377147748980542,"Lower frequency, higher attribution",
BMU ID,marginal_bmu_id,T_CNQPS-2_OFFER,OFFER,0.2310051357525051,24.242024336056414,24.242024336056414,1.0,0.0,10,8.333333333333332,0.0207380949061244,0.1390227409923853,82.36037528752148,17,11,0.0718864433550563,29.382295397846597,40.10965716026676,0.0874561108639911,29.181332817536816,39.771802331439154,2025-05-26 SP14,T_CNQPS-2,T_CNQPS-2,T_CNQPS-2,T_CNQPS,CCGT,Uniper UK Limited,CCGT,99.67420634920634,257.34285714285716,430,352.0,T_CNQPS,Uniper UK Limited,1.085972305113969,0.717948717948718,0.8717948717948718,1.128500794756017,0.13377147748980542,"Lower frequency, higher attribution",
BMU ID,marginal_bmu_id,T_DINO-4_OFFER,OFFER,0.2158535478253868,13.24035757174099,13.24035757174099,1.0,0.0,17,16.0,0.0116801948828254,0.1390227409923853,82.36037528752148,19,12,0.0718864433550563,29.382295397846597,40.10965716026676,0.0874561108639911,29.181332817536816,39.771802331439154,2025-05-26 SP14,T_DINO-4,Dinorwig 4,T_DINO-4,T_DINO,PS,First Hydro Company,PS,184.3761904761905,387.8095238095238,621,320.0,T_DINO,First Hydro Company,1.6365342609170945,0.8717948717948718,0.8589743589743589,1.128500794756017,0.13377147748980542,"Higher frequency, higher attribution",
BMU ID,marginal_bmu_id,T_ROCK-1_OFFER,OFFER,0.1994621360732888,13.614153079705453,13.614153079705453,1.0,0.0,15,13.0,0.0119388988436153,0.1390227409923853,82.36037528752148,20,13,0.0718864433550563,29.382295397846597,40.10965716026676,0.0874561108639911,29.181332817536816,39.771802331439154,2025-05-26 SP14,T_ROCK-1,Rocksavage Power Station,T_ROCK-1,T_ROCK,CCGT,Rocksavage Power Company Ltd,CCGT,140.39358974358976,384.3333333333333,568,810.0,T_ROCK,Rocksavage Power Company Ltd,1.6218649336765554,0.8589743589743589,0.8461538461538461,1.128500794756017,0.13377147748980542,"Higher frequency, higher attribution",
BMU ID,marginal_bmu_id,T_SHBA-1_OFFER,OFFER,0.1933768867614429,12.403513902353756,12.403513902353756,1.0,0.0,14,12.333333333333332,0.0131337701825452,0.1390227409923853,82.36037528752148,21,14,0.0718864433550563,29.382295397846597,40.10965716026676,0.0874561108639911,29.181332817536816,39.771802331439154,2025-05-26 SP14,T_SHBA-1,SOUTH HUMBER BANK P/S PHASE 1,T_SHBA-1,T_SHBA,CCGT,EP UK INVESTMENTS LIMITED,CCGT,279.04007936507935,454.1166666666667,801,821.4,T_SHBA,EP UK INVESTMENTS LIMITED,1.916346654288166,0.9102564102564102,0.8333333333333334,1.128500794756017,0.13377147748980542,"Higher frequency, higher attribution",
BMU ID,marginal_bmu_id,T_DINO-6_OFFER,OFFER,0.1671257737192718,15.746865728509183,15.746865728509183,1.0,0.0,10,10.0,0.0118804222118645,0.1390227409923853,82.36037528752148,22,15,0.0718864433550563,29.382295397846597,40.10965716026676,0.0874561108639911,29.181332817536816,39.771802331439154,2025-05-26 SP14,T_DINO-6,Dinorwig 6,T_DINO-6,T_DINO,PS,First Hydro Company,PS,133.11904761904762,266.3333333333333,448,320.0,T_DINO,First Hydro Company,1.123911606251143,0.7435897435897436,0.8205128205128205,1.128500794756017,0.13377147748980542,"Lower frequency, higher attribution",
BMU ID,marginal_bmu_id,T_SHBA-2_OFFER,OFFER,0.1578498515199507,10.915995105987156,10.915995105987156,1.0,0.0,16,15.333333333333332,0.008286542026711,0.1390227409923853,82.36037528752148,23,16,0.0718864433550563,29.382295397846597,40.10965716026676,0.0874561108639911,29.181332817536816,39.771802331439154,2025-05-26 SP14,T_SHBA-2,SOUTH HUMBER BANK P/S PHASE 2,T_SHBA-2,T_SHBA,CCGT,EP UK INVESTMENTS LIMITED,CCGT,142.91785714285714,316.6666666666667,493,580.0,T_SHBA,EP UK INVESTMENTS LIMITED,1.3363154267066157,0.8076923076923077,0.8076923076923077,1.128500794756017,0.13377147748980542,"Higher frequency, higher attribution",
BMU ID,marginal_bmu_id,T_FFES-1_OFFER,OFFER,0.1564645125628606,9.69365629581849,9.69365629581849,1.0,0.0,19,18.5,0.0067032003186047,0.1390227409923853,82.36037528752148,24,17,0.0718864433550563,29.382295397846597,40.10965716026676,0.0874561108639911,29.181332817536816,39.771802331439154,2025-05-26 SP14,T_FFES-1,Ffestioniog 1,T_FFES-1,T_FFES,PS,First Hydro Company,PS,42.92063492063492,316.75,391,91.033,T_FFES,First Hydro Company,1.3366670886610121,0.8205128205128205,0.7948717948717948,1.128500794756017,0.13377147748980542,"Higher frequency, higher attribution",
BMU ID,marginal_bmu_id,T_SEAB-2_OFFER,OFFER,0.1536579705410596,16.888753880916937,16.888753880916937,1.0,0.0,7,7.0,0.0126010485197385,0.1390227409923853,82.36037528752148,25,18,0.0718864433550563,29.382295397846597,40.10965716026676,0.0874561108639911,29.181332817536816,39.771802331439154,2025-05-26 SP14,T_SEAB-2,Seabank Power Module 2,T_SEAB-2,T_SEAB,CCGT,Seabank Power Limited,CCGT,160.27777777777777,265.25,453,406.0,T_SEAB,Seabank Power Limited,1.1193400008439889,0.7307692307692307,0.782051282051282,1.128500794756017,0.13377147748980542,"Lower frequency, higher attribution",
BMU ID,marginal_bmu_id,T_FFES-3_OFFER,OFFER,0.1472500163695725,41.89739352330872,41.89739352330872,1.0,0.0,5,5.0,0.0118522186464059,0.1390227409923853,82.36037528752148,27,19,0.0718864433550563,29.382295397846597,40.10965716026676,0.0874561108639911,29.181332817536816,39.771802331439154,2025-05-26 SP14,T_FFES-3,Ffestioniog 3,T_FFES-3,T_FFES,PS,First Hydro Company,PS,0.0,42.5,44,90.0,T_FFES,First Hydro Company,0.17934759674220369,0.10256410256410256,0.7692307692307693,1.128500794756017,0.13377147748980542,"Lower frequency, higher attribution",Less frequent but intense
BMU ID,marginal_bmu_id,T_CNQPS-3_OFFER,OFFER,0.1338990492008367,14.468805435441586,14.468805435441586,1.0,0.0,9,8.5,0.0097912953228148,0.1390227409923853,82.36037528752148,29,20,0.0718864433550563,29.382295397846597,40.10965716026676,0.0874561108639911,29.181332817536816,39.771802331439154,2025-05-26 SP14,T_CNQPS-3,T_CNQPS-3,T_CNQPS-3,T_CNQPS,CCGT,Uniper UK Limited,CCGT,64.33928571428571,236.68333333333334,380,352.0,T_CNQPS,Uniper UK Limited,0.9987902828768762,0.6794871794871795,0.7564102564102564,1.128500794756017,0.13377147748980542,"Lower frequency, higher attribution",
BMU ID,marginal_bmu_id,T_FOYE-1_OFFER,OFFER,0.1333887623567116,14.885676349424529,14.885676349424529,1.0,0.0,8,8.0,0.010242072384494,0.1390227409923853,82.36037528752148,30,21,0.0718864433550563,29.382295397846597,40.10965716026676,0.0874561108639911,29.181332817536816,39.771802331439154,2025-05-26 SP14,T_FOYE-1,Foyers G1,T_FOYE-1,T_FOYE,PS,SSE Generation Ltd,PS,102.15,230.8373015873016,358,160.0,T_FOYE,SSE Generation Ltd,0.9741203594855957,0.6666666666666666,0.7435897435897436,1.128500794756017,0.13377147748980542,"Lower frequency, lower attribution",
BMU ID,marginal_bmu_id,T_CNQPS-4_OFFER,OFFER,0.1280450649193558,11.560972796986304,11.560972796986304,1.0,0.0,14,11.833333333333334,0.0072651122872407,0.1390227409923853,82.36037528752148,31,22,0.0718864433550563,29.382295397846597,40.10965716026676,0.0874561108639911,29.181332817536816,39.771802331439154,2025-05-26 SP14,T_CNQPS-4,T_CNQPS-4,T_CNQPS-4,T_CNQPS,CCGT,Uniper UK Limited,CCGT,50.103968253968254,243.66666666666666,342,352.0,T_CNQPS,Uniper UK Limited,1.028259554655301,0.6923076923076923,0.7307692307692307,1.128500794756017,0.13377147748980542,"Lower frequency, lower attribution",
BMU ID,marginal_bmu_id,T_FOYE-2_OFFER,OFFER,0.1268568842045628,15.730581154667377,15.730581154667377,1.0,0.0,8,8.0,0.0089769179343105,0.1390227409923853,82.36037528752148,32,23,0.0718864433550563,29.382295397846597,40.10965716026676,0.0874561108639911,29.181332817536816,39.771802331439154,2025-05-26 SP14,T_FOYE-2,Foyers G2,T_FOYE-2,T_FOYE,PS,SSE Generation Ltd,PS,108.25,185.54166666666666,311,160.0,T_FOYE,SSE Generation Ltd,0.7829753414637577,0.6025641025641025,0.717948717948718,1.128500794756017,0.13377147748980542,"Lower frequency, lower attribution",
BMU ID,marginal_bmu_id,T_CRUA-4_OFFER,OFFER,0.1214687986477151,17.292013166957478,17.292013166957478,1.0,0.0,8,7.5,0.0090382791515942,0.1390227409923853,82.36037528752148,34,24,0.0718864433550563,29.382295397846597,40.10965716026676,0.0874561108639911,29.181332817536816,39.771802331439154,2025-05-26 SP14,T_CRUA-4,T_CRUA-4,T_CRUA-4,T_CRUA,PS,Drax Pumped Storage Limited,PS,70.4968253968254,152.13333333333333,275,104.0,T_CRUA,Drax Pumped Storage Limited,0.6419940639462098,0.5256410256410257,0.7051282051282052,1.128500794756017,0.13377147748980542,"Lower frequency, lower attribution",
BMU ID,marginal_bmu_id,T_CARR-1_OFFER,OFFER,0.1167152417706766,7.022274768925446,7.022274768925446,1.0,0.0,18,17.5,0.0049064877461655,0.1390227409923853,82.36037528752148,35,25,0.0718864433550563,29.382295397846597,40.10965716026676,0.0874561108639911,29.181332817536816,39.771802331439154,2025-05-26 SP14,T_CARR-1,Carrington Power Ltd - Unit 1,T_CARR-1,T_CARR,CCGT,Carrington Power Ltd,CCGT,269.68333333333334,366.64444444444445,726,470.0,T_CARR,Carrington Power Ltd,1.54721882282333,0.8333333333333334,0.6923076923076923,1.128500794756017,0.13377147748980542,"Higher frequency, lower attribution",
BMU ID,marginal_bmu_id,T_SPLN-1_OFFER,OFFER,0.1132996482377779,9.477685446827763,9.477685446827763,1.0,0.0,13,11.333333333333332,0.0065474581221009,0.1390227409923853,82.36037528752148,37,26,0.0718864433550563,29.382295397846597,40.10965716026676,0.0874561108639911,29.181332817536816,39.771802331439154,2025-05-26 SP14,T_SPLN-1,Spalding Power Station,T_SPLN-1,T_SPLN,CCGT,Spalding Energy Company Ltd,CCGT,308.6388999889,294.7492424242424,704,950.0,T_SPLN,Spalding Energy Company Ltd,1.243825135773484,0.782051282051282,0.6794871794871795,1.128500794756017,0.13377147748980542,"Higher frequency, lower attribution",
BMU ID,marginal_bmu_id,T_CARR-2_OFFER,OFFER,0.1089869431050768,7.379126054673543,7.379126054673543,1.0,0.0,17,16.0,0.004693053623431,0.1390227409923853,82.36037528752148,38,27,0.0718864433550563,29.382295397846597,40.10965716026676,0.0874561108639911,29.181332817536816,39.771802331439154,2025-05-26 SP14,T_CARR-2,Carrington Power Ltd - Unit 2,T_CARR-2,T_CARR,CCGT,Carrington Power Ltd,CCGT,279.30119047619047,313.95,675,470.0,T_CARR,Carrington Power Ltd,1.3248512469932905,0.7948717948717948,0.6666666666666666,1.128500794756017,0.13377147748980542,"Higher frequency, lower attribution",
BMU ID,marginal_bmu_id,T_FFES-2_OFFER,OFFER,0.1059726094473002,11.026592086491773,11.026592086491773,1.0,0.0,9,9.0,0.0064085894173993,0.1390227409923853,82.36037528752148,39,28,0.0718864433550563,29.382295397846597,40.10965716026676,0.0874561108639911,29.181332817536816,39.771802331439154,2025-05-26 SP14,T_FFES-2,Ffestioniog 2,T_FFES-2,T_FFES,PS,First Hydro Company,PS,54.83015873015873,244.33333333333334,327,91.875,T_FFES,First Hydro Company,1.0310728502904731,0.7051282051282052,0.6538461538461539,1.128500794756017,0.13377147748980542,"Lower frequency, lower attribution",
BMU ID,marginal_bmu_id,T_GRAI-8_OFFER,OFFER,0.1002679020781617,10.662162590825538,10.662162590825538,1.0,0.0,16,9.916666666666666,0.0058855302219272,0.1390227409923853,82.36037528752148,41,29,0.0718864433550563,29.382295397846597,40.10965716026676,0.0874561108639911,29.181332817536816,39.771802331439154,2025-05-26 SP14,T_GRAI-8,T_GRAI-8,T_GRAI-8,T_GRAI,CCGT,Uniper UK Limited,CCGT,587.4039793539794,206.65,1463,468.0,T_GRAI,Uniper UK Limited,0.8720513145123857,0.6410256410256411,0.6410256410256411,1.128500794756017,0.13377147748980542,"Lower frequency, lower attribution",
BMU ID,marginal_bmu_id,T_WBURB-3_OFFER,OFFER,0.0873060249952264,7.4502436774580705,7.4502436774580705,1.0,0.0,12,11.0,0.004746214284886,0.1390227409923853,82.36037528752148,44,30,0.0718864433550563,29.382295397846597,40.10965716026676,0.0874561108639911,29.181332817536816,39.771802331439154,2025-05-26 SP14,T_WBURB-3,West Burton B Unit 3,T_WBURB-3,T_WBURB_CC,CCGT,West Burton B Limited,CCGT,525.0832722832723,294.71666666666664,1224,470.0,T_WBURB_CC,West Burton B Limited,1.2436876679185833,0.7692307692307693,0.6282051282051282,1.128500794756017,0.13377147748980542,"Higher frequency, lower attribution",
BMU ID,marginal_bmu_id,T_DINO-1_OFFER,OFFER,0.0872463095110227,3.8567328245284767,3.8567328245284767,1.0,0.0,23,22.5,0.0030394564496294,0.1390227409923853,82.36037528752148,45,31,0.0718864433550563,29.382295397846597,40.10965716026676,0.0874561108639911,29.181332817536816,39.771802331439154,2025-05-26 SP14,T_DINO-1,Dinorwig 1,T_DINO-1,T_DINO,PS,First Hydro Company,PS,99.45,543.3705128205128,683,320.0,T_DINO,First Hydro Company,2.292992837998535,0.9358974358974359,0.6153846153846154,1.128500794756017,0.13377147748980542,"Higher frequency, lower attribution",
BMU ID,marginal_bmu_id,T_KILLPG-2_OFFER,OFFER,0.0733038332054845,11.219715647973883,11.219715647973883,1.0,0.0,8,7.5,0.0042546953938585,0.1390227409923853,82.36037528752148,47,32,0.0718864433550563,29.382295397846597,40.10965716026676,0.0874561108639911,29.181332817536816,39.771802331439154,2025-05-26 SP14,T_KILLPG-2,T_KILLPG-2,T_KILLPG-2,T_KILLPG,CCGT,Uniper UK Limited,CCGT,1.0,125.0,130,316.0,T_KILLPG,Uniper UK Limited,0.5274929315947167,0.44871794871794873,0.6025641025641025,1.128500794756017,0.13377147748980542,"Lower frequency, lower attribution",
BMU ID,marginal_bmu_id,T_WBURB-1_OFFER,OFFER,0.0632858807279499,5.563995312082647,5.563995312082647,1.0,0.0,13,11.5,0.002975714123439,0.1390227409923853,82.36037528752148,49,33,0.0718864433550563,29.382295397846597,40.10965716026676,0.0874561108639911,29.181332817536816,39.771802331439154,2025-05-26 SP14,T_WBURB-1,West Burton B Unit 1,T_WBURB-1,T_WBURB_CC,CCGT,West Burton B Limited,CCGT,399.27335164835165,267.78333333333336,1059,470.0,T_WBURB_CC,West Burton B Limited,1.1300305242576418,0.7564102564102564,0.5897435897435898,1.128500794756017,0.13377147748980542,"Higher frequency, lower attribution",
BMU ID,marginal_bmu_id,T_CRUA-2_OFFER,OFFER,0.0610158070370466,11.80125604565584,11.80125604565584,1.0,0.0,5,4.5,0.0052124582251304,0.1390227409923853,82.36037528752148,50,34,0.0718864433550563,29.382295397846597,40.10965716026676,0.0874561108639911,29.181332817536816,39.771802331439154,2025-05-26 SP14,T_CRUA-2,T_CRUA-2,T_CRUA-2,T_CRUA,PS,Drax Pumped Storage Limited,PS,151.59107142857144,138.45833333333334,368,124.76,T_CRUA,Drax Pumped Storage Limited,0.5842863372297479,0.5,0.5769230769230769,1.128500794756017,0.13377147748980542,"Lower frequency, lower attribution",
BMU ID,marginal_bmu_id,I_IVG-INCM1_OFFER,OFFER,0.0410741766770417,21.45675718553136,21.45675718553136,1.0,0.0,3,3.0,0.0030552725258815,0.1390227409923853,82.36037528752148,60,35,0.0718864433550563,29.382295397846597,40.10965716026676,0.0874561108639911,29.181332817536816,39.771802331439154,2025-05-26 SP14,I_IVG-INCM1,—,I_IVG-INCM1,I_IVG-INCM,Viking,IN COMMODITIES A/S,VIKING,0.0,14.0,14,,I_IVG-INCM,IN COMMODITIES A/S,0.059079208338608274,0.038461538461538464,0.5641025641025641,1.128500794756017,0.13377147748980542,"Lower frequency, lower attribution",
BMU ID,marginal_bmu_id,T_KEAD-1_OFFER,OFFER,0.0404909149118479,8.31527662835632,8.31527662835632,1.0,0.0,5,5.0,0.0026617091461285,0.1390227409923853,82.36037528752148,61,36,0.0718864433550563,29.382295397846597,40.10965716026676,0.0874561108639911,29.181332817536816,39.771802331439154,2025-05-26 SP14,T_KEAD-1,KGL CCGT 1,T_KEAD-1,T_KEAD,CCGT,Keadby Generation Limited,CCGT,87.60952380952381,110.23333333333333,241,764.0,T_KEAD,Keadby Generation Limited,0.4651784332756609,0.4230769230769231,0.5512820512820513,1.128500794756017,0.13377147748980542,"Lower frequency, lower attribution",
BMU ID,marginal_bmu_id,T_SCCL-1_OFFER,OFFER,0.0357616585690481,5.136015317161818,5.136015317161818,1.0,0.0,7,7.0,0.0019830616689938,0.1390227409923853,82.36037528752148,64,37,0.0718864433550563,29.382295397846597,40.10965716026676,0.0874561108639911,29.181332817536816,39.771802331439154,2025-05-26 SP14,T_SCCL-1,Unit 1,T_SCCL-1,T_SCCL,CCGT,SCCL,CCGT,103.77738095238095,162.33333333333334,292,408.2,T_SCCL,SCCL,0.6850374871643388,0.5512820512820513,0.5384615384615384,1.128500794756017,0.13377147748980542,"Lower frequency, lower attribution",
BMU ID,marginal_bmu_id,T_DIDCB5_OFFER,OFFER,0.0334514531786614,4.8756504681202735,4.8756504681202735,1.0,0.0,8,7.5,0.0015991775647855,0.1390227409923853,82.36037528752148,65,38,0.0718864433550563,29.382295397846597,40.10965716026676,0.0874561108639911,29.181332817536816,39.771802331439154,2025-05-26 SP14,T_DIDCB5,Didcot B main unit 5,T_DIDCB5,T_DIDCB,CCGT,RWE Generation UK plc,CCGT,186.88571428571427,139.33333333333334,384,770.0,T_DIDCB,RWE Generation UK plc,0.587978787750911,0.5128205128205128,0.5256410256410257,1.128500794756017,0.13377147748980542,"Lower frequency, lower attribution",
BMU ID,marginal_bmu_id,T_MEDP-1_OFFER,OFFER,0.0313565805457767,3.6135547471488345,3.6135547471488345,1.0,0.0,11,10.5,0.0013461551622083,0.1390227409923853,82.36037528752148,66,39,0.0718864433550563,29.382295397846597,40.10965716026676,0.0874561108639911,29.181332817536816,39.771802331439154,2025-05-26 SP14,T_MEDP-1,Medway Power,T_MEDP-1,T_MEDP,CCGT,Medway Power Ltd,CCGT,111.77619047619048,156.66666666666666,302,750.0,T_MEDP,Medway Power Ltd,0.6611244742653782,0.5384615384615384,0.5128205128205128,1.128500794756017,0.13377147748980542,"Lower frequency, lower attribution",
BMU ID,marginal_bmu_id,T_SCCL-2_OFFER,OFFER,0.0295793160089894,4.903758482549392,4.903758482549392,1.0,0.0,7,6.2,0.0017884501429197,0.1390227409923853,82.36037528752148,67,40,0.0718864433550563,29.382295397846597,40.10965716026676,0.0874561108639911,29.181332817536816,39.771802331439154,2025-05-26 SP14,T_SCCL-2,Unit 2,T_SCCL-2,T_SCCL,CCGT,SCCL,CCGT,102.55757575757576,133.93333333333334,256,409.1,T_SCCL,SCCL,0.5651910931060191,0.47435897435897434,0.5,1.128500794756017,0.13377147748980542,"Lower frequency, lower attribution",
BMU ID,marginal_bmu_id,T_MRWD-1_OFFER,OFFER,0.0286925107768039,1.816649851555568,1.816649851555568,1.0,0.0,16,14.5,0.0010341577401111,0.1390227409923853,82.36037528752148,68,41,0.0718864433550563,29.382295397846597,40.10965716026676,0.0874561108639911,29.181332817536816,39.771802331439154,2025-05-26 SP14,T_MRWD-1,Marchwood Power Ltd,T_MRWD-1,T_MRWD,CCGT,Marchwood Power Limited,CCGT,672.0130952380953,417.0833333333333,1217,920.0,T_MRWD,Marchwood Power Limited,1.7600680817543712,0.8974358974358975,0.48717948717948717,1.128500794756017,0.13377147748980542,"Higher frequency, lower attribution",Frequent but routine
BMU ID,marginal_bmu_id,I_IVG-MFTE1_OFFER,OFFER,0.0247295154146743,14.666921131342042,14.666921131342042,1.0,0.0,3,3.0,0.0011540008891934,0.1390227409923853,82.36037528752148,72,42,0.0718864433550563,29.382295397846597,40.10965716026676,0.0874561108639911,29.181332817536816,39.771802331439154,2025-05-26 SP14,I_IVG-MFTE1,—,I_IVG-MFTE1,I_IVG-MFTE,Viking,MFT Energy A/S,VIKING,0.0,4.0,4,,I_IVG-MFTE,MFT Energy A/S,0.016879773811030934,0.01282051282051282,0.47435897435897434,1.128500794756017,0.13377147748980542,"Lower frequency, lower attribution",
BMU ID,marginal_bmu_id,T_DIDCB6_OFFER,OFFER,0.0243821472932969,5.710260098270951,5.710260098270951,1.0,0.0,4,4.0,0.0017278981034699,0.1390227409923853,82.36037528752148,73,43,0.0718864433550563,29.382295397846597,40.10965716026676,0.0874561108639911,29.181332817536816,39.771802331439154,2025-05-26 SP14,T_DIDCB6,Didcot B main unit 6,T_DIDCB6,T_DIDCB,CCGT,RWE Generation UK plc,CCGT,169.2213675213675,106.36666666666666,324,720.0,T_DIDCB,RWE Generation UK plc,0.4488613185916642,0.3974358974358974,0.46153846153846156,1.128500794756017,0.13377147748980542,"Lower frequency, lower attribution",
BMU ID,marginal_bmu_id,I_IBG-INCM1_OFFER,OFFER,0.0241068367456211,11.903492448315268,11.903492448315268,1.0,0.0,3,3.0,0.0022217859670306,0.1390227409923853,82.36037528752148,74,44,0.0718864433550563,29.382295397846597,40.10965716026676,0.0874561108639911,29.181332817536816,39.771802331439154,2025-05-26 SP14,I_IBG-INCM1,—,I_IBG-INCM1,I_IBG-INCM,BritNed,IN COMMODITIES A/S,BRITNED,0.0,21.0,21,,I_IBG-INCM,IN COMMODITIES A/S,0.08861881250791241,0.05128205128205128,0.44871794871794873,1.128500794756017,0.13377147748980542,"Lower frequency, lower attribution",
BMU ID,marginal_bmu_id,T_LBAR-1_OFFER,OFFER,0.0240416895929483,4.945482817002447,4.945482817002447,1.0,0.0,5,5.0,0.0016819856401533,0.1390227409923853,82.36037528752148,75,45,0.0718864433550563,29.382295397846597,40.10965716026676,0.0874561108639911,29.181332817536816,39.771802331439154,2025-05-26 SP14,T_LBAR-1,Little Barford main unit 1,T_LBAR-1,T_LBAR,CCGT,RWE Generation UK plc,CCGT,82.05992063492063,106.58333333333333,253,750.0,T_LBAR,RWE Generation UK plc,0.4497756396730951,0.41025641025641024,0.4358974358974359,1.128500794756017,0.13377147748980542,"Lower frequency, lower attribution",
BMU ID,marginal_bmu_id,T_LAGA-1_OFFER,OFFER,0.0215760652510918,2.636185025527022,2.636185025527022,1.0,0.0,9,9.0,0.0009239482277238,0.1390227409923853,82.36037528752148,79,46,0.0718864433550563,29.382295397846597,40.10965716026676,0.0874561108639911,29.181332817536816,39.771802331439154,2025-05-26 SP14,T_LAGA-1,Langage Power Station,T_LAGA-1,T_LAGA,CCGT,EP UK INVESTMENTS LIMITED,CCGT,117.30873015873016,168.5,308,905.0,T_LAGA,EP UK INVESTMENTS LIMITED,0.7110604717896781,0.5769230769230769,0.4230769230769231,1.128500794756017,0.13377147748980542,"Lower frequency, lower attribution",
BMU ID,marginal_bmu_id,E_SHOS-1_OFFER,OFFER,0.0212136055880923,2.011888772815154,2.011888772815154,1.0,0.0,13,11.5,0.000781276396742,0.1390227409923853,82.36037528752148,81,47,0.0718864433550563,29.382295397846597,40.10965716026676,0.0874561108639911,29.181332817536816,39.771802331439154,2025-05-26 SP14,E_SHOS-1,Shoreham Power Station,E_SHOS-1,E_SHOS,CCGT,VPI Power Limited,CCGT,557.536507936508,219.11666666666667,896,460.0,E_SHOS,VPI Power Limited,0.9246599428900988,0.6538461538461539,0.41025641025641024,1.128500794756017,0.13377147748980542,"Lower frequency, lower attribution",
BMU ID,marginal_bmu_id,T_WBURB-2_OFFER,OFFER,0.0143525959440388,2.2876550190211105,2.2876550190211105,1.0,0.0,5,5.0,0.0008560342409192,0.1390227409923853,82.36037528752148,93,48,0.0718864433550563,29.382295397846597,40.10965716026676,0.0874561108639911,29.181332817536816,39.771802331439154,2025-05-26 SP14,T_WBURB-2,West Burton B Unit 2,T_WBURB-2,T_WBURB_CC,CCGT,West Burton B Limited,CCGT,523.3808913308914,179.36666666666667,1068,470.0,T_WBURB_CC,West Burton B Limited,0.7569171906429789,0.5897435897435898,0.3974358974358974,1.128500794756017,0.13377147748980542,"Lower frequency, lower attribution",
BMU ID,marginal_bmu_id,T_PEMB-21_OFFER,OFFER,0.0127593794425916,2.443082961215388,2.443082961215388,1.0,0.0,6,6.0,0.0007127365372915,0.1390227409923853,82.36037528752148,96,49,0.0718864433550563,29.382295397846597,40.10965716026676,0.0874561108639911,29.181332817536816,39.771802331439154,2025-05-26 SP14,T_PEMB-21,Pembroke Unit 21,T_PEMB-21,T_PEMB,CCGT,RWE Generation UK plc,CCGT,224.98763736263737,92.95,551,475.0,T_PEMB,RWE Generation UK plc,0.3922437439338313,0.358974358974359,0.38461538461538464,1.128500794756017,0.13377147748980542,"Lower frequency, lower attribution",
BMU ID,marginal_bmu_id,T_FFES-4_OFFER,OFFER,0.0124869439515052,2.332264004456676,2.332264004456676,1.0,0.0,7,6.5,0.0006038883253754,0.1390227409923853,82.36037528752148,97,50,0.0718864433550563,29.382295397846597,40.10965716026676,0.0874561108639911,29.181332817536816,39.771802331439154,2025-05-26 SP14,T_FFES-4,Ffestioniog 4,T_FFES-4,T_FFES,PS,First Hydro Company,PS,27.2,89.33333333333333,138,90.92,T_FFES,First Hydro Company,0.37698161511302414,0.32051282051282054,0.3717948717948718,1.128500794756017,0.13377147748980542,"Lower frequency, lower attribution",
BMU ID,marginal_bmu_id,T_PEMB-31_OFFER,OFFER,0.0096332781353169,1.9859292721498063,1.9859292721498063,1.0,0.0,6,4.833333333333334,0.0005518832562926,0.1390227409923853,82.36037528752148,102,51,0.0718864433550563,29.382295397846597,40.10965716026676,0.0874561108639911,29.181332817536816,39.771802331439154,2025-05-26 SP14,T_PEMB-31,Pembroke Unit 31,T_PEMB-31,T_PEMB,CCGT,RWE Generation UK plc,CCGT,198.9424603174603,103.03333333333333,469,475.0,T_PEMB,RWE Generation UK plc,0.4347948404158052,0.3717948717948718,0.358974358974359,1.128500794756017,0.13377147748980542,"Lower frequency, lower attribution",
BMU ID,marginal_bmu_id,T_GLNDO-1_OFFER,OFFER,0.0091520614775962,1.98003746221288,1.98003746221288,1.0,0.0,4,4.0,0.0005842198714103,0.1390227409923853,82.36037528752148,106,52,0.0718864433550563,29.382295397846597,40.10965716026676,0.0874561108639911,29.181332817536816,39.771802331439154,2025-05-26 SP14,T_GLNDO-1,Glendoe Generator 1,T_GLNDO-1,T_GLNDO,NPSHYD,SSE Generation Ltd,NPSHYD,25.92738095238095,123.10119047619048,213,100.0,T_GLNDO,SSE Generation Ltd,0.5194800627766827,0.4358974358974359,0.34615384615384615,1.128500794756017,0.13377147748980542,"Lower frequency, lower attribution",
BMU ID,marginal_bmu_id,T_RATS-4_OFFER,OFFER,0.0063756998285947,3.3602406144244603,3.3602406144244603,1.0,0.0,3,1.8333333333333333,0.0006414309713555,0.1390227409923853,82.36037528752148,109,53,0.0718864433550563,29.382295397846597,40.10965716026676,0.0874561108639911,29.181332817536816,39.771802331439154,2025-05-26 SP14,T_RATS-4,T_RATS-4,T_RATS-4,T_RATS,COAL,Uniper UK Limited,COAL,46.871464646464645,43.25,165,0.0,T_RATS,Uniper UK Limited,0.182512554331772,0.11538461538461539,0.3333333333333333,1.128500794756017,0.13377147748980542,"Lower frequency, lower attribution",
BMU ID,marginal_bmu_id,E_DOLLB-1_OFFER,OFFER,0.0052826502936968,0.8466919345224095,0.8466919345224095,1.0,0.0,6,5.5,0.0002606547040452,0.1390227409923853,82.36037528752148,110,54,0.0718864433550563,29.382295397846597,40.10965716026676,0.0874561108639911,29.181332817536816,39.771802331439154,2025-05-26 SP14,E_DOLLB-1,Dollymans Storage,E_DOLLB-1,E_DOLLB,BATTERY,Dollymans Storage Limited,BATTERY,215.9567821067821,162.76709956709956,426,102.0,E_DOLLB,Dollymans Storage Limited,0.6868679561425479,0.5641025641025641,0.32051282051282054,1.128500794756017,0.13377147748980542,"Lower frequency, lower attribution",Highest-ranked battery
BMU ID,marginal_bmu_id,T_KILLPG-1_OFFER,OFFER,0.004740741900461,1.5754141150829115,1.5754141150829115,1.0,0.0,4,4.0,0.0002892694673836,0.1390227409923853,82.36037528752148,111,55,0.0718864433550563,29.382295397846597,40.10965716026676,0.0874561108639911,29.181332817536816,39.771802331439154,2025-05-26 SP14,T_KILLPG-1,T_KILLPG-1,T_KILLPG-1,T_KILLPG,CCGT,Uniper UK Limited,CCGT,0.0,40.5,45,311.0,T_KILLPG,Uniper UK Limited,0.1709077098366882,0.07692307692307693,0.3076923076923077,1.128500794756017,0.13377147748980542,"Lower frequency, lower attribution",
BMU ID,marginal_bmu_id,T_RATS-3_OFFER,OFFER,0.0042317274504833,1.1146476224962742,1.1146476224962742,1.0,0.0,3,3.0,0.0002848998827615,0.1390227409923853,82.36037528752148,114,56,0.0718864433550563,29.382295397846597,40.10965716026676,0.0874561108639911,29.181332817536816,39.771802331439154,2025-05-26 SP14,T_RATS-3,T_RATS-3,T_RATS-3,T_RATS,COAL,Uniper UK Limited,COAL,48.45836940836941,104.91666666666667,233,0.0,T_RATS,Uniper UK Limited,0.4427424005851656,0.38461538461538464,0.2948717948717949,1.128500794756017,0.13377147748980542,"Lower frequency, lower attribution",
BMU ID,marginal_bmu_id,E_BURWB-1_OFFER,OFFER,0.0031558630220433,1.610821587179767,1.610821587179767,1.0,0.0,1,1.0,0.0003113742841807,0.1390227409923853,82.36037528752148,120,57,0.0718864433550563,29.382295397846597,40.10965716026676,0.0874561108639911,29.181332817536816,39.771802331439154,2025-05-26 SP14,E_BURWB-1,Burwell Weirs Drove BESS,E_BURWB-1,E_BURWB_OTH,OTHER,Arenko Cleantech Limited,OTHER,113.67424242424242,72.7,226,50.533,E_BURWB_OTH,Arenko Cleantech Limited,0.30678988901548726,0.2564102564102564,0.28205128205128205,1.128500794756017,0.13377147748980542,"Lower frequency, lower attribution",
BMU ID,marginal_bmu_id,2__DSTAT002_OFFER,OFFER,0.0024252383784871,0.5975589666052121,0.5975589666052121,1.0,0.0,5,5.0,9.85495959035284e-05,0.1390227409923853,82.36037528752148,127,58,0.0718864433550563,29.382295397846597,40.10965716026676,0.0874561108639911,29.181332817536816,39.771802331439154,2025-05-26 SP14,2__DSTAT002,STAT_D3,2__DSTAT002,2__DSTAT,BATTERY,Statkraft Markets Gmbh,BATTERY,1.5,66.625,78,14.0,2__DSTAT,Statkraft Markets Gmbh,0.281153732539984,0.21794871794871795,0.2692307692307692,1.128500794756017,0.13377147748980542,"Lower frequency, lower attribution",
BMU ID,marginal_bmu_id,T_DRAXX-3_OFFER,OFFER,0.0021868006390019,0.7856685268848965,0.7856685268848965,1.0,0.0,2,2.0,0.0001329001912046,0.1390227409923853,82.36037528752148,129,59,0.0718864433550563,29.382295397846597,40.10965716026676,0.0874561108639911,29.181332817536816,39.771802331439154,2025-05-26 SP14,T_DRAXX-3,T_DRAXX-3,T_DRAXX-3,T_DRAXX,BIOMASS,Drax Power Ltd,BIOMASS,455.3571178821179,90.16666666666667,829,661.4,T_DRAXX,Drax Power Ltd,0.38049823465698906,0.3333333333333333,0.2564102564102564,1.128500794756017,0.13377147748980542,"Lower frequency, lower attribution",
BMU ID,marginal_bmu_id,T_STAY-2_OFFER,OFFER,0.0021806920680721,0.7623130451083062,0.7623130451083062,1.0,0.0,2,2.0,0.0001329423225057,0.1390227409923853,82.36037528752148,130,60,0.0718864433550563,29.382295397846597,40.10965716026676,0.0874561108639911,29.181332817536816,39.771802331439154,2025-05-26 SP14,T_STAY-2,Staythorpe Unit 2,T_STAY-2,T_STAY,CCGT,RWE Generation UK plc,CCGT,258.2968253968254,81.41666666666667,545,464.0,T_STAY,RWE Generation UK plc,0.34357372944535886,0.2948717948717949,0.24358974358974358,1.128500794756017,0.13377147748980542,"Lower frequency, lower attribution",
BMU ID,marginal_bmu_id,E_FDUN-1_OFFER,OFFER,0.0012379778168992,1.5460411260873523,1.5460411260873523,1.0,0.0,1,1.0,0.0001201869185853,0.1390227409923853,82.36037528752148,144,61,0.0718864433550563,29.382295397846597,40.10965716026676,0.0874561108639911,29.181332817536816,39.771802331439154,2025-05-26 SP14,E_FDUN-1,Fort Dunlop,E_FDUN-1,E_FDUN,OCGT,Whitetower Energy Limited,OCGT,0.0,10.2,14,99.0,E_FDUN,Whitetower Energy Limited,0.04304342321812888,0.02564102564102564,0.23076923076923078,1.128500794756017,0.13377147748980542,"Lower frequency, lower attribution",
BMU ID,marginal_bmu_id,T_STAY-1_OFFER,OFFER,0.0012206665154427,0.687460454899805,0.687460454899805,1.0,0.0,2,0.75,0.0001456914619522,0.1390227409923853,82.36037528752148,145,62,0.0718864433550563,29.382295397846597,40.10965716026676,0.0874561108639911,29.181332817536816,39.771802331439154,2025-05-26 SP14,T_STAY-1,Staythorpe Unit 1,T_STAY-1,T_STAY,CCGT,RWE Generation UK plc,CCGT,195.71505439005438,61.166666666666664,408,464.0,T_STAY,RWE Generation UK plc,0.2581198745270147,0.19230769230769232,0.21794871794871795,1.128500794756017,0.13377147748980542,"Lower frequency, lower attribution",
BMU ID,marginal_bmu_id,2__MSTAT002_OFFER,OFFER,0.001161713775837,0.4035094295613576,0.4035094295613576,1.0,0.0,4,2.6666666666666665,7.277154773725749e-05,0.1390227409923853,82.36037528752148,146,63,0.0718864433550563,29.382295397846597,40.10965716026676,0.0874561108639911,29.181332817536816,39.771802331439154,2025-05-26 SP14,2__MSTAT002,STAT_M3,2__MSTAT002,2__MSTAT_B,BATTERY,Statkraft Markets Gmbh,BATTERY,1.125,66.67851037851038,90,50.51,2__MSTAT_B,Statkraft Markets Gmbh,0.2813795433114335,0.23076923076923078,0.20512820512820512,1.128500794756017,0.13377147748980542,"Lower frequency, lower attribution",
BMU ID,marginal_bmu_id,2__GSTAT001_OFFER,OFFER,0.0010542936609209,0.4305247288113977,0.4305247288113977,1.0,0.0,6,2.8095238095238093,4.600979436583824e-05,0.1390227409923853,82.36037528752148,150,64,0.0718864433550563,29.382295397846597,40.10965716026676,0.0874561108639911,29.181332817536816,39.771802331439154,2025-05-26 SP14,2__GSTAT001,STAT_G2,2__GSTAT001,2__GSTAT_B,BATTERY,Statkraft Markets Gmbh,BATTERY,0.75,44.49710012210012,88,20.0,2__GSTAT_B,Statkraft Markets Gmbh,0.18777524632696174,0.1282051282051282,0.19230769230769232,1.128500794756017,0.13377147748980542,"Lower frequency, lower attribution",
BMU ID,marginal_bmu_id,2__FSTAT001_OFFER,OFFER,0.0009616481691713,0.5386747983637118,0.5386747983637118,1.0,0.0,3,1.5,0.0001013824474515,0.1390227409923853,82.36037528752148,152,65,0.0718864433550563,29.382295397846597,40.10965716026676,0.0874561108639911,29.181332817536816,39.771802331439154,2025-05-26 SP14,2__FSTAT001,STAT_F2,2__FSTAT001,2__FSTAT,BATTERY,Statkraft Markets Gmbh,BATTERY,0.8333333333333333,45.547161172161175,72,50.0,2__FSTAT,Statkraft Markets Gmbh,0.1922064445801628,0.14102564102564102,0.1794871794871795,1.128500794756017,0.13377147748980542,"Lower frequency, lower attribution",
BMU ID,marginal_bmu_id,2__FSTAT003_OFFER,OFFER,0.0008296175430354,0.8530246326195828,0.8530246326195828,1.0,0.0,1,0.0769230769230769,0.0001394304846862,0.1390227409923853,82.36037528752148,155,66,0.0718864433550563,29.382295397846597,40.10965716026676,0.0874561108639911,29.181332817536816,39.771802331439154,2025-05-26 SP14,2__FSTAT003,STAT_F4,2__FSTAT003,2__FSTAT,BATTERY,Statkraft Markets Gmbh,BATTERY,11.93452380952381,41.567435342435346,93,50.0,2__FSTAT,Statkraft Markets Gmbh,0.17541222662124045,0.08974358974358974,0.16666666666666666,1.128500794756017,0.13377147748980542,"Lower frequency, lower attribution",
BMU ID,marginal_bmu_id,T_DRAXX-2_OFFER,OFFER,0.0008035427072836,0.1449622133532634,0.1449622133532634,1.0,0.0,7,6.25,2.9920577606301213e-05,0.1390227409923853,82.36037528752148,157,67,0.0718864433550563,29.382295397846597,40.10965716026676,0.0874561108639911,29.181332817536816,39.771802331439154,2025-05-26 SP14,T_DRAXX-2,T_DRAXX-2,T_DRAXX-2,T_DRAXX,BIOMASS,Drax Power Ltd,BIOMASS,447.699975024975,126.41666666666667,863,669.4,T_DRAXX,Drax Power Ltd,0.5334711848194569,0.46153846153846156,0.15384615384615385,1.128500794756017,0.13377147748980542,"Lower frequency, lower attribution",
BMU ID,marginal_bmu_id,2__JSTAT001_OFFER,OFFER,0.0007948569743346,0.1962373662794431,0.1962373662794431,1.0,0.0,5,5.0,4.510217636192143e-05,0.1390227409923853,82.36037528752148,158,68,0.0718864433550563,29.382295397846597,40.10965716026676,0.0874561108639911,29.181332817536816,39.771802331439154,2025-05-26 SP14,2__JSTAT001,STAT_J2,2__JSTAT001,2__JSTAT,BATTERY,Statkraft Markets Gmbh,BATTERY,0.0,59.833333333333336,61,22.0,2__JSTAT,Statkraft Markets Gmbh,0.2524932832566711,0.16666666666666666,0.14102564102564102,1.128500794756017,0.13377147748980542,"Lower frequency, lower attribution",
BMU ID,marginal_bmu_id,T_CDCL-1_OFFER,OFFER,0.0007508698388546,0.1388825016930306,0.1388825016930306,1.0,0.0,6,4.166666666666667,3.74426824836994e-05,0.1390227409923853,82.36037528752148,164,69,0.0718864433550563,29.382295397846597,40.10965716026676,0.0874561108639911,29.181332817536816,39.771802331439154,2025-05-26 SP14,T_CDCL-1,T_CDCL-1,T_CDCL-1,T_CDCL,CCGT,Uniper UK Limited,CCGT,381.1198162948163,134.1,822,445.0,T_CDCL,Uniper UK Limited,0.5658944170148121,0.48717948717948717,0.1282051282051282,1.128500794756017,0.13377147748980542,"Lower frequency, lower attribution",
BMU ID,marginal_bmu_id,2__ESTAT001_OFFER,OFFER,0.0007370185421357,0.1976713364350721,0.1976713364350721,1.0,0.0,4,4.0,3.704436033250644e-05,0.1390227409923853,82.36037528752148,166,70,0.0718864433550563,29.382295397846597,40.10965716026676,0.0874561108639911,29.181332817536816,39.771802331439154,2025-05-26 SP14,2__ESTAT001,STAT_E2,2__ESTAT001,2__ESTAT_B,BATTERY,Statkraft Markets Gmbh,BATTERY,3.0,55.676923076923075,63,20.475,2__ESTAT_B,Statkraft Markets Gmbh,0.2349534670081575,0.15384615384615385,0.11538461538461539,1.128500794756017,0.13377147748980542,"Lower frequency, lower attribution",
BMU ID,marginal_bmu_id,T_SCCL-3_OFFER,OFFER,0.0006808444778216,0.16652897331143,0.16652897331143,1.0,0.0,4,4.0,3.408264290481772e-05,0.1390227409923853,82.36037528752148,168,71,0.0718864433550563,29.382295397846597,40.10965716026676,0.0874561108639911,29.181332817536816,39.771802331439154,2025-05-26 SP14,T_SCCL-3,Unit 3,T_SCCL-3,T_SCCL,CCGT,SCCL,CCGT,74.86666666666666,92.33333333333333,177,409.3,T_SCCL,SCCL,0.38964144547129737,0.34615384615384615,0.10256410256410256,1.128500794756017,0.13377147748980542,"Lower frequency, lower attribution",
BMU ID,marginal_bmu_id,T_RATS-2_OFFER,OFFER,0.0006260113486503,0.226110390990168,0.226110390990168,1.0,0.0,3,2.5,3.201848576671167e-05,0.1390227409923853,82.36037528752148,171,72,0.0718864433550563,29.382295397846597,40.10965716026676,0.0874561108639911,29.181332817536816,39.771802331439154,2025-05-26 SP14,T_RATS-2,T_RATS-2,T_RATS-2,T_RATS,COAL,Uniper UK Limited,COAL,47.67189754689755,64.11666666666666,199,0.0,T_RATS,Uniper UK Limited,0.27056870771265,0.20512820512820512,0.08974358974358974,1.128500794756017,0.13377147748980542,"Lower frequency, lower attribution",
BMU ID,marginal_bmu_id,T_CRUA-3_OFFER,OFFER,0.0006256242263194,0.215313964776675,0.215313964776675,1.0,0.0,3,2.5,3.921712006319943e-05,0.1390227409923853,82.36037528752148,172,73,0.0718864433550563,29.382295397846597,40.10965716026676,0.0874561108639911,29.181332817536816,39.771802331439154,2025-05-26 SP14,T_CRUA-3,T_CRUA-3,T_CRUA-3,T_CRUA,PS,Drax Pumped Storage Limited,PS,52.3,77.75,161,101.48,T_CRUA,Drax Pumped Storage Limited,0.3281006034519138,0.28205128205128205,0.07692307692307693,1.128500794756017,0.13377147748980542,"Lower frequency, lower attribution",
BMU ID,marginal_bmu_id,2__MSTAT001_OFFER,OFFER,0.0005924706976825,0.1494354947405007,0.1494354947405007,1.0,0.0,4,4.0,2.8828580365224668e-05,0.1390227409923853,82.36037528752148,174,74,0.0718864433550563,29.382295397846597,40.10965716026676,0.0874561108639911,29.181332817536816,39.771802331439154,2025-05-26 SP14,2__MSTAT001,STAT_M2,2__MSTAT001,2__MSTAT_B,BATTERY,Statkraft Markets Gmbh,BATTERY,107.62186147186146,83.53257575757576,234,50.0,2__MSTAT_B,Statkraft Markets Gmbh,0.3525027461601712,0.3076923076923077,0.0641025641025641,1.128500794756017,0.13377147748980542,"Lower frequency, lower attribution",
BMU ID,marginal_bmu_id,T_STAY-4_OFFER,OFFER,0.0004960797756699,0.1756081884131373,0.1756081884131373,1.0,0.0,2,2.0,3.3253549272915964e-05,0.1390227409923853,82.36037528752148,184,75,0.0718864433550563,29.382295397846597,40.10965716026676,0.0874561108639911,29.181332817536816,39.771802331439154,2025-05-26 SP14,T_STAY-4,Staythorpe Unit 4,T_STAY-4,T_STAY,CCGT,RWE Generation UK plc,CCGT,266.84963924963927,76.91666666666667,515,464.0,T_STAY,RWE Generation UK plc,0.324583983907949,0.2692307692307692,0.05128205128205128,1.128500794756017,0.13377147748980542,"Lower frequency, lower attribution",
BMU ID,marginal_bmu_id,T_STAY-3_OFFER,OFFER,0.000486661166005,0.2560954383016205,0.2560954383016205,1.0,0.0,2,1.5,3.329338765604117e-05,0.1390227409923853,82.36037528752148,185,76,0.0718864433550563,29.382295397846597,40.10965716026676,0.0874561108639911,29.181332817536816,39.771802331439154,2025-05-26 SP14,T_STAY-3,Staythorpe Unit 3,T_STAY-3,T_STAY,CCGT,RWE Generation UK plc,CCGT,250.1805305805306,60.0,476,464.0,T_STAY,RWE Generation UK plc,0.25319660716546405,0.1794871794871795,0.038461538461538464,1.128500794756017,0.13377147748980542,"Lower frequency, lower attribution",
BMU ID,marginal_bmu_id,2__GSTAT008_OFFER,OFFER,0.0004574295420212,0.1739103048337678,0.1739103048337678,1.0,0.0,2,2.0,2.95597040534062e-05,0.1390227409923853,82.36037528752148,187,77,0.0718864433550563,29.382295397846597,40.10965716026676,0.0874561108639911,29.181332817536816,39.771802331439154,2025-05-26 SP14,2__GSTAT008,STAT_G9,2__GSTAT008,2__GSTAT_B,BATTERY,Statkraft Markets Gmbh,BATTERY,0.125,70.48168498168498,80,22.0,2__GSTAT_B,Statkraft Markets Gmbh,0.2974287250777946,0.24358974358974358,0.02564102564102564,1.128500794756017,0.13377147748980542,"Lower frequency, lower attribution",
BMU ID,marginal_bmu_id,T_SLOY-2_OFFER,OFFER,0.0003413994598095,0.2854492652625153,0.2854492652625153,1.0,0.0,5,0.9928571428571428,3.254453515367217e-05,0.1390227409923853,82.36037528752148,196,78,0.0718864433550563,29.382295397846597,40.10965716026676,0.0874561108639911,29.181332817536816,39.771802331439154,2025-05-26 SP14,T_SLOY-2,Sloy G2,T_SLOY-2,T_SLOY,NPSHYD,SSE Generation Ltd,NPSHYD,6.463034188034188,31.93404095904096,146,41.0,T_SLOY,SSE Generation Ltd,0.1347598470652022,0.0641025641025641,0.01282051282051282,1.128500794756017,0.13377147748980542,"Lower frequency, lower attribution",
BMU ID,marginal_bmu_id,T_DRAXX-1_BID,BID,0.654445070845824,-36.228369110487286,36.228369110487286,0.0,1.0,17,17.0,0.0633970667012474,0.1390227409923853,82.36037528752148,3,1,0.0718864433550563,29.382295397846597,40.10965716026676,0.0874561108639911,29.181332817536816,39.771802331439154,2025-05-26 SP14,T_DRAXX-1,T_DRAXX-1,T_DRAXX-1,T_DRAXX,BIOMASS,Drax Power Ltd,BIOMASS,443.9166666666667,37.5,519,665.248,T_DRAXX,Drax Power Ltd,1.644927804745495,0.9174311926605505,1.0,0.5521176862934005,0.0280524761296813,"Higher frequency, higher attribution",Leading global importance
BMU ID,marginal_bmu_id,T_PNYCW-1_BID,BID,0.348806966150448,-37.69970751813781,37.69970751813781,0.0,1.0,9,9.0,0.038796169870615,0.1390227409923853,82.36037528752148,9,2,0.0718864433550563,29.382295397846597,40.10965716026676,0.0874561108639911,29.181332817536816,39.771802331439154,2025-05-26 SP14,T_PNYCW-1,PNYCW-1 Export,T_PNYCW-1,T_PNYCW,WIND,Pen y Cymoedd Wind Farm LTD,WIND,220.5,0.0,222,228.0,T_PNYCW,Pen y Cymoedd Wind Farm LTD,0.8170600659576833,0.8165137614678899,0.9908256880733946,0.5521176862934005,0.0280524761296813,"Higher frequency, higher attribution",Leading global importance
BMU ID,marginal_bmu_id,T_HUMR-1_BID,BID,0.339882141066546,-12.264267388918116,12.264267388918116,0.0,1.0,22,20.666666666666668,0.0178522686133779,0.1390227409923853,82.36037528752148,10,3,0.0718864433550563,29.382295397846597,40.10965716026676,0.0874561108639911,29.181332817536816,39.771802331439154,2025-05-26 SP14,T_HUMR-1,HUMR-1,T_HUMR-1,T_HUMR_CC,CCGT,VPI Immingham LLP,CCGT,808.1666666666666,589.5,1441,1283.0,T_HUMR_CC,VPI Immingham LLP,2.9946517459023476,1.0,0.981651376146789,0.5521176862934005,0.0280524761296813,"Higher frequency, higher attribution",Leading global importance
BMU ID,marginal_bmu_id,T_CLDCW-1_BID,BID,0.2710139713795624,-34.81263359322894,34.81263359322894,0.0,1.0,9,9.0,0.0241820526065889,0.1390227409923853,82.36037528752148,13,4,0.0718864433550563,29.382295397846597,40.10965716026676,0.0874561108639911,29.181332817536816,39.771802331439154,2025-05-26 SP14,T_CLDCW-1,Clyde Central,T_CLDCW-1,T_CLDCW,WIND,Clyde Windfarm (Scotland) Ltd,WIND,149.0,0.5,150,200.0,T_CLDCW,Clyde Windfarm (Scotland) Ltd,0.5521176862934005,0.7522935779816514,0.9724770642201835,0.5521176862934005,0.0280524761296813,"Higher frequency, higher attribution",
BMU ID,marginal_bmu_id,T_DRAXX-2_BID,BID,0.2444256840835897,-14.640476138709028,14.640476138709028,0.0,1.0,22,14.25,0.0156290804339361,0.1390227409923853,82.36037528752148,15,5,0.0718864433550563,29.382295397846597,40.10965716026676,0.0874561108639911,29.181332817536816,39.771802331439154,2025-05-26 SP14,T_DRAXX-2,T_DRAXX-2,T_DRAXX-2,T_DRAXX,BIOMASS,Drax Power Ltd,BIOMASS,447.699975024975,126.41666666666667,863,669.4,T_DRAXX,Drax Power Ltd,1.658946807814781,0.926605504587156,0.963302752293578,0.5521176862934005,0.0280524761296813,"Higher frequency, higher attribution",
BMU ID,marginal_bmu_id,T_DRAXX-3_BID,BID,0.2424091600927633,-13.042375992515012,13.042375992515012,0.0,1.0,27,17.333333333333332,0.0130863829361848,0.1390227409923853,82.36037528752148,16,6,0.0718864433550563,29.382295397846597,40.10965716026676,0.0874561108639911,29.181332817536816,39.771802331439154,2025-05-26 SP14,T_DRAXX-3,T_DRAXX-3,T_DRAXX-3,T_DRAXX,BIOMASS,Drax Power Ltd,BIOMASS,455.3571178821179,90.16666666666667,829,661.4,T_DRAXX,Drax Power Ltd,1.687320257465142,0.9357798165137615,0.9541284403669725,0.5521176862934005,0.0280524761296813,"Higher frequency, higher attribution",
BMU ID,marginal_bmu_id,T_HOWBO-1_BID,BID,0.2193608017360294,-31.56064583206126,31.56064583206126,0.0,1.0,11,7.0,0.0242779563169845,0.1390227409923853,82.36037528752148,18,7,0.0718864433550563,29.382295397846597,40.10965716026676,0.0874561108639911,29.181332817536816,39.771802331439154,2025-05-26 SP14,T_HOWBO-1,HORNSEA_WF_2A,T_HOWBO-1,T_HOWBO,WIND,Breesea Limited,WIND,158.5,2.4,258,440.0,T_HOWBO,Breesea Limited,0.5873198206543891,0.7706422018348624,0.944954128440367,0.5521176862934005,0.0280524761296813,"Higher frequency, higher attribution",
BMU ID,marginal_bmu_id,T_TKNWW-1_BID,BID,0.1474658955392265,-29.8660706651017,29.8660706651017,0.0,1.0,9,5.5,0.0146008358418397,0.1390227409923853,82.36037528752148,26,8,0.0718864433550563,29.382295397846597,40.10965716026676,0.0874561108639911,29.181332817536816,39.771802331439154,2025-05-26 SP14,T_TKNWW-1,Triton Knoll OSP west 1,T_TKNWW-1,T_TKNWW,WIND,Triton Knoll Offshore Wind,WIND,100.5,4.5,173,412.0,T_TKNWW,Triton Knoll Offshore Wind,0.3724015266609849,0.6605504587155964,0.9357798165137615,0.5521176862934005,0.0280524761296813,"Lower frequency, higher attribution",
BMU ID,marginal_bmu_id,T_RCBKO-1_BID,BID,0.1437205617334217,-27.143742097407927,27.143742097407927,0.0,1.0,8,5.5,0.0155035405885525,0.1390227409923853,82.36037528752148,28,9,0.0718864433550563,29.382295397846597,40.10965716026676,0.0874561108639911,29.181332817536816,39.771802331439154,2025-05-26 SP14,T_RCBKO-1,RACE_BANK_Z01,T_RCBKO-1,T_RCBKO,WIND,Race Bank Wind Farm Ltd,WIND,119.5,0.0,160,284.0,T_RCBKO,Race Bank Wind Farm Ltd,0.44280579538296216,0.7339449541284404,0.926605504587156,0.5521176862934005,0.0280524761296813,"Lower frequency, higher attribution",
BMU ID,marginal_bmu_id,T_CLDSW-1_BID,BID,0.1258218676898328,-25.68402168386421,25.68402168386421,0.0,1.0,6,6.0,0.0109741928195658,0.1390227409923853,82.36037528752148,33,10,0.0718864433550563,29.382295397846597,40.10965716026676,0.0874561108639911,29.181332817536816,39.771802331439154,2025-05-26 SP14,T_CLDSW-1,Clyde South,T_CLDSW-1,T_CLDSW,WIND,Clyde Windfarm (Scotland) Ltd,WIND,83.0,0.0,83,150.0,T_CLDSW,Clyde Windfarm (Scotland) Ltd,0.3075554896802164,0.5688073394495413,0.9174311926605505,0.5521176862934005,0.0280524761296813,"Lower frequency, higher attribution",
BMU ID,marginal_bmu_id,T_TKNEW-1_BID,BID,0.1149157250058021,-27.8476200981647,27.8476200981647,0.0,1.0,6,3.5,0.0147409491243821,0.1390227409923853,82.36037528752148,36,11,0.0718864433550563,29.382295397846597,40.10965716026676,0.0874561108639911,29.181332817536816,39.771802331439154,2025-05-26 SP14,T_TKNEW-1,Triton Knoll OSP East 1,T_TKNEW-1,T_TKNEW,WIND,Triton Knoll Offshore Wind,WIND,111.5,3.5,183,412.0,T_TKNEW,Triton Knoll Offshore Wind,0.41316189276318227,0.6788990825688074,0.908256880733945,0.5521176862934005,0.0280524761296813,"Lower frequency, higher attribution",
BMU ID,marginal_bmu_id,T_DRAXX-4_BID,BID,0.1003641109915337,-8.057954672939319,8.057954672939319,0.0,1.0,19,11.75,0.0051311152223374,0.1390227409923853,82.36037528752148,40,12,0.0718864433550563,29.382295397846597,40.10965716026676,0.0874561108639911,29.181332817536816,39.771802331439154,2025-05-26 SP14,T_DRAXX-4,T_DRAXX-4,T_DRAXX-4,T_DRAXX,BIOMASS,Drax Power Ltd,BIOMASS,306.6821178821179,60.666666666666664,589,645.0,T_DRAXX,Drax Power Ltd,1.13640685471567,0.8623853211009175,0.8990825688073395,0.5521176862934005,0.0280524761296813,"Higher frequency, higher attribution",
BMU ID,marginal_bmu_id,T_KEAD-2_BID,BID,0.0945276862321206,-4.392318570617126,4.392318570617126,0.0,1.0,25,21.2,0.0031758646088688,0.1390227409923853,82.36037528752148,42,13,0.0718864433550563,29.382295397846597,40.10965716026676,0.0874561108639911,29.181332817536816,39.771802331439154,2025-05-26 SP14,T_KEAD-2,Keadby-2 Main,T_KEAD-2,T_KEAD,CCGT,Keadby Generation Limited,CCGT,497.95714285714286,146.58333333333334,730,890.0,T_KEAD,Keadby Generation Limited,1.8451741314601209,0.944954128440367,0.8899082568807339,0.5521176862934005,0.0280524761296813,"Higher frequency, higher attribution",
BMU ID,marginal_bmu_id,T_HOWBO-2_BID,BID,0.0898925716879113,-20.90103578327736,20.90103578327736,0.0,1.0,8,4.666666666666666,0.0083019198437492,0.1390227409923853,82.36037528752148,43,14,0.0718864433550563,29.382295397846597,40.10965716026676,0.0874561108639911,29.181332817536816,39.771802331439154,2025-05-26 SP14,T_HOWBO-2,HORNSEA_WF_2B,T_HOWBO-2,T_HOWBO,WIND,Sonningmay Wind Limited,WIND,88.5,0.4,156,440.0,T_HOWBO,Sonningmay Wind Limited,0.3279356727313151,0.6146788990825688,0.8807339449541285,0.5521176862934005,0.0280524761296813,"Lower frequency, higher attribution",
BMU ID,marginal_bmu_id,T_HOWBO-3_BID,BID,0.0755108487685165,-17.377627865681582,17.377627865681582,0.0,1.0,10,5.333333333333333,0.0062763813263209,0.1390227409923853,82.36037528752148,46,15,0.0718864433550563,29.382295397846597,40.10965716026676,0.0874561108639911,29.181332817536816,39.771802331439154,2025-05-26 SP14,T_HOWBO-3,HORNSEA_WF_2C,T_HOWBO-3,T_HOWBO,WIND,Soundmark Wind Limited,WIND,75.33333333333333,0.4,129,440.0,T_HOWBO,Soundmark Wind Limited,0.27914674966959396,0.5321100917431193,0.8715596330275229,0.5521176862934005,0.0280524761296813,"Lower frequency, higher attribution",
BMU ID,marginal_bmu_id,T_WHILW-1_BID,BID,0.0651599572754588,-22.702956526839348,22.702956526839348,0.0,1.0,3,3.0,0.0076965904520045,0.1390227409923853,82.36037528752148,48,16,0.0718864433550563,29.382295397846597,40.10965716026676,0.0874561108639911,29.181332817536816,39.771802331439154,2025-05-26 SP14,T_WHILW-1,T_WHILW-1,T_WHILW-1,T_WHILW,WIND,SP Renewables (UK) Limited,WIND,63.0,0.0,63,309.0,T_WHILW,SP Renewables (UK) Limited,0.23344573313076666,0.46788990825688076,0.8623853211009175,0.5521176862934005,0.0280524761296813,"Lower frequency, higher attribution",
BMU ID,marginal_bmu_id,T_CLDNW-1_BID,BID,0.0569948428786261,-14.00404333241926,14.00404333241926,0.0,1.0,6,6.0,0.0031729375976766,0.1390227409923853,82.36037528752148,51,17,0.0718864433550563,29.382295397846597,40.10965716026676,0.0874561108639911,29.181332817536816,39.771802331439154,2025-05-26 SP14,T_CLDNW-1,Clyde North,T_CLDNW-1,T_CLDNW,WIND,Clyde Windfarm (Scotland) Ltd,WIND,44.0,1.5,46,200.0,T_CLDNW,Clyde Windfarm (Scotland) Ltd,0.16304146440878942,0.3761467889908257,0.8532110091743119,0.5521176862934005,0.0280524761296813,"Lower frequency, higher attribution",
BMU ID,marginal_bmu_id,T_AKGLW-2_BID,BID,0.0569500092454594,-11.057119806068489,11.057119806068489,0.0,1.0,8,8.0,0.0024209512956603,0.1390227409923853,82.36037528752148,52,18,0.0718864433550563,29.382295397846597,40.10965716026676,0.0874561108639911,29.181332817536816,39.771802331439154,2025-05-26 SP14,T_AKGLW-2,AIKENGALL II,T_AKGLW-2,T_AKGLW,WIND,Aikengall 2 CWCL,WIND,41.833333333333336,0.0,44,63.84,T_AKGLW,Aikengall 2 CWCL,0.1550129074492657,0.3394495412844037,0.8440366972477065,0.5521176862934005,0.0280524761296813,"Lower frequency, higher attribution",
BMU ID,marginal_bmu_id,I_IND-MFTE1_BID,BID,0.0512823938313265,-17.287960069641024,17.287960069641024,0.0,1.0,4,4.0,0.0042180963786162,0.1390227409923853,82.36037528752148,53,19,0.0718864433550563,29.382295397846597,40.10965716026676,0.0874561108639911,29.181332817536816,39.771802331439154,2025-05-26 SP14,I_IND-MFTE1,—,I_IND-MFTE1,I_IND-MFTE,NEMO,MFT Energy A/S,NEMO,40.0,0.0,40,,I_IND-MFTE,MFT Energy A/S,0.14821951309889947,0.3119266055045872,0.8348623853211009,0.5521176862934005,0.0280524761296813,"Lower frequency, higher attribution",
BMU ID,marginal_bmu_id,T_KLGLW-1_BID,BID,0.0498733119337273,-14.32441129296993,14.32441129296993,0.0,1.0,4,4.0,0.0046896531410288,0.1390227409923853,82.36037528752148,54,20,0.0718864433550563,29.382295397846597,40.10965716026676,0.0874561108639911,29.181332817536816,39.771802331439154,2025-05-26 SP14,T_KLGLW-1,Kilgallioch Windfarm,T_KLGLW-1,T_KLGLW,WIND,SP Renewables (UK) Limited,WIND,63.5,0.0,64,261.98,T_KLGLW,SP Renewables (UK) Limited,0.2352984770445029,0.48623853211009177,0.8256880733944955,0.5521176862934005,0.0280524761296813,"Lower frequency, higher attribution",
BMU ID,marginal_bmu_id,T_RCBKO-2_BID,BID,0.0487528414364495,-14.283335075682292,14.283335075682292,0.0,1.0,6,4.0,0.0042298438639907,0.1390227409923853,82.36037528752148,55,21,0.0718864433550563,29.382295397846597,40.10965716026676,0.0874561108639911,29.181332817536816,39.771802331439154,2025-05-26 SP14,T_RCBKO-2,RACE_BANK_Z02,T_RCBKO-2,T_RCBKO,WIND,Race Bank Wind Farm Ltd,WIND,62.5,0.0,103,290.0,T_RCBKO,Race Bank Wind Farm Ltd,0.23159298921703042,0.44954128440366975,0.8165137614678899,0.5521176862934005,0.0280524761296813,"Lower frequency, higher attribution",
BMU ID,marginal_bmu_id,E_SHOS-1_BID,BID,0.0454318435810132,-1.9305046014336869,1.9305046014336869,0.0,1.0,26,22.7,0.0013892845148581,0.1390227409923853,82.36037528752148,56,22,0.0718864433550563,29.382295397846597,40.10965716026676,0.0874561108639911,29.181332817536816,39.771802331439154,2025-05-26 SP14,E_SHOS-1,Shoreham Power Station,E_SHOS-1,E_SHOS,CCGT,VPI Power Limited,CCGT,557.536507936508,219.11666666666667,896,460.0,E_SHOS,VPI Power Limited,2.065944743530248,0.9724770642201835,0.8073394495412844,0.5521176862934005,0.0280524761296813,"Higher frequency, higher attribution",
BMU ID,marginal_bmu_id,T_MOWEO-3_BID,BID,0.0447867236978866,-13.128473782768738,13.128473782768738,0.0,1.0,7,4.666666666666666,0.0032004926688769,0.1390227409923853,82.36037528752148,57,23,0.0718864433550563,29.382295397846597,40.10965716026676,0.0874561108639911,29.181332817536816,39.771802331439154,2025-05-26 SP14,T_MOWEO-3,Moray East OWF3,T_MOWEO-3,T_MOWEO,WIND,Moray Offshore Wind East Ltd,WIND,44.5,0.0,78,300.0,T_MOWEO,Moray Offshore Wind East Ltd,0.16489420832252566,0.3853211009174312,0.7981651376146789,0.5521176862934005,0.0280524761296813,"Lower frequency, higher attribution",
BMU ID,marginal_bmu_id,T_FALGW-1_BID,BID,0.0428442719252567,-15.156504368151952,15.156504368151952,0.0,1.0,4,4.0,0.0030443385238793,0.1390227409923853,82.36037528752148,58,24,0.0718864433550563,29.382295397846597,40.10965716026676,0.0874561108639911,29.181332817536816,39.771802331439154,2025-05-26 SP14,T_FALGW-1,Fallago Rig Wind Farm,T_FALGW-1,T_FALGW,WIND,Fallago Rig Wind Farm Limited,WIND,36.0,0.0,36,144.0,T_FALGW,Fallago Rig Wind Farm Limited,0.13339756178900952,0.29357798165137616,0.7889908256880734,0.5521176862934005,0.0280524761296813,"Lower frequency, higher attribution",
BMU ID,marginal_bmu_id,T_WHILW-2_BID,BID,0.0419849423555777,-15.096569800727966,15.096569800727966,0.0,1.0,4,4.0,0.0029496536642467,0.1390227409923853,82.36037528752148,59,25,0.0718864433550563,29.382295397846597,40.10965716026676,0.0874561108639911,29.181332817536816,39.771802331439154,2025-05-26 SP14,T_WHILW-2,Whitelee Extension,T_WHILW-2,T_WHILW,WIND,SP Renewables (UK) Limited,WIND,32.0,0.0,32,206.0,T_WHILW,SP Renewables (UK) Limited,0.11857561047911958,0.24311926605504589,0.7798165137614679,0.5521176862934005,0.0280524761296813,"Lower frequency, higher attribution",Less frequent but intense
BMU ID,marginal_bmu_id,T_CRUA-1_BID,BID,0.0382865687017451,-5.678061843109159,5.678061843109159,0.0,1.0,11,7.783333333333333,0.0020946480863212,0.1390227409923853,82.36037528752148,62,26,0.0718864433550563,29.382295397846597,40.10965716026676,0.0874561108639911,29.181332817536816,39.771802331439154,2025-05-26 SP14,T_CRUA-1,T_CRUA-1,T_CRUA-1,T_CRUA,PS,Drax Pumped Storage Limited,PS,125.84597069597069,549.6825757575757,775,123.0,T_CRUA,Drax Pumped Storage Limited,0.4663207125503787,0.7431192660550459,0.7706422018348624,0.5521176862934005,0.0280524761296813,"Lower frequency, higher attribution",
BMU ID,marginal_bmu_id,T_AKGLW-3_BID,BID,0.0375331144628276,-11.065593732170148,11.065593732170148,0.0,1.0,4,4.0,0.002856186480573,0.1390227409923853,82.36037528752148,63,27,0.0718864433550563,29.382295397846597,40.10965716026676,0.0874561108639911,29.181332817536816,39.771802331439154,2025-05-26 SP14,T_AKGLW-3,AIKENGALL2A-W,T_AKGLW-3,T_AKGLW,WIND,AIK2A Sustainable Energy Ltd,WIND,63.333333333333336,2.0,66,163.4,T_AKGLW,AIK2A Sustainable Energy Ltd,0.23468089573992418,0.47706422018348627,0.7614678899082569,0.5521176862934005,0.0280524761296813,"Lower frequency, higher attribution",
BMU ID,marginal_bmu_id,E_PILLB-1_BID,BID,0.0280524761296813,-4.7430725506655085,4.7430725506655085,0.0,1.0,6,4.833333333333334,0.0018994162855848,0.1390227409923853,82.36037528752148,69,28,0.0718864433550563,29.382295397846597,40.10965716026676,0.0874561108639911,29.181332817536816,39.771802331439154,2025-05-26 SP14,E_PILLB-1,Pillswood 1 Battery Storage,E_PILLB-1,E_PILLB,BATTERY,BP Gas Marketing Limited,BATTERY,162.52896825396826,68.8547619047619,285,49.9,E_PILLB,BP Gas Marketing Limited,0.6022491134767416,0.7798165137614679,0.7522935779816514,0.5521176862934005,0.0280524761296813,"Higher frequency, higher attribution",Highest-ranked battery
BMU ID,marginal_bmu_id,E_DOLLB-1_BID,BID,0.0277187006138846,-3.4056785744025264,3.4056785744025264,0.0,1.0,7,7.0,0.0014280587591191,0.1390227409923853,82.36037528752148,70,29,0.0718864433550563,29.382295397846597,40.10965716026676,0.0874561108639911,29.181332817536816,39.771802331439154,2025-05-26 SP14,E_DOLLB-1,Dollymans Storage,E_DOLLB-1,E_DOLLB,BATTERY,Dollymans Storage Limited,BATTERY,215.9567821067821,162.76709956709956,426,102.0,E_DOLLB,Dollymans Storage Limited,0.8002252273568091,0.8073394495412844,0.7431192660550459,0.5521176862934005,0.0280524761296813,"Higher frequency, lower attribution",
BMU ID,marginal_bmu_id,T_WBURB-3_BID,BID,0.0268676333177178,-1.3928121975828176,1.3928121975828176,0.0,1.0,30,16.0,0.000943933640307,0.1390227409923853,82.36037528752148,71,30,0.0718864433550563,29.382295397846597,40.10965716026676,0.0874561108639911,29.181332817536816,39.771802331439154,2025-05-26 SP14,T_WBURB-3,West Burton B Unit 3,T_WBURB-3,T_WBURB_CC,CCGT,West Burton B Limited,CCGT,525.0832722832723,294.71666666666664,1224,470.0,T_WBURB_CC,West Burton B Limited,1.9456896738550868,0.963302752293578,0.7339449541284404,0.5521176862934005,0.0280524761296813,"Higher frequency, lower attribution",
BMU ID,marginal_bmu_id,E_BTUIW-3_BID,BID,0.023405067445484,-6.621032629424738,6.621032629424738,0.0,1.0,5,5.0,0.0013116114229982,0.1390227409923853,82.36037528752148,76,31,0.0718864433550563,29.382295397846597,40.10965716026676,0.0874561108639911,29.181332817536816,39.771802331439154,2025-05-26 SP14,E_BTUIW-3,Beinn an Tuirc III Windfarm,E_BTUIW-3,E_BTUIW,WIND,SP Renewables (UK) Limited,WIND,41.0,1.0,42,52.0,E_BTUIW,SP Renewables (UK) Limited,0.15192500092637196,0.3211009174311927,0.7247706422018348,0.5521176862934005,0.0280524761296813,"Lower frequency, lower attribution",
BMU ID,marginal_bmu_id,I_IND-DSKC1_BID,BID,0.021717818471038,-7.866380472234158,7.866380472234158,0.0,1.0,4,3.5,0.0015452770550948,0.1390227409923853,82.36037528752148,77,32,0.0718864433550563,29.382295397846597,40.10965716026676,0.0874561108639911,29.181332817536816,39.771802331439154,2025-05-26 SP14,I_IND-DSKC1,—,I_IND-DSKC1,I_IND-DSKC,NEMO,Danske Commodities A/S,NEMO,43.0,0.0,44,,I_IND-DSKC,Danske Commodities A/S,0.15933597658131693,0.3669724770642202,0.7155963302752294,0.5521176862934005,0.0280524761296813,"Lower frequency, lower attribution",
BMU ID,marginal_bmu_id,T_DRSLW-1_BID,BID,0.0216290478565604,-6.843270696272144,6.843270696272144,0.0,1.0,6,4.5,0.0011502597665362,0.1390227409923853,82.36037528752148,78,33,0.0718864433550563,29.382295397846597,40.10965716026676,0.0874561108639911,29.181332817536816,39.771802331439154,2025-05-26 SP14,T_DRSLW-1,Dersalloch Windfarm,T_DRSLW-1,T_DRSLW,WIND,SP Renewables (UK) Limited,WIND,36.61666666666667,0.0,47,70.9,T_DRSLW,SP Renewables (UK) Limited,0.13568261261595088,0.30275229357798167,0.7064220183486238,0.5521176862934005,0.0280524761296813,"Lower frequency, lower attribution",
BMU ID,marginal_bmu_id,T_CDCL-1_BID,BID,0.0214693356713646,-1.5314419714975127,1.5314419714975127,0.0,1.0,20,11.318589743589746,0.0009125625993187,0.1390227409923853,82.36037528752148,80,34,0.0718864433550563,29.382295397846597,40.10965716026676,0.0874561108639911,29.181332817536816,39.771802331439154,2025-05-26 SP14,T_CDCL-1,T_CDCL-1,T_CDCL-1,T_CDCL,CCGT,Uniper UK Limited,CCGT,381.1198162948163,134.1,822,445.0,T_CDCL,Uniper UK Limited,1.4122348400889921,0.8899082568807339,0.6972477064220184,0.5521176862934005,0.0280524761296813,"Higher frequency, lower attribution",
BMU ID,marginal_bmu_id,I_IBD-DSKC1_BID,BID,0.0209611224650382,-7.527080233377237,7.527080233377237,0.0,1.0,4,4.0,0.0013050155211152,0.1390227409923853,82.36037528752148,82,35,0.0718864433550563,29.382295397846597,40.10965716026676,0.0874561108639911,29.181332817536816,39.771802331439154,2025-05-26 SP14,I_IBD-DSKC1,—,I_IBD-DSKC1,I_IBD-DSKC,BritNed,Danske Commodities A/S,BRITNED,32.0,0.0,32,,I_IBD-DSKC,Danske Commodities A/S,0.11857561047911958,0.24311926605504589,0.6880733944954128,0.5521176862934005,0.0280524761296813,"Lower frequency, lower attribution",
BMU ID,marginal_bmu_id,T_MOWEO-2_BID,BID,0.0193287558721683,-9.48051920505493,9.48051920505493,0.0,1.0,5,2.1666666666666665,0.0020154921515603,0.1390227409923853,82.36037528752148,83,36,0.0718864433550563,29.382295397846597,40.10965716026676,0.0874561108639911,29.181332817536816,39.771802331439154,2025-05-26 SP14,T_MOWEO-2,Moray East OWF2,T_MOWEO-2,T_MOWEO,WIND,Moray Offshore Wind East Ltd,WIND,41.5,2.0,81,300.0,T_MOWEO,Moray Offshore Wind East Ltd,0.1537777448401082,0.3302752293577982,0.6788990825688074,0.5521176862934005,0.0280524761296813,"Lower frequency, lower attribution",
BMU ID,marginal_bmu_id,T_MRWD-1_BID,BID,0.0184112830361376,-0.7466489282492629,0.7466489282492629,0.0,1.0,22,19.83333333333333,0.0005289679692211,0.1390227409923853,82.36037528752148,84,37,0.0718864433550563,29.382295397846597,40.10965716026676,0.0874561108639911,29.181332817536816,39.771802331439154,2025-05-26 SP14,T_MRWD-1,Marchwood Power Ltd,T_MRWD-1,T_MRWD,CCGT,Marchwood Power Limited,CCGT,672.0130952380953,417.0833333333333,1217,920.0,T_MRWD,Marchwood Power Limited,2.490136344306871,0.9908256880733946,0.6697247706422018,0.5521176862934005,0.0280524761296813,"Higher frequency, lower attribution",
BMU ID,marginal_bmu_id,T_MOWEO-1_BID,BID,0.0178885367340919,-6.8309481661005504,6.8309481661005504,0.0,1.0,6,3.0,0.0014644391622496,0.1390227409923853,82.36037528752148,85,38,0.0718864433550563,29.382295397846597,40.10965716026676,0.0874561108639911,29.181332817536816,39.771802331439154,2025-05-26 SP14,T_MOWEO-1,Moray East OWF1,T_MOWEO-1,T_MOWEO,WIND,Moray Offshore Wind East Ltd,WIND,49.0,1.0,89,300.0,T_MOWEO,Moray Offshore Wind East Ltd,0.18156890354615185,0.41284403669724773,0.6605504587155964,0.5521176862934005,0.0280524761296813,"Lower frequency, lower attribution",
BMU ID,marginal_bmu_id,I_IND-NTPL1_BID,BID,0.0177796731133984,-6.770901238442958,6.770901238442958,0.0,1.0,4,4.0,0.0010087888193483,0.1390227409923853,82.36037528752148,86,39,0.0718864433550563,29.382295397846597,40.10965716026676,0.0874561108639911,29.181332817536816,39.771802331439154,2025-05-26 SP14,I_IND-NTPL1,—,I_IND-NTPL1,I_IND-NTPL,NEMO,Northpool BV,NEMO,22.5,0.0,23,,I_IND-NTPL,Northpool BV,0.08337347611813095,0.14678899082568808,0.6513761467889908,0.5521176862934005,0.0280524761296813,"Lower frequency, lower attribution",
BMU ID,marginal_bmu_id,T_DINO-4_BID,BID,0.0175244420773283,-2.7432170902541726,2.7432170902541726,0.0,1.0,7,4.666666666666666,0.001058582037229,0.1390227409923853,82.36037528752148,87,40,0.0718864433550563,29.382295397846597,40.10965716026676,0.0874561108639911,29.181332817536816,39.771802331439154,2025-05-26 SP14,T_DINO-4,Dinorwig 4,T_DINO-4,T_DINO,PS,First Hydro Company,PS,184.3761904761905,387.8095238095238,621,320.0,T_DINO,First Hydro Company,0.6832037294852725,0.7889908256880734,0.6422018348623854,0.5521176862934005,0.0280524761296813,"Higher frequency, lower attribution",
BMU ID,marginal_bmu_id,T_GRAI-7_BID,BID,0.016356137061945,-0.8506002035896656,0.8506002035896656,0.0,1.0,33,19.816666666666663,0.0004862340972104,0.1390227409923853,82.36037528752148,88,41,0.0718864433550563,29.382295397846597,40.10965716026676,0.0874561108639911,29.181332817536816,39.771802331439154,2025-05-26 SP14,T_GRAI-7,T_GRAI-7,T_GRAI-7,T_GRAI,CCGT,Uniper UK Limited,CCGT,422.71187978687976,153.95,1061,468.0,T_GRAI,Uniper UK Limited,1.566353725078296,0.908256880733945,0.6330275229357798,0.5521176862934005,0.0280524761296813,"Higher frequency, lower attribution",
BMU ID,marginal_bmu_id,I_IVD-NEAS1_BID,BID,0.0161981860370166,-7.259750352277154,7.259750352277154,0.0,1.0,3,3.0,0.0012124760786488,0.1390227409923853,82.36037528752148,89,42,0.0718864433550563,29.382295397846597,40.10965716026676,0.0874561108639911,29.181332817536816,39.771802331439154,2025-05-26 SP14,I_IVD-NEAS1,—,I_IVD-NEAS1,I_IVD-NEAS,Viking,Centrica Energy Trading A/S,VIKING,30.0,0.0,31,,I_IVD-NEAS,Centrica Energy Trading A/S,0.1111646348241746,0.2018348623853211,0.6238532110091743,0.5521176862934005,0.0280524761296813,"Lower frequency, lower attribution",
BMU ID,marginal_bmu_id,T_WBURB-2_BID,BID,0.0154367965769571,-0.7658729985418565,0.7658729985418565,0.0,1.0,31,17.41785714285714,0.0005159073855653,0.1390227409923853,82.36037528752148,90,43,0.0718864433550563,29.382295397846597,40.10965716026676,0.0874561108639911,29.181332817536816,39.771802331439154,2025-05-26 SP14,T_WBURB-2,West Burton B Unit 2,T_WBURB-2,T_WBURB_CC,CCGT,West Burton B Limited,CCGT,523.3808913308914,179.36666666666667,1068,470.0,T_WBURB_CC,West Burton B Limited,1.9393815219583184,0.9541284403669725,0.6146788990825688,0.5521176862934005,0.0280524761296813,"Higher frequency, lower attribution",
BMU ID,marginal_bmu_id,T_DINO-3_BID,BID,0.0153215721080529,-1.6004906893465596,1.6004906893465596,0.0,1.0,10,9.333333333333332,0.0007190088473038,0.1390227409923853,82.36037528752148,91,44,0.0718864433550563,29.382295397846597,40.10965716026676,0.0874561108639911,29.181332817536816,39.771802331439154,2025-05-26 SP14,T_DINO-3,Dinorwig 3,T_DINO-3,T_DINO,PS,First Hydro Company,PS,226.897557997558,415.6595238095238,709,320.0,T_DINO,First Hydro Company,0.8407661392431838,0.8256880733944955,0.6055045871559633,0.5521176862934005,0.0280524761296813,"Higher frequency, lower attribution",
BMU ID,marginal_bmu_id,T_CRUA-2_BID,BID,0.0149124032575753,-2.007281628554733,2.007281628554733,0.0,1.0,14,8.229166666666666,0.0006388037439758,0.1390227409923853,82.36037528752148,92,45,0.0718864433550563,29.382295397846597,40.10965716026676,0.0874561108639911,29.181332817536816,39.771802331439154,2025-05-26 SP14,T_CRUA-2,T_CRUA-2,T_CRUA-2,T_CRUA,PS,Drax Pumped Storage Limited,PS,151.59107142857144,138.45833333333334,368,124.76,T_CRUA,Drax Pumped Storage Limited,0.5617188699320838,0.7614678899082569,0.5963302752293578,0.5521176862934005,0.0280524761296813,"Higher frequency, lower attribution",
BMU ID,marginal_bmu_id,T_CRYRW-2_BID,BID,0.014208675717768,-4.684528120269051,4.684528120269051,0.0,1.0,5,4.5,0.000868210076669,0.1390227409923853,82.36037528752148,94,46,0.0718864433550563,29.382295397846597,40.10965716026676,0.0874561108639911,29.181332817536816,39.771802331439154,2025-05-26 SP14,T_CRYRW-2,Crystal Rig II Windfarm,T_CRYRW-2,T_CRYRW,WIND,Eneco Energy Trade,WIND,30.0,0.0,35,150.62,T_CRYRW,Eneco Energy Trade,0.1111646348241746,0.2018348623853211,0.5871559633027523,0.5521176862934005,0.0280524761296813,"Lower frequency, lower attribution",
BMU ID,marginal_bmu_id,T_WISTW-2_BID,BID,0.0134267726349813,-5.409813795128719,5.409813795128719,0.0,1.0,4,4.0,0.0006130377806848,0.1390227409923853,82.36037528752148,95,47,0.0718864433550563,29.382295397846597,40.10965716026676,0.0874561108639911,29.181332817536816,39.771802331439154,2025-05-26 SP14,T_WISTW-2,Brockloch Rig 2 WF Exp A,T_WISTW-2,T_WISTW,WIND,BROCKLOCH RIG WINDFARM LTD,WIND,17.333333333333332,0.0,19,61.5,T_WISTW,BROCKLOCH RIG WINDFARM LTD,0.06422845567618976,0.11009174311926606,0.5779816513761468,0.5521176862934005,0.0280524761296813,"Lower frequency, lower attribution",
BMU ID,marginal_bmu_id,T_GRAI-8_BID,BID,0.012191023341009,-0.506815054982068,0.506815054982068,0.0,1.0,41,21.95,0.0003250067186864,0.1390227409923853,82.36037528752148,98,48,0.0718864433550563,29.382295397846597,40.10965716026676,0.0874561108639911,29.181332817536816,39.771802331439154,2025-05-26 SP14,T_GRAI-8,T_GRAI-8,T_GRAI-8,T_GRAI,CCGT,Uniper UK Limited,CCGT,587.4039793539794,206.65,1463,468.0,T_GRAI,Uniper UK Limited,2.1766182953050706,0.981651376146789,0.5688073394495413,0.5521176862934005,0.0280524761296813,"Higher frequency, lower attribution",
BMU ID,marginal_bmu_id,T_SGRWO-6_BID,BID,0.0115462908372477,-3.3409435352169585,3.3409435352169585,0.0,1.0,8,3.6666666666666665,0.0007135833196939,0.1390227409923853,82.36037528752148,99,49,0.0718864433550563,29.382295397846597,40.10965716026676,0.0874561108639911,29.181332817536816,39.771802331439154,2025-05-26 SP14,T_SGRWO-6,Seagreen1 Offshore WF 6,T_SGRWO-6,T_SGRWO,WIND,Seagreen Wind Energy Limited,WIND,69.45,1.8333333333333333,140,380.0,T_SGRWO,Seagreen Wind Energy Limited,0.2573461296179642,0.5045871559633027,0.5596330275229358,0.5521176862934005,0.0280524761296813,"Lower frequency, lower attribution",
BMU ID,marginal_bmu_id,T_BEATO-4_BID,BID,0.0111318951566533,-6.935537689727868,6.935537689727868,0.0,1.0,5,2.5,0.000768013781965,0.1390227409923853,82.36037528752148,100,50,0.0718864433550563,29.382295397846597,40.10965716026676,0.0874561108639911,29.181332817536816,39.771802331439154,2025-05-26 SP14,T_BEATO-4,Beatrice Offshore WF 4,T_BEATO-4,T_BEATO,WIND,Beatrice Offshore Windfarm Ltd,WIND,11.166666666666666,0.0,23,165.526,T_BEATO,Beatrice Offshore Windfarm Ltd,0.0413779474067761,0.027522935779816515,0.5504587155963303,0.5521176862934005,0.0280524761296813,"Lower frequency, lower attribution",
BMU ID,marginal_bmu_id,2__HANGE003_BID,BID,0.010209244319687,-2.04921344334191,2.04921344334191,0.0,1.0,7,4.785714285714286,0.0006008263987334,0.1390227409923853,82.36037528752148,101,51,0.0718864433550563,29.382295397846597,40.10965716026676,0.0874561108639911,29.181332817536816,39.771802331439154,2025-05-26 SP14,2__HANGE003,2__HANGE003,2__HANGE003,2__HANGE_LR,LOAD RESPONSE,Limejump Energy Limited,LOAD RESPONSE,119.28809523809524,42.19503968253968,215,49.813,2__HANGE_LR,Limejump Energy Limited,0.4420205848671406,0.7247706422018348,0.5412844036697247,0.5521176862934005,0.0280524761296813,"Lower frequency, lower attribution",
BMU ID,marginal_bmu_id,T_EAAO-2_BID,BID,0.0093454693484923,-5.461538289958488,5.461538289958488,0.0,1.0,3,2.0,0.0011034102164053,0.1390227409923853,82.36037528752148,103,52,0.0718864433550563,29.382295397846597,40.10965716026676,0.0874561108639911,29.181332817536816,39.771802331439154,2025-05-26 SP14,T_EAAO-2,East Anglia One Offshore 2,T_EAAO-2,T_EAAO,WIND,East Anglia One Limited,WIND,30.0,0.0,46,367.0,T_EAAO,East Anglia One Limited,0.1111646348241746,0.2018348623853211,0.5321100917431193,0.5521176862934005,0.0280524761296813,"Lower frequency, lower attribution",
BMU ID,marginal_bmu_id,T_SOKYW-1_BID,BID,0.0091699261652994,-3.911381684379625,3.911381684379625,0.0,1.0,3,3.0,0.0007288248745852,0.1390227409923853,82.36037528752148,104,53,0.0718864433550563,29.382295397846597,40.10965716026676,0.0874561108639911,29.181332817536816,39.771802331439154,2025-05-26 SP14,T_SOKYW-1,South Kyle Wind Farm,T_SOKYW-1,T_SOKYW,WIND,South Kyle Wind Farm Limited,WIND,32.7,0.0,34,426.916,T_SOKYW,South Kyle Wind Farm Limited,0.12116945195835033,0.25688073394495414,0.5229357798165137,0.5521176862934005,0.0280524761296813,"Lower frequency, lower attribution",
BMU ID,marginal_bmu_id,T_GRAI-6_BID,BID,0.0091671252563444,-0.6722860624288122,0.6722860624288122,0.0,1.0,23,11.383333333333333,0.0003465579321539,0.1390227409923853,82.36037528752148,105,54,0.0718864433550563,29.382295397846597,40.10965716026676,0.0874561108639911,29.181332817536816,39.771802331439154,2025-05-26 SP14,T_GRAI-6,T_GRAI-6,T_GRAI-6,T_GRAI,CCGT,Uniper UK Limited,CCGT,378.88658008658007,143.83333333333334,973,468.0,T_GRAI,Uniper UK Limited,1.403959610503502,0.8807339449541285,0.5137614678899083,0.5521176862934005,0.0280524761296813,"Higher frequency, lower attribution",
BMU ID,marginal_bmu_id,T_WDRGW-1_BID,BID,0.0091366323006131,-4.109303174122788,4.109303174122788,0.0,1.0,5,3.083333333333333,0.000548935354434,0.1390227409923853,82.36037528752148,107,55,0.0718864433550563,29.382295397846597,40.10965716026676,0.0874561108639911,29.181332817536816,39.771802331439154,2025-05-26 SP14,T_WDRGW-1,Windy Rig Wind Farm,T_WDRGW-1,T_WDRGW,WIND,Windy Rig Wind Farm Limited,WIND,29.333333333333332,0.0,45,42.8,T_WDRGW,Windy Rig Wind Farm Limited,0.1086943096058596,0.1834862385321101,0.5045871559633027,0.5521176862934005,0.0280524761296813,"Lower frequency, lower attribution",
BMU ID,marginal_bmu_id,T_KPMRW-1_BID,BID,0.0077897186296058,-5.556900662763344,5.556900662763344,0.0,1.0,3,1.5,0.0009046433366362,0.1390227409923853,82.36037528752148,108,56,0.0718864433550563,29.382295397846597,40.10965716026676,0.0874561108639911,29.181332817536816,39.771802331439154,2025-05-26 SP14,T_KPMRW-1,KYPE MUIR WIND FARM,T_KPMRW-1,T_KPMRW,WIND,OnPath Energy Limited,WIND,29.0,0.0,37,89.0,T_KPMRW,OnPath Energy Limited,0.10745914699670212,0.1743119266055046,0.4954128440366973,0.5521176862934005,0.0280524761296813,"Lower frequency, lower attribution",
BMU ID,marginal_bmu_id,T_HOWAO-1_BID,BID,0.0046693435981056,-2.182607983959423,2.182607983959423,0.0,1.0,5,2.333333333333333,0.0003270740237347,0.1390227409923853,82.36037528752148,112,57,0.0718864433550563,29.382295397846597,40.10965716026676,0.0874561108639911,29.181332817536816,39.771802331439154,2025-05-26 SP14,T_HOWAO-1,HORNSEA_1A,T_HOWAO-1,T_HOWAO,WIND,Hornsea 1 Limited,WIND,46.0,1.4,86,400.0,T_HOWAO,Hornsea 1 Limited,0.1704524400637344,0.3944954128440367,0.48623853211009177,0.5521176862934005,0.0280524761296813,"Lower frequency, lower attribution",
BMU ID,marginal_bmu_id,T_DOREW-1_BID,BID,0.0046618143936222,-3.0166155580877088,3.0166155580877088,0.0,1.0,2,2.0,0.0003917627833509,0.1390227409923853,82.36037528752148,113,58,0.0718864433550563,29.382295397846597,40.10965716026676,0.0874561108639911,29.181332817536816,39.771802331439154,2025-05-26 SP14,T_DOREW-1,Dorenell Wind Farm One,T_DOREW-1,T_DOREW,WIND,Dorenell Windfarm Limited,WIND,24.0,0.0,34,156.92,T_DOREW,Dorenell Windfarm Limited,0.08893170785933968,0.1559633027522936,0.47706422018348627,0.5521176862934005,0.0280524761296813,"Lower frequency, lower attribution",
BMU ID,marginal_bmu_id,T_KENNW-1_BID,BID,0.0041987023474039,-2.1368757992711847,2.1368757992711847,0.0,1.0,2,2.0,0.000367894300575,0.1390227409923853,82.36037528752148,115,59,0.0718864433550563,29.382295397846597,40.10965716026676,0.0874561108639911,29.181332817536816,39.771802331439154,2025-05-26 SP14,T_KENNW-1,Kennoxhead Wind Farm,T_KENNW-1,T_KENNW,WIND,Kennoxhead Wind Farm Limited,WIND,42.0,1.0,43,60.0,T_KENNW,Kennoxhead Wind Farm Limited,0.15563048875384444,0.3532110091743119,0.46788990825688076,0.5521176862934005,0.0280524761296813,"Lower frequency, lower attribution",
BMU ID,marginal_bmu_id,T_EAAO-1_BID,BID,0.0041821234037929,-1.3873767595797108,1.3873767595797108,0.0,1.0,4,4.0,0.0002276084013432,0.1390227409923853,82.36037528752148,116,60,0.0718864433550563,29.382295397846597,40.10965716026676,0.0874561108639911,29.181332817536816,39.771802331439154,2025-05-26 SP14,T_EAAO-1,East Anglia One Offshore 1,T_EAAO-1,T_EAAO,WIND,East Anglia One Limited,WIND,42.0,0.0,58,358.0,T_EAAO,East Anglia One Limited,0.15563048875384444,0.3532110091743119,0.45871559633027525,0.5521176862934005,0.0280524761296813,"Lower frequency, lower attribution",
BMU ID,marginal_bmu_id,T_PEMB-41_BID,BID,0.0038139926544321,-0.4257330733178847,0.4257330733178847,0.0,1.0,10,7.583333333333333,0.0001498889900164,0.1390227409923853,82.36037528752148,117,61,0.0718864433550563,29.382295397846597,40.10965716026676,0.0874561108639911,29.181332817536816,39.771802331439154,2025-05-26 SP14,T_PEMB-41,Pembroke Unit 41,T_PEMB-41,T_PEMB,CCGT,RWE Generation UK plc,CCGT,231.35476190476192,92.45,484,475.0,T_PEMB,RWE Generation UK plc,0.8572822540658906,0.8348623853211009,0.44954128440366975,0.5521176862934005,0.0280524761296813,"Higher frequency, lower attribution",
BMU ID,marginal_bmu_id,T_SGRWO-1_BID,BID,0.0036940484363057,-1.4695295952850238,1.4695295952850238,0.0,1.0,7,2.5333333333333328,0.000242912237807,0.1390227409923853,82.36037528752148,118,62,0.0718864433550563,29.382295397846597,40.10965716026676,0.0874561108639911,29.181332817536816,39.771802331439154,2025-05-26 SP14,T_SGRWO-1,Seagreen1 Offshore WF 1,T_SGRWO-1,T_SGRWO,WIND,Seagreen Wind Energy Limited,WIND,51.25,0.5,122,358.0,T_SGRWO,Seagreen Wind Energy Limited,0.18990625115796494,0.42201834862385323,0.44036697247706424,0.5521176862934005,0.0280524761296813,"Lower frequency, lower attribution",
BMU ID,marginal_bmu_id,T_PEMB-51_BID,BID,0.0031744943489213,-0.3352141990656125,0.3352141990656125,0.0,1.0,14,7.999999999999999,0.0001340256245644,0.1390227409923853,82.36037528752148,119,63,0.0718864433550563,29.382295397846597,40.10965716026676,0.0874561108639911,29.181332817536816,39.771802331439154,2025-05-26 SP14,T_PEMB-51,Pembroke Unit 51,T_PEMB-51,T_PEMB,CCGT,RWE Generation UK plc,CCGT,238.19722222222222,101.11666666666666,514,475.0,T_PEMB,RWE Generation UK plc,0.8826369074822034,0.8440366972477065,0.43119266055045874,0.5521176862934005,0.0280524761296813,"Higher frequency, lower attribution",
BMU ID,marginal_bmu_id,T_HOWAO-2_BID,BID,0.0031380155451734,-3.5179045211177224,3.5179045211177224,0.0,1.0,1,0.3333333333333333,0.0005399203359955,0.1390227409923853,82.36037528752148,121,64,0.0718864433550563,29.382295397846597,40.10965716026676,0.0874561108639911,29.181332817536816,39.771802331439154,2025-05-26 SP14,T_HOWAO-2,HORNSEA_1B,T_HOWAO-2,T_HOWAO,WIND,Hornsea 1 Limited,WIND,33.0,0.4,74,400.0,T_HOWAO,Hornsea 1 Limited,0.12228109830659206,0.26605504587155965,0.42201834862385323,0.5521176862934005,0.0280524761296813,"Lower frequency, lower attribution",
BMU ID,marginal_bmu_id,T_NURSB-1_BID,BID,0.0031207545430878,-0.9504018783182384,0.9504018783182384,0.0,1.0,5,2.416666666666667,0.0002083517793718,0.1390227409923853,82.36037528752148,122,65,0.0718864433550563,29.382295397846597,40.10965716026676,0.0874561108639911,29.181332817536816,39.771802331439154,2025-05-26 SP14,T_NURSB-1,Nursling Battery Storage,T_NURSB-1,T_NURSB,BATTERY,EDF Energy Customers Limited,BATTERY,96.04734154734155,54.153330003330005,320,48.0,T_NURSB,EDF Energy Customers Limited,0.3559022549647666,0.6238532110091743,0.41284403669724773,0.5521176862934005,0.0280524761296813,"Lower frequency, lower attribution",
BMU ID,marginal_bmu_id,T_RICHB-2_BID,BID,0.0029381026144237,-1.3725753545518316,1.3725753545518316,0.0,1.0,2,1.1428571428571428,0.0003010420423186,0.1390227409923853,82.36037528752148,123,66,0.0718864433550563,29.382295397846597,40.10965716026676,0.0874561108639911,29.181332817536816,39.771802331439154,2025-05-26 SP14,T_RICHB-2,Richborough Energy Park 2,T_RICHB-2,T_RICHB,OTHER,Limejump Energy Limited,OTHER,77.95476190476191,26.39623015873016,145,49.9,T_RICHB,Limejump Energy Limited,0.28886042133161116,0.5504587155963303,0.4036697247706422,0.5521176862934005,0.0280524761296813,"Lower frequency, lower attribution",
BMU ID,marginal_bmu_id,T_EECL-1_BID,BID,0.0028046449115849,-0.2253448813256212,0.2253448813256212,0.0,1.0,20,13.05952380952381,0.0001025551112039,0.1390227409923853,82.36037528752148,124,67,0.0718864433550563,29.382295397846597,40.10965716026676,0.0874561108639911,29.181332817536816,39.771802331439154,2025-05-26 SP14,T_EECL-1,Enfield Energy Centre Ltd BMU1,T_EECL-1,T_EECL,CCGT,Uniper UK Limited,CCGT,262.83174603174604,59.26111111111111,580,444.0,T_EECL,Uniper UK Limited,0.973919835593975,0.8532110091743119,0.3944954128440367,0.5521176862934005,0.0280524761296813,"Higher frequency, lower attribution",
BMU ID,marginal_bmu_id,T_EWHLW-1_BID,BID,0.0026611439105379,-2.1955612596633847,2.1955612596633847,0.0,1.0,3,1.7,0.0002771967455709,0.1390227409923853,82.36037528752148,125,68,0.0718864433550563,29.382295397846597,40.10965716026676,0.0874561108639911,29.181332817536816,39.771802331439154,2025-05-26 SP14,T_EWHLW-1,Ewe Hill II Windfarm,T_EWHLW-1,T_EWHLW,WIND,SP Renewables (UK) Limited,WIND,13.366666666666667,0.0,25,38.0,T_EWHLW,SP Renewables (UK) Limited,0.04953002062721558,0.07339449541284404,0.3853211009174312,0.5521176862934005,0.0280524761296813,"Lower frequency, lower attribution",
BMU ID,marginal_bmu_id,I_IBD-DMCC1_BID,BID,0.0023676797815933,-2.076844143971384,2.076844143971384,0.0,1.0,1,1.0,0.0002456305157079,0.1390227409923853,82.36037528752148,128,70,0.0718864433550563,29.382295397846597,40.10965716026676,0.0874561108639911,29.181332817536816,39.771802331439154,2025-05-26 SP14,I_IBD-DMCC1,—,I_IBD-DMCC1,I_IBD-DMCC,BritNed,Cobblestone Energy DMCC,BRITNED,27.833333333333332,0.0,31,,I_IBD-DMCC,Cobblestone Energy DMCC,0.10313607786465087,0.1651376146788991,0.3761467889908257,0.5521176862934005,0.0280524761296813,"Lower frequency, lower attribution",
BMU ID,marginal_bmu_id,T_CRGHW-1_BID,BID,0.0020592169645722,-2.096621174738657,2.096621174738657,0.0,1.0,1,1.0,0.0002824363322377,0.1390227409923853,82.36037528752148,131,71,0.0718864433550563,29.382295397846597,40.10965716026676,0.0874561108639911,29.181332817536816,39.771802331439154,2025-05-26 SP14,T_CRGHW-1,Carraig Gheal Wind Farm,T_CRGHW-1,T_CRGHW,WIND,Statkraft Markets Gmbh,WIND,19.0,0.0,19,46.0,T_CRGHW,Statkraft Markets Gmbh,0.07040426872197725,0.11926605504587157,0.3669724770642202,0.5521176862934005,0.0280524761296813,"Lower frequency, lower attribution",
BMU ID,marginal_bmu_id,2__ASTAT005_BID,BID,0.00201293152768,-0.696082872710299,0.696082872710299,0.0,1.0,4,2.75,0.0001592976051451,0.1390227409923853,82.36037528752148,132,72,0.0718864433550563,29.382295397846597,40.10965716026676,0.0874561108639911,29.181332817536816,39.771802331439154,2025-05-26 SP14,2__ASTAT005,STAT_A6,2__ASTAT005,2__ASTAT_B,BATTERY,Statkraft Markets Gmbh,BATTERY,60.89844877344877,80.18333333333334,176,51.313,2__ASTAT_B,Statkraft Markets Gmbh,0.2256584606419712,0.44036697247706424,0.3577981651376147,0.5521176862934005,0.0280524761296813,"Lower frequency, lower attribution",
BMU ID,marginal_bmu_id,2__FBPGM001_BID,BID,0.0018782852852875,-0.3585387388778596,0.3585387388778596,0.0,1.0,5,5.0,0.0001170537831623,0.1390227409923853,82.36037528752148,133,73,0.0718864433550563,29.382295397846597,40.10965716026676,0.0874561108639911,29.181332817536816,39.771802331439154,2025-05-26 SP14,2__FBPGM001,Wormald Green BESS,2__FBPGM001,2__FBPGM,BATTERY,BP Gas Marketing Limited,BATTERY,117.5,64.0,183,39.859,2__FBPGM,BP Gas Marketing Limited,0.4353948197280172,0.7155963302752294,0.3486238532110092,0.5521176862934005,0.0280524761296813,"Lower frequency, lower attribution",
BMU ID,marginal_bmu_id,2__NHPOW002_BID,BID,0.0017469813539337,-0.9429478080426024,0.9429478080426024,0.0,1.0,2,2.0,0.0001576653855806,0.1390227409923853,82.36037528752148,135,75,0.0718864433550563,29.382295397846597,40.10965716026676,0.0874561108639911,29.181332817536816,39.771802331439154,2025-05-26 SP14,2__NHPOW002,2__NHPOW002,2__NHPOW002,2__NHPOW,NPSHYD,Drax Energy Solutions Limited,NPSHYD,33.5,0.5,36,108.0,2__NHPOW,Drax Energy Solutions Limited,0.1241338422203283,0.27522935779816515,0.3394495412844037,0.5521176862934005,0.0280524761296813,"Lower frequency, lower attribution",
BMU ID,marginal_bmu_id,2__HANGE004_BID,BID,0.0017287220219515,-0.5099746394977868,0.5099746394977868,0.0,1.0,3,2.25,0.0001328435955188,0.1390227409923853,82.36037528752148,136,76,0.0718864433550563,29.382295397846597,40.10965716026676,0.0874561108639911,29.181332817536816,39.771802331439154,2025-05-26 SP14,2__HANGE004,2__HANGE004,2__HANGE004,2__HANGE_B,BATTERY,Limejump Energy Limited,BATTERY,101.6547619047619,29.72361111111111,177,49.335,2__HANGE_B,Limejump Energy Limited,0.37668048284270905,0.6697247706422018,0.3302752293577982,0.5521176862934005,0.0280524761296813,"Lower frequency, lower attribution",
BMU ID,marginal_bmu_id,E_BARNB-1_BID,BID,0.0017275581609245,-0.7945685363241259,0.7945685363241259,0.0,1.0,1,0.25,0.0002047280145143,0.1390227409923853,82.36037528752148,137,77,0.0718864433550563,29.382295397846597,40.10965716026676,0.0874561108639911,29.181332817536816,39.771802331439154,2025-05-26 SP14,E_BARNB-1,Hunningley Stairfoot BESS,E_BARNB-1,E_BARNB,BATTERY,EDF Energy Customers Limited,BATTERY,88.27424242424243,65.61666666666666,190,44.0,E_BARNB,EDF Energy Customers Limited,0.3270991307823857,0.6055045871559633,0.3211009174311927,0.5521176862934005,0.0280524761296813,"Lower frequency, lower attribution",
BMU ID,marginal_bmu_id,I_IFD-NITR1_BID,BID,0.001642730663946,-0.9604963203367588,0.9604963203367588,0.0,1.0,2,2.0,0.0001375295209399,0.1390227409923853,82.36037528752148,139,79,0.0718864433550563,29.382295397846597,40.10965716026676,0.0874561108639911,29.181332817536816,39.771802331439154,2025-05-26 SP14,I_IFD-NITR1,—,I_IFD-NITR1,I_IFD-NITR,IFA,Nitor Energy A/S,IFA,31.0,0.0,32,,I_IFD-NITR,Nitor Energy A/S,0.11487012265164709,0.22477064220183487,0.3119266055045872,0.5521176862934005,0.0280524761296813,"Lower frequency, lower attribution",
BMU ID,marginal_bmu_id,T_WBURB-1_BID,BID,0.0013166857795001,-0.0779900796499442,0.0779900796499442,0.0,1.0,28,14.845238095238097,4.4523735590454e-05,0.1390227409923853,82.36037528752148,141,81,0.0718864433550563,29.382295397846597,40.10965716026676,0.0874561108639911,29.181332817536816,39.771802331439154,2025-05-26 SP14,T_WBURB-1,West Burton B Unit 1,T_WBURB-1,T_WBURB_CC,CCGT,West Burton B Limited,CCGT,399.27335164835165,267.78333333333336,1059,470.0,T_WBURB_CC,West Burton B Limited,1.4795025443671088,0.8990825688073395,0.30275229357798167,0.5521176862934005,0.0280524761296813,"Higher frequency, lower attribution",
BMU ID,marginal_bmu_id,I_IFD-EDFT1_BID,BID,0.0013028821055463,-0.602173890682159,0.602173890682159,0.0,1.0,3,2.5,0.000110917598972,0.1390227409923853,82.36037528752148,142,82,0.0718864433550563,29.382295397846597,40.10965716026676,0.0874561108639911,29.181332817536816,39.771802331439154,2025-05-26 SP14,I_IFD-EDFT1,—,I_IFD-EDFT1,I_IFD-EDFT,IFA,EDF TRADING LIMITED,IFA,34.5,0.0,36,,I_IFD-EDFT,EDF TRADING LIMITED,0.1278393300478008,0.28440366972477066,0.29357798165137616,0.5521176862934005,0.0280524761296813,"Lower frequency, lower attribution",
BMU ID,marginal_bmu_id,E_THMRB-1_BID,BID,0.001133484293734,-0.3004918711467348,0.3004918711467348,0.0,1.0,4,2.45,7.42000535933859e-05,0.1390227409923853,82.36037528752148,147,84,0.0718864433550563,29.382295397846597,40.10965716026676,0.0874561108639911,29.181332817536816,39.771802331439154,2025-05-26 SP14,E_THMRB-1,Thame Road  BESS,E_THMRB-1,E_THMRB,BATTERY,Tesla Motors Limited,BATTERY,117.22420634920636,96.22619047619048,276,49.5,E_THMRB,Tesla Motors Limited,0.43437286971210715,0.7064220183486238,0.28440366972477066,0.5521176862934005,0.0280524761296813,"Lower frequency, lower attribution",
BMU ID,marginal_bmu_id,T_WISHB-1_BID,BID,0.0011184779557297,-0.3770488880783433,0.3770488880783433,0.0,1.0,5,2.0416666666666665,7.79097534378206e-05,0.1390227409923853,82.36037528752148,148,85,0.0718864433550563,29.382295397846597,40.10965716026676,0.0874561108639911,29.181332817536816,39.771802331439154,2025-05-26 SP14,T_WISHB-1,Wishaw BESS,T_WISHB-1,T_WISHB,BATTERY,Zenobe Wishaw Limited,BATTERY,82.3852564102564,52.791666666666664,166,51.0,T_WISHB,Zenobe Wishaw Limited,0.3052775647914048,0.5596330275229358,0.27522935779816515,0.5521176862934005,0.0280524761296813,"Lower frequency, lower attribution",
BMU ID,marginal_bmu_id,T_CRUA-4_BID,BID,0.0009724218916562,-0.4472030393613135,0.4472030393613135,0.0,1.0,2,1.5,8.622948283958292e-05,0.1390227409923853,82.36037528752148,151,87,0.0718864433550563,29.382295397846597,40.10965716026676,0.0874561108639911,29.181332817536816,39.771802331439154,2025-05-26 SP14,T_CRUA-4,T_CRUA-4,T_CRUA-4,T_CRUA,PS,Drax Pumped Storage Limited,PS,70.4968253968254,152.13333333333333,275,104.0,T_CRUA,Drax Pumped Storage Limited,0.2612251283833898,0.5137614678899083,0.26605504587155965,0.5521176862934005,0.0280524761296813,"Lower frequency, lower attribution",
BMU ID,marginal_bmu_id,T_LKSDB-1_BID,BID,0.000845939696169,-0.3725489253759009,0.3725489253759009,0.0,1.0,1,1.0,8.174778897073845e-05,0.1390227409923853,82.36037528752148,153,88,0.0718864433550563,29.382295397846597,40.10965716026676,0.0874561108639911,29.181332817536816,39.771802331439154,2025-05-26 SP14,T_LKSDB-1,Lakeside  BESS,T_LKSDB-1,T_LKSDB,OTHER,Lakeside Energy Storage Ltd,OTHER,71.95,35.45,132,105.0,T_LKSDB,Lakeside Energy Storage Ltd,0.26660984918664543,0.5229357798165137,0.25688073394495414,0.5521176862934005,0.0280524761296813,"Lower frequency, lower attribution",
BMU ID,marginal_bmu_id,2__MCMRO003_BID,BID,0.0008433132096411,-0.3785653582843508,0.3785653582843508,0.0,1.0,2,2.0,6.46374156295627e-05,0.1390227409923853,82.36037528752148,154,89,0.0718864433550563,29.382295397846597,40.10965716026676,0.0874561108639911,29.181332817536816,39.771802331439154,2025-05-26 SP14,2__MCMRO003,2__MCMRO003,2__MCMRO003,2__MCMRO,OTHER,BGI Trading Limited,OTHER,64.58333333333333,32.666666666666664,115,50.0,2__MCMRO,BGI Trading Limited,0.23931275552426476,0.4954128440366973,0.24770642201834864,0.5521176862934005,0.0280524761296813,"Lower frequency, lower attribution",
BMU ID,marginal_bmu_id,T_SEAB-1_BID,BID,0.0008128527663825,-0.0860253585710511,0.0860253585710511,0.0,1.0,5,5.0,3.486771917498917e-05,0.1390227409923853,82.36037528752148,156,90,0.0718864433550563,29.382295397846597,40.10965716026676,0.0874561108639911,29.181332817536816,39.771802331439154,2025-05-26 SP14,T_SEAB-1,Seabank Power Module,T_SEAB-1,T_SEAB,CCGT,Seabank Power Limited,CCGT,310.34166666666664,793.5364468864469,1180,830.0,T_SEAB,Seabank Power Limited,1.1499672681908573,0.8715596330275229,0.23853211009174313,0.5521176862934005,0.0280524761296813,"Higher frequency, lower attribution",Frequent but routine
BMU ID,marginal_bmu_id,T_PEMB-31_BID,BID,0.0007904075507544,-0.1096863478509869,0.1096863478509869,0.0,1.0,9,4.833333333333333,3.354441066380121e-05,0.1390227409923853,82.36037528752148,159,91,0.0718864433550563,29.382295397846597,40.10965716026676,0.0874561108639911,29.181332817536816,39.771802331439154,2025-05-26 SP14,T_PEMB-31,Pembroke Unit 31,T_PEMB-31,T_PEMB,CCGT,RWE Generation UK plc,CCGT,198.9424603174603,103.03333333333333,469,475.0,T_PEMB,RWE Generation UK plc,0.7371788650737774,0.7981651376146789,0.22935779816513763,0.5521176862934005,0.0280524761296813,"Higher frequency, lower attribution",
BMU ID,marginal_bmu_id,2__HANGE005_BID,BID,0.0007779137875503,-0.2306895782573398,0.2306895782573398,0.0,1.0,5,4.5,2.5992275911169005e-05,0.1390227409923853,82.36037528752148,160,92,0.0718864433550563,29.382295397846597,40.10965716026676,0.0874561108639911,29.181332817536816,39.771802331439154,2025-05-26 SP14,2__HANGE005,2__HANGE005,2__HANGE005,2__HANGE_OTH,OTHER,Limejump Energy Limited,OTHER,46.34285714285714,30.583333333333332,83,101.899,2__HANGE_OTH,Limejump Energy Limited,0.17172289303315352,0.4036697247706422,0.22018348623853212,0.5521176862934005,0.0280524761296813,"Lower frequency, lower attribution",
BMU ID,marginal_bmu_id,E_DALSW-1_BID,BID,0.0007744739319229,-0.8965398396105735,0.8965398396105735,0.0,1.0,1,1.0,9.012921605253408e-05,0.1390227409923853,82.36037528752148,162,94,0.0718864433550563,29.382295397846597,40.10965716026676,0.0874561108639911,29.181332817536816,39.771802331439154,2025-05-26 SP14,E_DALSW-1,Dalswinton Windfarm,E_DALSW-1,E_DALSW,WIND,Mobius Renewables Gen. (GB),WIND,14.5,0.0,17,30.0,E_DALSW,Mobius Renewables Gen. (GB),0.05372957349835106,0.09174311926605505,0.21100917431192662,0.5521176862934005,0.0280524761296813,"Lower frequency, lower attribution",
BMU ID,marginal_bmu_id,T_MIDMW-1_BID,BID,0.0007680168719519,-0.7630030059554757,0.7630030059554757,0.0,1.0,1,1.0,0.0001005540504724,0.1390227409923853,82.36037528752148,163,95,0.0718864433550563,29.382295397846597,40.10965716026676,0.0874561108639911,29.181332817536816,39.771802331439154,2025-05-26 SP14,T_MIDMW-1,MIDDLE MUIR WIND FARM,T_MIDMW-1,T_MIDMW,WIND,OnPath Energy Limited,WIND,22.0,0.0,30,51.0,T_MIDMW,OnPath Energy Limited,0.08152073220439471,0.13761467889908258,0.2018348623853211,0.5521176862934005,0.0280524761296813,"Lower frequency, lower attribution",
BMU ID,marginal_bmu_id,T_MOWWO-4_BID,BID,0.000748801990387,-0.770145689996245,0.770145689996245,0.0,1.0,1,1.0,8.052390050878431e-05,0.1390227409923853,82.36037528752148,165,96,0.0718864433550563,29.382295397846597,40.10965716026676,0.0874561108639911,29.181332817536816,39.771802331439154,2025-05-26 SP14,T_MOWWO-4,Moray West OWF4,T_MOWWO-4,T_MOWWO,WIND,Moray Offshore Wind West Ltd,WIND,20.083333333333332,0.0,24,287.0,T_MOWWO,Moray Offshore Wind West Ltd,0.07441854720173911,0.12844036697247707,0.1926605504587156,0.5521176862934005,0.0280524761296813,"Lower frequency, lower attribution",
BMU ID,marginal_bmu_id,I_IND-EDMK1_BID,BID,0.000705162470069,-0.9978963983291202,0.9978963983291202,0.0,1.0,1,1.0,5.206277498711765e-05,0.1390227409923853,82.36037528752148,167,97,0.0718864433550563,29.382295397846597,40.10965716026676,0.0874561108639911,29.181332817536816,39.771802331439154,2025-05-26 SP14,I_IND-EDMK1,—,I_IND-EDMK1,I_IND-EDMK,NEMO,Mind Energy A/S,NEMO,7.0,0.0,8,,I_IND-EDMK,Mind Energy A/S,0.025938414792307407,0.013761467889908258,0.1834862385321101,0.5521176862934005,0.0280524761296813,"Lower frequency, lower attribution",
BMU ID,marginal_bmu_id,T_PINFB-1_BID,BID,0.0006612381924875,-0.1871862608965056,0.1871862608965056,0.0,1.0,5,2.4444444444444446,3.899330169002431e-05,0.1390227409923853,82.36037528752148,169,98,0.0718864433550563,29.382295397846597,40.10965716026676,0.0874561108639911,29.181332817536816,39.771802331439154,2025-05-26 SP14,T_PINFB-1,T_PINFB-1,T_PINFB-1,T_PINFB_B,BATTERY,Zenobe Capenhurst Limited,BATTERY,98.4267538017538,35.16103202353202,274,27.08,T_PINFB_B,Zenobe Capenhurst Limited,0.36471913811003004,0.6513761467889908,0.1743119266055046,0.5521176862934005,0.0280524761296813,"Lower frequency, lower attribution",
BMU ID,marginal_bmu_id,T_PINFB-4_BID,BID,0.0006495310597471,-0.2006316039740884,0.2006316039740884,0.0,1.0,8,3.1047619047619044,3.947813694612419e-05,0.1390227409923853,82.36037528752148,170,99,0.0718864433550563,29.382295397846597,40.10965716026676,0.0874561108639911,29.181332817536816,39.771802331439154,2025-05-26 SP14,T_PINFB-4,T_PINFB-4,T_PINFB-4,T_PINFB_B,BATTERY,Zenobe Capenhurst Limited,BATTERY,62.86054501054501,37.06844544344544,270,26.0,T_PINFB_B,Zenobe Capenhurst Limited,0.2329289843648609,0.45871559633027525,0.1651376146788991,0.5521176862934005,0.0280524761296813,"Lower frequency, lower attribution",
BMU ID,marginal_bmu_id,T_HOWAO-3_BID,BID,0.0005976794584219,-0.5763279182855672,0.5763279182855672,0.0,1.0,2,0.6666666666666666,6.825174933476403e-05,0.1390227409923853,82.36037528752148,173,100,0.0718864433550563,29.382295397846597,40.10965716026676,0.0874561108639911,29.181332817536816,39.771802331439154,2025-05-26 SP14,T_HOWAO-3,HORNSEA_1C,T_HOWAO-3,T_HOWAO,WIND,Hornsea 1 Limited,WIND,31.0,0.0,62,400.0,T_HOWAO,Hornsea 1 Limited,0.11487012265164709,0.22477064220183487,0.1559633027522936,0.5521176862934005,0.0280524761296813,"Lower frequency, lower attribution",
BMU ID,marginal_bmu_id,E_CLAYB-2_BID,BID,0.0005830267496569,-0.1767229716696931,0.1767229716696931,0.0,1.0,3,2.166666666666667,3.894565420150183e-05,0.1390227409923853,82.36037528752148,175,101,0.0718864433550563,29.382295397846597,40.10965716026676,0.0874561108639911,29.181332817536816,39.771802331439154,2025-05-26 SP14,E_CLAYB-2,ClayTye Farm 2 Battery Storage,E_CLAYB-2,E_CLAYB,BATTERY,Tesla Motors Limited,BATTERY,96.58888888888889,58.101190476190474,189,49.5,E_CLAYB,Tesla Motors Limited,0.3579089520468703,0.6330275229357798,0.14678899082568808,0.5521176862934005,0.0280524761296813,"Lower frequency, lower attribution",
BMU ID,marginal_bmu_id,E_HAWKB-1_BID,BID,0.0005606575057005,-0.1409849151252567,0.1409849151252567,0.0,1.0,6,3.7916666666666665,2.62149092924309e-05,0.1390227409923853,82.36037528752148,177,103,0.0718864433550563,29.382295397846597,40.10965716026676,0.0874561108639911,29.181332817536816,39.771802331439154,2025-05-26 SP14,E_HAWKB-1,HawkersHill  Battery,E_HAWKB-1,E_HAWKB,BATTERY,Tesla Motors Limited,BATTERY,86.26626984126985,57.21071428571428,210,20.0,E_HAWKB,Tesla Motors Limited,0.3196586128182823,0.5963302752293578,0.13761467889908258,0.5521176862934005,0.0280524761296813,"Lower frequency, lower attribution",
BMU ID,marginal_bmu_id,T_SUNDB-1_BID,BID,0.0005547467374802,-0.201166926599121,0.201166926599121,0.0,1.0,3,2.333333333333333,5.765020461913189e-05,0.1390227409923853,82.36037528752148,178,104,0.0718864433550563,29.382295397846597,40.10965716026676,0.0874561108639911,29.181332817536816,39.771802331439154,2025-05-26 SP14,T_SUNDB-1,SUNDON BESS,T_SUNDB-1,T_SUNDB,BATTERY,Pivoted Power LLP,BATTERY,83.30833333333334,44.96230158730159,156,50.246,T_SUNDB,Pivoted Power LLP,0.3086980150936871,0.5779816513761468,0.12844036697247707,0.5521176862934005,0.0280524761296813,"Lower frequency, lower attribution",
BMU ID,marginal_bmu_id,2__FBPGM002_BID,BID,0.0005406494060615,-0.1145666185327172,0.1145666185327172,0.0,1.0,5,4.166666666666666,2.8023038286681303e-05,0.1390227409923853,82.36037528752148,179,105,0.0718864433550563,29.382295397846597,40.10965716026676,0.0874561108639911,29.181332817536816,39.771802331439154,2025-05-26 SP14,2__FBPGM002,Hawthorn Pit BESS,2__FBPGM002,2__FBPGM,BATTERY,BP Gas Marketing Limited,BATTERY,113.16666666666667,50.0,164,59.642,2__FBPGM,BP Gas Marketing Limited,0.4193377058089698,0.6880733944954128,0.11926605504587157,0.5521176862934005,0.0280524761296813,"Lower frequency, lower attribution",
BMU ID,marginal_bmu_id,T_FFES-2_BID,BID,0.0005182267688532,-0.2177205144771047,0.2177205144771047,0.0,1.0,3,2.5,2.936558854357081e-05,0.1390227409923853,82.36037528752148,180,106,0.0718864433550563,29.382295397846597,40.10965716026676,0.0874561108639911,29.181332817536816,39.771802331439154,2025-05-26 SP14,T_FFES-2,Ffestioniog 2,T_FFES-2,T_FFES,PS,First Hydro Company,PS,54.83015873015873,244.33333333333334,327,91.875,T_FFES,First Hydro Company,0.20317248575298746,0.43119266055045874,0.11009174311926606,0.5521176862934005,0.0280524761296813,"Lower frequency, lower attribution",
BMU ID,marginal_bmu_id,E_BTUIW-2_BID,BID,0.0005176007861642,-0.5056528726764749,0.5056528726764749,0.0,1.0,2,1.5,4.873455549297463e-05,0.1390227409923853,82.36037528752148,181,107,0.0718864433550563,29.382295397846597,40.10965716026676,0.0874561108639911,29.181332817536816,39.771802331439154,2025-05-26 SP14,E_BTUIW-2,Beinn An Tuirc 2,E_BTUIW-2,E_BTUIW,WIND,SP Renewables (UK) Limited,WIND,11.5,0.0,13,43.7,E_BTUIW,SP Renewables (UK) Limited,0.0426131100159336,0.03669724770642202,0.10091743119266056,0.5521176862934005,0.0280524761296813,"Lower frequency, lower attribution",
BMU ID,marginal_bmu_id,T_BUSTB-1_BID,BID,0.000510676778389,-0.1586319455300134,0.1586319455300134,0.0,1.0,5,2.361111111111111,3.305838941053851e-05,0.1390227409923853,82.36037528752148,182,108,0.0718864433550563,29.382295397846597,40.10965716026676,0.0874561108639911,29.181332817536816,39.771802331439154,2025-05-26 SP14,T_BUSTB-1,Pivot Power Bustleholme,T_BUSTB-1,T_BUSTB,BATTERY,Pivoted Power LLP,BATTERY,97.78983793983794,68.73936896436896,315,52.237,T_BUSTB,Pivoted Power LLP,0.36235905413657665,0.6422018348623854,0.09174311926605505,0.5521176862934005,0.0280524761296813,"Lower frequency, lower attribution",
BMU ID,marginal_bmu_id,E_BURWB-1_BID,BID,0.0005036486601261,-0.1537404915786169,0.1537404915786169,0.0,1.0,3,2.0,3.296891508445965e-05,0.1390227409923853,82.36037528752148,183,109,0.0718864433550563,29.382295397846597,40.10965716026676,0.0874561108639911,29.181332817536816,39.771802331439154,2025-05-26 SP14,E_BURWB-1,Burwell Weirs Drove BESS,E_BURWB-1,E_BURWB_OTH,OTHER,Arenko Cleantech Limited,OTHER,113.67424242424242,72.7,226,50.533,E_BURWB_OTH,Arenko Cleantech Limited,0.42121852160018686,0.6972477064220184,0.08256880733944955,0.5521176862934005,0.0280524761296813,"Lower frequency, lower attribution",
BMU ID,marginal_bmu_id,2__HSTAT002_BID,BID,0.0004450537796056,-0.2236839545279069,0.2236839545279069,0.0,1.0,2,0.35,6.136331501706232e-05,0.1390227409923853,82.36037528752148,188,111,0.0718864433550563,29.382295397846597,40.10965716026676,0.0874561108639911,29.181332817536816,39.771802331439154,2025-05-26 SP14,2__HSTAT002,STAT_H3,2__HSTAT002,2__HSTAT,BATTERY,Statkraft Markets Gmbh,BATTERY,85.13416305916306,85.99209956709957,219,52.237,2__HSTAT,Statkraft Markets Gmbh,0.3154636049177866,0.5871559633027523,0.07339449541284404,0.5521176862934005,0.0280524761296813,"Lower frequency, lower attribution",
BMU ID,marginal_bmu_id,2__JSTAT002_BID,BID,0.0004006528012565,-0.1835508903182797,0.1835508903182797,0.0,1.0,3,0.8928571428571428,4.24308540848121e-05,0.1390227409923853,82.36037528752148,189,112,0.0718864433550563,29.382295397846597,40.10965716026676,0.0874561108639911,29.181332817536816,39.771802331439154,2025-05-26 SP14,2__JSTAT002,STAT_J3,2__JSTAT002,2__JSTAT,BATTERY,Statkraft Markets Gmbh,BATTERY,76.87622655122655,39.31709956709957,150,6.305,2__JSTAT,Statkraft Markets Gmbh,0.2848639217075872,0.5412844036697247,0.06422018348623854,0.5521176862934005,0.0280524761296813,"Lower frequency, lower attribution",
BMU ID,marginal_bmu_id,I_I2D-NEAS1_BID,BID,0.0003730690595503,-0.5112205603324459,0.5112205603324459,0.0,1.0,1,1.0,3.221767539815376e-05,0.1390227409923853,82.36037528752148,191,114,0.0718864433550563,29.382295397846597,40.10965716026676,0.0874561108639911,29.181332817536816,39.771802331439154,2025-05-26 SP14,I_I2D-NEAS1,—,I_I2D-NEAS1,I_I2D-NEAS,IFA2,Centrica Energy Trading A/S,IFA2,7.0,0.0,7,,I_I2D-NEAS,Centrica Energy Trading A/S,0.025938414792307407,0.013761467889908258,0.05504587155963303,0.5521176862934005,0.0280524761296813,"Lower frequency, lower attribution",
BMU ID,marginal_bmu_id,T_RMPNO-2_BID,BID,0.0003459714573635,-0.4200321683605352,0.4200321683605352,0.0,1.0,1,1.0,2.681858945356142e-05,0.1390227409923853,82.36037528752148,193,116,0.0718864433550563,29.382295397846597,40.10965716026676,0.0874561108639911,29.181332817536816,39.771802331439154,2025-05-26 SP14,T_RMPNO-2,Rampion Offshore Wind BMU 2,T_RMPNO-2,T_RMPNO,WIND,Rampion Offshore Windfarm Ltd,WIND,12.5,0.0,20,200.1,T_RMPNO,Rampion Offshore Windfarm Ltd,0.046318597843406084,0.045871559633027525,0.045871559633027525,0.5521176862934005,0.0280524761296813,"Lower frequency, lower attribution",
BMU ID,marginal_bmu_id,I_IVD-OUTL1_BID,BID,0.0003454612427962,-0.3949276263643337,0.3949276263643337,0.0,1.0,1,1.0,2.490906412806747e-05,0.1390227409923853,82.36037528752148,194,117,0.0718864433550563,29.382295397846597,40.10965716026676,0.0874561108639911,29.181332817536816,39.771802331439154,2025-05-26 SP14,I_IVD-OUTL1,—,I_IVD-OUTL1,I_IVD-OUTL,Viking,Outlook Energy Ltd,VIKING,14.0,0.0,14,,I_IVD-OUTL,Outlook Energy Ltd,0.051876829584614814,0.08256880733944955,0.03669724770642202,0.5521176862934005,0.0280524761296813,"Lower frequency, lower attribution",
BMU ID,marginal_bmu_id,T_SANQW-1_BID,BID,0.000345235921291,-0.4129498524622652,0.4129498524622652,0.0,1.0,1,1.0,4.3306114080212746e-05,0.1390227409923853,82.36037528752148,195,118,0.0718864433550563,29.382295397846597,40.10965716026676,0.0874561108639911,29.181332817536816,39.771802331439154,2025-05-26 SP14,T_SANQW-1,SANQUHAR,T_SANQW-1,T_SANQW,WIND,SANQUHAR CWCL,WIND,12.833333333333334,0.0,15,32.08,T_SANQW,SANQUHAR CWCL,0.047553760452563584,0.05504587155963303,0.027522935779816515,0.5521176862934005,0.0280524761296813,"Lower frequency, lower attribution",
BMU ID,marginal_bmu_id,I_IFD-NTPL1_BID,BID,0.000249103704293,-0.4154176306433923,0.4154176306433923,0.0,1.0,1,0.5,5.480412300275016e-05,0.1390227409923853,82.36037528752148,200,122,0.0718864433550563,29.382295397846597,40.10965716026676,0.0874561108639911,29.181332817536816,39.771802331439154,2025-05-26 SP14,I_IFD-NTPL1,—,I_IFD-NTPL1,I_IFD-NTPL,IFA,Northpool BV,IFA,13.0,0.0,14,,I_IFD-NTPL,Northpool BV,0.04817134175714233,0.06422018348623854,0.01834862385321101,0.5521176862934005,0.0280524761296813,"Lower frequency, lower attribution",
BMU ID,marginal_bmu_id,T_CRDEW-1_BID,BID,0.000225548466914,-0.3669539199545077,0.3669539199545077,0.0,1.0,1,0.5,2.2632913255271827e-05,0.1390227409923853,82.36037528752148,202,124,0.0718864433550563,29.382295397846597,40.10965716026676,0.0874561108639911,29.181332817536816,39.771802331439154,2025-05-26 SP14,T_CRDEW-1,Crossdykes WF-1,T_CRDEW-1,T_CRDEW,WIND,EDF Energy Customers Limited,WIND,15.5,0.0,24,24.0,T_CRDEW,EDF Energy Customers Limited,0.057435061325823544,0.10091743119266056,0.009174311926605505,0.5521176862934005,0.0280524761296813,"Lower frequency, lower attribution",
