predictor,source_column,feature,side,mean_abs_shap,conditional_mean_shap_when_active,conditional_mean_abs_shap_when_active,share_positive_shap_when_active,share_negative_shap_when_active,active_rows_in_shap_sample,active_weight_in_shap_sample,mdi,model_train_r2,shap_expected_value,overall_shap_rank,side_shap_rank,weighted_test_r2,weighted_test_mae,weighted_test_rmse,unweighted_test_r2,unweighted_test_mae,unweighted_test_rmse,holdout_cutoff,entity_id,identity_name,bmu_id,plant_family,technology,lead_party,global_rank,importance_share,cumulative_importance,coverage_n,resolution
Generation type,marginal_fuel_type,CCGT_OFFER,OFFER,12.70898730781243,26.42563492531241,26.42563492531241,1.0,0.0,1722,1563.5916666666667,0.2386391022909469,0.3672761722108705,82.35669360361806,1,1,0.5087312928596828,20.16447544881076,29.181522201315317,0.5046488901873369,20.4178008292858,29.30251938051702,2025-05-26 SP14,CCGT,CCGT,—,—,CCGT,—,1,0.25182833198730314,0.25182833198730314,8,Technology
Generation type,marginal_fuel_type,WIND_BID,BID,8.321242535538543,-56.78427240252166,56.78427240252166,0.0,1.0,693,486.6833333333333,0.2557682223845778,0.3672761722108705,82.35669360361806,2,1,0.5087312928596828,20.16447544881076,29.181522201315317,0.5046488901873369,20.4178008292858,29.30251938051702,2025-05-26 SP14,WIND,WIND,—,—,WIND,—,2,0.1648852561602854,0.4167135881475885,8,Technology
Generation type,marginal_fuel_type,PS_OFFER,OFFER,6.152639766963642,31.76669078526191,31.76669078526191,1.0,0.0,638,612.2928571428572,0.1228139698536766,0.3672761722108705,82.35669360361806,3,2,0.5087312928596828,20.16447544881076,29.181522201315317,0.5046488901873369,20.4178008292858,29.30251938051702,2025-05-26 SP14,PS,PS,—,—,PS,—,3,0.12191443521867046,0.538628023366259,8,Technology
Generation type,marginal_fuel_type,CCGT_BID,BID,5.441972669623689,-10.584836789676531,10.584836789676531,0.0,1.0,2579,1755.9491452991451,0.0582460293478775,0.3672761722108705,82.35669360361806,4,2,0.5087312928596828,20.16447544881076,29.181522201315317,0.5046488901873369,20.4178008292858,29.30251938051702,2025-05-26 SP14,CCGT,CCGT,—,—,CCGT,—,4,0.10783258074932456,0.6464606041155836,8,Technology
Generation type,marginal_fuel_type,BATTERY_BID,BID,4.148694462924343,-19.50096233129077,19.50096233129077,0.0,1.0,933,703.3518759018759,0.0604118428675448,0.3672761722108705,82.35669360361806,5,3,0.5087312928596828,20.16447544881076,29.181522201315317,0.5046488901873369,20.4178008292858,29.30251938051702,2025-05-26 SP14,BATTERY,BATTERY,—,—,BATTERY,—,5,0.08220629867817768,0.7286669027937612,8,Technology
Generation type,marginal_fuel_type,BATTERY_OFFER,OFFER,3.2729541517457115,17.325506861903033,17.325506861903033,1.0,0.0,765,588.3031588294746,0.0463714135569786,0.3672761722108705,82.35669360361806,6,3,0.5087312928596828,20.16447544881076,29.181522201315317,0.5046488901873369,20.4178008292858,29.30251938051702,2025-05-26 SP14,BATTERY,BATTERY,—,—,BATTERY,—,6,0.06485352174349703,0.7935204245372582,8,Technology
Generation type,marginal_fuel_type,BIOMASS_BID,BID,2.3242555496054447,-30.44187486488102,30.44187486488102,0.0,1.0,340,241.2996753246753,0.0458650212639052,0.3672761722108705,82.35669360361806,7,4,0.5087312928596828,20.16447544881076,29.181522201315317,0.5046488901873369,20.4178008292858,29.30251938051702,2025-05-26 SP14,BIOMASS,BIOMASS,—,—,BIOMASS,—,7,0.04605507771729142,0.8395755022545497,8,Technology
Generation type,marginal_fuel_type,OTHER_BID,BID,1.355677920247321,-15.60314678220968,15.60314678220968,0.0,1.0,385,265.1266455766456,0.0212893635826016,0.3672761722108705,82.35669360361806,8,5,0.5087312928596828,20.16447544881076,29.181522201315317,0.5046488901873369,20.4178008292858,29.30251938051702,2025-05-26 SP14,OTHER,OTHER,—,—,OTHER,—,8,0.026862731160179523,0.8664382334147293,8,Technology
Generation type,marginal_fuel_type,PS_BID,BID,1.2631831855485416,-16.16290289873754,16.16290289873754,0.0,1.0,304,227.5119047619048,0.021337862544732,0.3672761722108705,82.35669360361806,9,6,0.5087312928596828,20.16447544881076,29.181522201315317,0.5046488901873369,20.4178008292858,29.30251938051702,2025-05-26 SP14,PS,PS,—,—,PS,—,9,0.025029949822638706,0.891468183237368,8,Technology
Generation type,marginal_fuel_type,OTHER_OFFER,OFFER,1.049029274233893,17.093569063941697,17.093569063941697,1.0,0.0,291,187.68609723609725,0.0173640457545419,0.3672761722108705,82.35669360361806,10,4,0.5087312928596828,20.16447544881076,29.181522201315317,0.5046488901873369,20.4178008292858,29.30251938051702,2025-05-26 SP14,OTHER,OTHER,—,—,OTHER,—,10,0.020786494308148332,0.9122546775455164,8,Technology
Generation type,marginal_fuel_type,LOAD RESPONSE_OFFER,OFFER,0.6619130655137915,14.842786985597916,14.842786985597916,1.0,0.0,297,123.70586328875802,0.0118419204303432,0.3672761722108705,82.35669360361806,11,5,0.5087312928596828,20.16447544881076,29.181522201315317,0.5046488901873369,20.4178008292858,29.30251938051702,2025-05-26 SP14,LOAD RESPONSE,LOAD RESPONSE,—,—,LOAD RESPONSE,—,11,0.013115794293576358,0.9253704718390927,8,Technology
Generation type,marginal_fuel_type,LOAD RESPONSE_BID,BID,0.5735502748230416,-14.221054038150418,14.221054038150418,0.0,1.0,198,118.28823953823957,0.0110832091389205,0.3672761722108705,82.35669360361806,12,7,0.5087312928596828,20.16447544881076,29.181522201315317,0.5046488901873369,20.4178008292858,29.30251938051702,2025-05-26 SP14,LOAD RESPONSE,LOAD RESPONSE,—,—,LOAD RESPONSE,—,12,0.011364887344781475,0.9367353591838742,8,Technology
Generation type,marginal_fuel_type,NEMO_BID,BID,0.4119260276668979,-40.70408222073228,40.70408222073228,0.0,1.0,29,28.5,0.0138615096628999,0.3672761722108705,82.35669360361806,13,8,0.5087312928596828,20.16447544881076,29.181522201315317,0.5046488901873369,20.4178008292858,29.30251938051702,2025-05-26 SP14,NEMO,NEMO,—,—,NEMO,—,13,0.00816230608600444,0.9448976652698786,8,Technology
Generation type,marginal_fuel_type,NPSHYD_OFFER,OFFER,0.3944378243602455,18.47671232731141,18.47671232731141,1.0,0.0,153,59.79686147186148,0.0087240709452056,0.3672761722108705,82.35669360361806,14,6,0.5087312928596828,20.16447544881076,29.181522201315317,0.5046488901873369,20.4178008292858,29.30251938051702,2025-05-26 SP14,NPSHYD,NPSHYD,—,—,NPSHYD,—,14,0.007815777683583117,0.9527134429534617,8,Technology
Generation type,marginal_fuel_type,BritNed_BID,BID,0.3328763017534729,-34.63362824951717,34.63362824951717,0.0,1.0,28,27.33333333333333,0.011128271510232,0.3672761722108705,82.35669360361806,15,9,0.5087312928596828,20.16447544881076,29.181522201315317,0.5046488901873369,20.4178008292858,29.30251938051702,2025-05-26 SP14,BritNed,BritNed,—,—,BritNed,—,15,0.0065959373314621985,0.959309380284924,8,Technology
Generation type,marginal_fuel_type,IFA_BID,BID,0.3224587593098125,-29.269079340915397,29.269079340915397,0.0,1.0,34,32.66666666666667,0.0096939225085831,0.3672761722108705,82.35669360361806,16,10,0.5087312928596828,20.16447544881076,29.181522201315317,0.5046488901873369,20.4178008292858,29.30251938051702,2025-05-26 SP14,IFA,IFA,—,—,IFA,—,16,0.006389513934109267,0.9656988942190332,8,Technology
Generation type,marginal_fuel_type,DIESEL_OFFER,OFFER,0.2884186541621195,13.589886555483687,13.589886555483687,1.0,0.0,110,64.13852813852814,0.0057244033851828,0.3672761722108705,82.35669360361806,17,7,0.5087312928596828,20.16447544881076,29.181522201315317,0.5046488901873369,20.4178008292858,29.30251938051702,2025-05-26 SP14,DIESEL,DIESEL,—,—,DIESEL,—,17,0.00571500992427786,0.9714139041433111,8,Technology
Generation type,marginal_fuel_type,OCGT_OFFER,OFFER,0.2392578558678307,13.769958593101748,13.769958593101748,1.0,0.0,58,48.03333333333334,0.0052805358720584,0.3672761722108705,82.35669360361806,18,8,0.5087312928596828,20.16447544881076,29.181522201315317,0.5046488901873369,20.4178008292858,29.30251938051702,2025-05-26 SP14,OCGT,OCGT,—,—,OCGT,—,18,0.004740889678992482,0.9761547938223035,8,Technology
Generation type,marginal_fuel_type,BritNed_OFFER,OFFER,0.2064305984539133,28.199511442076567,28.199511442076567,1.0,0.0,20,19.5,0.0071077147719492,0.3672761722108705,82.35669360361806,19,9,0.5087312928596828,20.16447544881076,29.181522201315317,0.5046488901873369,20.4178008292858,29.30251938051702,2025-05-26 SP14,BritNed,BritNed,—,—,BritNed,—,19,0.004090418223002996,0.9802452120453066,8,Technology
Generation type,marginal_fuel_type,IFA2_BID,BID,0.1527228499741139,-24.84754523236232,24.84754523236232,0.0,1.0,19,19.0,0.0051930899270518,0.3672761722108705,82.35669360361806,20,11,0.5087312928596828,20.16447544881076,29.181522201315317,0.5046488901873369,20.4178008292858,29.30251938051702,2025-05-26 SP14,IFA2,IFA2,—,—,IFA2,—,20,0.003026200249778066,0.9832714122950846,8,Technology
Generation type,marginal_fuel_type,NPSHYD_BID,BID,0.1442160299372948,-7.70181753467537,7.70181753467537,0.0,1.0,82,55.35357142857143,0.0027296560591104,0.3672761722108705,82.35669360361806,21,12,0.5087312928596828,20.16447544881076,29.181522201315317,0.5046488901873369,20.4178008292858,29.30251938051702,2025-05-26 SP14,NPSHYD,NPSHYD,—,—,NPSHYD,—,21,0.0028576377791025747,0.9861290500741872,8,Technology
Generation type,marginal_fuel_type,COAL_OFFER,OFFER,0.1415390935694213,11.739804052670872,11.739804052670872,1.0,0.0,42,33.5,0.0034234292795199,0.3672761722108705,82.35669360361806,22,10,0.5087312928596828,20.16447544881076,29.181522201315317,0.5046488901873369,20.4178008292858,29.30251938051702,2025-05-26 SP14,COAL,COAL,—,—,COAL,—,22,0.0028045943379510258,0.9889336444121382,8,Technology
Generation type,marginal_fuel_type,Viking_BID,BID,0.122954555438125,-20.67703948879236,20.67703948879236,0.0,1.0,17,16.5,0.004313025869953,0.3672761722108705,82.35669360361806,23,13,0.5087312928596828,20.16447544881076,29.181522201315317,0.5046488901873369,20.4178008292858,29.30251938051702,2025-05-26 SP14,Viking,Viking,—,—,Viking,—,23,0.00243634208267638,0.9913699864948146,8,Technology
Generation type,marginal_fuel_type,BIOMASS_OFFER,OFFER,0.1028984248098327,5.985789628808525,5.985789628808525,1.0,0.0,45,42.83333333333333,0.0021475832760268,0.3672761722108705,82.35669360361806,24,11,0.5087312928596828,20.16447544881076,29.181522201315317,0.5046488901873369,20.4178008292858,29.30251938051702,2025-05-26 SP14,BIOMASS,BIOMASS,—,—,BIOMASS,—,24,0.0020389302511972848,0.9934089167460118,8,Technology
Generation type,marginal_fuel_type,Viking_OFFER,OFFER,0.0986362729002809,22.738787023603876,22.738787023603876,1.0,0.0,14,14.0,0.0033372425976712,0.3672761722108705,82.35669360361806,25,12,0.5087312928596828,20.16447544881076,29.181522201315317,0.5046488901873369,20.4178008292858,29.30251938051702,2025-05-26 SP14,Viking,Viking,—,—,Viking,—,25,0.0019544757954595617,0.9953633925414714,8,Technology
Generation type,marginal_fuel_type,NEMO_OFFER,OFFER,0.0669930867379147,11.929966136499823,11.929966136499823,1.0,0.0,17,17.0,0.0018725722901207,0.3672761722108705,82.35669360361806,26,13,0.5087312928596828,20.16447544881076,29.181522201315317,0.5046488901873369,20.4178008292858,29.30251938051702,2025-05-26 SP14,NEMO,NEMO,—,—,NEMO,—,26,0.0013274666878862202,0.9966908592293576,8,Technology
Generation type,marginal_fuel_type,COAL_BID,BID,0.034743148768217,-3.5852048833367616,3.5852048833367616,0.0,1.0,59,28.20364357864358,0.000630344487378,0.3672761722108705,82.35669360361806,27,14,0.5087312928596828,20.16447544881076,29.181522201315317,0.5046488901873369,20.4178008292858,29.30251938051702,2025-05-26 SP14,COAL,COAL,—,—,COAL,—,27,0.0006884348052585169,0.9973792940346161,8,Technology
Generation type,marginal_fuel_type,GAS_OFFER,OFFER,0.031044199885875,6.309958300063476,6.309958300063476,1.0,0.0,26,13.628571428571428,0.0007871188803767,0.3672761722108705,82.35669360361806,28,14,0.5087312928596828,20.16447544881076,29.181522201315317,0.5046488901873369,20.4178008292858,29.30251938051702,2025-05-26 SP14,GAS,GAS,—,—,GAS,—,28,0.000615140206358896,0.997994434240975,8,Technology
Generation type,marginal_fuel_type,IFA2_OFFER,OFFER,0.0282365038681549,16.718665310228065,16.718665310228065,1.0,0.0,6,6.0,0.0012319422354644,0.3672761722108705,82.35669360361806,29,15,0.5087312928596828,20.16447544881076,29.181522201315317,0.5046488901873369,20.4178008292858,29.30251938051702,2025-05-26 SP14,IFA2,IFA2,—,—,IFA2,—,29,0.0005595057653334331,0.9985539400063085,8,Technology
Generation type,marginal_fuel_type,Eleclink_BID,BID,0.0280130436289157,-9.676166901709,9.676166901709,0.0,1.0,11,10.0,0.000828107302578,0.3672761722108705,82.35669360361806,30,15,0.5087312928596828,20.16447544881076,29.181522201315317,0.5046488901873369,20.4178008292858,29.30251938051702,2025-05-26 SP14,Eleclink,Eleclink,—,—,Eleclink,—,30,0.0005550779051152945,0.9991090179114238,8,Technology
Generation type,marginal_fuel_type,OCGT_BID,BID,0.0242894107515596,-2.30575711122607,2.30575711122607,0.0,1.0,50,40.35119047619048,0.0003342829271941,0.3672761722108705,82.35669360361806,31,16,0.5087312928596828,20.16447544881076,29.181522201315317,0.5046488901873369,20.4178008292858,29.30251938051702,2025-05-26 SP14,OCGT,OCGT,—,—,OCGT,—,31,0.00048129419334297743,0.9995903121047668,8,Technology
Generation type,marginal_fuel_type,IFA_OFFER,OFFER,0.0145521116572833,4.55670774146231,4.55670774146231,1.0,0.0,9,9.0,0.0004424669111772,0.3672761722108705,82.35669360361806,32,16,0.5087312928596828,20.16447544881076,29.181522201315317,0.5046488901873369,20.4178008292858,29.30251938051702,2025-05-26 SP14,IFA,IFA,—,—,IFA,—,32,0.0002883498044957469,0.9998786619092626,8,Technology
Generation type,marginal_fuel_type,SOLAR_BID,BID,0.0040944639834258,-3.804311429707616,3.804311429707616,0.0,1.0,4,4.0,0.0001392559263742,0.3672761722108705,82.35669360361806,33,17,0.5087312928596828,20.16447544881076,29.181522201315317,0.5046488901873369,20.4178008292858,29.30251938051702,2025-05-26 SP14,SOLAR,SOLAR,—,—,SOLAR,—,33,8.113172280016143e-05,0.9999597936320627,8,Technology
Generation type,marginal_fuel_type,Eleclink_OFFER,OFFER,0.0011172664816867,1.1000448697417955,1.1000448697417955,1.0,0.0,4,4.0,2.3254606137177296e-05,0.3672761722108705,82.35669360361806,34,17,0.5087312928596828,20.16447544881076,29.181522201315317,0.5046488901873369,20.4178008292858,29.30251938051702,2025-05-26 SP14,Eleclink,Eleclink,—,—,Eleclink,—,34,2.2138613223378398e-05,0.9999819322452861,8,Technology
Generation type,marginal_fuel_type,WIND_OFFER,OFFER,0.0006807885641315,-0.3673787784949952,0.3673787784949952,0.0,1.0,8,5.2333333333333325,1.0582109162196824e-05,0.3672761722108705,82.35669360361806,35,18,0.5087312928596828,20.16447544881076,29.181522201315317,0.5046488901873369,20.4178008292858,29.30251938051702,2025-05-26 SP14,WIND,WIND,—,—,WIND,—,35,1.3489811925131012e-05,0.9999954220572113,8,Technology
Generation type,marginal_fuel_type,DIESEL_BID,BID,0.0001946051035076,0.1583928073920346,0.1583928073920346,1.0,0.0,6,3.833333333333333,3.4238018256738383e-06,0.3672761722108705,82.35669360361806,36,18,0.5087312928596828,20.16447544881076,29.181522201315317,0.5046488901873369,20.4178008292858,29.30251938051702,2025-05-26 SP14,DIESEL,DIESEL,—,—,DIESEL,—,36,3.856096274674057e-06,0.9999992781534859,8,Technology
Generation type,marginal_fuel_type,GAS_BID,BID,3.6429333089012935e-05,0.0389397774675047,0.0389397774675047,1.0,0.0,4,3.333333333333333,1.898401190498338e-07,0.3672761722108705,82.35669360361806,37,19,0.5087312928596828,20.16447544881076,29.181522201315317,0.5046488901873369,20.4178008292858,29.30251938051702,2025-05-26 SP14,GAS,GAS,—,—,GAS,—,37,7.218465142046858e-07,1.0,8,Technology
Family ID,marginal_family_id,T_DINO_OFFER,OFFER,2.4604810058851503,27.796844995670497,27.796844995670497,1.0,0.0,157,152.91666666666666,0.1173168221787053,0.1887719861180565,82.36037528752183,1,1,0.1493953021971908,27.59139327851204,38.39832500331034,0.1601607083120586,27.45217064343264,38.15456321879331,2025-05-26 SP14,T_DINO,T_DINO,"T_DINO-1, T_DINO-2, T_DINO-3, T_DINO-4, T_DINO-5, T_DINO-6",T_DINO,PS,First Hydro Company,1,0.12626681096077877,0.12626681096077877,32,Plant family
Family ID,marginal_family_id,T_DRAXX_BID,BID,1.678007122881359,-24.771027857978225,24.771027857978225,0.0,1.0,180,123.29999999999998,0.0778077813368127,0.1887719861180565,82.36037528752183,2,1,0.1493953021971908,27.59139327851204,38.39832500331034,0.1601607083120586,27.45217064343264,38.15456321879331,2025-05-26 SP14,T_DRAXX,T_DRAXX,"T_DRAXX-1, T_DRAXX-2, T_DRAXX-3, T_DRAXX-4",T_DRAXX,BIOMASS,Drax Power Ltd,2,0.08611186498449676,0.21237867594527554,32,Plant family
Family ID,marginal_family_id,T_CNQPS_OFFER,OFFER,1.1267335485663563,30.73816748887128,30.73816748887128,1.0,0.0,69,65.91666666666667,0.0625683072261711,0.1887719861180565,82.36037528752183,3,2,0.1493953021971908,27.59139327851204,38.39832500331034,0.1601607083120586,27.45217064343264,38.15456321879331,2025-05-26 SP14,T_CNQPS,T_CNQPS,"T_CNQPS-1, T_CNQPS-2, T_CNQPS-3, T_CNQPS-4",T_CNQPS,CCGT,Uniper UK Limited,3,0.057821642044667894,0.27020031798994343,32,Plant family
Family ID,marginal_family_id,T_SEAB_OFFER,OFFER,0.969875820027302,23.574640353275765,23.574640353275765,1.0,0.0,78,72.83333333333333,0.040813643289336,0.1887719861180565,82.36037528752183,4,3,0.1493953021971908,27.59139327851204,38.39832500331034,0.1601607083120586,27.45217064343264,38.15456321879331,2025-05-26 SP14,T_SEAB,T_SEAB,"T_SEAB-1, T_SEAB-2",T_SEAB,CCGT,Seabank Power Limited,4,0.049772026904455584,0.319972344894399,32,Plant family
Family ID,marginal_family_id,T_RYHPS_OFFER,OFFER,0.9646717971818156,63.6542605896432,63.6542605896432,1.0,0.0,31,28.166666666666664,0.1114009662596271,0.1887719861180565,82.36037528752183,5,4,0.1493953021971908,27.59139327851204,38.39832500331034,0.1601607083120586,27.45217064343264,38.15456321879331,2025-05-26 SP14,T_RYHPS,T_RYHPS,T_RYHPS-1,T_RYHPS,CCGT,VPI Power Limited,5,0.04950496718430537,0.3694773120787044,32,Plant family
Family ID,marginal_family_id,T_CRUA_OFFER,OFFER,0.893222564185689,24.63988697372762,24.63988697372762,1.0,0.0,70,65.66666666666666,0.0459992666733997,0.1887719861180565,82.36037528752183,6,5,0.1493953021971908,27.59139327851204,38.39832500331034,0.1601607083120586,27.45217064343264,38.15456321879331,2025-05-26 SP14,T_CRUA,T_CRUA,"T_CRUA-1, T_CRUA-2, T_CRUA-3, T_CRUA-4",T_CRUA,PS,Drax Pumped Storage Limited,6,0.04583833989702459,0.41531565197572895,32,Plant family
Family ID,marginal_family_id,T_COSO_OFFER,OFFER,0.7189728306008234,25.57988640481809,25.57988640481809,1.0,0.0,59,55.0,0.0345937948025086,0.1887719861180565,82.36037528752183,7,6,0.1493953021971908,27.59139327851204,38.39832500331034,0.1601607083120586,27.45217064343264,38.15456321879331,2025-05-26 SP14,T_COSO,T_COSO,T_COSO-1,T_COSO,CCGT,Coryton Energy Company Ltd,7,0.0368962029254729,0.45221185490120186,32,Plant family
Family ID,marginal_family_id,T_SHBA_OFFER,OFFER,0.6356289124403607,19.3411933668844,19.3411933668844,1.0,0.0,68,63.83333333333333,0.0250027321220396,0.1887719861180565,82.36037528752183,8,7,0.1493953021971908,27.59139327851204,38.39832500331034,0.1601607083120586,27.45217064343264,38.15456321879331,2025-05-26 SP14,T_SHBA,T_SHBA,"T_SHBA-1, T_SHBA-2",T_SHBA,CCGT,EP UK INVESTMENTS LIMITED,8,0.032619164926022085,0.48483101982722393,32,Plant family
Family ID,marginal_family_id,T_DAMC_OFFER,OFFER,0.535455303218622,22.070392165871635,22.070392165871635,1.0,0.0,44,40.75,0.0258021444548992,0.1887719861180565,82.36037528752183,9,8,0.1493953021971908,27.59139327851204,38.39832500331034,0.1601607083120586,27.45217064343264,38.15456321879331,2025-05-26 SP14,T_DAMC,T_DAMC,T_DAMC-1,T_DAMC,CCGT,VPI Power Limited,9,0.027478461889255533,0.5123094817164795,32,Plant family
Family ID,marginal_family_id,T_FFES_OFFER,OFFER,0.5246052815786505,17.45886849426476,17.45886849426476,1.0,0.0,63,59.16666666666666,0.0220713163037615,0.1887719861180565,82.36037528752183,10,9,0.1493953021971908,27.59139327851204,38.39832500331034,0.1601607083120586,27.45217064343264,38.15456321879331,2025-05-26 SP14,T_FFES,T_FFES,"T_FFES-1, T_FFES-2, T_FFES-3, T_FFES-4",T_FFES,PS,First Hydro Company,10,0.026921661154741514,0.539231142871221,32,Plant family
Family ID,marginal_family_id,T_HOWBO_BID,BID,0.5150379346031488,-42.29161768488323,42.29161768488323,0.0,1.0,32,20.33333333333333,0.0444095355608723,0.1887719861180565,82.36037528752183,11,2,0.1493953021971908,27.59139327851204,38.39832500331034,0.1601607083120586,27.45217064343264,38.15456321879331,2025-05-26 SP14,T_HOWBO,T_HOWBO,"T_HOWBO-1, T_HOWBO-2, T_HOWBO-3",T_HOWBO,WIND,Breesea Limited,11,0.026430684638742256,0.5656618275099632,32,Plant family
Family ID,marginal_family_id,T_HUMR_CC_OFFER,OFFER,0.4755666918004496,17.269333203818796,17.269333203818796,1.0,0.0,60,58.33333333333333,0.0171925960492297,0.1887719861180565,82.36037528752183,12,10,0.1493953021971908,27.59139327851204,38.39832500331034,0.1601607083120586,27.45217064343264,38.15456321879331,2025-05-26 SP14,T_HUMR_CC,T_HUMR_CC,T_HUMR-1,T_HUMR_CC,CCGT,VPI Immingham LLP,12,0.024405101859832537,0.5900669293697958,32,Plant family
Family ID,marginal_family_id,T_FOYE_OFFER,OFFER,0.4166837928739405,25.10546470532321,25.10546470532321,1.0,0.0,31,29.83333333333333,0.0220406433988243,0.1887719861180565,82.36037528752183,13,11,0.1493953021971908,27.59139327851204,38.39832500331034,0.1601607083120586,27.45217064343264,38.15456321879331,2025-05-26 SP14,T_FOYE,T_FOYE,"T_FOYE-1, T_FOYE-2",T_FOYE,PS,SSE Generation Ltd,13,0.02138335292139622,0.611450282291192,32,Plant family
Family ID,marginal_family_id,T_HUMR_CC_BID,BID,0.3865067302230103,-11.572210083818794,11.572210083818794,0.0,1.0,61,61.0,0.0128662114354965,0.1887719861180565,82.36037528752183,14,3,0.1493953021971908,27.59139327851204,38.39832500331034,0.1601607083120586,27.45217064343264,38.15456321879331,2025-05-26 SP14,T_HUMR_CC,T_HUMR_CC,T_HUMR-1,T_HUMR_CC,CCGT,VPI Immingham LLP,14,0.019834728300444995,0.631285010591637,32,Plant family
Family ID,marginal_family_id,T_WBURB_CC_OFFER,OFFER,0.3790365429601648,12.876490650797816,12.876490650797816,1.0,0.0,59,53.583333333333336,0.0135342595467943,0.1887719861180565,82.36037528752183,15,12,0.1493953021971908,27.59139327851204,38.39832500331034,0.1601607083120586,27.45217064343264,38.15456321879331,2025-05-26 SP14,T_WBURB_CC,T_WBURB_CC,"T_WBURB-1, T_WBURB-2, T_WBURB-3",T_WBURB_CC,CCGT,West Burton B Limited,15,0.019451373695917172,0.6507363842875542,32,Plant family
Family ID,marginal_family_id,T_PNYCW_BID,BID,0.3652648843028542,-37.80349957952287,37.80349957952287,0.0,1.0,19,19.0,0.0279019007962972,0.1887719861180565,82.36037528752183,16,4,0.1493953021971908,27.59139327851204,38.39832500331034,0.1601607083120586,27.45217064343264,38.15456321879331,2025-05-26 SP14,T_PNYCW,T_PNYCW,T_PNYCW-1,T_PNYCW,WIND,Pen y Cymoedd Wind Farm LTD,16,0.01874464057497871,0.6694810248625329,32,Plant family
Family ID,marginal_family_id,T_CARR_OFFER,OFFER,0.3230649493892458,11.380802416260403,11.380802416260403,1.0,0.0,57,53.5,0.0109732854820252,0.1887719861180565,82.36037528752183,17,13,0.1493953021971908,27.59139327851204,38.39832500331034,0.1601607083120586,27.45217064343264,38.15456321879331,2025-05-26 SP14,T_CARR,T_CARR,"T_CARR-1, T_CARR-2",T_CARR,CCGT,Carrington Power Ltd,17,0.01657902694433137,0.6860600518068642,32,Plant family
Family ID,marginal_family_id,T_DINO_BID,BID,0.3102761193144351,-9.392499629071144,9.392499629071144,0.0,1.0,68,54.47619047619048,0.0098724554112045,0.1887719861180565,82.36037528752183,18,5,0.1493953021971908,27.59139327851204,38.39832500331034,0.1601607083120586,27.45217064343264,38.15456321879331,2025-05-26 SP14,T_DINO,T_DINO,"T_DINO-1, T_DINO-2, T_DINO-3, T_DINO-4, T_DINO-5, T_DINO-6",T_DINO,PS,First Hydro Company,18,0.01592273055935492,0.7019827823662191,32,Plant family
Family ID,marginal_family_id,T_GRAI_BID,BID,0.2938091885617647,-5.206138097763036,5.206138097763036,0.0,1.0,191,97.98968253968256,0.0062928357932197,0.1887719861180565,82.36037528752183,19,6,0.1493953021971908,27.59139327851204,38.39832500331034,0.1601607083120586,27.45217064343264,38.15456321879331,2025-05-26 SP14,T_GRAI,T_GRAI,"T_GRAI-6, T_GRAI-7, T_GRAI-8",T_GRAI,CCGT,Uniper UK Limited,19,0.015077681632954584,0.7170604639991737,32,Plant family
Family ID,marginal_family_id,T_RCBKO_BID,BID,0.2573708047946466,-31.733137530788028,31.733137530788028,0.0,1.0,21,16.0,0.0193558623057653,0.1887719861180565,82.36037528752183,20,7,0.1493953021971908,27.59139327851204,38.39832500331034,0.1601607083120586,27.45217064343264,38.15456321879331,2025-05-26 SP14,T_RCBKO,T_RCBKO,"T_RCBKO-1, T_RCBKO-2",T_RCBKO,WIND,Race Bank Wind Farm Ltd,20,0.013207738925071807,0.7302682029242454,32,Plant family
Family ID,marginal_family_id,T_PEMB_BID,BID,0.2369426073608154,-5.485471711138402,5.485471711138402,0.0,1.0,139,76.44285714285715,0.0054747821266973,0.1887719861180565,82.36037528752183,21,8,0.1493953021971908,27.59139327851204,38.39832500331034,0.1601607083120586,27.45217064343264,38.15456321879331,2025-05-26 SP14,T_PEMB,T_PEMB,"T_PEMB-11, T_PEMB-21, T_PEMB-31, T_PEMB-41, T_PEMB-51",T_PEMB,CCGT,RWE Generation UK plc,21,0.012159405961932719,0.7424276088861782,32,Plant family
Family ID,marginal_family_id,T_ROCK_OFFER,OFFER,0.2261584174257714,13.365298443836949,13.365298443836949,1.0,0.0,34,33.5,0.0081558543852642,0.1887719861180565,82.36037528752183,22,14,0.1493953021971908,27.59139327851204,38.39832500331034,0.1601607083120586,27.45217064343264,38.15456321879331,2025-05-26 SP14,T_ROCK,T_ROCK,T_ROCK-1,T_ROCK,CCGT,Rocksavage Power Company Ltd,22,0.011605983574750553,0.7540335924609287,32,Plant family
Family ID,marginal_family_id,T_GRAI_OFFER,OFFER,0.21661542094161,11.160379432887094,11.160379432887094,1.0,0.0,49,33.83333333333333,0.0075101415733539,0.1887719861180565,82.36037528752183,23,15,0.1493953021971908,27.59139327851204,38.39832500331034,0.1601607083120586,27.45217064343264,38.15456321879331,2025-05-26 SP14,T_GRAI,T_GRAI,"T_GRAI-6, T_GRAI-7, T_GRAI-8",T_GRAI,CCGT,Uniper UK Limited,23,0.011116256675748745,0.7651498491366775,32,Plant family
Family ID,marginal_family_id,T_PEMB_OFFER,OFFER,0.20844328206435,12.001365369911364,12.001365369911364,1.0,0.0,33,29.75,0.0086665550292189,0.1887719861180565,82.36037528752183,24,16,0.1493953021971908,27.59139327851204,38.39832500331034,0.1601607083120586,27.45217064343264,38.15456321879331,2025-05-26 SP14,T_PEMB,T_PEMB,"T_PEMB-11, T_PEMB-21, T_PEMB-31, T_PEMB-41, T_PEMB-51",T_PEMB,CCGT,RWE Generation UK plc,24,0.010696879362007196,0.7758467284986847,32,Plant family
Family ID,marginal_family_id,T_CLDCW_BID,BID,0.2075486398151192,-32.85638938535379,32.85638938535379,0.0,1.0,12,12.0,0.0162969014257984,0.1887719861180565,82.36037528752183,25,9,0.1493953021971908,27.59139327851204,38.39832500331034,0.1601607083120586,27.45217064343264,38.15456321879331,2025-05-26 SP14,T_CLDCW,T_CLDCW,T_CLDCW-1,T_CLDCW,WIND,Clyde Windfarm (Scotland) Ltd,25,0.010650968166801479,0.7864976966654862,32,Plant family
Family ID,marginal_family_id,T_SCCL_OFFER,OFFER,0.2046144537644227,12.414056963675488,12.414056963675488,1.0,0.0,34,32.03333333333333,0.0078863594577393,0.1887719861180565,82.36037528752183,26,17,0.1493953021971908,27.59139327851204,38.39832500331034,0.1601607083120586,27.45217064343264,38.15456321879331,2025-05-26 SP14,T_SCCL,T_SCCL,"T_SCCL-1, T_SCCL-2, T_SCCL-3",T_SCCL,CCGT,SCCL,26,0.010500391789865065,0.7969980884553513,32,Plant family
Family ID,marginal_family_id,T_CRUA_BID,BID,0.195522257621012,-11.819874561667628,11.819874561667628,0.0,1.0,48,29.933333333333337,0.008343300268426,0.1887719861180565,82.36037528752183,27,10,0.1493953021971908,27.59139327851204,38.39832500331034,0.1601607083120586,27.45217064343264,38.15456321879331,2025-05-26 SP14,T_CRUA,T_CRUA,"T_CRUA-1, T_CRUA-2, T_CRUA-3, T_CRUA-4",T_CRUA,PS,Drax Pumped Storage Limited,27,0.010033799034662975,0.8070318874900142,32,Plant family
Family ID,marginal_family_id,T_TKNEW_BID,BID,0.1928587567073963,-34.679365381477126,34.679365381477126,0.0,1.0,17,12.0,0.0138813143369824,0.1887719861180565,82.36037528752183,28,11,0.1493953021971908,27.59139327851204,38.39832500331034,0.1601607083120586,27.45217064343264,38.15456321879331,2025-05-26 SP14,T_TKNEW,T_TKNEW,T_TKNEW-1,T_TKNEW,WIND,Triton Knoll Offshore Wind,28,0.009897113660726351,0.8169290011507405,32,Plant family
Family ID,marginal_family_id,T_MOWEO_BID,BID,0.1870926137141713,-30.50395933306288,30.50395933306288,0.0,1.0,20,12.333333333333332,0.0133619441043745,0.1887719861180565,82.36037528752183,29,12,0.1493953021971908,27.59139327851204,38.39832500331034,0.1601607083120586,27.45217064343264,38.15456321879331,2025-05-26 SP14,T_MOWEO,T_MOWEO,"T_MOWEO-1, T_MOWEO-2, T_MOWEO-3",T_MOWEO,WIND,Moray Offshore Wind East Ltd,29,0.009601207093857147,0.8265302082445977,32,Plant family
Family ID,marginal_family_id,T_WBURB_CC_BID,BID,0.1855047325097087,-3.371370898748143,3.371370898748143,0.0,1.0,163,88.54716117216118,0.0040158474561328,0.1887719861180565,82.36037528752183,30,13,0.1493953021971908,27.59139327851204,38.39832500331034,0.1601607083120586,27.45217064343264,38.15456321879331,2025-05-26 SP14,T_WBURB_CC,T_WBURB_CC,"T_WBURB-1, T_WBURB-2, T_WBURB-3",T_WBURB_CC,CCGT,West Burton B Limited,30,0.009519720305138807,0.8360499285497365,32,Plant family
Family ID,marginal_family_id,T_AKGLW_BID,BID,0.1621860175959478,-26.541734039833397,26.541734039833397,0.0,1.0,15,14.5,0.0090288737487875,0.1887719861180565,82.36037528752183,31,14,0.1493953021971908,27.59139327851204,38.39832500331034,0.1601607083120586,27.45217064343264,38.15456321879331,2025-05-26 SP14,T_AKGLW,T_AKGLW,"T_AKGLW-2, T_AKGLW-3",T_AKGLW,WIND,AIK2A Sustainable Energy Ltd,31,0.008323051946057161,0.8443729804957937,32,Plant family
Family ID,marginal_family_id,2__GSTAT_B_OFFER,OFFER,0.1578706480229429,9.6194270649241,9.6194270649241,1.0,0.0,46,32.34725829725829,0.0054124924546868,0.1887719861180565,82.36037528752183,32,18,0.1493953021971908,27.59139327851204,38.39832500331034,0.1601607083120586,27.45217064343264,38.15456321879331,2025-05-26 SP14,2__GSTAT_B,2__GSTAT_B,"2__GSTAT001, 2__GSTAT002, 2__GSTAT003, 2__GSTAT004, 2__GSTAT005, 2__GSTAT006 (+9)",2__GSTAT_B,BATTERY,Statkraft Markets Gmbh,32,0.008101596079176984,0.8524745765749706,32,Plant family
Family ID,marginal_family_id,T_TKNWW_BID,BID,0.1481422670702299,-31.000740912777623,31.000740912777623,0.0,1.0,17,10.0,0.0112412696204291,0.1887719861180565,82.36037528752183,33,15,0.1493953021971908,27.59139327851204,38.39832500331034,0.1601607083120586,27.45217064343264,38.15456321879331,2025-05-26 SP14,T_TKNWW,T_TKNWW,T_TKNWW-1,T_TKNWW,WIND,Triton Knoll Offshore Wind,33,0.007602355631568346,0.8600769322065389,32,Plant family
Family ID,marginal_family_id,T_DIDCB_OFFER,OFFER,0.1451876699492905,14.145757206015343,14.145757206015343,1.0,0.0,22,19.166666666666664,0.0063232927342472,0.1887719861180565,82.36037528752183,34,19,0.1493953021971908,27.59139327851204,38.39832500331034,0.1601607083120586,27.45217064343264,38.15456321879331,2025-05-26 SP14,T_DIDCB,T_DIDCB,"T_DIDCB5, T_DIDCB6",T_DIDCB,CCGT,RWE Generation UK plc,34,0.007450731800600911,0.8675276640071399,32,Plant family
Family ID,marginal_family_id,T_WHILW_BID,BID,0.1433805362420462,-30.94870867952381,30.94870867952381,0.0,1.0,10,10.0,0.0109875734680024,0.1887719861180565,82.36037528752183,35,16,0.1493953021971908,27.59139327851204,38.39832500331034,0.1601607083120586,27.45217064343264,38.15456321879331,2025-05-26 SP14,T_WHILW,T_WHILW,"T_WHILW-1, T_WHILW-2",T_WHILW,WIND,SP Renewables (UK) Limited,35,0.0073579934256052535,0.8748856574327452,32,Plant family
Family ID,marginal_family_id,T_SGRWO_BID,BID,0.1397961281448008,-15.480293657709254,15.480293657709254,0.0,1.0,46,17.15,0.007314597730293,0.1887719861180565,82.36037528752183,36,17,0.1493953021971908,27.59139327851204,38.39832500331034,0.1601607083120586,27.45217064343264,38.15456321879331,2025-05-26 SP14,T_SGRWO,T_SGRWO,"T_SGRWO-1, T_SGRWO-2, T_SGRWO-3, T_SGRWO-4, T_SGRWO-5, T_SGRWO-6",T_SGRWO,WIND,Seagreen Wind Energy Limited,36,0.007174048994195855,0.882059706426941,32,Plant family
Family ID,marginal_family_id,T_KILLPG_OFFER,OFFER,0.1352546637984646,14.521156703473222,14.521156703473222,1.0,0.0,24,22.0,0.0055854112459257,0.1887719861180565,82.36037528752183,37,20,0.1493953021971908,27.59139327851204,38.39832500331034,0.1601607083120586,27.45217064343264,38.15456321879331,2025-05-26 SP14,T_KILLPG,T_KILLPG,"T_KILLPG-1, T_KILLPG-2",T_KILLPG,CCGT,Uniper UK Limited,37,0.0069409904098246015,0.8890006968367656,32,Plant family
Family ID,marginal_family_id,T_CLDSW_BID,BID,0.1243532556290324,-26.37035522764536,26.37035522764536,0.0,1.0,11,11.0,0.0081405442123104,0.1887719861180565,82.36037528752183,38,18,0.1493953021971908,27.59139327851204,38.39832500331034,0.1601607083120586,27.45217064343264,38.15456321879331,2025-05-26 SP14,T_CLDSW,T_CLDSW,T_CLDSW-1,T_CLDSW,WIND,Clyde Windfarm (Scotland) Ltd,38,0.006381552624593337,0.895382249461359,32,Plant family
Family ID,marginal_family_id,T_SPLN_OFFER,OFFER,0.1182432640285329,10.200922532588946,10.200922532588946,1.0,0.0,23,20.33333333333333,0.0050115795251964,0.1887719861180565,82.36037528752183,39,21,0.1493953021971908,27.59139327851204,38.39832500331034,0.1601607083120586,27.45217064343264,38.15456321879331,2025-05-26 SP14,T_SPLN,T_SPLN,T_SPLN-1,T_SPLN,CCGT,Spalding Energy Company Ltd,39,0.006068000456319363,0.9014502499176784,32,Plant family
Family ID,marginal_family_id,T_RATS_OFFER,OFFER,0.1117936551204047,10.71169305853997,10.71169305853997,1.0,0.0,23,21.166666666666664,0.0044533637123507,0.1887719861180565,82.36037528752183,40,22,0.1493953021971908,27.59139327851204,38.39832500331034,0.1601607083120586,27.45217064343264,38.15456321879331,2025-05-26 SP14,T_RATS,T_RATS,"T_RATS-1, T_RATS-2, T_RATS-3, T_RATS-4",T_RATS,COAL,Uniper UK Limited,40,0.0057370198282122135,0.9071872697458906,32,Plant family
Family ID,marginal_family_id,E_PILLB_BID,BID,0.0989360110945213,-6.516125646512216,6.516125646512216,0.0,1.0,38,30.944444444444443,0.0030763475025214,0.1887719861180565,82.36037528752183,41,19,0.1493953021971908,27.59139327851204,38.39832500331034,0.1601607083120586,27.45217064343264,38.15456321879331,2025-05-26 SP14,E_PILLB,E_PILLB,"E_PILLB-1, E_PILLB-2",E_PILLB,BATTERY,BP Gas Marketing Limited,41,0.005077192053182038,0.9122644617990726,32,Plant family
Family ID,marginal_family_id,T_STAY_OFFER,OFFER,0.0928091112578613,7.966895276790237,7.966895276790237,1.0,0.0,28,21.666666666666664,0.0038198771066226,0.1887719861180565,82.36037528752183,42,23,0.1493953021971908,27.59139327851204,38.39832500331034,0.1601607083120586,27.45217064343264,38.15456321879331,2025-05-26 SP14,T_STAY,T_STAY,"T_STAY-1, T_STAY-2, T_STAY-3, T_STAY-4",T_STAY,CCGT,RWE Generation UK plc,42,0.004762772189098241,0.9170272339881709,32,Plant family
Family ID,marginal_family_id,T_STAY_BID,BID,0.0851606611448207,-2.245173783658376,2.245173783658376,0.0,1.0,110,62.60866910866911,0.0018342534013427,0.1887719861180565,82.36037528752183,43,20,0.1493953021971908,27.59139327851204,38.39832500331034,0.1601607083120586,27.45217064343264,38.15456321879331,2025-05-26 SP14,T_STAY,T_STAY,"T_STAY-1, T_STAY-2, T_STAY-3, T_STAY-4",T_STAY,CCGT,RWE Generation UK plc,43,0.004370269502730693,0.9213975034909015,32,Plant family
Family ID,marginal_family_id,T_HOWAO_BID,BID,0.0822511161202348,-17.313533744471957,17.313533744471957,0.0,1.0,18,9.166666666666668,0.0049884912855478,0.1887719861180565,82.36037528752183,44,21,0.1493953021971908,27.59139327851204,38.39832500331034,0.1601607083120586,27.45217064343264,38.15456321879331,2025-05-26 SP14,T_HOWAO,T_HOWAO,"T_HOWAO-1, T_HOWAO-2, T_HOWAO-3",T_HOWAO,WIND,Hornsea 1 Limited,44,0.004220957652436975,0.9256184611433386,32,Plant family
Family ID,marginal_family_id,2__FSTAT_OFFER,OFFER,0.0799058635671147,11.383918812087204,11.383918812087204,1.0,0.0,27,15.961904761904762,0.0033236553330479,0.1887719861180565,82.36037528752183,45,24,0.1493953021971908,27.59139327851204,38.39832500331034,0.1601607083120586,27.45217064343264,38.15456321879331,2025-05-26 SP14,2__FSTAT,2__FSTAT,"2__FSTAT001, 2__FSTAT002, 2__FSTAT003",2__FSTAT,BATTERY,Statkraft Markets Gmbh,45,0.004100604128035932,0.9297190652713745,32,Plant family
Family ID,marginal_family_id,T_KEAD_BID,BID,0.0742479876019047,-2.868953793139606,2.868953793139606,0.0,1.0,61,50.13571428571429,0.0017838451924679,0.1887719861180565,82.36037528752183,46,22,0.1493953021971908,27.59139327851204,38.39832500331034,0.1601607083120586,27.45217064343264,38.15456321879331,2025-05-26 SP14,T_KEAD,T_KEAD,"T_KEAD-1, T_KEAD-2",T_KEAD,CCGT,Keadby Generation Limited,46,0.003810253601764871,0.9335293188731394,32,Plant family
Family ID,marginal_family_id,T_KLGLW_BID,BID,0.0668363242937548,-17.53450367227869,17.53450367227869,0.0,1.0,9,9.0,0.0039036083050201,0.1887719861180565,82.36037528752183,47,23,0.1493953021971908,27.59139327851204,38.39832500331034,0.1601607083120586,27.45217064343264,38.15456321879331,2025-05-26 SP14,T_KLGLW,T_KLGLW,T_KLGLW-1,T_KLGLW,WIND,SP Renewables (UK) Limited,47,0.0034299023258978034,0.9369592211990372,32,Plant family
Family ID,marginal_family_id,2__DSTAT_OFFER,OFFER,0.0609318815377279,6.723234208388892,6.723234208388892,1.0,0.0,21,16.876923076923077,0.0025197625236314,0.1887719861180565,82.36037528752183,48,25,0.1493953021971908,27.59139327851204,38.39832500331034,0.1601607083120586,27.45217064343264,38.15456321879331,2025-05-26 SP14,2__DSTAT,2__DSTAT,"2__DSTAT001, 2__DSTAT002, 2__DSTAT003, 2__DSTAT004, 2__DSTAT005, 2__DSTAT006 (+1)",2__DSTAT,BATTERY,Statkraft Markets Gmbh,48,0.00312689850041784,0.940086119699455,32,Plant family
Family ID,marginal_family_id,2__HSTAT_BID,BID,0.050530921361663,-6.88334474097898,6.88334474097898,0.0,1.0,16,9.958766233766234,0.0025896534767391,0.1887719861180565,82.36037528752183,49,24,0.1493953021971908,27.59139327851204,38.39832500331034,0.1601607083120586,27.45217064343264,38.15456321879331,2025-05-26 SP14,2__HSTAT,2__HSTAT,"2__HSTAT001, 2__HSTAT002, 2__HSTAT003, 2__HSTAT004, 2__HSTAT005, 2__HSTAT006 (+1)",2__HSTAT,BATTERY,Statkraft Markets Gmbh,49,0.0025931426741299954,0.942679262373585,32,Plant family
Family ID,marginal_family_id,T_LBAR_OFFER,OFFER,0.0489990480316024,9.835153355696225,9.835153355696225,1.0,0.0,12,10.333333333333332,0.0022698615087257,0.1887719861180565,82.36037528752183,50,26,0.1493953021971908,27.59139327851204,38.39832500331034,0.1601607083120586,27.45217064343264,38.15456321879331,2025-05-26 SP14,T_LBAR,T_LBAR,T_LBAR-1,T_LBAR,CCGT,RWE Generation UK plc,50,0.00251453009402067,0.9451937924676057,32,Plant family
Family ID,marginal_family_id,I_IND-MFTE_BID,BID,0.0488749635388071,-17.854320805096098,17.854320805096098,0.0,1.0,7,7.0,0.0030699393011839,0.1887719861180565,82.36037528752183,51,25,0.1493953021971908,27.59139327851204,38.39832500331034,0.1601607083120586,27.45217064343264,38.15456321879331,2025-05-26 SP14,I_IND-MFTE,I_IND-MFTE,I_IND-MFTE1,I_IND-MFTE,NEMO,MFT Energy A/S,51,0.0025081623337504327,0.9477019548013561,32,Plant family
Family ID,marginal_family_id,E_BTUIW_BID,BID,0.0428024483421104,-12.923711698964542,12.923711698964542,0.0,1.0,8,8.0,0.0024551147601381,0.1887719861180565,82.36037528752183,52,26,0.1493953021971908,27.59139327851204,38.39832500331034,0.1601607083120586,27.45217064343264,38.15456321879331,2025-05-26 SP14,E_BTUIW,E_BTUIW,"E_BTUIW-2, E_BTUIW-3",E_BTUIW,WIND,SP Renewables (UK) Limited,52,0.00219653337723186,0.949898488178588,32,Plant family
Family ID,marginal_family_id,T_BEATO_BID,BID,0.0422611406508969,-24.04554762859393,24.04554762859393,0.0,1.0,6,3.75,0.0038741569970358,0.1887719861180565,82.36037528752183,53,27,0.1493953021971908,27.59139327851204,38.39832500331034,0.1601607083120586,27.45217064343264,38.15456321879331,2025-05-26 SP14,T_BEATO,T_BEATO,"T_BEATO-1, T_BEATO-2, T_BEATO-3, T_BEATO-4",T_BEATO,WIND,Beatrice Offshore Windfarm Ltd,53,0.0021687545828601136,0.9520672427614482,32,Plant family
Family ID,marginal_family_id,T_EAAO_BID,BID,0.041746167701934,-11.907455270676714,11.907455270676714,0.0,1.0,12,7.5,0.0026456181604297,0.1887719861180565,82.36037528752183,54,28,0.1493953021971908,27.59139327851204,38.39832500331034,0.1601607083120586,27.45217064343264,38.15456321879331,2025-05-26 SP14,T_EAAO,T_EAAO,"T_EAAO-1, T_EAAO-2",T_EAAO,WIND,East Anglia One Limited,54,0.0021423272331504086,0.9542095699945986,32,Plant family
Family ID,marginal_family_id,T_DRAXX_OFFER,OFFER,0.0380714352879535,3.0066344098511064,3.0066344098511064,1.0,0.0,25,22.83333333333333,0.0011796285586989,0.1887719861180565,82.36037528752183,55,27,0.1493953021971908,27.59139327851204,38.39832500331034,0.1601607083120586,27.45217064343264,38.15456321879331,2025-05-26 SP14,T_DRAXX,T_DRAXX,"T_DRAXX-1, T_DRAXX-2, T_DRAXX-3, T_DRAXX-4",T_DRAXX,BIOMASS,Drax Power Ltd,55,0.0019537475440824167,0.956163317538681,32,Plant family
Family ID,marginal_family_id,T_CRYRW_BID,BID,0.0380633433124795,-14.068477585789818,14.068477585789818,0.0,1.0,9,7.0,0.0021851462630933,0.1887719861180565,82.36037528752183,56,29,0.1493953021971908,27.59139327851204,38.39832500331034,0.1601607083120586,27.45217064343264,38.15456321879331,2025-05-26 SP14,T_CRYRW,T_CRYRW,"T_CRYRW-2, T_CRYRW-3",T_CRYRW,WIND,Eneco Energy Trade,56,0.0019533322805892093,0.9581166498192702,32,Plant family
Family ID,marginal_family_id,T_FALGW_BID,BID,0.0367917330067926,-15.628140956569892,15.628140956569892,0.0,1.0,6,6.0,0.0024408315960917,0.1887719861180565,82.36037528752183,57,30,0.1493953021971908,27.59139327851204,38.39832500331034,0.1601607083120586,27.45217064343264,38.15456321879331,2025-05-26 SP14,T_FALGW,T_FALGW,T_FALGW-1,T_FALGW,WIND,Fallago Rig Wind Farm Limited,57,0.0018880758621491148,0.9600047256814194,32,Plant family
Family ID,marginal_family_id,2__HANGE_LR_BID,BID,0.0358663147529642,-3.494810447139527,3.494810447139527,0.0,1.0,26,21.416666666666668,0.001336605970386,0.1887719861180565,82.36037528752183,58,31,0.1493953021971908,27.59139327851204,38.39832500331034,0.1601607083120586,27.45217064343264,38.15456321879331,2025-05-26 SP14,2__HANGE_LR,2__HANGE_LR,"2__HANGE001, 2__HANGE002, 2__HANGE003",2__HANGE_LR,LOAD RESPONSE,Limejump Energy Limited,58,0.0018405853058569444,0.9618453109872763,32,Plant family
Family ID,marginal_family_id,T_KEAD_OFFER,OFFER,0.0332025084507523,3.186175162062775,3.186175162062775,1.0,0.0,20,18.53333333333333,0.0011028179807429,0.1887719861180565,82.36037528752183,59,28,0.1493953021971908,27.59139327851204,38.39832500331034,0.1601607083120586,27.45217064343264,38.15456321879331,2025-05-26 SP14,T_KEAD,T_KEAD,"T_KEAD-1, T_KEAD-2",T_KEAD,CCGT,Keadby Generation Limited,59,0.0017038842600073667,0.9635491952472837,32,Plant family
Family ID,marginal_family_id,E_SHOS_BID,BID,0.0312384720636731,-1.4617948835698715,1.4617948835698715,0.0,1.0,39,34.44444444444444,0.0008194276893828,0.1887719861180565,82.36037528752183,60,32,0.1493953021971908,27.59139327851204,38.39832500331034,0.1601607083120586,27.45217064343264,38.15456321879331,2025-05-26 SP14,E_SHOS,E_SHOS,E_SHOS-1,E_SHOS,CCGT,VPI Power Limited,60,0.0016030939630636983,0.9651522892103473,32,Plant family
Family ID,marginal_family_id,T_MEDP_OFFER,OFFER,0.0307037682012959,3.8131329053387386,3.8131329053387386,1.0,0.0,18,18.0,0.0009847822460528,0.1887719861180565,82.36037528752183,61,29,0.1493953021971908,27.59139327851204,38.39832500331034,0.1601607083120586,27.45217064343264,38.15456321879331,2025-05-26 SP14,T_MEDP,T_MEDP,T_MEDP-1,T_MEDP,CCGT,Medway Power Ltd,61,0.0015756540635687246,0.9667279432739161,32,Plant family
Family ID,marginal_family_id,T_CLDNW_BID,BID,0.0306596184959934,-12.003378877580364,12.003378877580364,0.0,1.0,6,6.0,0.001982059344024,0.1887719861180565,82.36037528752183,62,33,0.1493953021971908,27.59139327851204,38.39832500331034,0.1601607083120586,27.45217064343264,38.15456321879331,2025-05-26 SP14,T_CLDNW,T_CLDNW,T_CLDNW-1,T_CLDNW,WIND,Clyde Windfarm (Scotland) Ltd,62,0.0015733883917427396,0.9683013316656588,32,Plant family
Family ID,marginal_family_id,I_IVG-INCM_OFFER,OFFER,0.0301154745944022,18.09783812979781,18.09783812979781,1.0,0.0,5,5.0,0.0017928768805106,0.1887719861180565,82.36037528752183,63,30,0.1493953021971908,27.59139327851204,38.39832500331034,0.1601607083120586,27.45217064343264,38.15456321879331,2025-05-26 SP14,I_IVG-INCM,I_IVG-INCM,I_IVG-INCM1,I_IVG-INCM,Viking,IN COMMODITIES A/S,63,0.0015454640489035397,0.9698467957145623,32,Plant family
Family ID,marginal_family_id,T_MRWD_OFFER,OFFER,0.0263713499080201,1.5358891853559231,1.5358891853559231,1.0,0.0,33,30.833333333333336,0.0007346779671796,0.1887719861180565,82.36037528752183,64,31,0.1493953021971908,27.59139327851204,38.39832500331034,0.1601607083120586,27.45217064343264,38.15456321879331,2025-05-26 SP14,T_MRWD,T_MRWD,T_MRWD-1,T_MRWD,CCGT,Marchwood Power Limited,64,0.0013533232915238986,0.9712001190060863,32,Plant family
Family ID,marginal_family_id,I_IBD-DSKC_BID,BID,0.0250218139402742,-10.980189904246837,10.980189904246837,0.0,1.0,6,6.0,0.0014606841946271,0.1887719861180565,82.36037528752183,65,34,0.1493953021971908,27.59139327851204,38.39832500331034,0.1601607083120586,27.45217064343264,38.15456321879331,2025-05-26 SP14,I_IBD-DSKC,I_IBD-DSKC,I_IBD-DSKC1,I_IBD-DSKC,BritNed,Danske Commodities A/S,65,0.001284067888813386,0.9724841868948997,32,Plant family
Family ID,marginal_family_id,2__MSTAT_B_OFFER,OFFER,0.0248962815670804,2.6514298484845726,2.6514298484845726,1.0,0.0,24,18.118589743589745,0.0008041721452061,0.1887719861180565,82.36037528752183,66,32,0.1493953021971908,27.59139327851204,38.39832500331034,0.1601607083120586,27.45217064343264,38.15456321879331,2025-05-26 SP14,2__MSTAT_B,2__MSTAT_B,"2__MSTAT001, 2__MSTAT002, 2__MSTAT003, 2__MSTAT005, 2__MSTAT006",2__MSTAT_B,BATTERY,Statkraft Markets Gmbh,66,0.0012776258263070685,0.9737618127212068,32,Plant family
Family ID,marginal_family_id,T_WLNYO_BID,BID,0.0239774451472651,-8.161624282428381,8.161624282428381,0.0,1.0,12,8.0,0.0011619539700818,0.1887719861180565,82.36037528752183,67,35,0.1493953021971908,27.59139327851204,38.39832500331034,0.1601607083120586,27.45217064343264,38.15456321879331,2025-05-26 SP14,T_WLNYO,T_WLNYO,"T_WLNYO-2, T_WLNYO-3, T_WLNYO-4",T_WLNYO,WIND,Walney Extension Ltd,67,0.0012304730361627038,0.9749922857573695,32,Plant family
Family ID,marginal_family_id,I_IND-DSKC_BID,BID,0.022950682761434,-7.376203741936847,7.376203741936847,0.0,1.0,8,8.0,0.0010978596662082,0.1887719861180565,82.36037528752183,68,36,0.1493953021971908,27.59139327851204,38.39832500331034,0.1601607083120586,27.45217064343264,38.15456321879331,2025-05-26 SP14,I_IND-DSKC,I_IND-DSKC,I_IND-DSKC1,I_IND-DSKC,NEMO,Danske Commodities A/S,68,0.0011777817080186226,0.9761700674653881,32,Plant family
Family ID,marginal_family_id,T_RICHB_BID,BID,0.0214206694820276,-3.574021528132993,3.574021528132993,0.0,1.0,15,9.833333333333332,0.000933934895047,0.1887719861180565,82.36037528752183,69,37,0.1493953021971908,27.59139327851204,38.39832500331034,0.1601607083120586,27.45217064343264,38.15456321879331,2025-05-26 SP14,T_RICHB,T_RICHB,"T_RICHB-1, T_RICHB-2",T_RICHB,OTHER,Limejump Energy Limited,69,0.0010992645818728797,0.9772693320472611,32,Plant family
Family ID,marginal_family_id,I_IBG-INCM_OFFER,OFFER,0.0208228457123366,11.60192458811307,11.60192458811307,1.0,0.0,5,5.0,0.001481233337269,0.1887719861180565,82.36037528752183,70,33,0.1493953021971908,27.59139327851204,38.39832500331034,0.1601607083120586,27.45217064343264,38.15456321879331,2025-05-26 SP14,I_IBG-INCM,I_IBG-INCM,I_IBG-INCM1,I_IBG-INCM,BritNed,IN COMMODITIES A/S,70,0.0010685854989070356,0.9783379175461681,32,Plant family
Family ID,marginal_family_id,T_CDCL_BID,BID,0.0206405543533466,-1.3301588779067417,1.3301588779067417,0.0,1.0,49,27.49041514041514,0.0005857259556026,0.1887719861180565,82.36037528752183,71,38,0.1493953021971908,27.59139327851204,38.39832500331034,0.1601607083120586,27.45217064343264,38.15456321879331,2025-05-26 SP14,T_CDCL,T_CDCL,T_CDCL-1,T_CDCL,CCGT,Uniper UK Limited,71,0.0010592306823039735,0.979397148228472,32,Plant family
Family ID,marginal_family_id,T_LAGA_OFFER,OFFER,0.0187120833239585,2.760970838036882,2.760970838036882,1.0,0.0,12,11.5,0.0007710230859064,0.1887719861180565,82.36037528752183,72,34,0.1493953021971908,27.59139327851204,38.39832500331034,0.1601607083120586,27.45217064343264,38.15456321879331,2025-05-26 SP14,T_LAGA,T_LAGA,T_LAGA-1,T_LAGA,CCGT,EP UK INVESTMENTS LIMITED,72,0.0009602655261704121,0.9803574137546425,32,Plant family
Family ID,marginal_family_id,E_CLAYB_BID,BID,0.0165282445554581,-1.615306596807256,1.615306596807256,0.0,1.0,28,20.916666666666664,0.0004367841043012,0.1887719861180565,82.36037528752183,73,39,0.1493953021971908,27.59139327851204,38.39832500331034,0.1601607083120586,27.45217064343264,38.15456321879331,2025-05-26 SP14,E_CLAYB,E_CLAYB,"E_CLAYB-1, E_CLAYB-2",E_CLAYB,BATTERY,Tesla Motors Limited,73,0.0008481954243116657,0.9812056091789542,32,Plant family
Family ID,marginal_family_id,T_GLNDO_OFFER,OFFER,0.0159475618272297,2.765672193241041,2.765672193241041,1.0,0.0,16,11.876190476190477,0.0006251728215333,0.1887719861180565,82.36037528752183,74,35,0.1493953021971908,27.59139327851204,38.39832500331034,0.1601607083120586,27.45217064343264,38.15456321879331,2025-05-26 SP14,T_GLNDO,T_GLNDO,T_GLNDO-1,T_GLNDO,NPSHYD,SSE Generation Ltd,74,0.000818395984243634,0.9820240051631978,32,Plant family
Family ID,marginal_family_id,E_DOLLB_BID,BID,0.0159321312688201,-2.0690690570836097,2.0690690570836097,0.0,1.0,14,11.416666666666666,0.0006333070972107,0.1887719861180565,82.36037528752183,75,40,0.1493953021971908,27.59139327851204,38.39832500331034,0.1601607083120586,27.45217064343264,38.15456321879331,2025-05-26 SP14,E_DOLLB,E_DOLLB,E_DOLLB-1,E_DOLLB,BATTERY,Dollymans Storage Limited,75,0.0008176041198085646,0.9828416092830063,32,Plant family
Family ID,marginal_family_id,T_NNGAO_BID,BID,0.0134021604293768,-5.234600915193561,5.234600915193561,0.0,1.0,7,6.0,0.0008199076839041,0.1887719861180565,82.36037528752183,76,41,0.1493953021971908,27.59139327851204,38.39832500331034,0.1601607083120586,27.45217064343264,38.15456321879331,2025-05-26 SP14,T_NNGAO,T_NNGAO,"T_NNGAO-1, T_NNGAO-2",T_NNGAO,WIND,Neart Na Gaoithe Offshore Wind,76,0.0006877712338987836,0.9835293805169051,32,Plant family
Family ID,marginal_family_id,T_DOREW_BID,BID,0.0123083263389586,-6.489731846613202,6.489731846613202,0.0,1.0,5,4.0,0.0008929630559894,0.1887719861180565,82.36037528752183,77,42,0.1493953021971908,27.59139327851204,38.39832500331034,0.1601607083120586,27.45217064343264,38.15456321879331,2025-05-26 SP14,T_DOREW,T_DOREW,"T_DOREW-1, T_DOREW-2",T_DOREW,WIND,Dorenell Windfarm Limited,77,0.0006316379241975759,0.9841610184411027,32,Plant family
Family ID,marginal_family_id,2__ESTAT_B_OFFER,OFFER,0.0123015265877943,2.332164823931449,2.332164823931449,1.0,0.0,11,10.5,0.0004636413049253,0.1887719861180565,82.36037528752183,78,36,0.1493953021971908,27.59139327851204,38.39832500331034,0.1601607083120586,27.45217064343264,38.15456321879331,2025-05-26 SP14,2__ESTAT_B,2__ESTAT_B,"2__ESTAT001, 2__ESTAT003, 2__ESTAT004",2__ESTAT_B,BATTERY,Statkraft Markets Gmbh,78,0.000631288974990982,0.9847923074160937,32,Plant family
Family ID,marginal_family_id,T_GYMR_BID,BID,0.01126278097784,-7.682942146740997,7.682942146740997,0.0,1.0,7,4.5,0.0005495302450906,0.1887719861180565,82.36037528752183,79,43,0.1493953021971908,27.59139327851204,38.39832500331034,0.1601607083120586,27.45217064343264,38.15456321879331,2025-05-26 SP14,T_GYMR,T_GYMR,"T_GYMR-15, T_GYMR-17, T_GYMR-26, T_GYMR-28",T_GYMR,WIND,Gwynt y Mor Offshore Wind Farm,79,0.000577982692497956,0.9853702901085917,32,Plant family
Family ID,marginal_family_id,T_KPMRW_BID,BID,0.0111984696222003,-7.726634063755491,7.726634063755491,0.0,1.0,4,3.0,0.0009386355047346,0.1887719861180565,82.36037528752183,80,44,0.1493953021971908,27.59139327851204,38.39832500331034,0.1601607083120586,27.45217064343264,38.15456321879331,2025-05-26 SP14,T_KPMRW,T_KPMRW,T_KPMRW-1,T_KPMRW,WIND,OnPath Energy Limited,80,0.00057468236635613,0.9859449724749478,32,Plant family
Family ID,marginal_family_id,2__FBPGM_BID,BID,0.0103468916566847,-0.9609664763462444,0.9609664763462444,0.0,1.0,22,22.0,0.0002939944398515,0.1887719861180565,82.36037528752183,81,45,0.1493953021971908,27.59139327851204,38.39832500331034,0.1601607083120586,27.45217064343264,38.15456321879331,2025-05-26 SP14,2__FBPGM,2__FBPGM,"2__FBPGM001, 2__FBPGM002",2__FBPGM,BATTERY,BP Gas Marketing Limited,81,0.0005309811413790077,0.9864759536163269,32,Plant family
Family ID,marginal_family_id,I_IND-NTPL_BID,BID,0.0102693059336158,-4.915413065693321,4.915413065693321,0.0,1.0,6,6.0,0.0004801759837362,0.1887719861180565,82.36037528752183,82,46,0.1493953021971908,27.59139327851204,38.39832500331034,0.1601607083120586,27.45217064343264,38.15456321879331,2025-05-26 SP14,I_IND-NTPL,I_IND-NTPL,I_IND-NTPL1,I_IND-NTPL,NEMO,Northpool BV,82,0.0005269996020765038,0.9870029532184034,32,Plant family
Family ID,marginal_family_id,T_WISTW_BID,BID,0.0101613438867602,-6.865330134662671,6.865330134662671,0.0,1.0,4,4.0,0.0006381534155594,0.1887719861180565,82.36037528752183,83,47,0.1493953021971908,27.59139327851204,38.39832500331034,0.1601607083120586,27.45217064343264,38.15456321879331,2025-05-26 SP14,T_WISTW,T_WISTW,T_WISTW-2,T_WISTW,WIND,BROCKLOCH RIG WINDFARM LTD,83,0.0005214592124824981,0.9875244124308858,32,Plant family
Family ID,marginal_family_id,T_PINFB_B_BID,BID,0.0098849123422686,-1.2999465067907152,1.2999465067907152,0.0,1.0,29,15.970707070707071,0.0003404803434604,0.1887719861180565,82.36037528752183,84,48,0.1493953021971908,27.59139327851204,38.39832500331034,0.1601607083120586,27.45217064343264,38.15456321879331,2025-05-26 SP14,T_PINFB_B,T_PINFB_B,"T_PINFB-1, T_PINFB-4",T_PINFB_B,BATTERY,Zenobe Capenhurst Limited,84,0.0005072733157052294,0.9880316857465911,32,Plant family
Family ID,marginal_family_id,T_KENNW_BID,BID,0.0094048521505144,-3.6882646084474096,3.6882646084474096,0.0,1.0,6,6.0,0.0004615120113494,0.1887719861180565,82.36037528752183,85,49,0.1493953021971908,27.59139327851204,38.39832500331034,0.1601607083120586,27.45217064343264,38.15456321879331,2025-05-26 SP14,T_KENNW,T_KENNW,T_KENNW-1,T_KENNW,WIND,Kennoxhead Wind Farm Limited,85,0.0004826376166947359,0.9885143233632858,32,Plant family
Family ID,marginal_family_id,T_SEAB_BID,BID,0.0089522751732067,-0.4391928042107837,0.4391928042107837,0.0,1.0,43,37.11666666666667,0.0002058533196906,0.1887719861180565,82.36037528752183,86,50,0.1493953021971908,27.59139327851204,38.39832500331034,0.1601607083120586,27.45217064343264,38.15456321879331,2025-05-26 SP14,T_SEAB,T_SEAB,"T_SEAB-1, T_SEAB-2",T_SEAB,CCGT,Seabank Power Limited,86,0.0004594122995708778,0.9889737356628567,32,Plant family
Family ID,marginal_family_id,T_DOUGW_BID,BID,0.0085677076531606,-4.019336895822288,4.019336895822288,0.0,1.0,6,5.333333333333334,0.0004395176815969,0.1887719861180565,82.36037528752183,87,51,0.1493953021971908,27.59139327851204,38.39832500331034,0.1601607083120586,27.45217064343264,38.15456321879331,2025-05-26 SP14,T_DOUGW,T_DOUGW,T_DOUGW-1,T_DOUGW,WIND,Erova Energy Limited,87,0.0004396770875374698,0.9894134127503942,32,Plant family
Family ID,marginal_family_id,T_SOKYW_BID,BID,0.00856391468353,-5.464974446720771,5.464974446720771,0.0,1.0,3,3.0,0.0006837806188919,0.1887719861180565,82.36037528752183,88,52,0.1493953021971908,27.59139327851204,38.39832500331034,0.1601607083120586,27.45217064343264,38.15456321879331,2025-05-26 SP14,T_SOKYW,T_SOKYW,T_SOKYW-1,T_SOKYW,WIND,South Kyle Wind Farm Limited,88,0.0004394824401582861,0.9898528951905524,32,Plant family
Family ID,marginal_family_id,I_IVG-MFTE_OFFER,OFFER,0.0081898337812327,8.866723863773704,8.866723863773704,1.0,0.0,3,3.0,0.0006641814191254,0.1887719861180565,82.36037528752183,89,37,0.1493953021971908,27.59139327851204,38.39832500331034,0.1601607083120586,27.45217064343264,38.15456321879331,2025-05-26 SP14,I_IVG-MFTE,I_IVG-MFTE,I_IVG-MFTE1,I_IVG-MFTE,Viking,MFT Energy A/S,89,0.00042028537972114673,0.9902731805702736,32,Plant family
Family ID,marginal_family_id,2__AFLEX_OFFER,OFFER,0.0077687021839591,1.8275671109333984,1.8275671109333984,1.0,0.0,29,8.14993894993895,0.0002859063608202,0.1887719861180565,82.36037528752183,90,38,0.1493953021971908,27.59139327851204,38.39832500331034,0.1601607083120586,27.45217064343264,38.15456321879331,2025-05-26 SP14,2__AFLEX,2__AFLEX,"2__AFLEX003, 2__AFLEX004, 2__AFLEX005",2__AFLEX,LOAD RESPONSE,Flexitricity Limited,90,0.00039867377465068734,0.9906718543449242,32,Plant family
Family ID,marginal_family_id,E_BURWB_OTH_OFFER,OFFER,0.0077065192534515,1.7876388072913123,1.7876388072913123,1.0,0.0,13,11.0,0.0002894114351875,0.1887719861180565,82.36037528752183,91,39,0.1493953021971908,27.59139327851204,38.39832500331034,0.1601607083120586,27.45217064343264,38.15456321879331,2025-05-26 SP14,E_BURWB_OTH,E_BURWB_OTH,E_BURWB-1,E_BURWB_OTH,OTHER,Arenko Cleantech Limited,91,0.00039548267489717965,0.9910673370198214,32,Plant family
Family ID,marginal_family_id,I_IVD-NEAS_BID,BID,0.007275397575082,-3.246221912245789,3.246221912245789,0.0,1.0,6,6.0,0.0003352132589844,0.1887719861180565,82.36037528752183,92,53,0.1493953021971908,27.59139327851204,38.39832500331034,0.1601607083120586,27.45217064343264,38.15456321879331,2025-05-26 SP14,I_IVD-NEAS,I_IVD-NEAS,I_IVD-NEAS1,I_IVD-NEAS,Viking,Centrica Energy Trading A/S,92,0.0003733583994674687,0.9914406954192889,32,Plant family
Family ID,marginal_family_id,E_BURBO_BID,BID,0.0071112237318525,-3.9583878318137904,3.9583878318137904,0.0,1.0,5,5.0,0.0003405571289761,0.1887719861180565,82.36037528752183,93,54,0.1493953021971908,27.59139327851204,38.39832500331034,0.1601607083120586,27.45217064343264,38.15456321879331,2025-05-26 SP14,E_BURBO,E_BURBO,E_BURBO,E_BURBO,WIND,Orsted Burbo (UK) Limited,93,0.0003649333364093996,0.9918056287556983,32,Plant family
Family ID,marginal_family_id,T_BRBEO_BID,BID,0.0068340171788437,-6.016794876965972,6.016794876965972,0.0,1.0,3,3.0,0.0005141131360809,0.1887719861180565,82.36037528752183,94,55,0.1493953021971908,27.59139327851204,38.39832500331034,0.1601607083120586,27.45217064343264,38.15456321879331,2025-05-26 SP14,T_BRBEO,T_BRBEO,T_BRBEO-1,T_BRBEO,WIND,Burbo Extension Limited,94,0.00035070766779333177,0.9921563364234917,32,Plant family
Family ID,marginal_family_id,2__HSTAT_OFFER,OFFER,0.0068165624576748,0.7387006670749706,0.7387006670749706,1.0,0.0,19,15.658333333333331,0.0001933868197061,0.1887719861180565,82.36037528752183,95,40,0.1493953021971908,27.59139327851204,38.39832500331034,0.1601607083120586,27.45217064343264,38.15456321879331,2025-05-26 SP14,2__HSTAT,2__HSTAT,"2__HSTAT001, 2__HSTAT002, 2__HSTAT003, 2__HSTAT004, 2__HSTAT005, 2__HSTAT006 (+1)",2__HSTAT,BATTERY,Statkraft Markets Gmbh,95,0.00034981192749989525,0.9925061483509916,32,Plant family
Family ID,marginal_family_id,E_SHOS_OFFER,OFFER,0.0065871886117249,0.918415668646526,0.918415668646526,1.0,0.0,13,10.333333333333332,0.0002396691255726,0.1887719861180565,82.36037528752183,96,41,0.1493953021971908,27.59139327851204,38.39832500331034,0.1601607083120586,27.45217064343264,38.15456321879331,2025-05-26 SP14,E_SHOS,E_SHOS,E_SHOS-1,E_SHOS,CCGT,VPI Power Limited,96,0.00033804093476447937,0.9928441892857561,32,Plant family
Family ID,marginal_family_id,T_NURSB_BID,BID,0.0064220314625576,-1.311573081620475,1.311573081620475,0.0,1.0,15,10.342857142857143,0.0002623825309348,0.1887719861180565,82.36037528752183,97,56,0.1493953021971908,27.59139327851204,38.39832500331034,0.1601607083120586,27.45217064343264,38.15456321879331,2025-05-26 SP14,T_NURSB,T_NURSB,T_NURSB-1,T_NURSB,BATTERY,EDF Energy Customers Limited,97,0.00032956541047355866,0.9931737546962297,32,Plant family
Family ID,marginal_family_id,T_MOWWO_BID,BID,0.0064044293447632,-3.445287139431738,3.445287139431738,0.0,1.0,6,4.333333333333334,0.0003980544577008,0.1887719861180565,82.36037528752183,98,57,0.1493953021971908,27.59139327851204,38.39832500331034,0.1601607083120586,27.45217064343264,38.15456321879331,2025-05-26 SP14,T_MOWWO,T_MOWWO,"T_MOWWO-1, T_MOWWO-2, T_MOWWO-3, T_MOWWO-4",T_MOWWO,WIND,Moray Offshore Wind West Ltd,98,0.0003286621060892782,0.993502416802319,32,Plant family
Family ID,marginal_family_id,T_MRWD_BID,BID,0.0052733076800085,-0.2113697122938961,0.2113697122938961,0.0,1.0,44,37.25,0.0001039328134753,0.1887719861180565,82.36037528752183,99,58,0.1493953021971908,27.59139327851204,38.39832500331034,0.1601607083120586,27.45217064343264,38.15456321879331,2025-05-26 SP14,T_MRWD,T_MRWD,T_MRWD-1,T_MRWD,CCGT,Marchwood Power Limited,99,0.0002706152749714566,0.9937730320772904,32,Plant family
Family ID,marginal_family_id,T_STLGW_BID,BID,0.0051736377623587,-3.851116552580101,3.851116552580101,0.0,1.0,5,3.333333333333333,0.0003172206477365,0.1887719861180565,82.36037528752183,100,59,0.1493953021971908,27.59139327851204,38.39832500331034,0.1601607083120586,27.45217064343264,38.15456321879331,2025-05-26 SP14,T_STLGW,T_STLGW,"T_STLGW-1, T_STLGW-2, T_STLGW-3",T_STLGW,WIND,Stronelairg Windfarm Limited,100,0.00026550042034739654,0.9940385324976377,32,Plant family
Family ID,marginal_family_id,I_IBD-MFTE_BID,BID,0.0049510820760104,-3.1745168648471225,3.1745168648471225,0.0,1.0,5,4.5,0.0002420640889868,0.1887719861180565,82.36037528752183,101,60,0.1493953021971908,27.59139327851204,38.39832500331034,0.1601607083120586,27.45217064343264,38.15456321879331,2025-05-26 SP14,I_IBD-MFTE,I_IBD-MFTE,I_IBD-MFTE1,I_IBD-MFTE,BritNed,MFT Energy A/S,101,0.00025407932150161303,0.9942926118191393,32,Plant family
Family ID,marginal_family_id,2__ASTAT_B_BID,BID,0.0045797111222211,-1.231818092382354,1.231818092382354,0.0,1.0,9,5.000432900432901,0.000240471635622,0.1887719861180565,82.36037528752183,102,61,0.1493953021971908,27.59139327851204,38.39832500331034,0.1601607083120586,27.45217064343264,38.15456321879331,2025-05-26 SP14,2__ASTAT_B,2__ASTAT_B,"2__ASTAT005, 2__ASTAT008",2__ASTAT_B,BATTERY,Statkraft Markets Gmbh,102,0.00023502133003316497,0.9945276331491725,32,Plant family
Family ID,marginal_family_id,E_ASLVW_BID,BID,0.0045710148734785,-3.590324432093054,3.590324432093054,0.0,1.0,3,3.0,0.0003725602092188,0.1887719861180565,82.36037528752183,103,62,0.1493953021971908,27.59139327851204,38.39832500331034,0.1601607083120586,27.45217064343264,38.15456321879331,2025-05-26 SP14,E_ASLVW,E_ASLVW,E_ASLVW-1,E_ASLVW,WIND,Npower Commercial Gas Limited,103,0.00023457505648200833,0.9947622082056545,32,Plant family
Family ID,marginal_family_id,E_DOLLB_OFFER,OFFER,0.0041186887678948,0.5704392411004005,0.5704392411004005,1.0,0.0,14,13.333333333333332,0.0001290310748876,0.1887719861180565,82.36037528752183,104,42,0.1493953021971908,27.59139327851204,38.39832500331034,0.1601607083120586,27.45217064343264,38.15456321879331,2025-05-26 SP14,E_DOLLB,E_DOLLB,E_DOLLB-1,E_DOLLB,BATTERY,Dollymans Storage Limited,104,0.00021136261357765202,0.9949735708192322,32,Plant family
Family ID,marginal_family_id,T_DRSLW_BID,BID,0.0038880799575375,-1.645976659215161,1.645976659215161,0.0,1.0,8,5.333333333333333,0.0002314163715882,0.1887719861180565,82.36037528752183,105,63,0.1493953021971908,27.59139327851204,38.39832500331034,0.1601607083120586,27.45217064343264,38.15456321879331,2025-05-26 SP14,T_DRSLW,T_DRSLW,T_DRSLW-1,T_DRSLW,WIND,SP Renewables (UK) Limited,105,0.00019952824501572112,0.9951730990642479,32,Plant family
Family ID,marginal_family_id,E_PILLB_OFFER,OFFER,0.0037249947856547,0.639705962875859,0.639705962875859,1.0,0.0,13,10.116666666666667,0.0001372769552435,0.1887719861180565,82.36037528752183,106,43,0.1493953021971908,27.59139327851204,38.39832500331034,0.1601607083120586,27.45217064343264,38.15456321879331,2025-05-26 SP14,E_PILLB,E_PILLB,"E_PILLB-1, E_PILLB-2",E_PILLB,BATTERY,BP Gas Marketing Limited,106,0.0001911590503259927,0.9953642581145739,32,Plant family
Family ID,marginal_family_id,T_FFES_BID,BID,0.0033414293256236,-0.5974806946194742,0.5974806946194742,0.0,1.0,15,10.833333333333332,9.633125227853045e-05,0.1887719861180565,82.36037528752183,107,64,0.1493953021971908,27.59139327851204,38.39832500331034,0.1601607083120586,27.45217064343264,38.15456321879331,2025-05-26 SP14,T_FFES,T_FFES,"T_FFES-1, T_FFES-2, T_FFES-3, T_FFES-4",T_FFES,PS,First Hydro Company,107,0.00017147526194600157,0.9955357333765199,32,Plant family
Family ID,marginal_family_id,T_RMPNO_BID,BID,0.0033116060607269,-2.790868065178914,2.790868065178914,0.0,1.0,4,2.0,0.0003201747707182,0.1887719861180565,82.36037528752183,108,65,0.1493953021971908,27.59139327851204,38.39832500331034,0.1601607083120586,27.45217064343264,38.15456321879331,2025-05-26 SP14,T_RMPNO,T_RMPNO,"T_RMPNO-1, T_RMPNO-2",T_RMPNO,WIND,Rampion Offshore Windfarm Ltd,108,0.00016994479349615872,0.9957056781700161,32,Plant family
Family ID,marginal_family_id,T_COWB_BID,BID,0.0032880167140417,-0.6249964474574475,0.6249964474574475,0.0,1.0,8,6.75,0.000113160031275,0.1887719861180565,82.36037528752183,109,66,0.1493953021971908,27.59139327851204,38.39832500331034,0.1601607083120586,27.45217064343264,38.15456321879331,2025-05-26 SP14,T_COWB,T_COWB,T_COWB-1,T_COWB,OTHER,Pivoted Power LLP,109,0.00016873423687269195,0.9958744124068888,32,Plant family
Family ID,marginal_family_id,T_CRDEW_BID,BID,0.0032677510212206,-2.0879966918561244,2.0879966918561244,0.0,1.0,5,3.0,0.0002554953685144,0.1887719861180565,82.36037528752183,110,67,0.1493953021971908,27.59139327851204,38.39832500331034,0.1601607083120586,27.45217064343264,38.15456321879331,2025-05-26 SP14,T_CRDEW,T_CRDEW,"T_CRDEW-1, T_CRDEW-2",T_CRDEW,WIND,EDF Energy Customers Limited,110,0.00016769424331114423,0.9960421066501999,32,Plant family
Family ID,marginal_family_id,2__JSTAT_OFFER,OFFER,0.0031453103048694,0.8692160113294571,0.8692160113294571,1.0,0.0,7,4.483766233766234,0.0001319793981369,0.1887719861180565,82.36037528752183,111,44,0.1493953021971908,27.59139327851204,38.39832500331034,0.1601607083120586,27.45217064343264,38.15456321879331,2025-05-26 SP14,2__JSTAT,2__JSTAT,"2__JSTAT001, 2__JSTAT002, 2__JSTAT003",2__JSTAT,BATTERY,Statkraft Markets Gmbh,111,0.00016141083825805074,0.9962035174884579,32,Plant family
Family ID,marginal_family_id,E_BARNB_BID,BID,0.0030534017668432,-0.8584925368985199,0.8584925368985199,0.0,1.0,8,6.045454545454545,0.0001606395243514,0.1887719861180565,82.36037528752183,112,68,0.1493953021971908,27.59139327851204,38.39832500331034,0.1601607083120586,27.45217064343264,38.15456321879331,2025-05-26 SP14,E_BARNB,E_BARNB,E_BARNB-1,E_BARNB,BATTERY,EDF Energy Customers Limited,112,0.00015669428162994506,0.9963602117700878,32,Plant family
Family ID,marginal_family_id,T_SLOY_OFFER,OFFER,0.0030014532602445,1.7019558054190769,1.7019558054190769,1.0,0.0,10,2.368589743589744,0.0002356480154109,0.1887719861180565,82.36037528752183,113,45,0.1493953021971908,27.59139327851204,38.39832500331034,0.1601607083120586,27.45217064343264,38.15456321879331,2025-05-26 SP14,T_SLOY,T_SLOY,"T_SLOY-2, T_SLOY-3",T_SLOY,NPSHYD,SSE Generation Ltd,113,0.00015402839140494284,0.9965142401614928,32,Plant family
Family ID,marginal_family_id,T_SHBA_BID,BID,0.0029548133250507,-0.1569926267489095,0.1569926267489095,0.0,1.0,39,35.333333333333336,6.121867531858814e-05,0.1887719861180565,82.36037528752183,114,69,0.1493953021971908,27.59139327851204,38.39832500331034,0.1601607083120586,27.45217064343264,38.15456321879331,2025-05-26 SP14,T_SHBA,T_SHBA,"T_SHBA-1, T_SHBA-2",T_SHBA,CCGT,EP UK INVESTMENTS LIMITED,114,0.000151634926116549,0.9966658750876094,32,Plant family
Family ID,marginal_family_id,T_EECL_BID,BID,0.002941606410312,-0.299990689355469,0.299990689355469,0.0,1.0,31,14.813095238095238,7.690617946882104e-05,0.1887719861180565,82.36037528752183,115,70,0.1493953021971908,27.59139327851204,38.39832500331034,0.1601607083120586,27.45217064343264,38.15456321879331,2025-05-26 SP14,T_EECL,T_EECL,T_EECL-1,T_EECL,CCGT,Uniper UK Limited,115,0.00015095717448883965,0.9968168322620983,32,Plant family
Family ID,marginal_family_id,T_BLHLB_B_BID,BID,0.0028065587658669,-0.5925888033783293,0.5925888033783293,0.0,1.0,16,8.666666666666666,0.0001007458299791,0.1887719861180565,82.36037528752183,116,71,0.1493953021971908,27.59139327851204,38.39832500331034,0.1601607083120586,27.45217064343264,38.15456321879331,2025-05-26 SP14,T_BLHLB_B,T_BLHLB_B,"T_BLHLB-1, T_BLHLB-2, T_BLHLB-3",T_BLHLB_B,BATTERY,ZENOBE BLACKHILLOCK LIMITED,116,0.00014402680788529277,0.9969608590699836,32,Plant family
Family ID,marginal_family_id,V__DWELS_OFFER,OFFER,0.0027247331542049,2.8961460694176773,2.8961460694176773,1.0,0.0,2,1.5,0.0002370145621312,0.1887719861180565,82.36037528752183,117,46,0.1493953021971908,27.59139327851204,38.39832500331034,0.1601607083120586,27.45217064343264,38.15456321879331,2025-05-26 SP14,V__DWELS,V__DWELS,"V__DWELS001, V__DWELS002",V__DWELS,OTHER,Welsh Power Group Limited,117,0.00013982768624413262,0.9971006867562276,32,Plant family
Family ID,marginal_family_id,2__FBPGM_OFFER,OFFER,0.0024912008876037,0.5155982190604214,0.5155982190604214,1.0,0.0,9,9.0,9.661631974400132e-05,0.1887719861180565,82.36037528752183,118,47,0.1493953021971908,27.59139327851204,38.39832500331034,0.1601607083120586,27.45217064343264,38.15456321879331,2025-05-26 SP14,2__FBPGM,2__FBPGM,"2__FBPGM001, 2__FBPGM002",2__FBPGM,BATTERY,BP Gas Marketing Limited,118,0.00012784329193682198,0.9972285300481645,32,Plant family
Family ID,marginal_family_id,T_PINFB_OTH_BID,BID,0.0023114646726855,-0.4533723217822749,0.4533723217822749,0.0,1.0,18,7.566305916305916,9.90737090046946e-05,0.1887719861180565,82.36037528752183,119,72,0.1493953021971908,27.59139327851204,38.39832500331034,0.1601607083120586,27.45217064343264,38.15456321879331,2025-05-26 SP14,T_PINFB_OTH,T_PINFB_OTH,"T_PINFB-2, T_PINFB-3",T_PINFB_OTH,OTHER,Zenobe Capenhurst Limited,119,0.00011861960005803914,0.9973471496482225,32,Plant family
Family ID,marginal_family_id,I_IFD-EDFT_BID,BID,0.002283606452883,-1.1453808377574812,1.1453808377574812,0.0,1.0,5,4.5,0.0001215431595186,0.1887719861180565,82.36037528752183,120,73,0.1493953021971908,27.59139327851204,38.39832500331034,0.1601607083120586,27.45217064343264,38.15456321879331,2025-05-26 SP14,I_IFD-EDFT,I_IFD-EDFT,I_IFD-EDFT1,I_IFD-EDFT,IFA,EDF TRADING LIMITED,120,0.00011718997366990914,0.9974643396218924,32,Plant family
Family ID,marginal_family_id,2__NHPOW_BID,BID,0.0022261788386309,-0.7530198399628468,0.7530198399628468,0.0,1.0,7,7.0,8.12482754238283e-05,0.1887719861180565,82.36037528752183,121,74,0.1493953021971908,27.59139327851204,38.39832500331034,0.1601607083120586,27.45217064343264,38.15456321879331,2025-05-26 SP14,2__NHPOW,2__NHPOW,"2__NHPOW001, 2__NHPOW002",2__NHPOW,NPSHYD,Drax Energy Solutions Limited,121,0.00011424290693972325,0.9975785825288321,32,Plant family
Family ID,marginal_family_id,T_FOYE_BID,BID,0.0020640112275424,-0.2454132454728136,0.2454132454728136,0.0,1.0,17,14.833333333333332,6.37840277169043e-05,0.1887719861180565,82.36037528752183,122,75,0.1493953021971908,27.59139327851204,38.39832500331034,0.1601607083120586,27.45217064343264,38.15456321879331,2025-05-26 SP14,T_FOYE,T_FOYE,"T_FOYE-1, T_FOYE-2",T_FOYE,PS,SSE Generation Ltd,122,0.00010592079957766848,0.9976845033284099,32,Plant family
Family ID,marginal_family_id,T_WDRGW_BID,BID,0.0018087781910652,-1.364458841520117,1.364458841520117,0.0,1.0,2,2.0,0.0001586268524484,0.1887719861180565,82.36037528752183,123,76,0.1493953021971908,27.59139327851204,38.39832500331034,0.1601607083120586,27.45217064343264,38.15456321879331,2025-05-26 SP14,T_WDRGW,T_WDRGW,T_WDRGW-1,T_WDRGW,WIND,Windy Rig Wind Farm Limited,123,9.282276651391865e-05,0.9977773260949238,32,Plant family
Family ID,marginal_family_id,2__MSTAT_B_BID,BID,0.0017353443974744,-0.2486087985610059,0.2486087985610059,0.0,1.0,16,11.96590909090909,5.483273047746564e-05,0.1887719861180565,82.36037528752183,124,77,0.1493953021971908,27.59139327851204,38.39832500331034,0.1601607083120586,27.45217064343264,38.15456321879331,2025-05-26 SP14,2__MSTAT_B,2__MSTAT_B,"2__MSTAT001, 2__MSTAT002, 2__MSTAT003, 2__MSTAT005, 2__MSTAT006",2__MSTAT_B,BATTERY,Statkraft Markets Gmbh,124,8.905429566968763e-05,0.9978663803905934,32,Plant family
Family ID,marginal_family_id,T_CARR_BID,BID,0.0016923762447659,-0.0749922378787813,0.0749922378787813,0.0,1.0,48,38.78333333333333,3.5286610598963454e-05,0.1887719861180565,82.36037528752183,125,78,0.1493953021971908,27.59139327851204,38.39832500331034,0.1601607083120586,27.45217064343264,38.15456321879331,2025-05-26 SP14,T_CARR,T_CARR,"T_CARR-1, T_CARR-2",T_CARR,CCGT,Carrington Power Ltd,125,8.684925868610553e-05,0.9979532296492795,32,Plant family
Family ID,marginal_family_id,2__HANGE_B_BID,BID,0.0016623232587648,-0.3931499263957132,0.3931499263957132,0.0,1.0,10,7.226190476190475,7.737699162675044e-05,0.1887719861180565,82.36037528752183,126,79,0.1493953021971908,27.59139327851204,38.39832500331034,0.1601607083120586,27.45217064343264,38.15456321879331,2025-05-26 SP14,2__HANGE_B,2__HANGE_B,2__HANGE004,2__HANGE_B,BATTERY,Limejump Energy Limited,126,8.530700142293974e-05,0.9980385366507024,32,Plant family
Family ID,marginal_family_id,I_IFD-NITR_BID,BID,0.0016229839578431,-0.9163342074268972,0.9163342074268972,0.0,1.0,4,4.0,7.419762421312712e-05,0.1887719861180565,82.36037528752183,127,80,0.1493953021971908,27.59139327851204,38.39832500331034,0.1601607083120586,27.45217064343264,38.15456321879331,2025-05-26 SP14,I_IFD-NITR,I_IFD-NITR,I_IFD-NITR1,I_IFD-NITR,IFA,Nitor Energy A/S,127,8.328818962925856e-05,0.9981218248403316,32,Plant family
Family ID,marginal_family_id,T_CRGHW_BID,BID,0.0014990730145213,-1.9949801759196757,1.9949801759196757,0.0,1.0,1,1.0,0.0001548719432895,0.1887719861180565,82.36037528752183,128,81,0.1493953021971908,27.59139327851204,38.39832500331034,0.1601607083120586,27.45217064343264,38.15456321879331,2025-05-26 SP14,T_CRGHW,T_CRGHW,T_CRGHW-1,T_CRGHW,WIND,Statkraft Markets Gmbh,128,7.69293355600897e-05,0.9981987541758918,32,Plant family
Family ID,marginal_family_id,E_DALSW_BID,BID,0.0014601449973938,-2.137958870846694,2.137958870846694,0.0,1.0,1,1.0,0.000180939265713,0.1887719861180565,82.36037528752183,129,82,0.1493953021971908,27.59139327851204,38.39832500331034,0.1601607083120586,27.45217064343264,38.15456321879331,2025-05-26 SP14,E_DALSW,E_DALSW,E_DALSW-1,E_DALSW,WIND,Mobius Renewables Gen. (GB),129,7.49316300025344e-05,0.9982736858058943,32,Plant family
Family ID,marginal_family_id,I_IBD-DMCC_BID,BID,0.0013812726425536,,,,,0,0.0,0.0002371473655399,0.1887719861180565,82.36037528752183,130,83,0.1493953021971908,27.59139327851204,38.39832500331034,0.1601607083120586,27.45217064343264,38.15456321879331,2025-05-26 SP14,I_IBD-DMCC,I_IBD-DMCC,I_IBD-DMCC1,I_IBD-DMCC,BritNed,Cobblestone Energy DMCC,130,7.088406341095396e-05,0.9983445698693052,32,Plant family
Family ID,marginal_family_id,2__PLOND_BID,BID,0.0013388415114973,-0.3890625564864599,0.3890625564864599,0.0,1.0,11,7.2,6.020540706282146e-05,0.1887719861180565,82.36037528752183,131,84,0.1493953021971908,27.59139327851204,38.39832500331034,0.1601607083120586,27.45217064343264,38.15456321879331,2025-05-26 SP14,2__PLOND,2__PLOND,2__PLOND001,2__PLOND,OTHER,EDF Energy Customers Limited,131,6.870658527106054e-05,0.9984132764545762,32,Plant family
Family ID,marginal_family_id,T_WISHB_BID,BID,0.0013136560618271,-0.3501240449971552,0.3501240449971552,0.0,1.0,8,6.7,5.8633026246072745e-05,0.1887719861180565,82.36037528752183,132,85,0.1493953021971908,27.59139327851204,38.39832500331034,0.1601607083120586,27.45217064343264,38.15456321879331,2025-05-26 SP14,T_WISHB,T_WISHB,T_WISHB-1,T_WISHB,BATTERY,Zenobe Wishaw Limited,132,6.741411993405408e-05,0.9984806905745103,32,Plant family
Family ID,marginal_family_id,E_CLAYB_OFFER,OFFER,0.0012647569755559,0.2740835898068481,0.2740835898068481,1.0,0.0,10,6.3,4.1934610035043593e-05,0.1887719861180565,82.36037528752183,133,48,0.1493953021971908,27.59139327851204,38.39832500331034,0.1601607083120586,27.45217064343264,38.15456321879331,2025-05-26 SP14,E_CLAYB,E_CLAYB,"E_CLAYB-1, E_CLAYB-2",E_CLAYB,BATTERY,Tesla Motors Limited,133,6.490471967142567e-05,0.9985455952941817,32,Plant family
Family ID,marginal_family_id,M_SLOY_OFFER,OFFER,0.0011680159346679,0.4621730652262759,0.4621730652262759,1.0,0.0,19,5.078571428571429,6.25458909368566e-05,0.1887719861180565,82.36037528752183,134,49,0.1493953021971908,27.59139327851204,38.39832500331034,0.1601607083120586,27.45217064343264,38.15456321879331,2025-05-26 SP14,M_SLOY,M_SLOY,"M_SLOY-1, M_SLOY-4",M_SLOY,NPSHYD,SSE Generation Ltd,134,5.9940168962545193e-05,0.9986055354631442,32,Plant family
Family ID,marginal_family_id,T_KEMB_BID,BID,0.0011270733467528,-0.2622489168964659,0.2622489168964659,0.0,1.0,13,6.142099567099566,3.9802096004657e-05,0.1887719861180565,82.36037528752183,135,86,0.1493953021971908,27.59139327851204,38.39832500331034,0.1601607083120586,27.45217064343264,38.15456321879331,2025-05-26 SP14,T_KEMB,T_KEMB,T_KEMB-1,T_KEMB,LOAD RESPONSE,EDF Energy Customers Limited,135,5.783907978682883e-05,0.9986633745429311,32,Plant family
Family ID,marginal_family_id,T_TYLNB_BID,BID,0.001100003744516,-0.3661631777267021,0.3661631777267021,0.0,1.0,6,5.5,4.216635200669075e-05,0.1887719861180565,82.36037528752183,136,87,0.1493953021971908,27.59139327851204,38.39832500331034,0.1601607083120586,27.45217064343264,38.15456321879331,2025-05-26 SP14,T_TYLNB,T_TYLNB,T_TYLNB-1,T_TYLNB,BATTERY,Pivoted Power LLP,136,5.6449923625800924e-05,0.9987198244665569,32,Plant family
Family ID,marginal_family_id,T_SUNDB_BID,BID,0.0010781044092599,-0.368972855813943,0.368972855813943,0.0,1.0,5,4.5,5.013437164071348e-05,0.1887719861180565,82.36037528752183,137,88,0.1493953021971908,27.59139327851204,38.39832500331034,0.1601607083120586,27.45217064343264,38.15456321879331,2025-05-26 SP14,T_SUNDB,T_SUNDB,T_SUNDB-1,T_SUNDB,BATTERY,Pivoted Power LLP,137,5.532609490355726e-05,0.9987751505614605,32,Plant family
Family ID,marginal_family_id,T_GORDW_BID,BID,0.0009132977985364,-1.108364871401936,1.108364871401936,0.0,1.0,1,1.0,8.867066734838257e-05,0.1887719861180565,82.36037528752183,138,89,0.1493953021971908,27.59139327851204,38.39832500331034,0.1601607083120586,27.45217064343264,38.15456321879331,2025-05-26 SP14,T_GORDW,T_GORDW,"T_GORDW-1, T_GORDW-2",T_GORDW,WIND,SSE Generation Ltd,138,4.686855952265533e-05,0.9988220191209831,32,Plant family
Family ID,marginal_family_id,T_DALQW_BID,BID,0.0008865706557529,-0.8778546955669976,0.8778546955669976,0.0,1.0,3,2.333333333333333,8.500148206801102e-05,0.1887719861180565,82.36037528752183,139,90,0.1493953021971908,27.59139327851204,38.39832500331034,0.1601607083120586,27.45217064343264,38.15456321879331,2025-05-26 SP14,T_DALQW,T_DALQW,T_DALQW-1,T_DALQW,WIND,Statkraft Markets Gmbh,139,4.549697767451509e-05,0.9988675160986576,32,Plant family
Family ID,marginal_family_id,T_EWHLW_BID,BID,0.0008778415082984,,,,,0,0.0,0.0002050013444383,0.1887719861180565,82.36037528752183,140,91,0.1493953021971908,27.59139327851204,38.39832500331034,0.1601607083120586,27.45217064343264,38.15456321879331,2025-05-26 SP14,T_EWHLW,T_EWHLW,T_EWHLW-1,T_EWHLW,WIND,SP Renewables (UK) Limited,140,4.5049015829310913e-05,0.998912565114487,32,Plant family
Family ID,marginal_family_id,2__LANGE_BID,BID,0.0008557924805713,-0.3382142223105082,0.3382142223105082,0.0,1.0,6,2.833333333333333,4.7056573877749424e-05,0.1887719861180565,82.36037528752183,141,92,0.1493953021971908,27.59139327851204,38.39832500331034,0.1601607083120586,27.45217064343264,38.15456321879331,2025-05-26 SP14,2__LANGE,2__LANGE,"2__LANGE001, 2__LANGE002",2__LANGE,LOAD RESPONSE,Limejump Energy Limited,141,4.3917505198167005e-05,0.9989564826196852,32,Plant family
Family ID,marginal_family_id,T_HRSTW_BID,BID,0.0007935927668324,-0.8163008496141684,0.8163008496141684,0.0,1.0,2,2.0,6.240475644669591e-05,0.1887719861180565,82.36037528752183,142,93,0.1493953021971908,27.59139327851204,38.39832500331034,0.1601607083120586,27.45217064343264,38.15456321879331,2025-05-26 SP14,T_HRSTW,T_HRSTW,T_HRSTW-1,T_HRSTW,WIND,SP Renewables (UK) Limited,142,4.072554416384117e-05,0.998997208163849,32,Plant family
Family ID,marginal_family_id,2__MCMRO_BID,BID,0.0007260774406585,-0.1328898865767129,0.1328898865767129,0.0,1.0,12,9.476190476190474,3.019961049388749e-05,0.1887719861180565,82.36037528752183,143,94,0.1493953021971908,27.59139327851204,38.39832500331034,0.1601607083120586,27.45217064343264,38.15456321879331,2025-05-26 SP14,2__MCMRO,2__MCMRO,"2__MCMRO002, 2__MCMRO003",2__MCMRO,OTHER,BGI Trading Limited,143,3.7260796861763e-05,0.9990344689607107,32,Plant family
Family ID,marginal_family_id,T_BDCHW_BID,BID,0.0007244775800309,,,,,0,0.0,0.000165044139879,0.1887719861180565,82.36037528752183,144,95,0.1493953021971908,27.59139327851204,38.39832500331034,0.1601607083120586,27.45217064343264,38.15456321879331,2025-05-26 SP14,T_BDCHW,T_BDCHW,T_BDCHW-1,T_BDCHW,WIND,RWE Generation UK plc,144,3.717869531375447e-05,0.9990716476560244,32,Plant family
Family ID,marginal_family_id,2__MCNDL_OC_OFFER,OFFER,0.0006612753428304,0.2578964758771365,0.2578964758771365,1.0,0.0,9,6.583333333333333,2.0113570273617003e-05,0.1887719861180565,82.36037528752183,145,50,0.1493953021971908,27.59139327851204,38.39832500331034,0.1601607083120586,27.45217064343264,38.15456321879331,2025-05-26 SP14,2__MCNDL_OC,2__MCNDL_OC,2__MCNDL001,2__MCNDL_OC,OCGT,NEAS Energy Ltd.,145,3.393528684288805e-05,0.9991055829428673,32,Plant family
Family ID,marginal_family_id,T_PINFB_OTH_OFFER,OFFER,0.000660546735501,0.3291418737388666,0.3291418737388666,1.0,0.0,11,1.7163059163059162,3.341346053463696e-05,0.1887719861180565,82.36037528752183,146,51,0.1493953021971908,27.59139327851204,38.39832500331034,0.1601607083120586,27.45217064343264,38.15456321879331,2025-05-26 SP14,T_PINFB_OTH,T_PINFB_OTH,"T_PINFB-2, T_PINFB-3",T_PINFB_OTH,OTHER,Zenobe Capenhurst Limited,146,3.3897896217353474e-05,0.9991394808390847,32,Plant family
Family ID,marginal_family_id,2__LSTAT_OFFER,OFFER,0.0006513483264193,0.1653683570491652,0.1653683570491652,1.0,0.0,9,7.271428571428571,1.7256674092606186e-05,0.1887719861180565,82.36037528752183,147,52,0.1493953021971908,27.59139327851204,38.39832500331034,0.1601607083120586,27.45217064343264,38.15456321879331,2025-05-26 SP14,2__LSTAT,2__LSTAT,"2__LSTAT001, 2__LSTAT002, 2__LSTAT003",2__LSTAT,BATTERY,Statkraft Markets Gmbh,147,3.3425852833201804e-05,0.9991729066919178,32,Plant family
Family ID,marginal_family_id,I_I2D-EDFT_BID,BID,0.000641238546083,-0.6982661745891854,0.6982661745891854,0.0,1.0,2,2.0,5.142918369875524e-05,0.1887719861180565,82.36037528752183,148,96,0.1493953021971908,27.59139327851204,38.39832500331034,0.1601607083120586,27.45217064343264,38.15456321879331,2025-05-26 SP14,I_I2D-EDFT,I_I2D-EDFT,I_I2D-EDFT1,I_I2D-EDFT,IFA2,EDF TRADING LIMITED,148,3.290703975578918e-05,0.9992058137316736,32,Plant family
Family ID,marginal_family_id,I_I2D-DSKC_BID,BID,0.0006287741766083,,,,,0,0.0,0.0001263090056662,0.1887719861180565,82.36037528752183,149,97,0.1493953021971908,27.59139327851204,38.39832500331034,0.1601607083120586,27.45217064343264,38.15456321879331,2025-05-26 SP14,I_I2D-DSKC,I_I2D-DSKC,I_I2D-DSKC1,I_I2D-DSKC,IFA2,Danske Commodities A/S,149,3.226739401967383e-05,0.9992380811256932,32,Plant family
Family ID,marginal_family_id,T_ERRO_OFFER,OFFER,0.0006021031119137,0.2486455035530105,0.2486455035530105,1.0,0.0,18,4.267857142857142,2.742484217861707e-05,0.1887719861180565,82.36037528752183,150,53,0.1493953021971908,27.59139327851204,38.39832500331034,0.1601607083120586,27.45217064343264,38.15456321879331,2025-05-26 SP14,T_ERRO,T_ERRO,"T_ERRO-1, T_ERRO-2, T_ERRO-3",T_ERRO,NPSHYD,SSE Generation Ltd,150,3.089868998340583e-05,0.9992689798156766,32,Plant family
Family ID,marginal_family_id,T_CDCL_OFFER,OFFER,0.0006018660161058,0.1350475900129125,0.1350475900129125,1.0,0.0,10,6.916666666666666,2.1688123993350905e-05,0.1887719861180565,82.36037528752183,151,54,0.1493953021971908,27.59139327851204,38.39832500331034,0.1601607083120586,27.45217064343264,38.15456321879331,2025-05-26 SP14,T_CDCL,T_CDCL,T_CDCL-1,T_CDCL,CCGT,Uniper UK Limited,151,3.088652271550817e-05,0.9992998663383922,32,Plant family
Family ID,marginal_family_id,T_LKSDB_BID,BID,0.0005989370381276,-0.1641866817592808,0.1641866817592808,0.0,1.0,8,7.5,2.349424252908931e-05,0.1887719861180565,82.36037528752183,152,98,0.1493953021971908,27.59139327851204,38.39832500331034,0.1601607083120586,27.45217064343264,38.15456321879331,2025-05-26 SP14,T_LKSDB,T_LKSDB,T_LKSDB-1,T_LKSDB,OTHER,Lakeside Energy Storage Ltd,152,3.0736213606111645e-05,0.9993306025519983,32,Plant family
Family ID,marginal_family_id,I_IVD-NTPL_BID,BID,0.0005881432574509,-0.6986821346239562,0.6986821346239562,0.0,1.0,1,1.0,6.192605372089002e-05,0.1887719861180565,82.36037528752183,153,99,0.1493953021971908,27.59139327851204,38.39832500331034,0.1601607083120586,27.45217064343264,38.15456321879331,2025-05-26 SP14,I_IVD-NTPL,I_IVD-NTPL,I_IVD-NTPL1,I_IVD-NTPL,Viking,Northpool BV,153,3.0182299041846722e-05,0.9993607848510402,32,Plant family
Family ID,marginal_family_id,T_HMGTO_BID,BID,0.0005806303770414,,,,,0,0.0,0.0001718628972864,0.1887719861180565,82.36037528752183,154,100,0.1493953021971908,27.59139327851204,38.39832500331034,0.1601607083120586,27.45217064343264,38.15456321879331,2025-05-26 SP14,T_HMGTO,T_HMGTO,"T_HMGTO-1, T_HMGTO-2",T_HMGTO,WIND,RWE Renewables UK Humber Wind,154,2.9796753513078858e-05,0.9993905816045533,32,Plant family
Family ID,marginal_family_id,2__JSTAT_BID,BID,0.0005708159034765,-0.1590800779593128,0.1590800779593128,0.0,1.0,9,5.684523809523809,2.5338630566937048e-05,0.1887719861180565,82.36037528752183,155,101,0.1493953021971908,27.59139327851204,38.39832500331034,0.1601607083120586,27.45217064343264,38.15456321879331,2025-05-26 SP14,2__JSTAT,2__JSTAT,"2__JSTAT001, 2__JSTAT002, 2__JSTAT003",2__JSTAT,BATTERY,Statkraft Markets Gmbh,155,2.9293094970161976e-05,0.9994198746995234,32,Plant family
Family ID,marginal_family_id,2__MCMRO_OFFER,OFFER,0.0005661375749533,0.1429239030446087,0.1429239030446087,1.0,0.0,8,6.666666666666666,1.590289694767062e-05,0.1887719861180565,82.36037528752183,156,55,0.1493953021971908,27.59139327851204,38.39832500331034,0.1601607083120586,27.45217064343264,38.15456321879331,2025-05-26 SP14,2__MCMRO,2__MCMRO,"2__MCMRO002, 2__MCMRO003",2__MCMRO,OTHER,BGI Trading Limited,156,2.905301279848969e-05,0.999448927712322,32,Plant family
Family ID,marginal_family_id,T_LARYW_BID,BID,0.0005503018543858,-0.7335854741955569,0.7335854741955569,0.0,1.0,2,1.5,3.528578600495191e-05,0.1887719861180565,82.36037528752183,157,102,0.1493953021971908,27.59139327851204,38.39832500331034,0.1601607083120586,27.45217064343264,38.15456321879331,2025-05-26 SP14,T_LARYW,T_LARYW,"T_LARYW-1, T_LARYW-2, T_LARYW-3, T_LARYW-4",T_LARYW,WIND,London Array Limited,157,2.8240356277044637e-05,0.999477168068599,32,Plant family
Family ID,marginal_family_id,I_IFD-MFTE_BID,BID,0.0005432696201978,-0.7347432869371872,0.7347432869371872,0.0,1.0,1,1.0,5.452565236280597e-05,0.1887719861180565,82.36037528752183,158,103,0.1493953021971908,27.59139327851204,38.39832500331034,0.1601607083120586,27.45217064343264,38.15456321879331,2025-05-26 SP14,I_IFD-MFTE,I_IFD-MFTE,I_IFD-MFTE1,I_IFD-MFTE,IFA,MFT Energy A/S,158,2.7879476521125254e-05,0.9995050475451202,32,Plant family
Family ID,marginal_family_id,T_MIDMW_BID,BID,0.000537977897859,-0.3545376669054968,0.3545376669054968,0.0,1.0,5,3.5,3.841210404576672e-05,0.1887719861180565,82.36037528752183,159,104,0.1493953021971908,27.59139327851204,38.39832500331034,0.1601607083120586,27.45217064343264,38.15456321879331,2025-05-26 SP14,T_MIDMW,T_MIDMW,T_MIDMW-1,T_MIDMW,WIND,OnPath Energy Limited,159,2.760791624384125e-05,0.9995326554613639,32,Plant family
Family ID,marginal_family_id,T_BUSTB_BID,BID,0.0005367605370316,-0.1326203903262466,0.1326203903262466,0.0,1.0,12,6.672222222222223,2.7079609600317863e-05,0.1887719861180565,82.36037528752183,160,105,0.1493953021971908,27.59139327851204,38.39832500331034,0.1601607083120586,27.45217064343264,38.15456321879331,2025-05-26 SP14,T_BUSTB,T_BUSTB,T_BUSTB-1,T_BUSTB,BATTERY,Pivoted Power LLP,160,2.7545443796747894e-05,0.9995602009051607,32,Plant family
Family ID,marginal_family_id,E_RHEI_OFFER,OFFER,0.0005296081650479,0.2832870809141784,0.2832870809141784,1.0,0.0,3,3.0,3.3308344237421934e-05,0.1887719861180565,82.36037528752183,161,56,0.1493953021971908,27.59139327851204,38.39832500331034,0.1601607083120586,27.45217064343264,38.15456321879331,2025-05-26 SP14,E_RHEI,E_RHEI,E_RHEI-1,E_RHEI,NPSHYD,Statkraft Markets Gmbh,161,2.717839881691391e-05,0.9995873793039777,32,Plant family
Family ID,marginal_family_id,E_SEVINGTN_OFFER,OFFER,0.0004820603390017,0.7726765310371273,0.7726765310371273,1.0,0.0,1,1.0,4.1991075043121536e-05,0.1887719861180565,82.36037528752183,162,57,0.1493953021971908,27.59139327851204,38.39832500331034,0.1601607083120586,27.45217064343264,38.15456321879331,2025-05-26 SP14,E_SEVINGTN,E_SEVINGTN,E_SEVINGTN,E_SEVINGTN,GAS,UK Power Reserve Limited,162,2.4738342442322345e-05,0.99961211764642,32,Plant family
Family ID,marginal_family_id,T_BUSTB_OFFER,OFFER,0.000470369989257,0.164711490930228,0.164711490930228,1.0,0.0,8,5.142857142857142,1.6814229592545627e-05,0.1887719861180565,82.36037528752183,163,58,0.1493953021971908,27.59139327851204,38.39832500331034,0.1601607083120586,27.45217064343264,38.15456321879331,2025-05-26 SP14,T_BUSTB,T_BUSTB,T_BUSTB-1,T_BUSTB,BATTERY,Pivoted Power LLP,163,2.413841780248616e-05,0.9996362560642225,32,Plant family
Family ID,marginal_family_id,I_IBD-INCM_BID,BID,0.0004531735449975,-0.291078664041245,0.291078664041245,0.0,1.0,4,4.0,2.0381275853179136e-05,0.1887719861180565,82.36037528752183,164,106,0.1493953021971908,27.59139327851204,38.39832500331034,0.1601607083120586,27.45217064343264,38.15456321879331,2025-05-26 SP14,I_IBD-INCM,I_IBD-INCM,I_IBD-INCM1,I_IBD-INCM,BritNed,IN COMMODITIES A/S,164,2.325593174739437e-05,0.9996595119959698,32,Plant family
Family ID,marginal_family_id,2__GCMRO_OFFER,OFFER,0.0004518831300391,0.1879777829294646,0.1879777829294646,1.0,0.0,4,2.333333333333333,2.4172152190433207e-05,0.1887719861180565,82.36037528752183,165,59,0.1493953021971908,27.59139327851204,38.39832500331034,0.1601607083120586,27.45217064343264,38.15456321879331,2025-05-26 SP14,2__GCMRO,2__GCMRO,"2__GCMRO001, 2__GCMRO002",2__GCMRO,OTHER,BGI Trading Limited,165,2.3189710312957966e-05,0.9996827017062828,32,Plant family
Family ID,marginal_family_id,E_GYAR_OFFER,OFFER,0.0004364300392093,0.3241183190077757,0.3241183190077757,1.0,0.0,3,3.0,2.1009959145579022e-05,0.1887719861180565,82.36037528752183,166,60,0.1493953021971908,27.59139327851204,38.39832500331034,0.1601607083120586,27.45217064343264,38.15456321879331,2025-05-26 SP14,E_GYAR,E_GYAR,E_GYAR-1,E_GYAR,CCGT,RWE Generation UK plc,166,2.239668956055262e-05,0.9997050983958433,32,Plant family
Family ID,marginal_family_id,2__NFLEX_LR_OFFER,OFFER,0.0004250427760378,0.1786124174877218,0.1786124174877218,1.0,0.0,10,2.23859649122807,1.8281013397812112e-05,0.1887719861180565,82.36037528752183,167,61,0.1493953021971908,27.59139327851204,38.39832500331034,0.1601607083120586,27.45217064343264,38.15456321879331,2025-05-26 SP14,2__NFLEX_LR,2__NFLEX_LR,"2__NFLEX003, 2__NFLEX004, 2__NFLEX005, 2__NFLEX006, 2__NFLEX007",2__NFLEX_LR,LOAD RESPONSE,Flexitricity Limited,167,2.1812318698596228e-05,0.9997269107145419,32,Plant family
Family ID,marginal_family_id,I_IFD-DSKC_BID,BID,0.0004217806920071,-0.372399447189126,0.372399447189126,0.0,1.0,3,2.5,2.531562377096185e-05,0.1887719861180565,82.36037528752183,168,107,0.1493953021971908,27.59139327851204,38.39832500331034,0.1601607083120586,27.45217064343264,38.15456321879331,2025-05-26 SP14,I_IFD-DSKC,I_IFD-DSKC,I_IFD-DSKC1,I_IFD-DSKC,IFA,Danske Commodities A/S,168,2.1644915273551545e-05,0.9997485556298155,32,Plant family
Family ID,marginal_family_id,I_IBG-VOLT_OFFER,OFFER,0.000406106367153,,,,,0,0.0,0.0001630986527035,0.1887719861180565,82.36037528752183,169,62,0.1493953021971908,27.59139327851204,38.39832500331034,0.1601607083120586,27.45217064343264,38.15456321879331,2025-05-26 SP14,I_IBG-VOLT,I_IBG-VOLT,I_IBG-VOLT1,I_IBG-VOLT,BritNed,Volta Energy DAC,169,2.0840541247271062e-05,0.9997693961710628,32,Plant family
Family ID,marginal_family_id,V__GHABI_OFFER,OFFER,0.0003947919302686,0.2790697424499577,0.2790697424499577,1.0,0.0,3,2.5,2.024174353417834e-05,0.1887719861180565,82.36037528752183,170,63,0.1493953021971908,27.59139327851204,38.39832500331034,0.1601607083120586,27.45217064343264,38.15456321879331,2025-05-26 SP14,V__GHABI,V__GHABI,V__GHABI001,V__GHABI,OTHER,Habitat Energy Limited,170,2.0259907680178663e-05,0.9997896560787429,32,Plant family
Family ID,marginal_family_id,T_SEEL_OFFER,OFFER,0.0003814482424053,0.2493230249426806,0.2493230249426806,1.0,0.0,3,3.0,1.5380903287278626e-05,0.1887719861180565,82.36037528752183,171,64,0.1493953021971908,27.59139327851204,38.39832500331034,0.1601607083120586,27.45217064343264,38.15456321879331,2025-05-26 SP14,T_SEEL,T_SEEL,T_SEEL-1,T_SEEL,OCGT,Spalding Energy Expansion Ltd,171,1.9575137137782695e-05,0.9998092312158807,32,Plant family
Family ID,marginal_family_id,E_ASHWW_BID,BID,0.0003467231944359,-0.3862064718235177,0.3862064718235177,0.0,1.0,2,1.3333333333333333,3.026451492296193e-05,0.1887719861180565,82.36037528752183,172,108,0.1493953021971908,27.59139327851204,38.39832500331034,0.1601607083120586,27.45217064343264,38.15456321879331,2025-05-26 SP14,E_ASHWW,E_ASHWW,E_ASHWW-1,E_ASHWW,WIND,Statkraft Markets Gmbh,172,1.779311928961855e-05,0.9998270243351703,32,Plant family
Family ID,marginal_family_id,I_IFD-EDMK_BID,BID,0.0003437348517832,-0.7078618237603759,0.7078618237603759,0.0,1.0,1,1.0,3.704013387187496e-05,0.1887719861180565,82.36037528752183,173,109,0.1493953021971908,27.59139327851204,38.39832500331034,0.1601607083120586,27.45217064343264,38.15456321879331,2025-05-26 SP14,I_IFD-EDMK,I_IFD-EDMK,I_IFD-EDMK1,I_IFD-EDMK,IFA,Mind Energy A/S,173,1.7639763707554728e-05,0.9998446640988778,32,Plant family
Family ID,marginal_family_id,E_KLYN-A_OFFER,OFFER,0.0003389197949564,0.2769619135018579,0.2769619135018579,1.0,0.0,3,2.25,2.042631264949805e-05,0.1887719861180565,82.36037528752183,174,65,0.1493953021971908,27.59139327851204,38.39832500331034,0.1601607083120586,27.45217064343264,38.15456321879331,2025-05-26 SP14,E_KLYN-A,E_KLYN-A,E_KLYN-A-1,E_KLYN-A,CCGT,RWE Generation UK plc,174,1.7392664921317098e-05,0.9998620567637991,32,Plant family
Family ID,marginal_family_id,I_IBD-NTPL_BID,BID,0.0003252807112205,,,,,0,0.0,6.016350762926889e-05,0.1887719861180565,82.36037528752183,175,110,0.1493953021971908,27.59139327851204,38.39832500331034,0.1601607083120586,27.45217064343264,38.15456321879331,2025-05-26 SP14,I_IBD-NTPL,I_IBD-NTPL,I_IBD-NTPL1,I_IBD-NTPL,BritNed,Northpool BV,175,1.6692735271935563e-05,0.9998787494990711,32,Plant family
Family ID,marginal_family_id,T_GNFSW_BID,BID,0.0002587924531874,-0.4226683586037552,0.4226683586037552,0.0,1.0,2,1.0,3.136343486271697e-05,0.1887719861180565,82.36037528752183,176,111,0.1493953021971908,27.59139327851204,38.39832500331034,0.1601607083120586,27.45217064343264,38.15456321879331,2025-05-26 SP14,T_GNFSW,T_GNFSW,"T_GNFSW-1, T_GNFSW-2",T_GNFSW,WIND,Gunfleet Sands Limited,176,1.3280694988715923e-05,0.9998920301940598,32,Plant family
Family ID,marginal_family_id,T_KILBW_BID,BID,0.0002536771609095,-0.5986562577762663,0.5986562577762663,0.0,1.0,1,1.0,2.0878828514986448e-05,0.1887719861180565,82.36037528752183,177,112,0.1493953021971908,27.59139327851204,38.39832500331034,0.1601607083120586,27.45217064343264,38.15456321879331,2025-05-26 SP14,T_KILBW,T_KILBW,T_KILBW-1,T_KILBW,WIND,Kilbraur Wind Energy Ltd,177,1.3018188738304785e-05,0.9999050483827981,32,Plant family
Family ID,marginal_family_id,T_WTMSO_BID,BID,0.0002515629012445,-0.5994911146485526,0.5994911146485526,0.0,1.0,1,1.0,1.9937100524874583e-05,0.1887719861180565,82.36037528752183,178,113,0.1493953021971908,27.59139327851204,38.39832500331034,0.1601607083120586,27.45217064343264,38.15456321879331,2025-05-26 SP14,T_WTMSO,T_WTMSO,T_WTMSO-1,T_WTMSO,WIND,Westermost Rough Limited,178,1.2909689292544378e-05,0.9999179580720907,32,Plant family
Family ID,marginal_family_id,T_TWSHW_BID,BID,0.0002197457772706,-0.355222044049076,0.355222044049076,0.0,1.0,2,0.6666666666666666,2.5687044567379446e-05,0.1887719861180565,82.36037528752183,179,114,0.1493953021971908,27.59139327851204,38.39832500331034,0.1601607083120586,27.45217064343264,38.15456321879331,2025-05-26 SP14,T_TWSHW,T_TWSHW,T_TWSHW-1,T_TWSHW,WIND,Twentyshilling Limited,179,1.1276900106804318e-05,0.9999292349721975,32,Plant family
Family ID,marginal_family_id,E_BLARW_BID,BID,0.000205690398891,-0.3583782740645777,0.3583782740645777,0.0,1.0,1,1.0,1.6671229135684215e-05,0.1887719861180565,82.36037528752183,180,115,0.1493953021971908,27.59139327851204,38.39832500331034,0.1601607083120586,27.45217064343264,38.15456321879331,2025-05-26 SP14,E_BLARW,E_BLARW,E_BLARW-1,E_BLARW,WIND,Erova Energy Limited,180,1.055560707483445e-05,0.9999397905792724,32,Plant family
Family ID,marginal_family_id,E_MINSW_BID,BID,0.0002055829582383,-0.3294204395274812,0.3294204395274812,0.0,1.0,1,1.0,2.700780408686473e-05,0.1887719861180565,82.36037528752183,181,116,0.1493953021971908,27.59139327851204,38.39832500331034,0.1601607083120586,27.45217064343264,38.15456321879331,2025-05-26 SP14,E_MINSW,E_MINSW,E_MINSW-1,E_MINSW,WIND,Mobius Renewables Gen. (GB),181,1.0550093442113238e-05,0.9999503406727145,32,Plant family
Family ID,marginal_family_id,I_IFD-NEAS_BID,BID,0.0001655245638173,,,,,0,0.0,2.313296915196861e-05,0.1887719861180565,82.36037528752183,182,117,0.1493953021971908,27.59139327851204,38.39832500331034,0.1601607083120586,27.45217064343264,38.15456321879331,2025-05-26 SP14,I_IFD-NEAS,I_IFD-NEAS,I_IFD-NEAS1,I_IFD-NEAS,IFA,Centrica Energy Trading A/S,182,8.494379253037793e-06,0.9999588350519675,32,Plant family
Family ID,marginal_family_id,I_IBD-EDMK_BID,BID,0.000163134523805,-0.3821076827567263,0.3821076827567263,0.0,1.0,1,0.5,1.6814644274280314e-05,0.1887719861180565,82.36037528752183,183,118,0.1493953021971908,27.59139327851204,38.39832500331034,0.1601607083120586,27.45217064343264,38.15456321879331,2025-05-26 SP14,I_IBD-EDMK,I_IBD-EDMK,I_IBD-EDMK1,I_IBD-EDMK,BritNed,Mind Energy A/S,183,8.37172732859702e-06,0.9999672067792961,32,Plant family
Family ID,marginal_family_id,T_CREAW_BID,BID,0.0001456031996442,,,,,0,0.0,5.415807518872546e-05,0.1887719861180565,82.36037528752183,184,119,0.1493953021971908,27.59139327851204,38.39832500331034,0.1601607083120586,27.45217064343264,38.15456321879331,2025-05-26 SP14,T_CREAW,T_CREAW,T_CREAW-1,T_CREAW,WIND,Creag Riabhach Wind Farm Ltd,184,7.472055927594873e-06,0.9999746788352236,32,Plant family
Family ID,marginal_family_id,I_IND-INCM_BID,BID,0.0001434927607681,,,,,0,0.0,2.241172759688452e-05,0.1887719861180565,82.36037528752183,185,120,0.1493953021971908,27.59139327851204,38.39832500331034,0.1601607083120586,27.45217064343264,38.15456321879331,2025-05-26 SP14,I_IND-INCM,I_IND-INCM,I_IND-INCM1,I_IND-INCM,NEMO,IN COMMODITIES A/S,185,7.363752556841181e-06,0.9999820425877805,32,Plant family
Family ID,marginal_family_id,I_IFG-DSKC_OFFER,OFFER,0.0001248165594902,,,,,0,0.0,2.082821281005777e-05,0.1887719861180565,82.36037528752183,186,66,0.1493953021971908,27.59139327851204,38.39832500331034,0.1601607083120586,27.45217064343264,38.15456321879331,2025-05-26 SP14,I_IFG-DSKC,I_IFG-DSKC,I_IFG-DSKC1,I_IFG-DSKC,IFA,Danske Commodities A/S,186,6.405328423274782e-06,0.9999884479162037,32,Plant family
Family ID,marginal_family_id,2__PENEC_BID,BID,8.411848203585803e-05,,,,,0,0.0,1.356277678317993e-05,0.1887719861180565,82.36037528752183,187,121,0.1493953021971908,27.59139327851204,38.39832500331034,0.1601607083120586,27.45217064343264,38.15456321879331,2025-05-26 SP14,2__PENEC,2__PENEC,"2__PENEC001, 2__PENEC002",2__PENEC,WIND,Eneco Energy Trade,187,4.316787020149479e-06,0.9999927647032238,32,Plant family
Family ID,marginal_family_id,T_MILWW_BID,BID,7.768482665062488e-05,,,,,0,0.0,1.5504502864777846e-05,0.1887719861180565,82.36037528752183,188,122,0.1493953021971908,27.59139327851204,38.39832500331034,0.1601607083120586,27.45217064343264,38.15456321879331,2025-05-26 SP14,T_MILWW,T_MILWW,T_MILWW-1,T_MILWW,WIND,Millennium Wind Energy Ltd,188,3.98662509393628e-06,0.9999967513283178,32,Plant family
Family ID,marginal_family_id,I_IBD-CBST_BID,BID,6.330479805161626e-05,,,,,0,0.0,1.0785917471840275e-05,0.1887719861180565,82.36037528752183,189,123,0.1493953021971908,27.59139327851204,38.39832500331034,0.1601607083120586,27.45217064343264,38.15456321879331,2025-05-26 SP14,I_IBD-CBST,I_IBD-CBST,I_IBD-CBST1,I_IBD-CBST,BritNed,Cobblestone Energy,189,3.2486716822339966e-06,1.0,32,Plant family
Family ID,marginal_family_id,2__AFLEX_BID,BID,0.0,0.0,0.0,0.0,0.0,1,0.1666666666666666,0.0,0.1887719861180565,82.36037528752183,190,124,0.1493953021971908,27.59139327851204,38.39832500331034,0.1601607083120586,27.45217064343264,38.15456321879331,2025-05-26 SP14,2__AFLEX,2__AFLEX,"2__AFLEX003, 2__AFLEX004, 2__AFLEX005",2__AFLEX,LOAD RESPONSE,Flexitricity Limited,190,0.0,1.0,32,Plant family
Family ID,marginal_family_id,2__ALOND_BID,BID,0.0,0.0,0.0,0.0,0.0,1,1.0,0.0,0.1887719861180565,82.36037528752183,191,125,0.1493953021971908,27.59139327851204,38.39832500331034,0.1601607083120586,27.45217064343264,38.15456321879331,2025-05-26 SP14,2__ALOND,2__ALOND,2__ALOND002,2__ALOND,LOAD RESPONSE,EDF Energy Customers Limited,191,0.0,1.0,32,Plant family
Family ID,marginal_family_id,2__AMRCY_OFFER,OFFER,0.0,,,,,0,0.0,0.0,0.1887719861180565,82.36037528752183,192,67,0.1493953021971908,27.59139327851204,38.39832500331034,0.1601607083120586,27.45217064343264,38.15456321879331,2025-05-26 SP14,2__AMRCY,2__AMRCY,2__AMRCY001,2__AMRCY,BATTERY,Octopus Energy Limited,192,0.0,1.0,32,Plant family
Family ID,marginal_family_id,2__ASTAT_B_OFFER,OFFER,0.0,0.0,0.0,0.0,0.0,10,9.2,0.0,0.1887719861180565,82.36037528752183,193,68,0.1493953021971908,27.59139327851204,38.39832500331034,0.1601607083120586,27.45217064343264,38.15456321879331,2025-05-26 SP14,2__ASTAT_B,2__ASTAT_B,"2__ASTAT005, 2__ASTAT008",2__ASTAT_B,BATTERY,Statkraft Markets Gmbh,193,0.0,1.0,32,Plant family
Family ID,marginal_family_id,2__ASTAT_OTH_BID,BID,0.0,0.0,0.0,0.0,0.0,2,2.0,0.0,0.1887719861180565,82.36037528752183,194,126,0.1493953021971908,27.59139327851204,38.39832500331034,0.1601607083120586,27.45217064343264,38.15456321879331,2025-05-26 SP14,2__ASTAT_OTH,2__ASTAT_OTH,2__ASTAT003,2__ASTAT_OTH,OTHER,Statkraft Markets Gmbh,194,0.0,1.0,32,Plant family
Family ID,marginal_family_id,2__ASTAT_OTH_OFFER,OFFER,0.0,0.0,0.0,0.0,0.0,5,2.527777777777778,0.0,0.1887719861180565,82.36037528752183,195,69,0.1493953021971908,27.59139327851204,38.39832500331034,0.1601607083120586,27.45217064343264,38.15456321879331,2025-05-26 SP14,2__ASTAT_OTH,2__ASTAT_OTH,2__ASTAT003,2__ASTAT_OTH,OTHER,Statkraft Markets Gmbh,195,0.0,1.0,32,Plant family
Family ID,marginal_family_id,2__BBPGM_BID,BID,0.0,,,,,0,0.0,0.0,0.1887719861180565,82.36037528752183,196,127,0.1493953021971908,27.59139327851204,38.39832500331034,0.1601607083120586,27.45217064343264,38.15456321879331,2025-05-26 SP14,2__BBPGM,2__BBPGM,2__BBPGM001,2__BBPGM,BATTERY,BP Gas Marketing Limited,196,0.0,1.0,32,Plant family
Family ID,marginal_family_id,2__BBPGM_OFFER,OFFER,0.0,0.0,0.0,0.0,0.0,2,2.0,0.0,0.1887719861180565,82.36037528752183,197,70,0.1493953021971908,27.59139327851204,38.39832500331034,0.1601607083120586,27.45217064343264,38.15456321879331,2025-05-26 SP14,2__BBPGM,2__BBPGM,2__BBPGM001,2__BBPGM,BATTERY,BP Gas Marketing Limited,197,0.0,1.0,32,Plant family
Family ID,marginal_family_id,2__BFLEX_BID,BID,0.0,0.0,0.0,0.0,0.0,3,1.6428571428571428,0.0,0.1887719861180565,82.36037528752183,198,128,0.1493953021971908,27.59139327851204,38.39832500331034,0.1601607083120586,27.45217064343264,38.15456321879331,2025-05-26 SP14,2__BFLEX,2__BFLEX,"2__BFLEX001, 2__BFLEX002, 2__BFLEX003, 2__BFLEX004",2__BFLEX,LOAD RESPONSE,Flexitricity Limited,198,0.0,1.0,32,Plant family
Family ID,marginal_family_id,2__BFLEX_OFFER,OFFER,0.0,0.0,0.0,0.0,0.0,5,1.5416666666666663,0.0,0.1887719861180565,82.36037528752183,199,71,0.1493953021971908,27.59139327851204,38.39832500331034,0.1601607083120586,27.45217064343264,38.15456321879331,2025-05-26 SP14,2__BFLEX,2__BFLEX,"2__BFLEX001, 2__BFLEX002, 2__BFLEX003, 2__BFLEX004",2__BFLEX,LOAD RESPONSE,Flexitricity Limited,199,0.0,1.0,32,Plant family
Family ID,marginal_family_id,2__BFSEN_B_BID,BID,0.0,,,,,0,0.0,0.0,0.1887719861180565,82.36037528752183,200,129,0.1493953021971908,27.59139327851204,38.39832500331034,0.1601607083120586,27.45217064343264,38.15456321879331,2025-05-26 SP14,2__BFSEN_B,2__BFSEN_B,2__BFSEN006,2__BFSEN_B,BATTERY,F & S Energy Ltd,200,0.0,1.0,32,Plant family
Family ID,marginal_family_id,2__BFSEN_B_OFFER,OFFER,0.0,,,,,0,0.0,0.0,0.1887719861180565,82.36037528752183,201,72,0.1493953021971908,27.59139327851204,38.39832500331034,0.1601607083120586,27.45217064343264,38.15456321879331,2025-05-26 SP14,2__BFSEN_B,2__BFSEN_B,2__BFSEN006,2__BFSEN_B,BATTERY,F & S Energy Ltd,201,0.0,1.0,32,Plant family
Family ID,marginal_family_id,2__BFSEN_OTH_BID,BID,0.0,,,,,0,0.0,0.0,0.1887719861180565,82.36037528752183,202,130,0.1493953021971908,27.59139327851204,38.39832500331034,0.1601607083120586,27.45217064343264,38.15456321879331,2025-05-26 SP14,2__BFSEN_OTH,2__BFSEN_OTH,2__BFSEN005,2__BFSEN_OTH,OTHER,F & S Energy Ltd,202,0.0,1.0,32,Plant family
Family ID,marginal_family_id,2__BFSEN_OTH_OFFER,OFFER,0.0,,,,,0,0.0,0.0,0.1887719861180565,82.36037528752183,203,73,0.1493953021971908,27.59139327851204,38.39832500331034,0.1601607083120586,27.45217064343264,38.15456321879331,2025-05-26 SP14,2__BFSEN_OTH,2__BFSEN_OTH,2__BFSEN005,2__BFSEN_OTH,OTHER,F & S Energy Ltd,203,0.0,1.0,32,Plant family
Family ID,marginal_family_id,2__BSTAT_B_BID,BID,0.0,0.0,0.0,0.0,0.0,2,1.0625,0.0,0.1887719861180565,82.36037528752183,204,131,0.1493953021971908,27.59139327851204,38.39832500331034,0.1601607083120586,27.45217064343264,38.15456321879331,2025-05-26 SP14,2__BSTAT_B,2__BSTAT_B,"2__BSTAT002, 2__BSTAT003, 2__BSTAT004",2__BSTAT_B,BATTERY,Statkraft Markets Gmbh,204,0.0,1.0,32,Plant family
Family ID,marginal_family_id,2__BSTAT_B_OFFER,OFFER,0.0,0.0,0.0,0.0,0.0,3,2.052631578947368,0.0,0.1887719861180565,82.36037528752183,205,74,0.1493953021971908,27.59139327851204,38.39832500331034,0.1601607083120586,27.45217064343264,38.15456321879331,2025-05-26 SP14,2__BSTAT_B,2__BSTAT_B,"2__BSTAT002, 2__BSTAT003, 2__BSTAT004",2__BSTAT_B,BATTERY,Statkraft Markets Gmbh,205,0.0,1.0,32,Plant family
Family ID,marginal_family_id,2__BSTAT_G_BID,BID,0.0,,,,,0,0.0,0.0,0.1887719861180565,82.36037528752183,206,132,0.1493953021971908,27.59139327851204,38.39832500331034,0.1601607083120586,27.45217064343264,38.15456321879331,2025-05-26 SP14,2__BSTAT_G,2__BSTAT_G,2__BSTAT001,2__BSTAT_G,GAS,Statkraft Markets Gmbh,206,0.0,1.0,32,Plant family
Family ID,marginal_family_id,2__BSTAT_G_OFFER,OFFER,0.0,0.0,0.0,0.0,0.0,2,2.0,0.0,0.1887719861180565,82.36037528752183,207,75,0.1493953021971908,27.59139327851204,38.39832500331034,0.1601607083120586,27.45217064343264,38.15456321879331,2025-05-26 SP14,2__BSTAT_G,2__BSTAT_G,2__BSTAT001,2__BSTAT_G,GAS,Statkraft Markets Gmbh,207,0.0,1.0,32,Plant family
Family ID,marginal_family_id,2__BUKPR_BID,BID,0.0,0.0,0.0,0.0,0.0,1,0.5,0.0,0.1887719861180565,82.36037528752183,208,133,0.1493953021971908,27.59139327851204,38.39832500331034,0.1601607083120586,27.45217064343264,38.15456321879331,2025-05-26 SP14,2__BUKPR,2__BUKPR,2__BUKPR001,2__BUKPR,OCGT,UK Power Reserve Limited,208,0.0,1.0,32,Plant family
Family ID,marginal_family_id,2__BUKPR_OFFER,OFFER,0.0,0.0,0.0,0.0,0.0,1,0.3333333333333333,0.0,0.1887719861180565,82.36037528752183,209,76,0.1493953021971908,27.59139327851204,38.39832500331034,0.1601607083120586,27.45217064343264,38.15456321879331,2025-05-26 SP14,2__BUKPR,2__BUKPR,2__BUKPR001,2__BUKPR,OCGT,UK Power Reserve Limited,209,0.0,1.0,32,Plant family
Family ID,marginal_family_id,2__CMRCY_BID,BID,0.0,0.0,0.0,0.0,0.0,6,5.166666666666666,0.0,0.1887719861180565,82.36037528752183,210,134,0.1493953021971908,27.59139327851204,38.39832500331034,0.1601607083120586,27.45217064343264,38.15456321879331,2025-05-26 SP14,2__CMRCY,2__CMRCY,2__CMRCY001,2__CMRCY,LOAD RESPONSE,Octopus Energy Limited,210,0.0,1.0,32,Plant family
Family ID,marginal_family_id,2__CMRCY_OFFER,OFFER,0.0,0.0,0.0,0.0,0.0,4,4.0,0.0,0.1887719861180565,82.36037528752183,211,77,0.1493953021971908,27.59139327851204,38.39832500331034,0.1601607083120586,27.45217064343264,38.15456321879331,2025-05-26 SP14,2__CMRCY,2__CMRCY,2__CMRCY001,2__CMRCY,LOAD RESPONSE,Octopus Energy Limited,211,0.0,1.0,32,Plant family
Family ID,marginal_family_id,2__DLOND_BID,BID,0.0,,,,,0,0.0,0.0,0.1887719861180565,82.36037528752183,212,135,0.1493953021971908,27.59139327851204,38.39832500331034,0.1601607083120586,27.45217064343264,38.15456321879331,2025-05-26 SP14,2__DLOND,2__DLOND,"2__DLOND001, 2__DLOND002",2__DLOND,OCGT,EDF Energy Customers Limited,212,0.0,1.0,32,Plant family
Family ID,marginal_family_id,2__DLOND_OFFER,OFFER,0.0,0.0,0.0,0.0,0.0,4,3.333333333333333,0.0,0.1887719861180565,82.36037528752183,213,78,0.1493953021971908,27.59139327851204,38.39832500331034,0.1601607083120586,27.45217064343264,38.15456321879331,2025-05-26 SP14,2__DLOND,2__DLOND,"2__DLOND001, 2__DLOND002",2__DLOND,OCGT,EDF Energy Customers Limited,213,0.0,1.0,32,Plant family
Family ID,marginal_family_id,2__DSTAT_BID,BID,0.0,0.0,0.0,0.0,0.0,1,1.0,0.0,0.1887719861180565,82.36037528752183,214,136,0.1493953021971908,27.59139327851204,38.39832500331034,0.1601607083120586,27.45217064343264,38.15456321879331,2025-05-26 SP14,2__DSTAT,2__DSTAT,"2__DSTAT001, 2__DSTAT002, 2__DSTAT003, 2__DSTAT004, 2__DSTAT005, 2__DSTAT006 (+1)",2__DSTAT,BATTERY,Statkraft Markets Gmbh,214,0.0,1.0,32,Plant family
Family ID,marginal_family_id,2__DUKPR_BID,BID,0.0,0.0,0.0,0.0,0.0,11,7.583333333333333,0.0,0.1887719861180565,82.36037528752183,215,137,0.1493953021971908,27.59139327851204,38.39832500331034,0.1601607083120586,27.45217064343264,38.15456321879331,2025-05-26 SP14,2__DUKPR,2__DUKPR,2__DUKPR001,2__DUKPR,OCGT,UK Power Reserve Limited,215,0.0,1.0,32,Plant family
Family ID,marginal_family_id,2__DUKPR_OFFER,OFFER,0.0,0.0,0.0,0.0,0.0,3,2.0,0.0,0.1887719861180565,82.36037528752183,216,79,0.1493953021971908,27.59139327851204,38.39832500331034,0.1601607083120586,27.45217064343264,38.15456321879331,2025-05-26 SP14,2__DUKPR,2__DUKPR,2__DUKPR001,2__DUKPR,OCGT,UK Power Reserve Limited,216,0.0,1.0,32,Plant family
Family ID,marginal_family_id,2__ECNDL_BID,BID,0.0,0.0,0.0,0.0,0.0,1,0.3333333333333333,0.0,0.1887719861180565,82.36037528752183,217,138,0.1493953021971908,27.59139327851204,38.39832500331034,0.1601607083120586,27.45217064343264,38.15456321879331,2025-05-26 SP14,2__ECNDL,2__ECNDL,2__ECNDL001,2__ECNDL,GAS,NEAS Energy Ltd.,217,0.0,1.0,32,Plant family
Family ID,marginal_family_id,2__ECNDL_OFFER,OFFER,0.0,0.0,0.0,0.0,0.0,2,1.25,0.0,0.1887719861180565,82.36037528752183,218,80,0.1493953021971908,27.59139327851204,38.39832500331034,0.1601607083120586,27.45217064343264,38.15456321879331,2025-05-26 SP14,2__ECNDL,2__ECNDL,2__ECNDL001,2__ECNDL,GAS,NEAS Energy Ltd.,218,0.0,1.0,32,Plant family
Family ID,marginal_family_id,2__EFLEX_BID,BID,0.0,,,,,0,0.0,0.0,0.1887719861180565,82.36037528752183,219,139,0.1493953021971908,27.59139327851204,38.39832500331034,0.1601607083120586,27.45217064343264,38.15456321879331,2025-05-26 SP14,2__EFLEX,2__EFLEX,"2__EFLEX001, 2__EFLEX002, 2__EFLEX003, 2__EFLEX004",2__EFLEX,LOAD RESPONSE,Flexitricity Limited,219,0.0,1.0,32,Plant family
Family ID,marginal_family_id,2__EFLEX_OFFER,OFFER,0.0,0.0,0.0,0.0,0.0,10,4.15,0.0,0.1887719861180565,82.36037528752183,220,81,0.1493953021971908,27.59139327851204,38.39832500331034,0.1601607083120586,27.45217064343264,38.15456321879331,2025-05-26 SP14,2__EFLEX,2__EFLEX,"2__EFLEX001, 2__EFLEX002, 2__EFLEX003, 2__EFLEX004",2__EFLEX,LOAD RESPONSE,Flexitricity Limited,220,0.0,1.0,32,Plant family
Family ID,marginal_family_id,2__EIMPO_BID,BID,0.0,,,,,0,0.0,0.0,0.1887719861180565,82.36037528752183,221,140,0.1493953021971908,27.59139327851204,38.39832500331034,0.1601607083120586,27.45217064343264,38.15456321879331,2025-05-26 SP14,2__EIMPO,2__EIMPO,2__EIMPO002,2__EIMPO,LOAD RESPONSE,SSE Energy Supply Limited,221,0.0,1.0,32,Plant family
Family ID,marginal_family_id,2__ESTAT_B_BID,BID,0.0,,,,,0,0.0,0.0,0.1887719861180565,82.36037528752183,222,141,0.1493953021971908,27.59139327851204,38.39832500331034,0.1601607083120586,27.45217064343264,38.15456321879331,2025-05-26 SP14,2__ESTAT_B,2__ESTAT_B,"2__ESTAT001, 2__ESTAT003, 2__ESTAT004",2__ESTAT_B,BATTERY,Statkraft Markets Gmbh,222,0.0,1.0,32,Plant family
Family ID,marginal_family_id,2__ESTAT_G_BID,BID,0.0,0.0,0.0,0.0,0.0,1,1.0,0.0,0.1887719861180565,82.36037528752183,223,142,0.1493953021971908,27.59139327851204,38.39832500331034,0.1601607083120586,27.45217064343264,38.15456321879331,2025-05-26 SP14,2__ESTAT_G,2__ESTAT_G,2__ESTAT002,2__ESTAT_G,GAS,Statkraft Markets Gmbh,223,0.0,1.0,32,Plant family
Family ID,marginal_family_id,2__ESTAT_G_OFFER,OFFER,0.0,0.0,0.0,0.0,0.0,3,1.25,0.0,0.1887719861180565,82.36037528752183,224,82,0.1493953021971908,27.59139327851204,38.39832500331034,0.1601607083120586,27.45217064343264,38.15456321879331,2025-05-26 SP14,2__ESTAT_G,2__ESTAT_G,2__ESTAT002,2__ESTAT_G,GAS,Statkraft Markets Gmbh,224,0.0,1.0,32,Plant family
Family ID,marginal_family_id,2__FANGE_OFFER,OFFER,0.0,0.0,0.0,0.0,0.0,1,0.5,0.0,0.1887719861180565,82.36037528752183,225,83,0.1493953021971908,27.59139327851204,38.39832500331034,0.1601607083120586,27.45217064343264,38.15456321879331,2025-05-26 SP14,2__FANGE,2__FANGE,2__FANGE001,2__FANGE,LOAD RESPONSE,Limejump Energy Limited,225,0.0,1.0,32,Plant family
Family ID,marginal_family_id,2__FFLEX_OFFER,OFFER,0.0,0.0,0.0,0.0,0.0,1,0.0666666666666666,0.0,0.1887719861180565,82.36037528752183,226,84,0.1493953021971908,27.59139327851204,38.39832500331034,0.1601607083120586,27.45217064343264,38.15456321879331,2025-05-26 SP14,2__FFLEX,2__FFLEX,2__FFLEX001,2__FFLEX,GAS,Flexitricity Limited,226,0.0,1.0,32,Plant family
Family ID,marginal_family_id,2__FFSEN_BID,BID,0.0,0.0,0.0,0.0,0.0,3,3.0,0.0,0.1887719861180565,82.36037528752183,227,143,0.1493953021971908,27.59139327851204,38.39832500331034,0.1601607083120586,27.45217064343264,38.15456321879331,2025-05-26 SP14,2__FFSEN,2__FFSEN,"2__FFSEN005, 2__FFSEN007",2__FFSEN,OTHER,F & S Energy Ltd,227,0.0,1.0,32,Plant family
Family ID,marginal_family_id,2__FFSEN_OFFER,OFFER,0.0,0.0,0.0,0.0,0.0,1,1.0,0.0,0.1887719861180565,82.36037528752183,228,85,0.1493953021971908,27.59139327851204,38.39832500331034,0.1601607083120586,27.45217064343264,38.15456321879331,2025-05-26 SP14,2__FFSEN,2__FFSEN,"2__FFSEN005, 2__FFSEN007",2__FFSEN,OTHER,F & S Energy Ltd,228,0.0,1.0,32,Plant family
Family ID,marginal_family_id,2__FSTAT_BID,BID,0.0,0.0,0.0,0.0,0.0,3,2.142857142857143,0.0,0.1887719861180565,82.36037528752183,229,144,0.1493953021971908,27.59139327851204,38.39832500331034,0.1601607083120586,27.45217064343264,38.15456321879331,2025-05-26 SP14,2__FSTAT,2__FSTAT,"2__FSTAT001, 2__FSTAT002, 2__FSTAT003",2__FSTAT,BATTERY,Statkraft Markets Gmbh,229,0.0,1.0,32,Plant family
Family ID,marginal_family_id,2__GANGE_BID,BID,0.0,,,,,0,0.0,0.0,0.1887719861180565,82.36037528752183,230,145,0.1493953021971908,27.59139327851204,38.39832500331034,0.1601607083120586,27.45217064343264,38.15456321879331,2025-05-26 SP14,2__GANGE,2__GANGE,2__GANGE001,2__GANGE,LOAD RESPONSE,Limejump Energy Limited,230,0.0,1.0,32,Plant family
Family ID,marginal_family_id,2__GANGE_OFFER,OFFER,0.0,0.0,0.0,0.0,0.0,2,2.0,0.0,0.1887719861180565,82.36037528752183,231,86,0.1493953021971908,27.59139327851204,38.39832500331034,0.1601607083120586,27.45217064343264,38.15456321879331,2025-05-26 SP14,2__GANGE,2__GANGE,2__GANGE001,2__GANGE,LOAD RESPONSE,Limejump Energy Limited,231,0.0,1.0,32,Plant family
Family ID,marginal_family_id,2__GCMRO_BID,BID,0.0,0.0,0.0,0.0,0.0,6,4.5,0.0,0.1887719861180565,82.36037528752183,232,146,0.1493953021971908,27.59139327851204,38.39832500331034,0.1601607083120586,27.45217064343264,38.15456321879331,2025-05-26 SP14,2__GCMRO,2__GCMRO,"2__GCMRO001, 2__GCMRO002",2__GCMRO,OTHER,BGI Trading Limited,232,0.0,1.0,32,Plant family
Family ID,marginal_family_id,2__GFLEX_B_BID,BID,0.0,0.0,0.0,0.0,0.0,1,0.2,0.0,0.1887719861180565,82.36037528752183,233,147,0.1493953021971908,27.59139327851204,38.39832500331034,0.1601607083120586,27.45217064343264,38.15456321879331,2025-05-26 SP14,2__GFLEX_B,2__GFLEX_B,2__GFLEX008,2__GFLEX_B,BATTERY,Flexitricity Limited,233,0.0,1.0,32,Plant family
Family ID,marginal_family_id,2__GFLEX_B_OFFER,OFFER,0.0,0.0,0.0,0.0,0.0,1,1.0,0.0,0.1887719861180565,82.36037528752183,234,87,0.1493953021971908,27.59139327851204,38.39832500331034,0.1601607083120586,27.45217064343264,38.15456321879331,2025-05-26 SP14,2__GFLEX_B,2__GFLEX_B,2__GFLEX008,2__GFLEX_B,BATTERY,Flexitricity Limited,234,0.0,1.0,32,Plant family
Family ID,marginal_family_id,2__GFLEX_G_BID,BID,0.0,0.0,0.0,0.0,0.0,1,1.0,0.0,0.1887719861180565,82.36037528752183,235,148,0.1493953021971908,27.59139327851204,38.39832500331034,0.1601607083120586,27.45217064343264,38.15456321879331,2025-05-26 SP14,2__GFLEX_G,2__GFLEX_G,2__GFLEX004,2__GFLEX_G,GAS,Flexitricity Limited,235,0.0,1.0,32,Plant family
Family ID,marginal_family_id,2__GFLEX_G_OFFER,OFFER,0.0,0.0,0.0,0.0,0.0,1,0.2,0.0,0.1887719861180565,82.36037528752183,236,88,0.1493953021971908,27.59139327851204,38.39832500331034,0.1601607083120586,27.45217064343264,38.15456321879331,2025-05-26 SP14,2__GFLEX_G,2__GFLEX_G,2__GFLEX004,2__GFLEX_G,GAS,Flexitricity Limited,236,0.0,1.0,32,Plant family
Family ID,marginal_family_id,2__GFLEX_LR_BID,BID,0.0,,,,,0,0.0,0.0,0.1887719861180565,82.36037528752183,237,149,0.1493953021971908,27.59139327851204,38.39832500331034,0.1601607083120586,27.45217064343264,38.15456321879331,2025-05-26 SP14,2__GFLEX_LR,2__GFLEX_LR,"2__GFLEX001, 2__GFLEX002, 2__GFLEX003",2__GFLEX_LR,LOAD RESPONSE,Flexitricity Limited,237,0.0,1.0,32,Plant family
Family ID,marginal_family_id,2__GFLEX_LR_OFFER,OFFER,0.0,0.0,0.0,0.0,0.0,12,2.001116427432217,0.0,0.1887719861180565,82.36037528752183,238,89,0.1493953021971908,27.59139327851204,38.39832500331034,0.1601607083120586,27.45217064343264,38.15456321879331,2025-05-26 SP14,2__GFLEX_LR,2__GFLEX_LR,"2__GFLEX001, 2__GFLEX002, 2__GFLEX003",2__GFLEX_LR,LOAD RESPONSE,Flexitricity Limited,238,0.0,1.0,32,Plant family
Family ID,marginal_family_id,2__GFSEN_BID,BID,0.0,0.0,0.0,0.0,0.0,3,3.0,0.0,0.1887719861180565,82.36037528752183,239,150,0.1493953021971908,27.59139327851204,38.39832500331034,0.1601607083120586,27.45217064343264,38.15456321879331,2025-05-26 SP14,2__GFSEN,2__GFSEN,"2__GFSEN005, 2__GFSEN006",2__GFSEN,OTHER,F & S Energy Ltd,239,0.0,1.0,32,Plant family
Family ID,marginal_family_id,2__GFSEN_OFFER,OFFER,0.0,0.0,0.0,0.0,0.0,1,1.0,0.0,0.1887719861180565,82.36037528752183,240,90,0.1493953021971908,27.59139327851204,38.39832500331034,0.1601607083120586,27.45217064343264,38.15456321879331,2025-05-26 SP14,2__GFSEN,2__GFSEN,"2__GFSEN005, 2__GFSEN006",2__GFSEN,OTHER,F & S Energy Ltd,240,0.0,1.0,32,Plant family
Family ID,marginal_family_id,2__GLOND_LR_BID,BID,0.0,0.0,0.0,0.0,0.0,6,3.333333333333333,0.0,0.1887719861180565,82.36037528752183,241,151,0.1493953021971908,27.59139327851204,38.39832500331034,0.1601607083120586,27.45217064343264,38.15456321879331,2025-05-26 SP14,2__GLOND_LR,2__GLOND_LR,"2__GLOND001, 2__GLOND002",2__GLOND_LR,LOAD RESPONSE,EDF Energy Customers Limited,241,0.0,1.0,32,Plant family
Family ID,marginal_family_id,2__GLOND_LR_OFFER,OFFER,0.0,0.0,0.0,0.0,0.0,12,3.011147186147186,0.0,0.1887719861180565,82.36037528752183,242,91,0.1493953021971908,27.59139327851204,38.39832500331034,0.1601607083120586,27.45217064343264,38.15456321879331,2025-05-26 SP14,2__GLOND_LR,2__GLOND_LR,"2__GLOND001, 2__GLOND002",2__GLOND_LR,LOAD RESPONSE,EDF Energy Customers Limited,242,0.0,1.0,32,Plant family
Family ID,marginal_family_id,2__GLOND_OC_BID,BID,0.0,0.0,0.0,0.0,0.0,1,1.0,0.0,0.1887719861180565,82.36037528752183,243,152,0.1493953021971908,27.59139327851204,38.39832500331034,0.1601607083120586,27.45217064343264,38.15456321879331,2025-05-26 SP14,2__GLOND_OC,2__GLOND_OC,"2__GLOND003, 2__GLOND004",2__GLOND_OC,OCGT,EDF Energy Customers Limited,243,0.0,1.0,32,Plant family
Family ID,marginal_family_id,2__GLOND_OC_OFFER,OFFER,0.0,0.0,0.0,0.0,0.0,2,2.0,0.0,0.1887719861180565,82.36037528752183,244,92,0.1493953021971908,27.59139327851204,38.39832500331034,0.1601607083120586,27.45217064343264,38.15456321879331,2025-05-26 SP14,2__GLOND_OC,2__GLOND_OC,"2__GLOND003, 2__GLOND004",2__GLOND_OC,OCGT,EDF Energy Customers Limited,244,0.0,1.0,32,Plant family
Family ID,marginal_family_id,2__GSMAE_BID,BID,0.0,,,,,0,0.0,0.0,0.1887719861180565,82.36037528752183,245,153,0.1493953021971908,27.59139327851204,38.39832500331034,0.1601607083120586,27.45217064343264,38.15456321879331,2025-05-26 SP14,2__GSMAE,2__GSMAE,2__GSMAE003,2__GSMAE,CCGT,Smartestenergy Limited,245,0.0,1.0,32,Plant family
Family ID,marginal_family_id,2__GSMAE_OFFER,OFFER,0.0,0.0,0.0,0.0,0.0,1,1.0,0.0,0.1887719861180565,82.36037528752183,246,93,0.1493953021971908,27.59139327851204,38.39832500331034,0.1601607083120586,27.45217064343264,38.15456321879331,2025-05-26 SP14,2__GSMAE,2__GSMAE,2__GSMAE003,2__GSMAE,CCGT,Smartestenergy Limited,246,0.0,1.0,32,Plant family
Family ID,marginal_family_id,2__GSTAT_B_BID,BID,0.0,0.0,0.0,0.0,0.0,14,11.875,0.0,0.1887719861180565,82.36037528752183,247,154,0.1493953021971908,27.59139327851204,38.39832500331034,0.1601607083120586,27.45217064343264,38.15456321879331,2025-05-26 SP14,2__GSTAT_B,2__GSTAT_B,"2__GSTAT001, 2__GSTAT002, 2__GSTAT003, 2__GSTAT004, 2__GSTAT005, 2__GSTAT006 (+9)",2__GSTAT_B,BATTERY,Statkraft Markets Gmbh,247,0.0,1.0,32,Plant family
Family ID,marginal_family_id,2__GSTAT_G_OFFER,OFFER,0.0,,,,,0,0.0,0.0,0.1887719861180565,82.36037528752183,248,94,0.1493953021971908,27.59139327851204,38.39832500331034,0.1601607083120586,27.45217064343264,38.15456321879331,2025-05-26 SP14,2__GSTAT_G,2__GSTAT_G,2__GSTAT013,2__GSTAT_G,GAS,Statkraft Markets Gmbh,248,0.0,1.0,32,Plant family
Family ID,marginal_family_id,2__HANGE_B_OFFER,OFFER,0.0,0.0,0.0,0.0,0.0,2,0.5833333333333333,0.0,0.1887719861180565,82.36037528752183,249,95,0.1493953021971908,27.59139327851204,38.39832500331034,0.1601607083120586,27.45217064343264,38.15456321879331,2025-05-26 SP14,2__HANGE_B,2__HANGE_B,2__HANGE004,2__HANGE_B,BATTERY,Limejump Energy Limited,249,0.0,1.0,32,Plant family
Family ID,marginal_family_id,2__HANGE_LR_OFFER,OFFER,0.0,0.0,0.0,0.0,0.0,5,2.7222222222222223,0.0,0.1887719861180565,82.36037528752183,250,96,0.1493953021971908,27.59139327851204,38.39832500331034,0.1601607083120586,27.45217064343264,38.15456321879331,2025-05-26 SP14,2__HANGE_LR,2__HANGE_LR,"2__HANGE001, 2__HANGE002, 2__HANGE003",2__HANGE_LR,LOAD RESPONSE,Limejump Energy Limited,250,0.0,1.0,32,Plant family
Family ID,marginal_family_id,2__HANGE_OTH_BID,BID,0.0,0.0,0.0,0.0,0.0,1,1.0,0.0,0.1887719861180565,82.36037528752183,251,155,0.1493953021971908,27.59139327851204,38.39832500331034,0.1601607083120586,27.45217064343264,38.15456321879331,2025-05-26 SP14,2__HANGE_OTH,2__HANGE_OTH,2__HANGE005,2__HANGE_OTH,OTHER,Limejump Energy Limited,251,0.0,1.0,32,Plant family
Family ID,marginal_family_id,2__HANGE_OTH_OFFER,OFFER,0.0,0.0,0.0,0.0,0.0,1,1.0,0.0,0.1887719861180565,82.36037528752183,252,97,0.1493953021971908,27.59139327851204,38.39832500331034,0.1601607083120586,27.45217064343264,38.15456321879331,2025-05-26 SP14,2__HANGE_OTH,2__HANGE_OTH,2__HANGE005,2__HANGE_OTH,OTHER,Limejump Energy Limited,252,0.0,1.0,32,Plant family
Family ID,marginal_family_id,2__HFLEX_OFFER,OFFER,0.0,0.0,0.0,0.0,0.0,3,0.3373015873015872,0.0,0.1887719861180565,82.36037528752183,253,98,0.1493953021971908,27.59139327851204,38.39832500331034,0.1601607083120586,27.45217064343264,38.15456321879331,2025-05-26 SP14,2__HFLEX,2__HFLEX,2__HFLEX001,2__HFLEX,LOAD RESPONSE,Flexitricity Limited,253,0.0,1.0,32,Plant family
Family ID,marginal_family_id,2__HIMPO_BID,BID,0.0,0.0,0.0,0.0,0.0,2,1.2,0.0,0.1887719861180565,82.36037528752183,254,156,0.1493953021971908,27.59139327851204,38.39832500331034,0.1601607083120586,27.45217064343264,38.15456321879331,2025-05-26 SP14,2__HIMPO,2__HIMPO,2__HIMPO002,2__HIMPO,LOAD RESPONSE,SSE Energy Supply Limited,254,0.0,1.0,32,Plant family
Family ID,marginal_family_id,2__HIMPO_OFFER,OFFER,0.0,0.0,0.0,0.0,0.0,7,5.392857142857142,0.0,0.1887719861180565,82.36037528752183,255,99,0.1493953021971908,27.59139327851204,38.39832500331034,0.1601607083120586,27.45217064343264,38.15456321879331,2025-05-26 SP14,2__HIMPO,2__HIMPO,2__HIMPO002,2__HIMPO,LOAD RESPONSE,SSE Energy Supply Limited,255,0.0,1.0,32,Plant family
Family ID,marginal_family_id,2__HLOND_BID,BID,0.0,0.0,0.0,0.0,0.0,3,3.0,0.0,0.1887719861180565,82.36037528752183,256,157,0.1493953021971908,27.59139327851204,38.39832500331034,0.1601607083120586,27.45217064343264,38.15456321879331,2025-05-26 SP14,2__HLOND,2__HLOND,"2__HLOND001, 2__HLOND002",2__HLOND,BATTERY,EDF Energy Customers Limited,256,0.0,1.0,32,Plant family
Family ID,marginal_family_id,2__HLOND_OFFER,OFFER,0.0,0.0,0.0,0.0,0.0,3,3.0,0.0,0.1887719861180565,82.36037528752183,257,100,0.1493953021971908,27.59139327851204,38.39832500331034,0.1601607083120586,27.45217064343264,38.15456321879331,2025-05-26 SP14,2__HLOND,2__HLOND,"2__HLOND001, 2__HLOND002",2__HLOND,BATTERY,EDF Energy Customers Limited,257,0.0,1.0,32,Plant family
Family ID,marginal_family_id,2__JLOND_BID,BID,0.0,,,,,0,0.0,0.0,0.1887719861180565,82.36037528752183,258,158,0.1493953021971908,27.59139327851204,38.39832500331034,0.1601607083120586,27.45217064343264,38.15456321879331,2025-05-26 SP14,2__JLOND,2__JLOND,"2__JLOND002, 2__JLOND003",2__JLOND,OCGT,EDF Energy Customers Limited,258,0.0,1.0,32,Plant family
Family ID,marginal_family_id,2__JLOND_OFFER,OFFER,0.0,,,,,0,0.0,0.0,0.1887719861180565,82.36037528752183,259,101,0.1493953021971908,27.59139327851204,38.39832500331034,0.1601607083120586,27.45217064343264,38.15456321879331,2025-05-26 SP14,2__JLOND,2__JLOND,"2__JLOND002, 2__JLOND003",2__JLOND,OCGT,EDF Energy Customers Limited,259,0.0,1.0,32,Plant family
Family ID,marginal_family_id,2__JUKPR_BID,BID,0.0,0.0,0.0,0.0,0.0,1,1.0,0.0,0.1887719861180565,82.36037528752183,260,159,0.1493953021971908,27.59139327851204,38.39832500331034,0.1601607083120586,27.45217064343264,38.15456321879331,2025-05-26 SP14,2__JUKPR,2__JUKPR,2__JUKPR001,2__JUKPR,OCGT,UK Power Reserve Limited,260,0.0,1.0,32,Plant family
Family ID,marginal_family_id,2__JUKPR_OFFER,OFFER,0.0,0.0,0.0,0.0,0.0,5,4.333333333333334,0.0,0.1887719861180565,82.36037528752183,261,102,0.1493953021971908,27.59139327851204,38.39832500331034,0.1601607083120586,27.45217064343264,38.15456321879331,2025-05-26 SP14,2__JUKPR,2__JUKPR,2__JUKPR001,2__JUKPR,OCGT,UK Power Reserve Limited,261,0.0,1.0,32,Plant family
Family ID,marginal_family_id,2__KFLEX_OFFER,OFFER,0.0,0.0,0.0,0.0,0.0,1,0.125,0.0,0.1887719861180565,82.36037528752183,262,103,0.1493953021971908,27.59139327851204,38.39832500331034,0.1601607083120586,27.45217064343264,38.15456321879331,2025-05-26 SP14,2__KFLEX,2__KFLEX,2__KFLEX001,2__KFLEX,LOAD RESPONSE,Flexitricity Limited,262,0.0,1.0,32,Plant family
Family ID,marginal_family_id,2__KSTAT_BID,BID,0.0,0.0,0.0,0.0,0.0,5,3.6666666666666665,0.0,0.1887719861180565,82.36037528752183,263,160,0.1493953021971908,27.59139327851204,38.39832500331034,0.1601607083120586,27.45217064343264,38.15456321879331,2025-05-26 SP14,2__KSTAT,2__KSTAT,"2__KSTAT001, 2__KSTAT002, 2__KSTAT003, 2__KSTAT004, 2__KSTAT005, 2__KSTAT006",2__KSTAT,BATTERY,Statkraft Markets Gmbh,263,0.0,1.0,32,Plant family
Family ID,marginal_family_id,2__KSTAT_OFFER,OFFER,0.0,0.0,0.0,0.0,0.0,10,9.5,0.0,0.1887719861180565,82.36037528752183,264,104,0.1493953021971908,27.59139327851204,38.39832500331034,0.1601607083120586,27.45217064343264,38.15456321879331,2025-05-26 SP14,2__KSTAT,2__KSTAT,"2__KSTAT001, 2__KSTAT002, 2__KSTAT003, 2__KSTAT004, 2__KSTAT005, 2__KSTAT006",2__KSTAT,BATTERY,Statkraft Markets Gmbh,264,0.0,1.0,32,Plant family
Family ID,marginal_family_id,2__KUKPR_BID,BID,0.0,,,,,0,0.0,0.0,0.1887719861180565,82.36037528752183,265,161,0.1493953021971908,27.59139327851204,38.39832500331034,0.1601607083120586,27.45217064343264,38.15456321879331,2025-05-26 SP14,2__KUKPR,2__KUKPR,2__KUKPR001,2__KUKPR,OTHER,UK Power Reserve Limited,265,0.0,1.0,32,Plant family
Family ID,marginal_family_id,2__KUKPR_OFFER,OFFER,0.0,0.0,0.0,0.0,0.0,1,0.3333333333333333,0.0,0.1887719861180565,82.36037528752183,266,105,0.1493953021971908,27.59139327851204,38.39832500331034,0.1601607083120586,27.45217064343264,38.15456321879331,2025-05-26 SP14,2__KUKPR,2__KUKPR,2__KUKPR001,2__KUKPR,OTHER,UK Power Reserve Limited,266,0.0,1.0,32,Plant family
Family ID,marginal_family_id,2__LANGE_OFFER,OFFER,0.0,0.0,0.0,0.0,0.0,6,2.7666666666666666,0.0,0.1887719861180565,82.36037528752183,267,106,0.1493953021971908,27.59139327851204,38.39832500331034,0.1601607083120586,27.45217064343264,38.15456321879331,2025-05-26 SP14,2__LANGE,2__LANGE,"2__LANGE001, 2__LANGE002",2__LANGE,LOAD RESPONSE,Limejump Energy Limited,267,0.0,1.0,32,Plant family
Family ID,marginal_family_id,2__LECOT_BID,BID,0.0,0.0,0.0,0.0,0.0,3,3.0,0.0,0.1887719861180565,82.36037528752183,268,162,0.1493953021971908,27.59139327851204,38.39832500331034,0.1601607083120586,27.45217064343264,38.15456321879331,2025-05-26 SP14,2__LECOT,2__LECOT,2__LECOT003,2__LECOT,OTHER,ECOTRICITY LIMITED,268,0.0,1.0,32,Plant family
Family ID,marginal_family_id,2__LECOT_OFFER,OFFER,0.0,0.0,0.0,0.0,0.0,2,2.0,0.0,0.1887719861180565,82.36037528752183,269,107,0.1493953021971908,27.59139327851204,38.39832500331034,0.1601607083120586,27.45217064343264,38.15456321879331,2025-05-26 SP14,2__LECOT,2__LECOT,2__LECOT003,2__LECOT,OTHER,ECOTRICITY LIMITED,269,0.0,1.0,32,Plant family
Family ID,marginal_family_id,2__LFLEX_BID,BID,0.0,0.0,0.0,0.0,0.0,2,1.5,0.0,0.1887719861180565,82.36037528752183,270,163,0.1493953021971908,27.59139327851204,38.39832500331034,0.1601607083120586,27.45217064343264,38.15456321879331,2025-05-26 SP14,2__LFLEX,2__LFLEX,2__LFLEX001,2__LFLEX,LOAD RESPONSE,Flexitricity Limited,270,0.0,1.0,32,Plant family
Family ID,marginal_family_id,2__LFLEX_OFFER,OFFER,0.0,0.0,0.0,0.0,0.0,2,0.6666666666666666,0.0,0.1887719861180565,82.36037528752183,271,108,0.1493953021971908,27.59139327851204,38.39832500331034,0.1601607083120586,27.45217064343264,38.15456321879331,2025-05-26 SP14,2__LFLEX,2__LFLEX,2__LFLEX001,2__LFLEX,LOAD RESPONSE,Flexitricity Limited,271,0.0,1.0,32,Plant family
Family ID,marginal_family_id,2__LSTAT_BID,BID,0.0,,,,,0,0.0,0.0,0.1887719861180565,82.36037528752183,272,164,0.1493953021971908,27.59139327851204,38.39832500331034,0.1601607083120586,27.45217064343264,38.15456321879331,2025-05-26 SP14,2__LSTAT,2__LSTAT,"2__LSTAT001, 2__LSTAT002, 2__LSTAT003",2__LSTAT,BATTERY,Statkraft Markets Gmbh,272,0.0,1.0,32,Plant family
Family ID,marginal_family_id,2__LUKPR_BID,BID,0.0,,,,,0,0.0,0.0,0.1887719861180565,82.36037528752183,273,165,0.1493953021971908,27.59139327851204,38.39832500331034,0.1601607083120586,27.45217064343264,38.15456321879331,2025-05-26 SP14,2__LUKPR,2__LUKPR,2__LUKPR001,2__LUKPR,OTHER,UK Power Reserve Limited,273,0.0,1.0,32,Plant family
Family ID,marginal_family_id,2__LUKPR_OFFER,OFFER,0.0,,,,,0,0.0,0.0,0.1887719861180565,82.36037528752183,274,109,0.1493953021971908,27.59139327851204,38.39832500331034,0.1601607083120586,27.45217064343264,38.15456321879331,2025-05-26 SP14,2__LUKPR,2__LUKPR,2__LUKPR001,2__LUKPR,OTHER,UK Power Reserve Limited,274,0.0,1.0,32,Plant family
Family ID,marginal_family_id,2__MCNDL_OC_BID,BID,0.0,,,,,0,0.0,0.0,0.1887719861180565,82.36037528752183,275,166,0.1493953021971908,27.59139327851204,38.39832500331034,0.1601607083120586,27.45217064343264,38.15456321879331,2025-05-26 SP14,2__MCNDL_OC,2__MCNDL_OC,2__MCNDL001,2__MCNDL_OC,OCGT,NEAS Energy Ltd.,275,0.0,1.0,32,Plant family
Family ID,marginal_family_id,2__MCNDL_OTH_BID,BID,0.0,,,,,0,0.0,0.0,0.1887719861180565,82.36037528752183,276,167,0.1493953021971908,27.59139327851204,38.39832500331034,0.1601607083120586,27.45217064343264,38.15456321879331,2025-05-26 SP14,2__MCNDL_OTH,2__MCNDL_OTH,2__MCNDL002,2__MCNDL_OTH,OTHER,NEAS Energy Ltd.,276,0.0,1.0,32,Plant family
Family ID,marginal_family_id,2__MCNDL_OTH_OFFER,OFFER,0.0,0.0,0.0,0.0,0.0,2,0.8333333333333333,0.0,0.1887719861180565,82.36037528752183,277,110,0.1493953021971908,27.59139327851204,38.39832500331034,0.1601607083120586,27.45217064343264,38.15456321879331,2025-05-26 SP14,2__MCNDL_OTH,2__MCNDL_OTH,2__MCNDL002,2__MCNDL_OTH,OTHER,NEAS Energy Ltd.,277,0.0,1.0,32,Plant family
Family ID,marginal_family_id,2__MFLEX_BID,BID,0.0,0.0,0.0,0.0,0.0,2,2.0,0.0,0.1887719861180565,82.36037528752183,278,168,0.1493953021971908,27.59139327851204,38.39832500331034,0.1601607083120586,27.45217064343264,38.15456321879331,2025-05-26 SP14,2__MFLEX,2__MFLEX,2__MFLEX002,2__MFLEX,LOAD RESPONSE,Flexitricity Limited,278,0.0,1.0,32,Plant family
Family ID,marginal_family_id,2__MFLEX_OFFER,OFFER,0.0,0.0,0.0,0.0,0.0,2,1.2,0.0,0.1887719861180565,82.36037528752183,279,111,0.1493953021971908,27.59139327851204,38.39832500331034,0.1601607083120586,27.45217064343264,38.15456321879331,2025-05-26 SP14,2__MFLEX,2__MFLEX,2__MFLEX002,2__MFLEX,LOAD RESPONSE,Flexitricity Limited,279,0.0,1.0,32,Plant family
Family ID,marginal_family_id,2__MSTAT_G_BID,BID,0.0,,,,,0,0.0,0.0,0.1887719861180565,82.36037528752183,280,169,0.1493953021971908,27.59139327851204,38.39832500331034,0.1601607083120586,27.45217064343264,38.15456321879331,2025-05-26 SP14,2__MSTAT_G,2__MSTAT_G,2__MSTAT004,2__MSTAT_G,GAS,Statkraft Markets Gmbh,280,0.0,1.0,32,Plant family
Family ID,marginal_family_id,2__MSTAT_G_OFFER,OFFER,0.0,0.0,0.0,0.0,0.0,1,1.0,0.0,0.1887719861180565,82.36037528752183,281,112,0.1493953021971908,27.59139327851204,38.39832500331034,0.1601607083120586,27.45217064343264,38.15456321879331,2025-05-26 SP14,2__MSTAT_G,2__MSTAT_G,2__MSTAT004,2__MSTAT_G,GAS,Statkraft Markets Gmbh,281,0.0,1.0,32,Plant family
Family ID,marginal_family_id,2__NCPPR_BID,BID,0.0,0.0,0.0,0.0,0.0,1,0.5,0.0,0.1887719861180565,82.36037528752183,282,170,0.1493953021971908,27.59139327851204,38.39832500331034,0.1601607083120586,27.45217064343264,38.15456321879331,2025-05-26 SP14,2__NCPPR,2__NCPPR,2__NCPPR001,2__NCPPR,BATTERY,Octopus Energy Trading Limited,282,0.0,1.0,32,Plant family
Family ID,marginal_family_id,2__NCPPR_OFFER,OFFER,0.0,,,,,0,0.0,0.0,0.1887719861180565,82.36037528752183,283,113,0.1493953021971908,27.59139327851204,38.39832500331034,0.1601607083120586,27.45217064343264,38.15456321879331,2025-05-26 SP14,2__NCPPR,2__NCPPR,2__NCPPR001,2__NCPPR,BATTERY,Octopus Energy Trading Limited,283,0.0,1.0,32,Plant family
Family ID,marginal_family_id,2__NFLEX_B_BID,BID,0.0,,,,,0,0.0,0.0,0.1887719861180565,82.36037528752183,284,171,0.1493953021971908,27.59139327851204,38.39832500331034,0.1601607083120586,27.45217064343264,38.15456321879331,2025-05-26 SP14,2__NFLEX_B,2__NFLEX_B,2__NFLEX002,2__NFLEX_B,BATTERY,Flexitricity Limited,284,0.0,1.0,32,Plant family
Family ID,marginal_family_id,2__NFLEX_B_OFFER,OFFER,0.0,0.0,0.0,0.0,0.0,1,0.25,0.0,0.1887719861180565,82.36037528752183,285,114,0.1493953021971908,27.59139327851204,38.39832500331034,0.1601607083120586,27.45217064343264,38.15456321879331,2025-05-26 SP14,2__NFLEX_B,2__NFLEX_B,2__NFLEX002,2__NFLEX_B,BATTERY,Flexitricity Limited,285,0.0,1.0,32,Plant family
Family ID,marginal_family_id,2__NFLEX_LR_BID,BID,0.0,,,,,0,0.0,0.0,0.1887719861180565,82.36037528752183,286,172,0.1493953021971908,27.59139327851204,38.39832500331034,0.1601607083120586,27.45217064343264,38.15456321879331,2025-05-26 SP14,2__NFLEX_LR,2__NFLEX_LR,"2__NFLEX003, 2__NFLEX004, 2__NFLEX005, 2__NFLEX006, 2__NFLEX007",2__NFLEX_LR,LOAD RESPONSE,Flexitricity Limited,286,0.0,1.0,32,Plant family
Family ID,marginal_family_id,2__NFLEX_OTH_BID,BID,0.0,0.0,0.0,0.0,0.0,4,2.75,0.0,0.1887719861180565,82.36037528752183,287,173,0.1493953021971908,27.59139327851204,38.39832500331034,0.1601607083120586,27.45217064343264,38.15456321879331,2025-05-26 SP14,2__NFLEX_OTH,2__NFLEX_OTH,"2__NFLEX001, 2__NFLEX008, 2__NFLEX009",2__NFLEX_OTH,OTHER,Flexitricity Limited,287,0.0,1.0,32,Plant family
Family ID,marginal_family_id,2__NFLEX_OTH_OFFER,OFFER,0.0,,,,,0,0.0,0.0,0.1887719861180565,82.36037528752183,288,115,0.1493953021971908,27.59139327851204,38.39832500331034,0.1601607083120586,27.45217064343264,38.15456321879331,2025-05-26 SP14,2__NFLEX_OTH,2__NFLEX_OTH,"2__NFLEX001, 2__NFLEX008, 2__NFLEX009",2__NFLEX_OTH,OTHER,Flexitricity Limited,288,0.0,1.0,32,Plant family
Family ID,marginal_family_id,2__NFSEN_BID,BID,0.0,0.0,0.0,0.0,0.0,1,1.0,0.0,0.1887719861180565,82.36037528752183,289,174,0.1493953021971908,27.59139327851204,38.39832500331034,0.1601607083120586,27.45217064343264,38.15456321879331,2025-05-26 SP14,2__NFSEN,2__NFSEN,2__NFSEN007,2__NFSEN,OTHER,F & S Energy Ltd,289,0.0,1.0,32,Plant family
Family ID,marginal_family_id,2__NFSEN_OFFER,OFFER,0.0,,,,,0,0.0,0.0,0.1887719861180565,82.36037528752183,290,116,0.1493953021971908,27.59139327851204,38.39832500331034,0.1601607083120586,27.45217064343264,38.15456321879331,2025-05-26 SP14,2__NFSEN,2__NFSEN,2__NFSEN007,2__NFSEN,OTHER,F & S Energy Ltd,290,0.0,1.0,32,Plant family
Family ID,marginal_family_id,2__NHPOW_OFFER,OFFER,0.0,,,,,0,0.0,0.0,0.1887719861180565,82.36037528752183,291,117,0.1493953021971908,27.59139327851204,38.39832500331034,0.1601607083120586,27.45217064343264,38.15456321879331,2025-05-26 SP14,2__NHPOW,2__NHPOW,"2__NHPOW001, 2__NHPOW002",2__NHPOW,NPSHYD,Drax Energy Solutions Limited,291,0.0,1.0,32,Plant family
Family ID,marginal_family_id,2__NLOND_LR_OFFER,OFFER,0.0,,,,,0,0.0,0.0,0.1887719861180565,82.36037528752183,292,118,0.1493953021971908,27.59139327851204,38.39832500331034,0.1601607083120586,27.45217064343264,38.15456321879331,2025-05-26 SP14,2__NLOND_LR,2__NLOND_LR,2__NLOND003,2__NLOND_LR,LOAD RESPONSE,EDF Energy Customers Limited,292,0.0,1.0,32,Plant family
Family ID,marginal_family_id,2__NLOND_OC_BID,BID,0.0,,,,,0,0.0,0.0,0.1887719861180565,82.36037528752183,293,175,0.1493953021971908,27.59139327851204,38.39832500331034,0.1601607083120586,27.45217064343264,38.15456321879331,2025-05-26 SP14,2__NLOND_OC,2__NLOND_OC,"2__NLOND001, 2__NLOND002",2__NLOND_OC,OCGT,EDF Energy Customers Limited,293,0.0,1.0,32,Plant family
Family ID,marginal_family_id,2__NLOND_OC_OFFER,OFFER,0.0,0.0,0.0,0.0,0.0,3,3.0,0.0,0.1887719861180565,82.36037528752183,294,119,0.1493953021971908,27.59139327851204,38.39832500331034,0.1601607083120586,27.45217064343264,38.15456321879331,2025-05-26 SP14,2__NLOND_OC,2__NLOND_OC,"2__NLOND001, 2__NLOND002",2__NLOND_OC,OCGT,EDF Energy Customers Limited,294,0.0,1.0,32,Plant family
Family ID,marginal_family_id,2__NSTAT_B_BID,BID,0.0,0.0,0.0,0.0,0.0,1,0.5,0.0,0.1887719861180565,82.36037528752183,295,176,0.1493953021971908,27.59139327851204,38.39832500331034,0.1601607083120586,27.45217064343264,38.15456321879331,2025-05-26 SP14,2__NSTAT_B,2__NSTAT_B,"2__NSTAT001, 2__NSTAT002, 2__NSTAT003",2__NSTAT_B,BATTERY,Statkraft Markets Gmbh,295,0.0,1.0,32,Plant family
Family ID,marginal_family_id,2__NSTAT_B_OFFER,OFFER,0.0,0.0,0.0,0.0,0.0,6,3.366666666666667,0.0,0.1887719861180565,82.36037528752183,296,120,0.1493953021971908,27.59139327851204,38.39832500331034,0.1601607083120586,27.45217064343264,38.15456321879331,2025-05-26 SP14,2__NSTAT_B,2__NSTAT_B,"2__NSTAT001, 2__NSTAT002, 2__NSTAT003",2__NSTAT_B,BATTERY,Statkraft Markets Gmbh,296,0.0,1.0,32,Plant family
Family ID,marginal_family_id,2__NSTAT_LR_BID,BID,0.0,0.0,0.0,0.0,0.0,1,1.0,0.0,0.1887719861180565,82.36037528752183,297,177,0.1493953021971908,27.59139327851204,38.39832500331034,0.1601607083120586,27.45217064343264,38.15456321879331,2025-05-26 SP14,2__NSTAT_LR,2__NSTAT_LR,2__NSTAT004,2__NSTAT_LR,LOAD RESPONSE,Statkraft Markets Gmbh,297,0.0,1.0,32,Plant family
Family ID,marginal_family_id,2__PEDGE_BID,BID,0.0,,,,,0,0.0,0.0,0.1887719861180565,82.36037528752183,298,178,0.1493953021971908,27.59139327851204,38.39832500331034,0.1601607083120586,27.45217064343264,38.15456321879331,2025-05-26 SP14,2__PEDGE,2__PEDGE,"2__PEDGE003, 2__PEDGE004",2__PEDGE,WIND,Edgware Energy Limited,298,0.0,1.0,32,Plant family
Family ID,marginal_family_id,2__PFLEX_BID,BID,0.0,,,,,0,0.0,0.0,0.1887719861180565,82.36037528752183,299,179,0.1493953021971908,27.59139327851204,38.39832500331034,0.1601607083120586,27.45217064343264,38.15456321879331,2025-05-26 SP14,2__PFLEX,2__PFLEX,"2__PFLEX001, 2__PFLEX002",2__PFLEX,OTHER,Flexitricity Limited,299,0.0,1.0,32,Plant family
Family ID,marginal_family_id,2__PFLEX_OFFER,OFFER,0.0,0.0,0.0,0.0,0.0,1,0.1666666666666666,0.0,0.1887719861180565,82.36037528752183,300,121,0.1493953021971908,27.59139327851204,38.39832500331034,0.1601607083120586,27.45217064343264,38.15456321879331,2025-05-26 SP14,2__PFLEX,2__PFLEX,"2__PFLEX001, 2__PFLEX002",2__PFLEX,OTHER,Flexitricity Limited,300,0.0,1.0,32,Plant family
Family ID,marginal_family_id,2__PLOND_OFFER,OFFER,0.0,0.0,0.0,0.0,0.0,5,1.9095238095238092,0.0,0.1887719861180565,82.36037528752183,301,122,0.1493953021971908,27.59139327851204,38.39832500331034,0.1601607083120586,27.45217064343264,38.15456321879331,2025-05-26 SP14,2__PLOND,2__PLOND,2__PLOND001,2__PLOND,OTHER,EDF Energy Customers Limited,301,0.0,1.0,32,Plant family
Family ID,marginal_family_id,2__PMARB_BID,BID,0.0,,,,,0,0.0,0.0,0.1887719861180565,82.36037528752183,302,180,0.1493953021971908,27.59139327851204,38.39832500331034,0.1601607083120586,27.45217064343264,38.15456321879331,2025-05-26 SP14,2__PMARB,2__PMARB,2__PMARB001,2__PMARB,NPSHYD,Marble Power Limited,302,0.0,1.0,32,Plant family
Family ID,marginal_family_id,2__PSMAE_BID,BID,0.0,,,,,0,0.0,0.0,0.1887719861180565,82.36037528752183,303,181,0.1493953021971908,27.59139327851204,38.39832500331034,0.1601607083120586,27.45217064343264,38.15456321879331,2025-05-26 SP14,2__PSMAE,2__PSMAE,2__PSMAE001,2__PSMAE,WIND,Smartestenergy Limited,303,0.0,1.0,32,Plant family
Family ID,marginal_family_id,2__PSTAT_BID,BID,0.0,,,,,0,0.0,0.0,0.1887719861180565,82.36037528752183,304,182,0.1493953021971908,27.59139327851204,38.39832500331034,0.1601607083120586,27.45217064343264,38.15456321879331,2025-05-26 SP14,2__PSTAT,2__PSTAT,"2__PSTAT001, 2__PSTAT002",2__PSTAT,WIND,Statkraft Markets Gmbh,304,0.0,1.0,32,Plant family
Family ID,marginal_family_id,C__PSTAT_BID,BID,0.0,,,,,0,0.0,0.0,0.1887719861180565,82.36037528752183,305,183,0.1493953021971908,27.59139327851204,38.39832500331034,0.1601607083120586,27.45217064343264,38.15456321879331,2025-05-26 SP14,C__PSTAT,C__PSTAT,C__PSTAT011,C__PSTAT,WIND,Statkraft Markets Gmbh,305,0.0,1.0,32,Plant family
Family ID,marginal_family_id,E_ABERDARE_BID,BID,0.0,,,,,0,0.0,0.0,0.1887719861180565,82.36037528752183,306,184,0.1493953021971908,27.59139327851204,38.39832500331034,0.1601607083120586,27.45217064343264,38.15456321879331,2025-05-26 SP14,E_ABERDARE,E_ABERDARE,E_ABERDARE,E_ABERDARE,OCGT,UK Power Reserve Limited,306,0.0,1.0,32,Plant family
Family ID,marginal_family_id,E_ABERDARE_OFFER,OFFER,0.0,,,,,0,0.0,0.0,0.1887719861180565,82.36037528752183,307,123,0.1493953021971908,27.59139327851204,38.39832500331034,0.1601607083120586,27.45217064343264,38.15456321879331,2025-05-26 SP14,E_ABERDARE,E_ABERDARE,E_ABERDARE,E_ABERDARE,OCGT,UK Power Reserve Limited,307,0.0,1.0,32,Plant family
Family ID,marginal_family_id,E_ABRTW_BID,BID,0.0,,,,,0,0.0,0.0,0.1887719861180565,82.36037528752183,308,185,0.1493953021971908,27.59139327851204,38.39832500331034,0.1601607083120586,27.45217064343264,38.15456321879331,2025-05-26 SP14,E_ABRTW,E_ABRTW,E_ABRTW-1,E_ABRTW,WIND,Npower Commercial Gas Limited,308,0.0,1.0,32,Plant family
Family ID,marginal_family_id,E_ALCOA_BID,BID,0.0,,,,,0,0.0,0.0,0.1887719861180565,82.36037528752183,309,186,0.1493953021971908,27.59139327851204,38.39832500331034,0.1601607083120586,27.45217064343264,38.15456321879331,2025-05-26 SP14,E_ALCOA,E_ALCOA,E_ALCOA-1,E_ALCOA,DIESEL,Conrad Energy (Trading) Ltd,309,0.0,1.0,32,Plant family
Family ID,marginal_family_id,E_ALCOA_OFFER,OFFER,0.0,0.0,0.0,0.0,0.0,10,8.083333333333332,0.0,0.1887719861180565,82.36037528752183,310,124,0.1493953021971908,27.59139327851204,38.39832500331034,0.1601607083120586,27.45217064343264,38.15456321879331,2025-05-26 SP14,E_ALCOA,E_ALCOA,E_ALCOA-1,E_ALCOA,DIESEL,Conrad Energy (Trading) Ltd,310,0.0,1.0,32,Plant family
Family ID,marginal_family_id,E_ARBRB_BID,BID,0.0,0.0,0.0,0.0,0.0,1,1.0,0.0,0.1887719861180565,82.36037528752183,311,187,0.1493953021971908,27.59139327851204,38.39832500331034,0.1601607083120586,27.45217064343264,38.15456321879331,2025-05-26 SP14,E_ARBRB,E_ARBRB,E_ARBRB-1,E_ARBRB,OTHER,Octopus Energy Trading Limited,311,0.0,1.0,32,Plant family
Family ID,marginal_family_id,E_ARBRB_OFFER,OFFER,0.0,0.0,0.0,0.0,0.0,2,1.5,0.0,0.1887719861180565,82.36037528752183,312,125,0.1493953021971908,27.59139327851204,38.39832500331034,0.1601607083120586,27.45217064343264,38.15456321879331,2025-05-26 SP14,E_ARBRB,E_ARBRB,E_ARBRB-1,E_ARBRB,OTHER,Octopus Energy Trading Limited,312,0.0,1.0,32,Plant family
Family ID,marginal_family_id,E_ARNKB_B_BID,BID,0.0,0.0,0.0,0.0,0.0,2,0.7,0.0,0.1887719861180565,82.36037528752183,313,188,0.1493953021971908,27.59139327851204,38.39832500331034,0.1601607083120586,27.45217064343264,38.15456321879331,2025-05-26 SP14,E_ARNKB_B,E_ARNKB_B,E_ARNKB-2,E_ARNKB_B,BATTERY,Flexitricity Limited,313,0.0,1.0,32,Plant family
Family ID,marginal_family_id,E_ARNKB_B_OFFER,OFFER,0.0,0.0,0.0,0.0,0.0,1,0.125,0.0,0.1887719861180565,82.36037528752183,314,126,0.1493953021971908,27.59139327851204,38.39832500331034,0.1601607083120586,27.45217064343264,38.15456321879331,2025-05-26 SP14,E_ARNKB_B,E_ARNKB_B,E_ARNKB-2,E_ARNKB_B,BATTERY,Flexitricity Limited,314,0.0,1.0,32,Plant family
Family ID,marginal_family_id,E_ARNKB_LR_BID,BID,0.0,0.0,0.0,0.0,0.0,3,3.0,0.0,0.1887719861180565,82.36037528752183,315,189,0.1493953021971908,27.59139327851204,38.39832500331034,0.1601607083120586,27.45217064343264,38.15456321879331,2025-05-26 SP14,E_ARNKB_LR,E_ARNKB_LR,E_ARNKB-1,E_ARNKB_LR,LOAD RESPONSE,Octopus Energy Trading Limited,315,0.0,1.0,32,Plant family
Family ID,marginal_family_id,E_ARNKB_LR_OFFER,OFFER,0.0,0.0,0.0,0.0,0.0,4,4.0,0.0,0.1887719861180565,82.36037528752183,316,127,0.1493953021971908,27.59139327851204,38.39832500331034,0.1601607083120586,27.45217064343264,38.15456321879331,2025-05-26 SP14,E_ARNKB_LR,E_ARNKB_LR,E_ARNKB-1,E_ARNKB_LR,LOAD RESPONSE,Octopus Energy Trading Limited,316,0.0,1.0,32,Plant family
Family ID,marginal_family_id,E_BABAW_BID,BID,0.0,,,,,0,0.0,0.0,0.1887719861180565,82.36037528752183,317,190,0.1493953021971908,27.59139327851204,38.39832500331034,0.1601607083120586,27.45217064343264,38.15456321879331,2025-05-26 SP14,E_BABAW,E_BABAW,E_BABAW-1,E_BABAW,WIND,Statkraft Markets Gmbh,317,0.0,1.0,32,Plant family
Family ID,marginal_family_id,E_BARNB_OFFER,OFFER,0.0,0.0,0.0,0.0,0.0,6,5.5,0.0,0.1887719861180565,82.36037528752183,318,128,0.1493953021971908,27.59139327851204,38.39832500331034,0.1601607083120586,27.45217064343264,38.15456321879331,2025-05-26 SP14,E_BARNB,E_BARNB,E_BARNB-1,E_BARNB,BATTERY,EDF Energy Customers Limited,318,0.0,1.0,32,Plant family
Family ID,marginal_family_id,E_BETHW_BID,BID,0.0,,,,,0,0.0,0.0,0.1887719861180565,82.36037528752183,319,191,0.1493953021971908,27.59139327851204,38.39832500331034,0.1601607083120586,27.45217064343264,38.15456321879331,2025-05-26 SP14,E_BETHW,E_BETHW,E_BETHW-1,E_BETHW,WIND,SP Renewables (UK) Limited,319,0.0,1.0,32,Plant family
Family ID,marginal_family_id,E_BHOLB_BID,BID,0.0,0.0,0.0,0.0,0.0,7,6.5,0.0,0.1887719861180565,82.36037528752183,320,192,0.1493953021971908,27.59139327851204,38.39832500331034,0.1601607083120586,27.45217064343264,38.15456321879331,2025-05-26 SP14,E_BHOLB,E_BHOLB,E_BHOLB-1,E_BHOLB,BATTERY,Tesla Motors Limited,320,0.0,1.0,32,Plant family
Family ID,marginal_family_id,E_BHOLB_OFFER,OFFER,0.0,0.0,0.0,0.0,0.0,7,6.0,0.0,0.1887719861180565,82.36037528752183,321,129,0.1493953021971908,27.59139327851204,38.39832500331034,0.1601607083120586,27.45217064343264,38.15456321879331,2025-05-26 SP14,E_BHOLB,E_BHOLB,E_BHOLB-1,E_BHOLB,BATTERY,Tesla Motors Limited,321,0.0,1.0,32,Plant family
Family ID,marginal_family_id,E_BLKPB_BID,BID,0.0,0.0,0.0,0.0,0.0,5,4.0,0.0,0.1887719861180565,82.36037528752183,322,193,0.1493953021971908,27.59139327851204,38.39832500331034,0.1601607083120586,27.45217064343264,38.15456321879331,2025-05-26 SP14,E_BLKPB,E_BLKPB,E_BLKPB-1,E_BLKPB,BATTERY,Conrad Energy (Trading) Ltd,322,0.0,1.0,32,Plant family
Family ID,marginal_family_id,E_BLKPB_OFFER,OFFER,0.0,0.0,0.0,0.0,0.0,3,2.5,0.0,0.1887719861180565,82.36037528752183,323,130,0.1493953021971908,27.59139327851204,38.39832500331034,0.1601607083120586,27.45217064343264,38.15456321879331,2025-05-26 SP14,E_BLKPB,E_BLKPB,E_BLKPB-1,E_BLKPB,BATTERY,Conrad Energy (Trading) Ltd,323,0.0,1.0,32,Plant family
Family ID,marginal_family_id,E_BRDUW_BID,BID,0.0,,,,,0,0.0,0.0,0.1887719861180565,82.36037528752183,324,194,0.1493953021971908,27.59139327851204,38.39832500331034,0.1601607083120586,27.45217064343264,38.15456321879331,2025-05-26 SP14,E_BRDUW,E_BRDUW,E_BRDUW-1,E_BRDUW,WIND,Erova Energy Limited,324,0.0,1.0,32,Plant family
Family ID,marginal_family_id,E_BRIDGWTR_BID,BID,0.0,,,,,0,0.0,0.0,0.1887719861180565,82.36037528752183,325,195,0.1493953021971908,27.59139327851204,38.39832500331034,0.1601607083120586,27.45217064343264,38.15456321879331,2025-05-26 SP14,E_BRIDGWTR,E_BRIDGWTR,E_BRIDGWTR,E_BRIDGWTR,GAS,UK Power Reserve Limited,325,0.0,1.0,32,Plant family
Family ID,marginal_family_id,E_BRIDGWTR_OFFER,OFFER,0.0,,,,,0,0.0,0.0,0.1887719861180565,82.36037528752183,326,131,0.1493953021971908,27.59139327851204,38.39832500331034,0.1601607083120586,27.45217064343264,38.15456321879331,2025-05-26 SP14,E_BRIDGWTR,E_BRIDGWTR,E_BRIDGWTR,E_BRIDGWTR,GAS,UK Power Reserve Limited,326,0.0,1.0,32,Plant family
Family ID,marginal_family_id,E_BROAB_BID,BID,0.0,0.0,0.0,0.0,0.0,11,8.416666666666666,0.0,0.1887719861180565,82.36037528752183,327,196,0.1493953021971908,27.59139327851204,38.39832500331034,0.1601607083120586,27.45217064343264,38.15456321879331,2025-05-26 SP14,E_BROAB,E_BROAB,E_BROAB-1,E_BROAB,BATTERY,Tesla Motors Limited,327,0.0,1.0,32,Plant family
Family ID,marginal_family_id,E_BROAB_OFFER,OFFER,0.0,0.0,0.0,0.0,0.0,2,2.0,0.0,0.1887719861180565,82.36037528752183,328,132,0.1493953021971908,27.59139327851204,38.39832500331034,0.1601607083120586,27.45217064343264,38.15456321879331,2025-05-26 SP14,E_BROAB,E_BROAB,E_BROAB-1,E_BROAB,BATTERY,Tesla Motors Limited,328,0.0,1.0,32,Plant family
Family ID,marginal_family_id,E_BROFB_BID,BID,0.0,0.0,0.0,0.0,0.0,3,2.5,0.0,0.1887719861180565,82.36037528752183,329,197,0.1493953021971908,27.59139327851204,38.39832500331034,0.1601607083120586,27.45217064343264,38.15456321879331,2025-05-26 SP14,E_BROFB,E_BROFB,E_BROFB-1,E_BROFB,BATTERY,EDF Energy Customers Limited,329,0.0,1.0,32,Plant family
Family ID,marginal_family_id,E_BROFB_OFFER,OFFER,0.0,,,,,0,0.0,0.0,0.1887719861180565,82.36037528752183,330,133,0.1493953021971908,27.59139327851204,38.39832500331034,0.1601607083120586,27.45217064343264,38.15456321879331,2025-05-26 SP14,E_BROFB,E_BROFB,E_BROFB-1,E_BROFB,BATTERY,EDF Energy Customers Limited,330,0.0,1.0,32,Plant family
Family ID,marginal_family_id,E_BRYBW_BID,BID,0.0,0.0,0.0,0.0,0.0,1,1.0,0.0,0.1887719861180565,82.36037528752183,331,198,0.1493953021971908,27.59139327851204,38.39832500331034,0.1601607083120586,27.45217064343264,38.15456321879331,2025-05-26 SP14,E_BRYBW,E_BRYBW,E_BRYBW-1,E_BRYBW,WIND,Statkraft Markets Gmbh,331,0.0,1.0,32,Plant family
Family ID,marginal_family_id,E_BSPHM_OFFER,OFFER,0.0,,,,,0,0.0,0.0,0.1887719861180565,82.36037528752183,332,134,0.1493953021971908,27.59139327851204,38.39832500331034,0.1601607083120586,27.45217064343264,38.15456321879331,2025-05-26 SP14,E_BSPHM,E_BSPHM,E_BSPHM-1,E_BSPHM,DIESEL,Conrad Energy (Trading) Ltd,332,0.0,1.0,32,Plant family
Family ID,marginal_family_id,E_BTUIW_OFFER,OFFER,0.0,,,,,0,0.0,0.0,0.1887719861180565,82.36037528752183,333,135,0.1493953021971908,27.59139327851204,38.39832500331034,0.1601607083120586,27.45217064343264,38.15456321879331,2025-05-26 SP14,E_BTUIW,E_BTUIW,"E_BTUIW-2, E_BTUIW-3",E_BTUIW,WIND,SP Renewables (UK) Limited,333,0.0,1.0,32,Plant family
Family ID,marginal_family_id,E_BURGH_BID,BID,0.0,,,,,0,0.0,0.0,0.1887719861180565,82.36037528752183,334,199,0.1493953021971908,27.59139327851204,38.39832500331034,0.1601607083120586,27.45217064343264,38.15456321879331,2025-05-26 SP14,E_BURGH,E_BURGH,E_BURGH-1,E_BURGH,OCGT,SSEPG (Operations) Ltd,334,0.0,1.0,32,Plant family
Family ID,marginal_family_id,E_BURWB_LR_BID,BID,0.0,0.0,0.0,0.0,0.0,1,1.0,0.0,0.1887719861180565,82.36037528752183,335,200,0.1493953021971908,27.59139327851204,38.39832500331034,0.1601607083120586,27.45217064343264,38.15456321879331,2025-05-26 SP14,E_BURWB_LR,E_BURWB_LR,E_BURWB-2,E_BURWB_LR,LOAD RESPONSE,EDF Energy Customers Limited,335,0.0,1.0,32,Plant family
Family ID,marginal_family_id,E_BURWB_LR_OFFER,OFFER,0.0,0.0,0.0,0.0,0.0,1,1.0,0.0,0.1887719861180565,82.36037528752183,336,136,0.1493953021971908,27.59139327851204,38.39832500331034,0.1601607083120586,27.45217064343264,38.15456321879331,2025-05-26 SP14,E_BURWB_LR,E_BURWB_LR,E_BURWB-2,E_BURWB_LR,LOAD RESPONSE,EDF Energy Customers Limited,336,0.0,1.0,32,Plant family
Family ID,marginal_family_id,E_BURWB_OTH_BID,BID,0.0,0.0,0.0,0.0,0.0,7,5.083333333333334,0.0,0.1887719861180565,82.36037528752183,337,201,0.1493953021971908,27.59139327851204,38.39832500331034,0.1601607083120586,27.45217064343264,38.15456321879331,2025-05-26 SP14,E_BURWB_OTH,E_BURWB_OTH,E_BURWB-1,E_BURWB_OTH,OTHER,Arenko Cleantech Limited,337,0.0,1.0,32,Plant family
Family ID,marginal_family_id,E_CHAPB_BID,BID,0.0,0.0,0.0,0.0,0.0,7,5.666666666666667,0.0,0.1887719861180565,82.36037528752183,338,202,0.1493953021971908,27.59139327851204,38.39832500331034,0.1601607083120586,27.45217064343264,38.15456321879331,2025-05-26 SP14,E_CHAPB,E_CHAPB,E_CHAPB-1,E_CHAPB,BATTERY,Tesla Motors Limited,338,0.0,1.0,32,Plant family
Family ID,marginal_family_id,E_CHAPB_OFFER,OFFER,0.0,0.0,0.0,0.0,0.0,5,2.8,0.0,0.1887719861180565,82.36037528752183,339,137,0.1493953021971908,27.59139327851204,38.39832500331034,0.1601607083120586,27.45217064343264,38.15456321879331,2025-05-26 SP14,E_CHAPB,E_CHAPB,E_CHAPB-1,E_CHAPB,BATTERY,Tesla Motors Limited,339,0.0,1.0,32,Plant family
Family ID,marginal_family_id,E_CHICK_BID,BID,0.0,,,,,0,0.0,0.0,0.1887719861180565,82.36037528752183,340,203,0.1493953021971908,27.59139327851204,38.39832500331034,0.1601607083120586,27.45217064343264,38.15456321879331,2025-05-26 SP14,E_CHICK,E_CHICK,E_CHICK-1,E_CHICK,OCGT,SSEPG (Operations) Ltd,340,0.0,1.0,32,Plant family
Family ID,marginal_family_id,E_CHTRY_BID,BID,0.0,,,,,0,0.0,0.0,0.1887719861180565,82.36037528752183,341,204,0.1493953021971908,27.59139327851204,38.39832500331034,0.1601607083120586,27.45217064343264,38.15456321879331,2025-05-26 SP14,E_CHTRY,E_CHTRY,E_CHTRY-1,E_CHTRY,DIESEL,Conrad Energy (Trading) Ltd,341,0.0,1.0,32,Plant family
Family ID,marginal_family_id,E_CHTRY_OFFER,OFFER,0.0,,,,,0,0.0,0.0,0.1887719861180565,82.36037528752183,342,138,0.1493953021971908,27.59139327851204,38.39832500331034,0.1601607083120586,27.45217064343264,38.15456321879331,2025-05-26 SP14,E_CHTRY,E_CHTRY,E_CHTRY-1,E_CHTRY,DIESEL,Conrad Energy (Trading) Ltd,342,0.0,1.0,32,Plant family
Family ID,marginal_family_id,E_CLAC_BID,BID,0.0,0.0,0.0,0.0,0.0,1,0.5,0.0,0.1887719861180565,82.36037528752183,343,205,0.1493953021971908,27.59139327851204,38.39832500331034,0.1601607083120586,27.45217064343264,38.15456321879331,2025-05-26 SP14,E_CLAC,E_CLAC,E_CLAC-1,E_CLAC,NPSHYD,SSE Generation Ltd,343,0.0,1.0,32,Plant family
Family ID,marginal_family_id,E_CLAC_OFFER,OFFER,0.0,0.0,0.0,0.0,0.0,2,0.2678571428571428,0.0,0.1887719861180565,82.36037528752183,344,139,0.1493953021971908,27.59139327851204,38.39832500331034,0.1601607083120586,27.45217064343264,38.15456321879331,2025-05-26 SP14,E_CLAC,E_CLAC,E_CLAC-1,E_CLAC,NPSHYD,SSE Generation Ltd,344,0.0,1.0,32,Plant family
Family ID,marginal_family_id,E_CLDRW_BID,BID,0.0,,,,,0,0.0,0.0,0.1887719861180565,82.36037528752183,345,206,0.1493953021971908,27.59139327851204,38.39832500331034,0.1601607083120586,27.45217064343264,38.15456321879331,2025-05-26 SP14,E_CLDRW,E_CLDRW,E_CLDRW-1,E_CLDRW,WIND,Vattenfall Energy Trading,345,0.0,1.0,32,Plant family
Family ID,marginal_family_id,E_CONTB_BID,BID,0.0,0.0,0.0,0.0,0.0,6,4.0,0.0,0.1887719861180565,82.36037528752183,346,207,0.1493953021971908,27.59139327851204,38.39832500331034,0.1601607083120586,27.45217064343264,38.15456321879331,2025-05-26 SP14,E_CONTB,E_CONTB,E_CONTB-1,E_CONTB,BATTERY,Tesla Motors Limited,346,0.0,1.0,32,Plant family
Family ID,marginal_family_id,E_CONTB_OFFER,OFFER,0.0,0.0,0.0,0.0,0.0,12,8.876190476190477,0.0,0.1887719861180565,82.36037528752183,347,140,0.1493953021971908,27.59139327851204,38.39832500331034,0.1601607083120586,27.45217064343264,38.15456321879331,2025-05-26 SP14,E_CONTB,E_CONTB,E_CONTB-1,E_CONTB,BATTERY,Tesla Motors Limited,347,0.0,1.0,32,Plant family
Family ID,marginal_family_id,E_CORB_BID,BID,0.0,,,,,0,0.0,0.0,0.1887719861180565,82.36037528752183,348,208,0.1493953021971908,27.59139327851204,38.39832500331034,0.1601607083120586,27.45217064343264,38.15456321879331,2025-05-26 SP14,E_CORB,E_CORB,E_CORB-1,E_CORB,CCGT,EP UK INVESTMENTS LIMITED,348,0.0,1.0,32,Plant family
Family ID,marginal_family_id,E_CORB_OFFER,OFFER,0.0,,,,,0,0.0,0.0,0.1887719861180565,82.36037528752183,349,141,0.1493953021971908,27.59139327851204,38.39832500331034,0.1601607083120586,27.45217064343264,38.15456321879331,2025-05-26 SP14,E_CORB,E_CORB,E_CORB-1,E_CORB,CCGT,EP UK INVESTMENTS LIMITED,349,0.0,1.0,32,Plant family
Family ID,marginal_family_id,E_CRGTW_BID,BID,0.0,0.0,0.0,0.0,0.0,1,1.0,0.0,0.1887719861180565,82.36037528752183,350,209,0.1493953021971908,27.59139327851204,38.39832500331034,0.1601607083120586,27.45217064343264,38.15456321879331,2025-05-26 SP14,E_CRGTW,E_CRGTW,E_CRGTW-1,E_CRGTW,WIND,British Gas Trading Ltd,350,0.0,1.0,32,Plant family
Family ID,marginal_family_id,E_CROYD_OFFER,OFFER,0.0,0.0,0.0,0.0,0.0,2,1.5,0.0,0.1887719861180565,82.36037528752183,351,142,0.1493953021971908,27.59139327851204,38.39832500331034,0.1601607083120586,27.45217064343264,38.15456321879331,2025-05-26 SP14,E_CROYD,E_CROYD,E_CROYD-2,E_CROYD,OCGT,Whitetower Energy Limited,351,0.0,1.0,32,Plant family
Family ID,marginal_family_id,E_CRSSB_BID,BID,0.0,0.0,0.0,0.0,0.0,3,3.0,0.0,0.1887719861180565,82.36037528752183,352,210,0.1493953021971908,27.59139327851204,38.39832500331034,0.1601607083120586,27.45217064343264,38.15456321879331,2025-05-26 SP14,E_CRSSB,E_CRSSB,E_CRSSB-1,E_CRSSB,BATTERY,Arenko Cleantech Limited,352,0.0,1.0,32,Plant family
Family ID,marginal_family_id,E_CRSSB_OFFER,OFFER,0.0,,,,,0,0.0,0.0,0.1887719861180565,82.36037528752183,353,143,0.1493953021971908,27.59139327851204,38.39832500331034,0.1601607083120586,27.45217064343264,38.15456321879331,2025-05-26 SP14,E_CRSSB,E_CRSSB,E_CRSSB-1,E_CRSSB,BATTERY,Arenko Cleantech Limited,353,0.0,1.0,32,Plant family
Family ID,marginal_family_id,E_CUPAB_BID,BID,0.0,0.0,0.0,0.0,0.0,3,3.0,0.0,0.1887719861180565,82.36037528752183,354,211,0.1493953021971908,27.59139327851204,38.39832500331034,0.1601607083120586,27.45217064343264,38.15456321879331,2025-05-26 SP14,E_CUPAB,E_CUPAB,E_CUPAB-1,E_CUPAB,OTHER,Octopus Energy Trading Limited,354,0.0,1.0,32,Plant family
Family ID,marginal_family_id,E_CUPAB_OFFER,OFFER,0.0,0.0,0.0,0.0,0.0,1,1.0,0.0,0.1887719861180565,82.36037528752183,355,144,0.1493953021971908,27.59139327851204,38.39832500331034,0.1601607083120586,27.45217064343264,38.15456321879331,2025-05-26 SP14,E_CUPAB,E_CUPAB,E_CUPAB-1,E_CUPAB,OTHER,Octopus Energy Trading Limited,355,0.0,1.0,32,Plant family
Family ID,marginal_family_id,E_DBFRM_BID,BID,0.0,,,,,0,0.0,0.0,0.1887719861180565,82.36037528752183,356,212,0.1493953021971908,27.59139327851204,38.39832500331034,0.1601607083120586,27.45217064343264,38.15456321879331,2025-05-26 SP14,E_DBFRM,E_DBFRM,E_DBFRM-1,E_DBFRM,DIESEL,Conrad Energy (Trading) Ltd,356,0.0,1.0,32,Plant family
Family ID,marginal_family_id,E_DBFRM_OFFER,OFFER,0.0,0.0,0.0,0.0,0.0,4,2.5,0.0,0.1887719861180565,82.36037528752183,357,145,0.1493953021971908,27.59139327851204,38.39832500331034,0.1601607083120586,27.45217064343264,38.15456321879331,2025-05-26 SP14,E_DBFRM,E_DBFRM,E_DBFRM-1,E_DBFRM,DIESEL,Conrad Energy (Trading) Ltd,357,0.0,1.0,32,Plant family
Family ID,marginal_family_id,E_DERBY_OFFER,OFFER,0.0,0.0,0.0,0.0,0.0,1,0.25,0.0,0.1887719861180565,82.36037528752183,358,146,0.1493953021971908,27.59139327851204,38.39832500331034,0.1601607083120586,27.45217064343264,38.15456321879331,2025-05-26 SP14,E_DERBY,E_DERBY,E_DERBY-1,E_DERBY,OCGT,Whitetower Energy Limited,358,0.0,1.0,32,Plant family
Family ID,marginal_family_id,E_DIDC3G_OFFER,OFFER,0.0,,,,,0,0.0,0.0,0.1887719861180565,82.36037528752183,359,147,0.1493953021971908,27.59139327851204,38.39832500331034,0.1601607083120586,27.45217064343264,38.15456321879331,2025-05-26 SP14,E_DIDC3G,E_DIDC3G,E_DIDC3G,E_DIDC3G,OCGT,RWE Generation UK plc,359,0.0,1.0,32,Plant family
Family ID,marginal_family_id,E_EXETR_OFFER,OFFER,0.0,0.0,0.0,0.0,0.0,1,0.25,0.0,0.1887719861180565,82.36037528752183,360,148,0.1493953021971908,27.59139327851204,38.39832500331034,0.1601607083120586,27.45217064343264,38.15456321879331,2025-05-26 SP14,E_EXETR,E_EXETR,E_EXETR-2,E_EXETR,OCGT,Whitetower Energy Limited,360,0.0,1.0,32,Plant family
Family ID,marginal_family_id,E_FARNB_BID,BID,0.0,0.0,0.0,0.0,0.0,4,3.0,0.0,0.1887719861180565,82.36037528752183,361,213,0.1493953021971908,27.59139327851204,38.39832500331034,0.1601607083120586,27.45217064343264,38.15456321879331,2025-05-26 SP14,E_FARNB,E_FARNB,E_FARNB-1,E_FARNB,BATTERY,Tesla Motors Limited,361,0.0,1.0,32,Plant family
Family ID,marginal_family_id,E_FARNB_OFFER,OFFER,0.0,0.0,0.0,0.0,0.0,8,6.033333333333333,0.0,0.1887719861180565,82.36037528752183,362,149,0.1493953021971908,27.59139327851204,38.39832500331034,0.1601607083120586,27.45217064343264,38.15456321879331,2025-05-26 SP14,E_FARNB,E_FARNB,E_FARNB-1,E_FARNB,BATTERY,Tesla Motors Limited,362,0.0,1.0,32,Plant family
Family ID,marginal_family_id,E_FASN_BID,BID,0.0,0.0,0.0,0.0,0.0,2,0.6428571428571428,0.0,0.1887719861180565,82.36037528752183,363,214,0.1493953021971908,27.59139327851204,38.39832500331034,0.1601607083120586,27.45217064343264,38.15456321879331,2025-05-26 SP14,E_FASN,E_FASN,E_FASN-3,E_FASN,NPSHYD,SSE Generation Ltd,363,0.0,1.0,32,Plant family
Family ID,marginal_family_id,E_FASN_OFFER,OFFER,0.0,0.0,0.0,0.0,0.0,2,1.5,0.0,0.1887719861180565,82.36037528752183,364,150,0.1493953021971908,27.59139327851204,38.39832500331034,0.1601607083120586,27.45217064343264,38.15456321879331,2025-05-26 SP14,E_FASN,E_FASN,E_FASN-3,E_FASN,NPSHYD,SSE Generation Ltd,364,0.0,1.0,32,Plant family
Family ID,marginal_family_id,E_FDUN_OFFER,OFFER,0.0,0.0,0.0,0.0,0.0,1,1.0,0.0,0.1887719861180565,82.36037528752183,365,151,0.1493953021971908,27.59139327851204,38.39832500331034,0.1601607083120586,27.45217064343264,38.15456321879331,2025-05-26 SP14,E_FDUN,E_FDUN,E_FDUN-1,E_FDUN,OCGT,Whitetower Energy Limited,365,0.0,1.0,32,Plant family
Family ID,marginal_family_id,E_GLOFW_BID,BID,0.0,,,,,0,0.0,0.0,0.1887719861180565,82.36037528752183,366,215,0.1493953021971908,27.59139327851204,38.39832500331034,0.1601607083120586,27.45217064343264,38.15456321879331,2025-05-26 SP14,E_GLOFW,E_GLOFW,E_GLOFW-1,E_GLOFW,WIND,Glens of Foudland Ltd,366,0.0,1.0,32,Plant family
Family ID,marginal_family_id,E_GOSHS_OFFER,OFFER,0.0,0.0,0.0,0.0,0.0,1,0.5,0.0,0.1887719861180565,82.36037528752183,367,152,0.1493953021971908,27.59139327851204,38.39832500331034,0.1601607083120586,27.45217064343264,38.15456321879331,2025-05-26 SP14,E_GOSHS,E_GOSHS,E_GOSHS-1,E_GOSHS,DIESEL,Conrad Energy (Trading) Ltd,367,0.0,1.0,32,Plant family
Family ID,marginal_family_id,E_GRCRB_BID,BID,0.0,0.0,0.0,0.0,0.0,1,1.0,0.0,0.1887719861180565,82.36037528752183,368,216,0.1493953021971908,27.59139327851204,38.39832500331034,0.1601607083120586,27.45217064343264,38.15456321879331,2025-05-26 SP14,E_GRCRB,E_GRCRB,E_GRCRB-1,E_GRCRB,BATTERY,FIELD GERRARDS CROSS LTD,368,0.0,1.0,32,Plant family
Family ID,marginal_family_id,E_GRCRB_OFFER,OFFER,0.0,,,,,0,0.0,0.0,0.1887719861180565,82.36037528752183,369,153,0.1493953021971908,27.59139327851204,38.39832500331034,0.1601607083120586,27.45217064343264,38.15456321879331,2025-05-26 SP14,E_GRCRB,E_GRCRB,E_GRCRB-1,E_GRCRB,BATTERY,FIELD GERRARDS CROSS LTD,369,0.0,1.0,32,Plant family
Family ID,marginal_family_id,E_GRGRW_BID,BID,0.0,0.0,0.0,0.0,0.0,1,1.0,0.0,0.1887719861180565,82.36037528752183,370,217,0.1493953021971908,27.59139327851204,38.39832500331034,0.1601607083120586,27.45217064343264,38.15456321879331,2025-05-26 SP14,E_GRGRW,E_GRGRW,E_GRGRW-1,E_GRGRW,WIND,Greengairs East Wind Farm Ltd,370,0.0,1.0,32,Plant family
Family ID,marginal_family_id,E_GYAR_BID,BID,0.0,0.0,0.0,0.0,0.0,5,4.5,0.0,0.1887719861180565,82.36037528752183,371,218,0.1493953021971908,27.59139327851204,38.39832500331034,0.1601607083120586,27.45217064343264,38.15456321879331,2025-05-26 SP14,E_GYAR,E_GYAR,E_GYAR-1,E_GYAR,CCGT,RWE Generation UK plc,371,0.0,1.0,32,Plant family
Family ID,marginal_family_id,E_HAWKB_BID,BID,0.0,0.0,0.0,0.0,0.0,6,4.366666666666667,0.0,0.1887719861180565,82.36037528752183,372,219,0.1493953021971908,27.59139327851204,38.39832500331034,0.1601607083120586,27.45217064343264,38.15456321879331,2025-05-26 SP14,E_HAWKB,E_HAWKB,E_HAWKB-1,E_HAWKB,BATTERY,Tesla Motors Limited,372,0.0,1.0,32,Plant family
Family ID,marginal_family_id,E_HAWKB_OFFER,OFFER,0.0,0.0,0.0,0.0,0.0,5,2.533333333333333,0.0,0.1887719861180565,82.36037528752183,373,154,0.1493953021971908,27.59139327851204,38.39832500331034,0.1601607083120586,27.45217064343264,38.15456321879331,2025-05-26 SP14,E_HAWKB,E_HAWKB,E_HAWKB-1,E_HAWKB,BATTERY,Tesla Motors Limited,373,0.0,1.0,32,Plant family
Family ID,marginal_family_id,E_HRHLW_BID,BID,0.0,,,,,0,0.0,0.0,0.1887719861180565,82.36037528752183,374,220,0.1493953021971908,27.59139327851204,38.39832500331034,0.1601607083120586,27.45217064343264,38.15456321879331,2025-05-26 SP14,E_HRHLW,E_HRHLW,E_HRHLW-1,E_HRHLW,WIND,SP Renewables (UK) Limited,374,0.0,1.0,32,Plant family
Family ID,marginal_family_id,E_ILMEB_BID,BID,0.0,0.0,0.0,0.0,0.0,10,6.566666666666666,0.0,0.1887719861180565,82.36037528752183,375,221,0.1493953021971908,27.59139327851204,38.39832500331034,0.1601607083120586,27.45217064343264,38.15456321879331,2025-05-26 SP14,E_ILMEB,E_ILMEB,E_ILMEB-1,E_ILMEB,BATTERY,Tesla Motors Limited,375,0.0,1.0,32,Plant family
Family ID,marginal_family_id,E_ILMEB_OFFER,OFFER,0.0,0.0,0.0,0.0,0.0,5,4.25,0.0,0.1887719861180565,82.36037528752183,376,155,0.1493953021971908,27.59139327851204,38.39832500331034,0.1601607083120586,27.45217064343264,38.15456321879331,2025-05-26 SP14,E_ILMEB,E_ILMEB,E_ILMEB-1,E_ILMEB,BATTERY,Tesla Motors Limited,376,0.0,1.0,32,Plant family
Family ID,marginal_family_id,E_JAMBB_B_BID,BID,0.0,0.0,0.0,0.0,0.0,4,3.2,0.0,0.1887719861180565,82.36037528752183,377,222,0.1493953021971908,27.59139327851204,38.39832500331034,0.1601607083120586,27.45217064343264,38.15456321879331,2025-05-26 SP14,E_JAMBB_B,E_JAMBB_B,E_JAMBB-1,E_JAMBB_B,BATTERY,Tesla Motors Limited,377,0.0,1.0,32,Plant family
Family ID,marginal_family_id,E_JAMBB_B_OFFER,OFFER,0.0,,,,,0,0.0,0.0,0.1887719861180565,82.36037528752183,378,156,0.1493953021971908,27.59139327851204,38.39832500331034,0.1601607083120586,27.45217064343264,38.15456321879331,2025-05-26 SP14,E_JAMBB_B,E_JAMBB_B,E_JAMBB-1,E_JAMBB_B,BATTERY,Tesla Motors Limited,378,0.0,1.0,32,Plant family
Family ID,marginal_family_id,E_JAMBB_OTH_BID,BID,0.0,0.0,0.0,0.0,0.0,4,3.5,0.0,0.1887719861180565,82.36037528752183,379,223,0.1493953021971908,27.59139327851204,38.39832500331034,0.1601607083120586,27.45217064343264,38.15456321879331,2025-05-26 SP14,E_JAMBB_OTH,E_JAMBB_OTH,E_JAMBB-2,E_JAMBB_OTH,OTHER,Tesla Motors Limited,379,0.0,1.0,32,Plant family
Family ID,marginal_family_id,E_JAMBB_OTH_OFFER,OFFER,0.0,0.0,0.0,0.0,0.0,1,1.0,0.0,0.1887719861180565,82.36037528752183,380,157,0.1493953021971908,27.59139327851204,38.39832500331034,0.1601607083120586,27.45217064343264,38.15456321879331,2025-05-26 SP14,E_JAMBB_OTH,E_JAMBB_OTH,E_JAMBB-2,E_JAMBB_OTH,OTHER,Tesla Motors Limited,380,0.0,1.0,32,Plant family
Family ID,marginal_family_id,E_KLYN-A_BID,BID,0.0,0.0,0.0,0.0,0.0,8,6.0,0.0,0.1887719861180565,82.36037528752183,381,224,0.1493953021971908,27.59139327851204,38.39832500331034,0.1601607083120586,27.45217064343264,38.15456321879331,2025-05-26 SP14,E_KLYN-A,E_KLYN-A,E_KLYN-A-1,E_KLYN-A,CCGT,RWE Generation UK plc,381,0.0,1.0,32,Plant family
Family ID,marginal_family_id,E_LCHWT_BID,BID,0.0,,,,,0,0.0,0.0,0.1887719861180565,82.36037528752183,382,225,0.1493953021971908,27.59139327851204,38.39832500331034,0.1601607083120586,27.45217064343264,38.15456321879331,2025-05-26 SP14,E_LCHWT,E_LCHWT,E_LCHWT-1,E_LCHWT,DIESEL,Conrad Energy (Trading) Ltd,382,0.0,1.0,32,Plant family
Family ID,marginal_family_id,E_LCHWT_OFFER,OFFER,0.0,0.0,0.0,0.0,0.0,1,0.25,0.0,0.1887719861180565,82.36037528752183,383,158,0.1493953021971908,27.59139327851204,38.39832500331034,0.1601607083120586,27.45217064343264,38.15456321879331,2025-05-26 SP14,E_LCHWT,E_LCHWT,E_LCHWT-1,E_LCHWT,DIESEL,Conrad Energy (Trading) Ltd,383,0.0,1.0,32,Plant family
Family ID,marginal_family_id,E_LITRB_BID,BID,0.0,0.0,0.0,0.0,0.0,5,5.0,0.0,0.1887719861180565,82.36037528752183,384,226,0.1493953021971908,27.59139327851204,38.39832500331034,0.1601607083120586,27.45217064343264,38.15456321879331,2025-05-26 SP14,E_LITRB,E_LITRB,E_LITRB-1,E_LITRB,BATTERY,Tesla Motors Limited,384,0.0,1.0,32,Plant family
Family ID,marginal_family_id,E_LITRB_OFFER,OFFER,0.0,0.0,0.0,0.0,0.0,4,4.0,0.0,0.1887719861180565,82.36037528752183,385,159,0.1493953021971908,27.59139327851204,38.39832500331034,0.1601607083120586,27.45217064343264,38.15456321879331,2025-05-26 SP14,E_LITRB,E_LITRB,E_LITRB-1,E_LITRB,BATTERY,Tesla Motors Limited,385,0.0,1.0,32,Plant family
Family ID,marginal_family_id,E_LSTWY_OFFER,OFFER,0.0,0.0,0.0,0.0,0.0,3,2.5,0.0,0.1887719861180565,82.36037528752183,386,160,0.1493953021971908,27.59139327851204,38.39832500331034,0.1601607083120586,27.45217064343264,38.15456321879331,2025-05-26 SP14,E_LSTWY,E_LSTWY,E_LSTWY-1,E_LSTWY,DIESEL,Conrad Energy (Trading) Ltd,386,0.0,1.0,32,Plant family
Family ID,marginal_family_id,E_MDLWH_OFFER,OFFER,0.0,0.0,0.0,0.0,0.0,1,0.3333333333333333,0.0,0.1887719861180565,82.36037528752183,387,161,0.1493953021971908,27.59139327851204,38.39832500331034,0.1601607083120586,27.45217064343264,38.15456321879331,2025-05-26 SP14,E_MDLWH,E_MDLWH,E_MDLWH-1,E_MDLWH,DIESEL,Conrad Energy (Trading) Ltd,387,0.0,1.0,32,Plant family
Family ID,marginal_family_id,E_MORFL_BID,BID,0.0,,,,,0,0.0,0.0,0.1887719861180565,82.36037528752183,388,227,0.1493953021971908,27.59139327851204,38.39832500331034,0.1601607083120586,27.45217064343264,38.15456321879331,2025-05-26 SP14,E_MORFL,E_MORFL,E_MORFL-1,E_MORFL,DIESEL,Conrad Energy (Trading) Ltd,388,0.0,1.0,32,Plant family
Family ID,marginal_family_id,E_MORFL_OFFER,OFFER,0.0,0.0,0.0,0.0,0.0,4,2.333333333333333,0.0,0.1887719861180565,82.36037528752183,389,162,0.1493953021971908,27.59139327851204,38.39832500331034,0.1601607083120586,27.45217064343264,38.15456321879331,2025-05-26 SP14,E_MORFL,E_MORFL,E_MORFL-1,E_MORFL,DIESEL,Conrad Energy (Trading) Ltd,389,0.0,1.0,32,Plant family
Family ID,marginal_family_id,E_NEWPB_BID,BID,0.0,0.0,0.0,0.0,0.0,1,1.0,0.0,0.1887719861180565,82.36037528752183,390,228,0.1493953021971908,27.59139327851204,38.39832500331034,0.1601607083120586,27.45217064343264,38.15456321879331,2025-05-26 SP14,E_NEWPB,E_NEWPB,E_NEWPB-1,E_NEWPB,BATTERY,Field Newport Ltd,390,0.0,1.0,32,Plant family
Family ID,marginal_family_id,E_NEWPB_OFFER,OFFER,0.0,,,,,0,0.0,0.0,0.1887719861180565,82.36037528752183,391,163,0.1493953021971908,27.59139327851204,38.39832500331034,0.1601607083120586,27.45217064343264,38.15456321879331,2025-05-26 SP14,E_NEWPB,E_NEWPB,E_NEWPB-1,E_NEWPB,BATTERY,Field Newport Ltd,391,0.0,1.0,32,Plant family
Family ID,marginal_family_id,E_NEWTB_BID,BID,0.0,0.0,0.0,0.0,0.0,2,2.0,0.0,0.1887719861180565,82.36037528752183,392,229,0.1493953021971908,27.59139327851204,38.39832500331034,0.1601607083120586,27.45217064343264,38.15456321879331,2025-05-26 SP14,E_NEWTB,E_NEWTB,E_NEWTB-1,E_NEWTB,BATTERY,EDF Energy Customers Limited,392,0.0,1.0,32,Plant family
Family ID,marginal_family_id,E_NEWTB_OFFER,OFFER,0.0,0.0,0.0,0.0,0.0,1,1.0,0.0,0.1887719861180565,82.36037528752183,393,164,0.1493953021971908,27.59139327851204,38.39832500331034,0.1601607083120586,27.45217064343264,38.15456321879331,2025-05-26 SP14,E_NEWTB,E_NEWTB,E_NEWTB-1,E_NEWTB,BATTERY,EDF Energy Customers Limited,393,0.0,1.0,32,Plant family
Family ID,marginal_family_id,E_OLDHB_BID,BID,0.0,0.0,0.0,0.0,0.0,5,5.0,0.0,0.1887719861180565,82.36037528752183,394,230,0.1493953021971908,27.59139327851204,38.39832500331034,0.1601607083120586,27.45217064343264,38.15456321879331,2025-05-26 SP14,E_OLDHB,E_OLDHB,E_OLDHB-1,E_OLDHB,BATTERY,Field Oldham Ltd,394,0.0,1.0,32,Plant family
Family ID,marginal_family_id,E_OLDHB_OFFER,OFFER,0.0,0.0,0.0,0.0,0.0,2,2.0,0.0,0.1887719861180565,82.36037528752183,395,165,0.1493953021971908,27.59139327851204,38.39832500331034,0.1601607083120586,27.45217064343264,38.15456321879331,2025-05-26 SP14,E_OLDHB,E_OLDHB,E_OLDHB-1,E_OLDHB,BATTERY,Field Oldham Ltd,395,0.0,1.0,32,Plant family
Family ID,marginal_family_id,E_PETEM_BID,BID,0.0,,,,,0,0.0,0.0,0.1887719861180565,82.36037528752183,396,231,0.1493953021971908,27.59139327851204,38.39832500331034,0.1601607083120586,27.45217064343264,38.15456321879331,2025-05-26 SP14,E_PETEM,E_PETEM,"E_PETEM1, E_PETEM3",E_PETEM,CCGT,River Nene Power Limited,396,0.0,1.0,32,Plant family
Family ID,marginal_family_id,E_PETEM_OFFER,OFFER,0.0,0.0,0.0,0.0,0.0,2,2.0,0.0,0.1887719861180565,82.36037528752183,397,166,0.1493953021971908,27.59139327851204,38.39832500331034,0.1601607083120586,27.45217064343264,38.15456321879331,2025-05-26 SP14,E_PETEM,E_PETEM,"E_PETEM1, E_PETEM3",E_PETEM,CCGT,River Nene Power Limited,397,0.0,1.0,32,Plant family
Family ID,marginal_family_id,E_PGBARY_OFFER,OFFER,0.0,,,,,0,0.0,0.0,0.1887719861180565,82.36037528752183,398,167,0.1493953021971908,27.59139327851204,38.39832500331034,0.1601607083120586,27.45217064343264,38.15456321879331,2025-05-26 SP14,E_PGBARY,E_PGBARY,E_PGBARY,E_PGBARY,DIESEL,Peak Gen Top Co Limited,398,0.0,1.0,32,Plant family
Family ID,marginal_family_id,E_PGBRKL_OFFER,OFFER,0.0,0.0,0.0,0.0,0.0,1,0.3333333333333333,0.0,0.1887719861180565,82.36037528752183,399,168,0.1493953021971908,27.59139327851204,38.39832500331034,0.1601607083120586,27.45217064343264,38.15456321879331,2025-05-26 SP14,E_PGBRKL,E_PGBRKL,E_PGBRKL,E_PGBRKL,DIESEL,Peak Gen Top Co Limited,399,0.0,1.0,32,Plant family
Family ID,marginal_family_id,E_PGEXTR_OFFER,OFFER,0.0,0.0,0.0,0.0,0.0,1,0.5,0.0,0.1887719861180565,82.36037528752183,400,169,0.1493953021971908,27.59139327851204,38.39832500331034,0.1601607083120586,27.45217064343264,38.15456321879331,2025-05-26 SP14,E_PGEXTR,E_PGEXTR,E_PGEXTR,E_PGEXTR,DIESEL,Peak Gen Top Co Limited,400,0.0,1.0,32,Plant family
Family ID,marginal_family_id,E_PGFARE_OFFER,OFFER,0.0,,,,,0,0.0,0.0,0.1887719861180565,82.36037528752183,401,170,0.1493953021971908,27.59139327851204,38.39832500331034,0.1601607083120586,27.45217064343264,38.15456321879331,2025-05-26 SP14,E_PGFARE,E_PGFARE,E_PGFARE,E_PGFARE,DIESEL,Peak Gen Top Co Limited,401,0.0,1.0,32,Plant family
Family ID,marginal_family_id,E_PGHVNT_OFFER,OFFER,0.0,0.0,0.0,0.0,0.0,1,0.3333333333333333,0.0,0.1887719861180565,82.36037528752183,402,171,0.1493953021971908,27.59139327851204,38.39832500331034,0.1601607083120586,27.45217064343264,38.15456321879331,2025-05-26 SP14,E_PGHVNT,E_PGHVNT,E_PGHVNT,E_PGHVNT,DIESEL,Peak Gen Top Co Limited,402,0.0,1.0,32,Plant family
Family ID,marginal_family_id,E_PGLLAN_OFFER,OFFER,0.0,,,,,0,0.0,0.0,0.1887719861180565,82.36037528752183,403,172,0.1493953021971908,27.59139327851204,38.39832500331034,0.1601607083120586,27.45217064343264,38.15456321879331,2025-05-26 SP14,E_PGLLAN,E_PGLLAN,E_PGLLAN,E_PGLLAN,OTHER,Peak Gen Top Co Limited,403,0.0,1.0,32,Plant family
Family ID,marginal_family_id,E_PGSOUT_OFFER,OFFER,0.0,,,,,0,0.0,0.0,0.1887719861180565,82.36037528752183,404,173,0.1493953021971908,27.59139327851204,38.39832500331034,0.1601607083120586,27.45217064343264,38.15456321879331,2025-05-26 SP14,E_PGSOUT,E_PGSOUT,E_PGSOUT,E_PGSOUT,OTHER,Peak Gen Top Co Limited,404,0.0,1.0,32,Plant family
Family ID,marginal_family_id,E_POTES_BID,BID,0.0,0.0,0.0,0.0,0.0,3,1.75,0.0,0.1887719861180565,82.36037528752183,405,232,0.1493953021971908,27.59139327851204,38.39832500331034,0.1601607083120586,27.45217064343264,38.15456321879331,2025-05-26 SP14,E_POTES,E_POTES,E_POTES-1,E_POTES,BATTERY,Arenko Cleantech Limited,405,0.0,1.0,32,Plant family
Family ID,marginal_family_id,E_POTES_OFFER,OFFER,0.0,0.0,0.0,0.0,0.0,1,1.0,0.0,0.1887719861180565,82.36037528752183,406,174,0.1493953021971908,27.59139327851204,38.39832500331034,0.1601607083120586,27.45217064343264,38.15456321879331,2025-05-26 SP14,E_POTES,E_POTES,E_POTES-1,E_POTES,BATTERY,Arenko Cleantech Limited,406,0.0,1.0,32,Plant family
Family ID,marginal_family_id,E_RAKE_OFFER,OFFER,0.0,0.0,0.0,0.0,0.0,5,2.9166666666666665,0.0,0.1887719861180565,82.36037528752183,407,175,0.1493953021971908,27.59139327851204,38.39832500331034,0.1601607083120586,27.45217064343264,38.15456321879331,2025-05-26 SP14,E_RAKE,E_RAKE,E_RAKE-1,E_RAKE,DIESEL,Conrad Energy (Trading) Ltd,407,0.0,1.0,32,Plant family
Family ID,marginal_family_id,E_RDFRB_BID,BID,0.0,,,,,0,0.0,0.0,0.1887719861180565,82.36037528752183,408,233,0.1493953021971908,27.59139327851204,38.39832500331034,0.1601607083120586,27.45217064343264,38.15456321879331,2025-05-26 SP14,E_RDFRB,E_RDFRB,E_RDFRB-1,E_RDFRB,DIESEL,Conrad Energy (Trading) Ltd,408,0.0,1.0,32,Plant family
Family ID,marginal_family_id,E_RDFRB_OFFER,OFFER,0.0,0.0,0.0,0.0,0.0,6,2.611111111111111,0.0,0.1887719861180565,82.36037528752183,409,176,0.1493953021971908,27.59139327851204,38.39832500331034,0.1601607083120586,27.45217064343264,38.15456321879331,2025-05-26 SP14,E_RDFRB,E_RDFRB,E_RDFRB-1,E_RDFRB,DIESEL,Conrad Energy (Trading) Ltd,409,0.0,1.0,32,Plant family
Family ID,marginal_family_id,E_RDFRD_BID,BID,0.0,,,,,0,0.0,0.0,0.1887719861180565,82.36037528752183,410,234,0.1493953021971908,27.59139327851204,38.39832500331034,0.1601607083120586,27.45217064343264,38.15456321879331,2025-05-26 SP14,E_RDFRD,E_RDFRD,E_RDFRD-1,E_RDFRD,DIESEL,Conrad Energy (Trading) Ltd,410,0.0,1.0,32,Plant family
Family ID,marginal_family_id,E_RDFRD_OFFER,OFFER,0.0,0.0,0.0,0.0,0.0,2,0.3928571428571428,0.0,0.1887719861180565,82.36037528752183,411,177,0.1493953021971908,27.59139327851204,38.39832500331034,0.1601607083120586,27.45217064343264,38.15456321879331,2025-05-26 SP14,E_RDFRD,E_RDFRD,E_RDFRD-1,E_RDFRD,DIESEL,Conrad Energy (Trading) Ltd,411,0.0,1.0,32,Plant family
Family ID,marginal_family_id,E_RDSCR_BID,BID,0.0,,,,,0,0.0,0.0,0.1887719861180565,82.36037528752183,412,235,0.1493953021971908,27.59139327851204,38.39832500331034,0.1601607083120586,27.45217064343264,38.15456321879331,2025-05-26 SP14,E_RDSCR,E_RDSCR,E_RDSCR-1,E_RDSCR,DIESEL,Conrad Energy (Trading) Ltd,412,0.0,1.0,32,Plant family
Family ID,marginal_family_id,E_RDSCR_OFFER,OFFER,0.0,0.0,0.0,0.0,0.0,4,0.8409090909090909,0.0,0.1887719861180565,82.36037528752183,413,178,0.1493953021971908,27.59139327851204,38.39832500331034,0.1601607083120586,27.45217064343264,38.15456321879331,2025-05-26 SP14,E_RDSCR,E_RDSCR,E_RDSCR-1,E_RDSCR,DIESEL,Conrad Energy (Trading) Ltd,413,0.0,1.0,32,Plant family
Family ID,marginal_family_id,E_RHEI_BID,BID,0.0,,,,,0,0.0,0.0,0.1887719861180565,82.36037528752183,414,236,0.1493953021971908,27.59139327851204,38.39832500331034,0.1601607083120586,27.45217064343264,38.15456321879331,2025-05-26 SP14,E_RHEI,E_RHEI,E_RHEI-1,E_RHEI,NPSHYD,Statkraft Markets Gmbh,414,0.0,1.0,32,Plant family
Family ID,marginal_family_id,E_ROARB_BID,BID,0.0,0.0,0.0,0.0,0.0,4,2.833333333333333,0.0,0.1887719861180565,82.36037528752183,415,237,0.1493953021971908,27.59139327851204,38.39832500331034,0.1601607083120586,27.45217064343264,38.15456321879331,2025-05-26 SP14,E_ROARB,E_ROARB,E_ROARB-1,E_ROARB,BATTERY,Tesla Motors Limited,415,0.0,1.0,32,Plant family
Family ID,marginal_family_id,E_ROARB_OFFER,OFFER,0.0,0.0,0.0,0.0,0.0,4,3.5,0.0,0.1887719861180565,82.36037528752183,416,179,0.1493953021971908,27.59139327851204,38.39832500331034,0.1601607083120586,27.45217064343264,38.15456321879331,2025-05-26 SP14,E_ROARB,E_ROARB,E_ROARB-1,E_ROARB,BATTERY,Tesla Motors Limited,416,0.0,1.0,32,Plant family
Family ID,marginal_family_id,E_ROOSB_BID,BID,0.0,0.0,0.0,0.0,0.0,3,2.2,0.0,0.1887719861180565,82.36037528752183,417,238,0.1493953021971908,27.59139327851204,38.39832500331034,0.1601607083120586,27.45217064343264,38.15456321879331,2025-05-26 SP14,E_ROOSB,E_ROOSB,E_ROOSB-1,E_ROOSB,BATTERY,CBS ENERGY STORAGE ASSETS LTD,417,0.0,1.0,32,Plant family
Family ID,marginal_family_id,E_ROOSB_OFFER,OFFER,0.0,0.0,0.0,0.0,0.0,3,1.625,0.0,0.1887719861180565,82.36037528752183,418,180,0.1493953021971908,27.59139327851204,38.39832500331034,0.1601607083120586,27.45217064343264,38.15456321879331,2025-05-26 SP14,E_ROOSB,E_ROOSB,E_ROOSB-1,E_ROOSB,BATTERY,CBS ENERGY STORAGE ASSETS LTD,418,0.0,1.0,32,Plant family
Family ID,marginal_family_id,E_SEVINGTN_BID,BID,0.0,,,,,0,0.0,0.0,0.1887719861180565,82.36037528752183,419,239,0.1493953021971908,27.59139327851204,38.39832500331034,0.1601607083120586,27.45217064343264,38.15456321879331,2025-05-26 SP14,E_SEVINGTN,E_SEVINGTN,E_SEVINGTN,E_SEVINGTN,GAS,UK Power Reserve Limited,419,0.0,1.0,32,Plant family
Family ID,marginal_family_id,E_SHILB_BID,BID,0.0,,,,,0,0.0,0.0,0.1887719861180565,82.36037528752183,420,240,0.1493953021971908,27.59139327851204,38.39832500331034,0.1601607083120586,27.45217064343264,38.15456321879331,2025-05-26 SP14,E_SHILB,E_SHILB,E_SHILB-1,E_SHILB,OTHER,Octopus Energy Trading Limited,420,0.0,1.0,32,Plant family
Family ID,marginal_family_id,E_SKELB_BID,BID,0.0,0.0,0.0,0.0,0.0,16,12.416666666666666,0.0,0.1887719861180565,82.36037528752183,421,241,0.1493953021971908,27.59139327851204,38.39832500331034,0.1601607083120586,27.45217064343264,38.15456321879331,2025-05-26 SP14,E_SKELB,E_SKELB,E_SKELB-1,E_SKELB,BATTERY,Tesla Motors Limited,421,0.0,1.0,32,Plant family
Family ID,marginal_family_id,E_SKELB_OFFER,OFFER,0.0,0.0,0.0,0.0,0.0,2,0.6,0.0,0.1887719861180565,82.36037528752183,422,181,0.1493953021971908,27.59139327851204,38.39832500331034,0.1601607083120586,27.45217064343264,38.15456321879331,2025-05-26 SP14,E_SKELB,E_SKELB,E_SKELB-1,E_SKELB,BATTERY,Tesla Motors Limited,422,0.0,1.0,32,Plant family
Family ID,marginal_family_id,E_SOLUTIA_OFFER,OFFER,0.0,0.0,0.0,0.0,0.0,3,3.0,0.0,0.1887719861180565,82.36037528752183,423,182,0.1493953021971908,27.59139327851204,38.39832500331034,0.1601607083120586,27.45217064343264,38.15456321879331,2025-05-26 SP14,E_SOLUTIA,E_SOLUTIA,E_SOLUTIA,E_SOLUTIA,GAS,UK Power Reserve Limited,423,0.0,1.0,32,Plant family
Family ID,marginal_family_id,E_SUDME_BID,BID,0.0,,,,,0,0.0,0.0,0.1887719861180565,82.36037528752183,424,242,0.1493953021971908,27.59139327851204,38.39832500331034,0.1601607083120586,27.45217064343264,38.15456321879331,2025-05-26 SP14,E_SUDME,E_SUDME,E_SUDME-1,E_SUDME,DIESEL,Conrad Energy (Trading) Ltd,424,0.0,1.0,32,Plant family
Family ID,marginal_family_id,E_SUDME_OFFER,OFFER,0.0,0.0,0.0,0.0,0.0,1,0.125,0.0,0.1887719861180565,82.36037528752183,425,183,0.1493953021971908,27.59139327851204,38.39832500331034,0.1601607083120586,27.45217064343264,38.15456321879331,2025-05-26 SP14,E_SUDME,E_SUDME,E_SUDME-1,E_SUDME,DIESEL,Conrad Energy (Trading) Ltd,425,0.0,1.0,32,Plant family
Family ID,marginal_family_id,E_TDRVE_BID,BID,0.0,,,,,0,0.0,0.0,0.1887719861180565,82.36037528752183,426,243,0.1493953021971908,27.59139327851204,38.39832500331034,0.1601607083120586,27.45217064343264,38.15456321879331,2025-05-26 SP14,E_TDRVE,E_TDRVE,E_TDRVE-1,E_TDRVE,OTHER,Conrad Energy (Trading) Ltd,426,0.0,1.0,32,Plant family
Family ID,marginal_family_id,E_TDRVE_OFFER,OFFER,0.0,0.0,0.0,0.0,0.0,1,0.25,0.0,0.1887719861180565,82.36037528752183,427,184,0.1493953021971908,27.59139327851204,38.39832500331034,0.1601607083120586,27.45217064343264,38.15456321879331,2025-05-26 SP14,E_TDRVE,E_TDRVE,E_TDRVE-1,E_TDRVE,OTHER,Conrad Energy (Trading) Ltd,427,0.0,1.0,32,Plant family
Family ID,marginal_family_id,E_THMRB_BID,BID,0.0,0.0,0.0,0.0,0.0,18,13.542857142857144,0.0,0.1887719861180565,82.36037528752183,428,244,0.1493953021971908,27.59139327851204,38.39832500331034,0.1601607083120586,27.45217064343264,38.15456321879331,2025-05-26 SP14,E_THMRB,E_THMRB,E_THMRB-1,E_THMRB,BATTERY,Tesla Motors Limited,428,0.0,1.0,32,Plant family
Family ID,marginal_family_id,E_THMRB_OFFER,OFFER,0.0,0.0,0.0,0.0,0.0,5,4.071428571428571,0.0,0.1887719861180565,82.36037528752183,429,185,0.1493953021971908,27.59139327851204,38.39832500331034,0.1601607083120586,27.45217064343264,38.15456321879331,2025-05-26 SP14,E_THMRB,E_THMRB,E_THMRB-1,E_THMRB,BATTERY,Tesla Motors Limited,429,0.0,1.0,32,Plant family
Family ID,marginal_family_id,E_THRNL_OFFER,OFFER,0.0,,,,,0,0.0,0.0,0.1887719861180565,82.36037528752183,430,186,0.1493953021971908,27.59139327851204,38.39832500331034,0.1601607083120586,27.45217064343264,38.15456321879331,2025-05-26 SP14,E_THRNL,E_THRNL,E_THRNL-1,E_THRNL,OCGT,Whitetower Energy Limited,430,0.0,1.0,32,Plant family
Family ID,marginal_family_id,E_TLYMW_OFFER,OFFER,0.0,,,,,0,0.0,0.0,0.1887719861180565,82.36037528752183,431,187,0.1493953021971908,27.59139327851204,38.39832500331034,0.1601607083120586,27.45217064343264,38.15456321879331,2025-05-26 SP14,E_TLYMW,E_TLYMW,E_TLYMW-1,E_TLYMW,WIND,EDF Energy Customers Limited,431,0.0,1.0,32,Plant family
Family ID,marginal_family_id,E_TOLLB_BID,BID,0.0,,,,,0,0.0,0.0,0.1887719861180565,82.36037528752183,432,245,0.1493953021971908,27.59139327851204,38.39832500331034,0.1601607083120586,27.45217064343264,38.15456321879331,2025-05-26 SP14,E_TOLLB,E_TOLLB,E_TOLLB-1,E_TOLLB,BATTERY,Tollgate Energy Storage Ltd,432,0.0,1.0,32,Plant family
Family ID,marginal_family_id,E_TOLLB_OFFER,OFFER,0.0,0.0,0.0,0.0,0.0,1,1.0,0.0,0.1887719861180565,82.36037528752183,433,188,0.1493953021971908,27.59139327851204,38.39832500331034,0.1601607083120586,27.45217064343264,38.15456321879331,2025-05-26 SP14,E_TOLLB,E_TOLLB,E_TOLLB-1,E_TOLLB,BATTERY,Tollgate Energy Storage Ltd,433,0.0,1.0,32,Plant family
Family ID,marginal_family_id,E_TRFPK_BID,BID,0.0,,,,,0,0.0,0.0,0.1887719861180565,82.36037528752183,434,246,0.1493953021971908,27.59139327851204,38.39832500331034,0.1601607083120586,27.45217064343264,38.15456321879331,2025-05-26 SP14,E_TRFPK,E_TRFPK,E_TRFPK-1,E_TRFPK,DIESEL,Conrad Energy (Trading) Ltd,434,0.0,1.0,32,Plant family
Family ID,marginal_family_id,E_TRFPK_OFFER,OFFER,0.0,0.0,0.0,0.0,0.0,1,1.0,0.0,0.1887719861180565,82.36037528752183,435,189,0.1493953021971908,27.59139327851204,38.39832500331034,0.1601607083120586,27.45217064343264,38.15456321879331,2025-05-26 SP14,E_TRFPK,E_TRFPK,E_TRFPK-1,E_TRFPK,DIESEL,Conrad Energy (Trading) Ltd,435,0.0,1.0,32,Plant family
Family ID,marginal_family_id,E_VKING_OFFER,OFFER,0.0,,,,,0,0.0,0.0,0.1887719861180565,82.36037528752183,436,190,0.1493953021971908,27.59139327851204,38.39832500331034,0.1601607083120586,27.45217064343264,38.15456321879331,2025-05-26 SP14,E_VKING,E_VKING,E_VKING-2,E_VKING,OCGT,Whitetower Energy Limited,436,0.0,1.0,32,Plant family
Family ID,marginal_family_id,E_WTRLN_OFFER,OFFER,0.0,,,,,0,0.0,0.0,0.1887719861180565,82.36037528752183,437,191,0.1493953021971908,27.59139327851204,38.39832500331034,0.1601607083120586,27.45217064343264,38.15456321879331,2025-05-26 SP14,E_WTRLN,E_WTRLN,E_WTRLN-1,E_WTRLN,DIESEL,Conrad Energy (Trading) Ltd,437,0.0,1.0,32,Plant family
Family ID,marginal_family_id,I_I2D-BKWE_BID,BID,0.0,,,,,0,0.0,0.0,0.1887719861180565,82.36037528752183,438,247,0.1493953021971908,27.59139327851204,38.39832500331034,0.1601607083120586,27.45217064343264,38.15456321879331,2025-05-26 SP14,I_I2D-BKWE,I_I2D-BKWE,I_I2D-BKWE1,I_I2D-BKWE,IFA2,BKW Energie AG,438,0.0,1.0,32,Plant family
Family ID,marginal_family_id,I_I2D-COPN_BID,BID,0.0,0.0,0.0,0.0,0.0,1,1.0,0.0,0.1887719861180565,82.36037528752183,439,248,0.1493953021971908,27.59139327851204,38.39832500331034,0.1601607083120586,27.45217064343264,38.15456321879331,2025-05-26 SP14,I_I2D-COPN,I_I2D-COPN,I_I2D-COPN1,I_I2D-COPN,IFA2,Copenhagen Energy Trading A/S,439,0.0,1.0,32,Plant family
Family ID,marginal_family_id,I_I2D-DARE_BID,BID,0.0,,,,,0,0.0,0.0,0.1887719861180565,82.36037528752183,440,249,0.1493953021971908,27.59139327851204,38.39832500331034,0.1601607083120586,27.45217064343264,38.15456321879331,2025-05-26 SP14,I_I2D-DARE,I_I2D-DARE,I_I2D-DARE1,I_I2D-DARE,IFA2,Dare Power Ltd,440,0.0,1.0,32,Plant family
Family ID,marginal_family_id,I_I2D-DMCC_BID,BID,0.0,,,,,0,0.0,0.0,0.1887719861180565,82.36037528752183,441,250,0.1493953021971908,27.59139327851204,38.39832500331034,0.1601607083120586,27.45217064343264,38.15456321879331,2025-05-26 SP14,I_I2D-DMCC,I_I2D-DMCC,I_I2D-DMCC1,I_I2D-DMCC,IFA2,Cobblestone Energy DMCC,441,0.0,1.0,32,Plant family
Family ID,marginal_family_id,I_I2D-DVAL_BID,BID,0.0,,,,,0,0.0,0.0,0.1887719861180565,82.36037528752183,442,251,0.1493953021971908,27.59139327851204,38.39832500331034,0.1601607083120586,27.45217064343264,38.15456321879331,2025-05-26 SP14,I_I2D-DVAL,I_I2D-DVAL,I_I2D-DVAL1,I_I2D-DVAL,IFA2,DVALIN ApS,442,0.0,1.0,32,Plant family
Family ID,marginal_family_id,I_I2D-HELI_BID,BID,0.0,,,,,0,0.0,0.0,0.1887719861180565,82.36037528752183,443,252,0.1493953021971908,27.59139327851204,38.39832500331034,0.1601607083120586,27.45217064343264,38.15456321879331,2025-05-26 SP14,I_I2D-HELI,I_I2D-HELI,I_I2D-HELI1,I_I2D-HELI,IFA2,Helios Power Trading A/S,443,0.0,1.0,32,Plant family
Family ID,marginal_family_id,I_I2D-INCM_BID,BID,0.0,,,,,0,0.0,0.0,0.1887719861180565,82.36037528752183,444,253,0.1493953021971908,27.59139327851204,38.39832500331034,0.1601607083120586,27.45217064343264,38.15456321879331,2025-05-26 SP14,I_I2D-INCM,I_I2D-INCM,I_I2D-INCM1,I_I2D-INCM,IFA2,IN COMMODITIES A/S,444,0.0,1.0,32,Plant family
Family ID,marginal_family_id,I_I2D-MFTE_BID,BID,0.0,,,,,0,0.0,0.0,0.1887719861180565,82.36037528752183,445,254,0.1493953021971908,27.59139327851204,38.39832500331034,0.1601607083120586,27.45217064343264,38.15456321879331,2025-05-26 SP14,I_I2D-MFTE,I_I2D-MFTE,I_I2D-MFTE1,I_I2D-MFTE,IFA2,MFT Energy A/S,445,0.0,1.0,32,Plant family
Family ID,marginal_family_id,I_I2D-NEAS_BID,BID,0.0,0.0,0.0,0.0,0.0,1,1.0,0.0,0.1887719861180565,82.36037528752183,446,255,0.1493953021971908,27.59139327851204,38.39832500331034,0.1601607083120586,27.45217064343264,38.15456321879331,2025-05-26 SP14,I_I2D-NEAS,I_I2D-NEAS,I_I2D-NEAS1,I_I2D-NEAS,IFA2,Centrica Energy Trading A/S,446,0.0,1.0,32,Plant family
Family ID,marginal_family_id,I_I2D-NITR_BID,BID,0.0,,,,,0,0.0,0.0,0.1887719861180565,82.36037528752183,447,256,0.1493953021971908,27.59139327851204,38.39832500331034,0.1601607083120586,27.45217064343264,38.15456321879331,2025-05-26 SP14,I_I2D-NITR,I_I2D-NITR,I_I2D-NITR1,I_I2D-NITR,IFA2,Nitor Energy A/S,447,0.0,1.0,32,Plant family
Family ID,marginal_family_id,I_I2D-NORL_BID,BID,0.0,,,,,0,0.0,0.0,0.1887719861180565,82.36037528752183,448,257,0.1493953021971908,27.59139327851204,38.39832500331034,0.1601607083120586,27.45217064343264,38.15456321879331,2025-05-26 SP14,I_I2D-NORL,I_I2D-NORL,I_I2D-NORL1,I_I2D-NORL,IFA2,Norlys Energy Trading A/S,448,0.0,1.0,32,Plant family
Family ID,marginal_family_id,I_I2D-NTPL_BID,BID,0.0,,,,,0,0.0,0.0,0.1887719861180565,82.36037528752183,449,258,0.1493953021971908,27.59139327851204,38.39832500331034,0.1601607083120586,27.45217064343264,38.15456321879331,2025-05-26 SP14,I_I2D-NTPL,I_I2D-NTPL,I_I2D-NTPL1,I_I2D-NTPL,IFA2,Northpool BV,449,0.0,1.0,32,Plant family
Family ID,marginal_family_id,I_I2D-OPMX_BID,BID,0.0,,,,,0,0.0,0.0,0.1887719861180565,82.36037528752183,450,259,0.1493953021971908,27.59139327851204,38.39832500331034,0.1601607083120586,27.45217064343264,38.15456321879331,2025-05-26 SP14,I_I2D-OPMX,I_I2D-OPMX,I_I2D-OPMX1,I_I2D-OPMX,IFA2,Optimax Energy GmbH,450,0.0,1.0,32,Plant family
Family ID,marginal_family_id,I_I2D-OUTL_BID,BID,0.0,0.0,0.0,0.0,0.0,2,2.0,0.0,0.1887719861180565,82.36037528752183,451,260,0.1493953021971908,27.59139327851204,38.39832500331034,0.1601607083120586,27.45217064343264,38.15456321879331,2025-05-26 SP14,I_I2D-OUTL,I_I2D-OUTL,I_I2D-OUTL1,I_I2D-OUTL,IFA2,Outlook Energy Ltd,451,0.0,1.0,32,Plant family
Family ID,marginal_family_id,I_I2D-SETL_BID,BID,0.0,0.0,0.0,0.0,0.0,1,1.0,0.0,0.1887719861180565,82.36037528752183,452,261,0.1493953021971908,27.59139327851204,38.39832500331034,0.1601607083120586,27.45217064343264,38.15456321879331,2025-05-26 SP14,I_I2D-SETL,I_I2D-SETL,I_I2D-SETL1,I_I2D-SETL,IFA2,Shell Energy Europe Limited,452,0.0,1.0,32,Plant family
Family ID,marginal_family_id,I_I2D-XNON_BID,BID,0.0,,,,,0,0.0,0.0,0.1887719861180565,82.36037528752183,453,262,0.1493953021971908,27.59139327851204,38.39832500331034,0.1601607083120586,27.45217064343264,38.15456321879331,2025-05-26 SP14,I_I2D-XNON,I_I2D-XNON,I_I2D-XNON1,I_I2D-XNON,IFA2,XENON CAPITAL MARKETS LTD,453,0.0,1.0,32,Plant family
Family ID,marginal_family_id,I_I2G-BKWE_OFFER,OFFER,0.0,,,,,0,0.0,0.0,0.1887719861180565,82.36037528752183,454,192,0.1493953021971908,27.59139327851204,38.39832500331034,0.1601607083120586,27.45217064343264,38.15456321879331,2025-05-26 SP14,I_I2G-BKWE,I_I2G-BKWE,I_I2G-BKWE1,I_I2G-BKWE,IFA2,BKW Energie AG,454,0.0,1.0,32,Plant family
Family ID,marginal_family_id,I_I2G-DMCC_OFFER,OFFER,0.0,,,,,0,0.0,0.0,0.1887719861180565,82.36037528752183,455,193,0.1493953021971908,27.59139327851204,38.39832500331034,0.1601607083120586,27.45217064343264,38.15456321879331,2025-05-26 SP14,I_I2G-DMCC,I_I2G-DMCC,I_I2G-DMCC1,I_I2G-DMCC,IFA2,Cobblestone Energy DMCC,455,0.0,1.0,32,Plant family
Family ID,marginal_family_id,I_I2G-DSKC_OFFER,OFFER,0.0,0.0,0.0,0.0,0.0,1,1.0,0.0,0.1887719861180565,82.36037528752183,456,194,0.1493953021971908,27.59139327851204,38.39832500331034,0.1601607083120586,27.45217064343264,38.15456321879331,2025-05-26 SP14,I_I2G-DSKC,I_I2G-DSKC,I_I2G-DSKC1,I_I2G-DSKC,IFA2,Danske Commodities A/S,456,0.0,1.0,32,Plant family
Family ID,marginal_family_id,I_I2G-DVAL_OFFER,OFFER,0.0,,,,,0,0.0,0.0,0.1887719861180565,82.36037528752183,457,195,0.1493953021971908,27.59139327851204,38.39832500331034,0.1601607083120586,27.45217064343264,38.15456321879331,2025-05-26 SP14,I_I2G-DVAL,I_I2G-DVAL,I_I2G-DVAL1,I_I2G-DVAL,IFA2,DVALIN ApS,457,0.0,1.0,32,Plant family
Family ID,marginal_family_id,I_I2G-EDMK_OFFER,OFFER,0.0,,,,,0,0.0,0.0,0.1887719861180565,82.36037528752183,458,196,0.1493953021971908,27.59139327851204,38.39832500331034,0.1601607083120586,27.45217064343264,38.15456321879331,2025-05-26 SP14,I_I2G-EDMK,I_I2G-EDMK,I_I2G-EDMK1,I_I2G-EDMK,IFA2,Mind Energy A/S,458,0.0,1.0,32,Plant family
Family ID,marginal_family_id,I_I2G-HELI_OFFER,OFFER,0.0,,,,,0,0.0,0.0,0.1887719861180565,82.36037528752183,459,197,0.1493953021971908,27.59139327851204,38.39832500331034,0.1601607083120586,27.45217064343264,38.15456321879331,2025-05-26 SP14,I_I2G-HELI,I_I2G-HELI,I_I2G-HELI1,I_I2G-HELI,IFA2,Helios Power Trading A/S,459,0.0,1.0,32,Plant family
Family ID,marginal_family_id,I_I2G-INCM_OFFER,OFFER,0.0,,,,,0,0.0,0.0,0.1887719861180565,82.36037528752183,460,198,0.1493953021971908,27.59139327851204,38.39832500331034,0.1601607083120586,27.45217064343264,38.15456321879331,2025-05-26 SP14,I_I2G-INCM,I_I2G-INCM,I_I2G-INCM1,I_I2G-INCM,IFA2,IN COMMODITIES A/S,460,0.0,1.0,32,Plant family
Family ID,marginal_family_id,I_I2G-MFTE_OFFER,OFFER,0.0,0.0,0.0,0.0,0.0,1,1.0,0.0,0.1887719861180565,82.36037528752183,461,199,0.1493953021971908,27.59139327851204,38.39832500331034,0.1601607083120586,27.45217064343264,38.15456321879331,2025-05-26 SP14,I_I2G-MFTE,I_I2G-MFTE,I_I2G-MFTE1,I_I2G-MFTE,IFA2,MFT Energy A/S,461,0.0,1.0,32,Plant family
Family ID,marginal_family_id,I_I2G-NEAS_OFFER,OFFER,0.0,0.0,0.0,0.0,0.0,1,1.0,0.0,0.1887719861180565,82.36037528752183,462,200,0.1493953021971908,27.59139327851204,38.39832500331034,0.1601607083120586,27.45217064343264,38.15456321879331,2025-05-26 SP14,I_I2G-NEAS,I_I2G-NEAS,I_I2G-NEAS1,I_I2G-NEAS,IFA2,Centrica Energy Trading A/S,462,0.0,1.0,32,Plant family
Family ID,marginal_family_id,I_I2G-NITR_OFFER,OFFER,0.0,,,,,0,0.0,0.0,0.1887719861180565,82.36037528752183,463,201,0.1493953021971908,27.59139327851204,38.39832500331034,0.1601607083120586,27.45217064343264,38.15456321879331,2025-05-26 SP14,I_I2G-NITR,I_I2G-NITR,I_I2G-NITR1,I_I2G-NITR,IFA2,Nitor Energy A/S,463,0.0,1.0,32,Plant family
Family ID,marginal_family_id,I_I2G-NORL_OFFER,OFFER,0.0,,,,,0,0.0,0.0,0.1887719861180565,82.36037528752183,464,202,0.1493953021971908,27.59139327851204,38.39832500331034,0.1601607083120586,27.45217064343264,38.15456321879331,2025-05-26 SP14,I_I2G-NORL,I_I2G-NORL,I_I2G-NORL1,I_I2G-NORL,IFA2,Norlys Energy Trading A/S,464,0.0,1.0,32,Plant family
Family ID,marginal_family_id,I_IBD-BKWE_BID,BID,0.0,,,,,0,0.0,0.0,0.1887719861180565,82.36037528752183,465,263,0.1493953021971908,27.59139327851204,38.39832500331034,0.1601607083120586,27.45217064343264,38.15456321879331,2025-05-26 SP14,I_IBD-BKWE,I_IBD-BKWE,I_IBD-BKWE1,I_IBD-BKWE,BritNed,BKW Energie AG,465,0.0,1.0,32,Plant family
Family ID,marginal_family_id,I_IBD-COPN_BID,BID,0.0,,,,,0,0.0,0.0,0.1887719861180565,82.36037528752183,466,264,0.1493953021971908,27.59139327851204,38.39832500331034,0.1601607083120586,27.45217064343264,38.15456321879331,2025-05-26 SP14,I_IBD-COPN,I_IBD-COPN,I_IBD-COPN1,I_IBD-COPN,BritNed,Copenhagen Energy Trading A/S,466,0.0,1.0,32,Plant family
Family ID,marginal_family_id,I_IBD-DVAL_BID,BID,0.0,,,,,0,0.0,0.0,0.1887719861180565,82.36037528752183,467,265,0.1493953021971908,27.59139327851204,38.39832500331034,0.1601607083120586,27.45217064343264,38.15456321879331,2025-05-26 SP14,I_IBD-DVAL,I_IBD-DVAL,I_IBD-DVAL1,I_IBD-DVAL,BritNed,DVALIN ApS,467,0.0,1.0,32,Plant family
Family ID,marginal_family_id,I_IBD-EDFT_BID,BID,0.0,,,,,0,0.0,0.0,0.1887719861180565,82.36037528752183,468,266,0.1493953021971908,27.59139327851204,38.39832500331034,0.1601607083120586,27.45217064343264,38.15456321879331,2025-05-26 SP14,I_IBD-EDFT,I_IBD-EDFT,I_IBD-EDFT1,I_IBD-EDFT,BritNed,EDF TRADING LIMITED,468,0.0,1.0,32,Plant family
Family ID,marginal_family_id,I_IBD-ELTR_BID,BID,0.0,,,,,0,0.0,0.0,0.1887719861180565,82.36037528752183,469,267,0.1493953021971908,27.59139327851204,38.39832500331034,0.1601607083120586,27.45217064343264,38.15456321879331,2025-05-26 SP14,I_IBD-ELTR,I_IBD-ELTR,I_IBD-ELTR1,I_IBD-ELTR,BritNed,ElectroRoute Energy Trading,469,0.0,1.0,32,Plant family
Family ID,marginal_family_id,I_IBD-HELI_BID,BID,0.0,,,,,0,0.0,0.0,0.1887719861180565,82.36037528752183,470,268,0.1493953021971908,27.59139327851204,38.39832500331034,0.1601607083120586,27.45217064343264,38.15456321879331,2025-05-26 SP14,I_IBD-HELI,I_IBD-HELI,I_IBD-HELI1,I_IBD-HELI,BritNed,Helios Power Trading A/S,470,0.0,1.0,32,Plant family
Family ID,marginal_family_id,I_IBD-IDCE_BID,BID,0.0,,,,,0,0.0,0.0,0.1887719861180565,82.36037528752183,471,269,0.1493953021971908,27.59139327851204,38.39832500331034,0.1601607083120586,27.45217064343264,38.15456321879331,2025-05-26 SP14,I_IBD-IDCE,I_IBD-IDCE,I_IBD-IDCE1,I_IBD-IDCE,BritNed,DC Energy Trading V.O.F.,471,0.0,1.0,32,Plant family
Family ID,marginal_family_id,I_IBD-NEAS_BID,BID,0.0,0.0,0.0,0.0,0.0,1,1.0,0.0,0.1887719861180565,82.36037528752183,472,270,0.1493953021971908,27.59139327851204,38.39832500331034,0.1601607083120586,27.45217064343264,38.15456321879331,2025-05-26 SP14,I_IBD-NEAS,I_IBD-NEAS,I_IBD-NEAS1,I_IBD-NEAS,BritNed,Centrica Energy Trading A/S,472,0.0,1.0,32,Plant family
Family ID,marginal_family_id,I_IBD-NEHO_BID,BID,0.0,,,,,0,0.0,0.0,0.1887719861180565,82.36037528752183,473,271,0.1493953021971908,27.59139327851204,38.39832500331034,0.1601607083120586,27.45217064343264,38.15456321879331,2025-05-26 SP14,I_IBD-NEHO,I_IBD-NEHO,I_IBD-NEHO1,I_IBD-NEHO,BritNed,Nordic Energy House ApS,473,0.0,1.0,32,Plant family
Family ID,marginal_family_id,I_IBD-NITR_BID,BID,0.0,,,,,0,0.0,0.0,0.1887719861180565,82.36037528752183,474,272,0.1493953021971908,27.59139327851204,38.39832500331034,0.1601607083120586,27.45217064343264,38.15456321879331,2025-05-26 SP14,I_IBD-NITR,I_IBD-NITR,I_IBD-NITR1,I_IBD-NITR,BritNed,Nitor Energy A/S,474,0.0,1.0,32,Plant family
Family ID,marginal_family_id,I_IBD-NORL_BID,BID,0.0,0.0,0.0,0.0,0.0,1,1.0,0.0,0.1887719861180565,82.36037528752183,475,273,0.1493953021971908,27.59139327851204,38.39832500331034,0.1601607083120586,27.45217064343264,38.15456321879331,2025-05-26 SP14,I_IBD-NORL,I_IBD-NORL,I_IBD-NORL1,I_IBD-NORL,BritNed,Norlys Energy Trading A/S,475,0.0,1.0,32,Plant family
Family ID,marginal_family_id,I_IBD-OPMX_BID,BID,0.0,,,,,0,0.0,0.0,0.1887719861180565,82.36037528752183,476,274,0.1493953021971908,27.59139327851204,38.39832500331034,0.1601607083120586,27.45217064343264,38.15456321879331,2025-05-26 SP14,I_IBD-OPMX,I_IBD-OPMX,I_IBD-OPMX1,I_IBD-OPMX,BritNed,Optimax Energy GmbH,476,0.0,1.0,32,Plant family
Family ID,marginal_family_id,I_IBD-OUTL_BID,BID,0.0,,,,,0,0.0,0.0,0.1887719861180565,82.36037528752183,477,275,0.1493953021971908,27.59139327851204,38.39832500331034,0.1601607083120586,27.45217064343264,38.15456321879331,2025-05-26 SP14,I_IBD-OUTL,I_IBD-OUTL,I_IBD-OUTL1,I_IBD-OUTL,BritNed,Outlook Energy Ltd,477,0.0,1.0,32,Plant family
Family ID,marginal_family_id,I_IBD-PWMR_BID,BID,0.0,,,,,0,0.0,0.0,0.1887719861180565,82.36037528752183,478,276,0.1493953021971908,27.59139327851204,38.39832500331034,0.1601607083120586,27.45217064343264,38.15456321879331,2025-05-26 SP14,I_IBD-PWMR,I_IBD-PWMR,I_IBD-PWMR1,I_IBD-PWMR,BritNed,PowerMart ApS,478,0.0,1.0,32,Plant family
Family ID,marginal_family_id,I_IBD-TRLS_BID,BID,0.0,,,,,0,0.0,0.0,0.1887719861180565,82.36037528752183,479,277,0.1493953021971908,27.59139327851204,38.39832500331034,0.1601607083120586,27.45217064343264,38.15456321879331,2025-05-26 SP14,I_IBD-TRLS,I_IBD-TRLS,I_IBD-TRLS1,I_IBD-TRLS,BritNed,Engelhart CTP Renewables GmbH,479,0.0,1.0,32,Plant family
Family ID,marginal_family_id,I_IBD-VETR_BID,BID,0.0,,,,,0,0.0,0.0,0.1887719861180565,82.36037528752183,480,278,0.1493953021971908,27.59139327851204,38.39832500331034,0.1601607083120586,27.45217064343264,38.15456321879331,2025-05-26 SP14,I_IBD-VETR,I_IBD-VETR,I_IBD-VETR1,I_IBD-VETR,BritNed,Vattenfall Energy Trading,480,0.0,1.0,32,Plant family
Family ID,marginal_family_id,I_IBG-BKWE_OFFER,OFFER,0.0,,,,,0,0.0,0.0,0.1887719861180565,82.36037528752183,481,203,0.1493953021971908,27.59139327851204,38.39832500331034,0.1601607083120586,27.45217064343264,38.15456321879331,2025-05-26 SP14,I_IBG-BKWE,I_IBG-BKWE,I_IBG-BKWE1,I_IBG-BKWE,BritNed,BKW Energie AG,481,0.0,1.0,32,Plant family
Family ID,marginal_family_id,I_IBG-CACM_OFFER,OFFER,0.0,,,,,0,0.0,0.0,0.1887719861180565,82.36037528752183,482,204,0.1493953021971908,27.59139327851204,38.39832500331034,0.1601607083120586,27.45217064343264,38.15456321879331,2025-05-26 SP14,I_IBG-CACM,I_IBG-CACM,I_IBG-CACM1,I_IBG-CACM,BritNed,C A Commodities A/S,482,0.0,1.0,32,Plant family
Family ID,marginal_family_id,I_IBG-COPN_OFFER,OFFER,0.0,,,,,0,0.0,0.0,0.1887719861180565,82.36037528752183,483,205,0.1493953021971908,27.59139327851204,38.39832500331034,0.1601607083120586,27.45217064343264,38.15456321879331,2025-05-26 SP14,I_IBG-COPN,I_IBG-COPN,I_IBG-COPN1,I_IBG-COPN,BritNed,Copenhagen Energy Trading A/S,483,0.0,1.0,32,Plant family
Family ID,marginal_family_id,I_IBG-DARE_OFFER,OFFER,0.0,,,,,0,0.0,0.0,0.1887719861180565,82.36037528752183,484,206,0.1493953021971908,27.59139327851204,38.39832500331034,0.1601607083120586,27.45217064343264,38.15456321879331,2025-05-26 SP14,I_IBG-DARE,I_IBG-DARE,I_IBG-DARE1,I_IBG-DARE,BritNed,Dare Power Ltd,484,0.0,1.0,32,Plant family
Family ID,marginal_family_id,I_IBG-DMCC_OFFER,OFFER,0.0,0.0,0.0,0.0,0.0,1,1.0,0.0,0.1887719861180565,82.36037528752183,485,207,0.1493953021971908,27.59139327851204,38.39832500331034,0.1601607083120586,27.45217064343264,38.15456321879331,2025-05-26 SP14,I_IBG-DMCC,I_IBG-DMCC,I_IBG-DMCC1,I_IBG-DMCC,BritNed,Cobblestone Energy DMCC,485,0.0,1.0,32,Plant family
Family ID,marginal_family_id,I_IBG-DSKC_OFFER,OFFER,0.0,0.0,0.0,0.0,0.0,1,1.0,0.0,0.1887719861180565,82.36037528752183,486,208,0.1493953021971908,27.59139327851204,38.39832500331034,0.1601607083120586,27.45217064343264,38.15456321879331,2025-05-26 SP14,I_IBG-DSKC,I_IBG-DSKC,I_IBG-DSKC1,I_IBG-DSKC,BritNed,Danske Commodities A/S,486,0.0,1.0,32,Plant family
Family ID,marginal_family_id,I_IBG-DVAL_OFFER,OFFER,0.0,,,,,0,0.0,0.0,0.1887719861180565,82.36037528752183,487,209,0.1493953021971908,27.59139327851204,38.39832500331034,0.1601607083120586,27.45217064343264,38.15456321879331,2025-05-26 SP14,I_IBG-DVAL,I_IBG-DVAL,I_IBG-DVAL1,I_IBG-DVAL,BritNed,DVALIN ApS,487,0.0,1.0,32,Plant family
Family ID,marginal_family_id,I_IBG-EDFT_OFFER,OFFER,0.0,,,,,0,0.0,0.0,0.1887719861180565,82.36037528752183,488,210,0.1493953021971908,27.59139327851204,38.39832500331034,0.1601607083120586,27.45217064343264,38.15456321879331,2025-05-26 SP14,I_IBG-EDFT,I_IBG-EDFT,I_IBG-EDFT1,I_IBG-EDFT,BritNed,EDF TRADING LIMITED,488,0.0,1.0,32,Plant family
Family ID,marginal_family_id,I_IBG-EDMK_OFFER,OFFER,0.0,0.0,0.0,0.0,0.0,1,1.0,0.0,0.1887719861180565,82.36037528752183,489,211,0.1493953021971908,27.59139327851204,38.39832500331034,0.1601607083120586,27.45217064343264,38.15456321879331,2025-05-26 SP14,I_IBG-EDMK,I_IBG-EDMK,I_IBG-EDMK1,I_IBG-EDMK,BritNed,Mind Energy A/S,489,0.0,1.0,32,Plant family
Family ID,marginal_family_id,I_IBG-ELEE_OFFER,OFFER,0.0,,,,,0,0.0,0.0,0.1887719861180565,82.36037528752183,490,212,0.1493953021971908,27.59139327851204,38.39832500331034,0.1601607083120586,27.45217064343264,38.15456321879331,2025-05-26 SP14,I_IBG-ELEE,I_IBG-ELEE,I_IBG-ELEE1,I_IBG-ELEE,BritNed,Electrabel SA,490,0.0,1.0,32,Plant family
Family ID,marginal_family_id,I_IBG-ELTR_OFFER,OFFER,0.0,,,,,0,0.0,0.0,0.1887719861180565,82.36037528752183,491,213,0.1493953021971908,27.59139327851204,38.39832500331034,0.1601607083120586,27.45217064343264,38.15456321879331,2025-05-26 SP14,I_IBG-ELTR,I_IBG-ELTR,I_IBG-ELTR1,I_IBG-ELTR,BritNed,ElectroRoute Energy Trading,491,0.0,1.0,32,Plant family
Family ID,marginal_family_id,I_IBG-EZCO_OFFER,OFFER,0.0,,,,,0,0.0,0.0,0.1887719861180565,82.36037528752183,492,214,0.1493953021971908,27.59139327851204,38.39832500331034,0.1601607083120586,27.45217064343264,38.15456321879331,2025-05-26 SP14,I_IBG-EZCO,I_IBG-EZCO,I_IBG-EZCO1,I_IBG-EZCO,BritNed,ENZEE Commodities A/S,492,0.0,1.0,32,Plant family
Family ID,marginal_family_id,I_IBG-HELI_OFFER,OFFER,0.0,,,,,0,0.0,0.0,0.1887719861180565,82.36037528752183,493,215,0.1493953021971908,27.59139327851204,38.39832500331034,0.1601607083120586,27.45217064343264,38.15456321879331,2025-05-26 SP14,I_IBG-HELI,I_IBG-HELI,I_IBG-HELI1,I_IBG-HELI,BritNed,Helios Power Trading A/S,493,0.0,1.0,32,Plant family
Family ID,marginal_family_id,I_IBG-IDCE_OFFER,OFFER,0.0,,,,,0,0.0,0.0,0.1887719861180565,82.36037528752183,494,216,0.1493953021971908,27.59139327851204,38.39832500331034,0.1601607083120586,27.45217064343264,38.15456321879331,2025-05-26 SP14,I_IBG-IDCE,I_IBG-IDCE,I_IBG-IDCE1,I_IBG-IDCE,BritNed,DC Energy Trading V.O.F.,494,0.0,1.0,32,Plant family
Family ID,marginal_family_id,I_IBG-MFTE_OFFER,OFFER,0.0,0.0,0.0,0.0,0.0,1,1.0,0.0,0.1887719861180565,82.36037528752183,495,217,0.1493953021971908,27.59139327851204,38.39832500331034,0.1601607083120586,27.45217064343264,38.15456321879331,2025-05-26 SP14,I_IBG-MFTE,I_IBG-MFTE,I_IBG-MFTE1,I_IBG-MFTE,BritNed,MFT Energy A/S,495,0.0,1.0,32,Plant family
Family ID,marginal_family_id,I_IBG-NEAS_OFFER,OFFER,0.0,0.0,0.0,0.0,0.0,1,1.0,0.0,0.1887719861180565,82.36037528752183,496,218,0.1493953021971908,27.59139327851204,38.39832500331034,0.1601607083120586,27.45217064343264,38.15456321879331,2025-05-26 SP14,I_IBG-NEAS,I_IBG-NEAS,I_IBG-NEAS1,I_IBG-NEAS,BritNed,Centrica Energy Trading A/S,496,0.0,1.0,32,Plant family
Family ID,marginal_family_id,I_IBG-NITR_OFFER,OFFER,0.0,0.0,0.0,0.0,0.0,2,2.0,0.0,0.1887719861180565,82.36037528752183,497,219,0.1493953021971908,27.59139327851204,38.39832500331034,0.1601607083120586,27.45217064343264,38.15456321879331,2025-05-26 SP14,I_IBG-NITR,I_IBG-NITR,I_IBG-NITR1,I_IBG-NITR,BritNed,Nitor Energy A/S,497,0.0,1.0,32,Plant family
Family ID,marginal_family_id,I_IBG-NORL_OFFER,OFFER,0.0,0.0,0.0,0.0,0.0,1,1.0,0.0,0.1887719861180565,82.36037528752183,498,220,0.1493953021971908,27.59139327851204,38.39832500331034,0.1601607083120586,27.45217064343264,38.15456321879331,2025-05-26 SP14,I_IBG-NORL,I_IBG-NORL,I_IBG-NORL1,I_IBG-NORL,BritNed,Norlys Energy Trading A/S,498,0.0,1.0,32,Plant family
Family ID,marginal_family_id,I_IBG-NTPL_OFFER,OFFER,0.0,,,,,0,0.0,0.0,0.1887719861180565,82.36037528752183,499,221,0.1493953021971908,27.59139327851204,38.39832500331034,0.1601607083120586,27.45217064343264,38.15456321879331,2025-05-26 SP14,I_IBG-NTPL,I_IBG-NTPL,I_IBG-NTPL1,I_IBG-NTPL,BritNed,Northpool BV,499,0.0,1.0,32,Plant family
Family ID,marginal_family_id,I_IBG-OPMX_OFFER,OFFER,0.0,,,,,0,0.0,0.0,0.1887719861180565,82.36037528752183,500,222,0.1493953021971908,27.59139327851204,38.39832500331034,0.1601607083120586,27.45217064343264,38.15456321879331,2025-05-26 SP14,I_IBG-OPMX,I_IBG-OPMX,I_IBG-OPMX1,I_IBG-OPMX,BritNed,Optimax Energy GmbH,500,0.0,1.0,32,Plant family
Family ID,marginal_family_id,I_IBG-OUTL_OFFER,OFFER,0.0,0.0,0.0,0.0,0.0,2,2.0,0.0,0.1887719861180565,82.36037528752183,501,223,0.1493953021971908,27.59139327851204,38.39832500331034,0.1601607083120586,27.45217064343264,38.15456321879331,2025-05-26 SP14,I_IBG-OUTL,I_IBG-OUTL,I_IBG-OUTL1,I_IBG-OUTL,BritNed,Outlook Energy Ltd,501,0.0,1.0,32,Plant family
Family ID,marginal_family_id,I_IBG-PWMR_OFFER,OFFER,0.0,,,,,0,0.0,0.0,0.1887719861180565,82.36037528752183,502,224,0.1493953021971908,27.59139327851204,38.39832500331034,0.1601607083120586,27.45217064343264,38.15456321879331,2025-05-26 SP14,I_IBG-PWMR,I_IBG-PWMR,I_IBG-PWMR1,I_IBG-PWMR,BritNed,PowerMart ApS,502,0.0,1.0,32,Plant family
Family ID,marginal_family_id,I_IBG-VETR_OFFER,OFFER,0.0,,,,,0,0.0,0.0,0.1887719861180565,82.36037528752183,503,225,0.1493953021971908,27.59139327851204,38.39832500331034,0.1601607083120586,27.45217064343264,38.15456321879331,2025-05-26 SP14,I_IBG-VETR,I_IBG-VETR,I_IBG-VETR1,I_IBG-VETR,BritNed,Vattenfall Energy Trading,503,0.0,1.0,32,Plant family
Family ID,marginal_family_id,I_IBG-XNON_OFFER,OFFER,0.0,,,,,0,0.0,0.0,0.1887719861180565,82.36037528752183,504,226,0.1493953021971908,27.59139327851204,38.39832500331034,0.1601607083120586,27.45217064343264,38.15456321879331,2025-05-26 SP14,I_IBG-XNON,I_IBG-XNON,I_IBG-XNON1,I_IBG-XNON,BritNed,XENON CAPITAL MARKETS LTD,504,0.0,1.0,32,Plant family
Family ID,marginal_family_id,I_IFD-BKWE_BID,BID,0.0,0.0,0.0,0.0,0.0,1,1.0,0.0,0.1887719861180565,82.36037528752183,505,279,0.1493953021971908,27.59139327851204,38.39832500331034,0.1601607083120586,27.45217064343264,38.15456321879331,2025-05-26 SP14,I_IFD-BKWE,I_IFD-BKWE,I_IFD-BKWE1,I_IFD-BKWE,IFA,BKW Energie AG,505,0.0,1.0,32,Plant family
Family ID,marginal_family_id,I_IFD-CBST_BID,BID,0.0,,,,,0,0.0,0.0,0.1887719861180565,82.36037528752183,506,280,0.1493953021971908,27.59139327851204,38.39832500331034,0.1601607083120586,27.45217064343264,38.15456321879331,2025-05-26 SP14,I_IFD-CBST,I_IFD-CBST,I_IFD-CBST1,I_IFD-CBST,IFA,Cobblestone Energy,506,0.0,1.0,32,Plant family
Family ID,marginal_family_id,I_IFD-COPN_BID,BID,0.0,0.0,0.0,0.0,0.0,1,1.0,0.0,0.1887719861180565,82.36037528752183,507,281,0.1493953021971908,27.59139327851204,38.39832500331034,0.1601607083120586,27.45217064343264,38.15456321879331,2025-05-26 SP14,I_IFD-COPN,I_IFD-COPN,I_IFD-COPN1,I_IFD-COPN,IFA,Copenhagen Energy Trading A/S,507,0.0,1.0,32,Plant family
Family ID,marginal_family_id,I_IFD-DMCC_BID,BID,0.0,,,,,0,0.0,0.0,0.1887719861180565,82.36037528752183,508,282,0.1493953021971908,27.59139327851204,38.39832500331034,0.1601607083120586,27.45217064343264,38.15456321879331,2025-05-26 SP14,I_IFD-DMCC,I_IFD-DMCC,I_IFD-DMCC1,I_IFD-DMCC,IFA,Cobblestone Energy DMCC,508,0.0,1.0,32,Plant family
Family ID,marginal_family_id,I_IFD-ELEE_BID,BID,0.0,,,,,0,0.0,0.0,0.1887719861180565,82.36037528752183,509,283,0.1493953021971908,27.59139327851204,38.39832500331034,0.1601607083120586,27.45217064343264,38.15456321879331,2025-05-26 SP14,I_IFD-ELEE,I_IFD-ELEE,I_IFD-ELEE1,I_IFD-ELEE,IFA,Electrabel SA,509,0.0,1.0,32,Plant family
Family ID,marginal_family_id,I_IFD-EZCO_BID,BID,0.0,,,,,0,0.0,0.0,0.1887719861180565,82.36037528752183,510,284,0.1493953021971908,27.59139327851204,38.39832500331034,0.1601607083120586,27.45217064343264,38.15456321879331,2025-05-26 SP14,I_IFD-EZCO,I_IFD-EZCO,I_IFD-EZCO1,I_IFD-EZCO,IFA,ENZEE Commodities A/S,510,0.0,1.0,32,Plant family
Family ID,marginal_family_id,I_IFD-HELI_BID,BID,0.0,,,,,0,0.0,0.0,0.1887719861180565,82.36037528752183,511,285,0.1493953021971908,27.59139327851204,38.39832500331034,0.1601607083120586,27.45217064343264,38.15456321879331,2025-05-26 SP14,I_IFD-HELI,I_IFD-HELI,I_IFD-HELI1,I_IFD-HELI,IFA,Helios Power Trading A/S,511,0.0,1.0,32,Plant family
Family ID,marginal_family_id,I_IFD-INCM_BID,BID,0.0,,,,,0,0.0,0.0,0.1887719861180565,82.36037528752183,512,286,0.1493953021971908,27.59139327851204,38.39832500331034,0.1601607083120586,27.45217064343264,38.15456321879331,2025-05-26 SP14,I_IFD-INCM,I_IFD-INCM,I_IFD-INCM1,I_IFD-INCM,IFA,IN COMMODITIES A/S,512,0.0,1.0,32,Plant family
Family ID,marginal_family_id,I_IFD-NORL_BID,BID,0.0,,,,,0,0.0,0.0,0.1887719861180565,82.36037528752183,513,287,0.1493953021971908,27.59139327851204,38.39832500331034,0.1601607083120586,27.45217064343264,38.15456321879331,2025-05-26 SP14,I_IFD-NORL,I_IFD-NORL,I_IFD-NORL1,I_IFD-NORL,IFA,Norlys Energy Trading A/S,513,0.0,1.0,32,Plant family
Family ID,marginal_family_id,I_IFD-NTPL_BID,BID,0.0,0.0,0.0,0.0,0.0,1,1.0,0.0,0.1887719861180565,82.36037528752183,514,288,0.1493953021971908,27.59139327851204,38.39832500331034,0.1601607083120586,27.45217064343264,38.15456321879331,2025-05-26 SP14,I_IFD-NTPL,I_IFD-NTPL,I_IFD-NTPL1,I_IFD-NTPL,IFA,Northpool BV,514,0.0,1.0,32,Plant family
Family ID,marginal_family_id,I_IFD-OPMX_BID,BID,0.0,,,,,0,0.0,0.0,0.1887719861180565,82.36037528752183,515,289,0.1493953021971908,27.59139327851204,38.39832500331034,0.1601607083120586,27.45217064343264,38.15456321879331,2025-05-26 SP14,I_IFD-OPMX,I_IFD-OPMX,I_IFD-OPMX1,I_IFD-OPMX,IFA,Optimax Energy GmbH,515,0.0,1.0,32,Plant family
Family ID,marginal_family_id,I_IFD-OUTL_BID,BID,0.0,,,,,0,0.0,0.0,0.1887719861180565,82.36037528752183,516,290,0.1493953021971908,27.59139327851204,38.39832500331034,0.1601607083120586,27.45217064343264,38.15456321879331,2025-05-26 SP14,I_IFD-OUTL,I_IFD-OUTL,I_IFD-OUTL1,I_IFD-OUTL,IFA,Outlook Energy Ltd,516,0.0,1.0,32,Plant family
Family ID,marginal_family_id,I_IFD-TRLS_BID,BID,0.0,,,,,0,0.0,0.0,0.1887719861180565,82.36037528752183,517,291,0.1493953021971908,27.59139327851204,38.39832500331034,0.1601607083120586,27.45217064343264,38.15456321879331,2025-05-26 SP14,I_IFD-TRLS,I_IFD-TRLS,I_IFD-TRLS1,I_IFD-TRLS,IFA,Engelhart CTP Renewables GmbH,517,0.0,1.0,32,Plant family
Family ID,marginal_family_id,I_IFD-VOLT_BID,BID,0.0,,,,,0,0.0,0.0,0.1887719861180565,82.36037528752183,518,292,0.1493953021971908,27.59139327851204,38.39832500331034,0.1601607083120586,27.45217064343264,38.15456321879331,2025-05-26 SP14,I_IFD-VOLT,I_IFD-VOLT,I_IFD-VOLT1,I_IFD-VOLT,IFA,Volta Energy DAC,518,0.0,1.0,32,Plant family
Family ID,marginal_family_id,I_IFD-XNON_BID,BID,0.0,,,,,0,0.0,0.0,0.1887719861180565,82.36037528752183,519,293,0.1493953021971908,27.59139327851204,38.39832500331034,0.1601607083120586,27.45217064343264,38.15456321879331,2025-05-26 SP14,I_IFD-XNON,I_IFD-XNON,I_IFD-XNON1,I_IFD-XNON,IFA,XENON CAPITAL MARKETS LTD,519,0.0,1.0,32,Plant family
Family ID,marginal_family_id,I_IFG-COPN_OFFER,OFFER,0.0,0.0,0.0,0.0,0.0,1,1.0,0.0,0.1887719861180565,82.36037528752183,520,227,0.1493953021971908,27.59139327851204,38.39832500331034,0.1601607083120586,27.45217064343264,38.15456321879331,2025-05-26 SP14,I_IFG-COPN,I_IFG-COPN,I_IFG-COPN1,I_IFG-COPN,IFA,Copenhagen Energy Trading A/S,520,0.0,1.0,32,Plant family
Family ID,marginal_family_id,I_IFG-DVAL_OFFER,OFFER,0.0,0.0,0.0,0.0,0.0,1,1.0,0.0,0.1887719861180565,82.36037528752183,521,228,0.1493953021971908,27.59139327851204,38.39832500331034,0.1601607083120586,27.45217064343264,38.15456321879331,2025-05-26 SP14,I_IFG-DVAL,I_IFG-DVAL,I_IFG-DVAL1,I_IFG-DVAL,IFA,DVALIN ApS,521,0.0,1.0,32,Plant family
Family ID,marginal_family_id,I_IFG-EDMK_OFFER,OFFER,0.0,,,,,0,0.0,0.0,0.1887719861180565,82.36037528752183,522,229,0.1493953021971908,27.59139327851204,38.39832500331034,0.1601607083120586,27.45217064343264,38.15456321879331,2025-05-26 SP14,I_IFG-EDMK,I_IFG-EDMK,I_IFG-EDMK1,I_IFG-EDMK,IFA,Mind Energy A/S,522,0.0,1.0,32,Plant family
Family ID,marginal_family_id,I_IFG-ENTC_OFFER,OFFER,0.0,,,,,0,0.0,0.0,0.1887719861180565,82.36037528752183,523,230,0.1493953021971908,27.59139327851204,38.39832500331034,0.1601607083120586,27.45217064343264,38.15456321879331,2025-05-26 SP14,I_IFG-ENTC,I_IFG-ENTC,I_IFG-ENTC1,I_IFG-ENTC,IFA,Energetech Europe BV,523,0.0,1.0,32,Plant family
Family ID,marginal_family_id,I_IFG-INCM_OFFER,OFFER,0.0,,,,,0,0.0,0.0,0.1887719861180565,82.36037528752183,524,231,0.1493953021971908,27.59139327851204,38.39832500331034,0.1601607083120586,27.45217064343264,38.15456321879331,2025-05-26 SP14,I_IFG-INCM,I_IFG-INCM,I_IFG-INCM1,I_IFG-INCM,IFA,IN COMMODITIES A/S,524,0.0,1.0,32,Plant family
Family ID,marginal_family_id,I_IFG-MFTE_OFFER,OFFER,0.0,,,,,0,0.0,0.0,0.1887719861180565,82.36037528752183,525,232,0.1493953021971908,27.59139327851204,38.39832500331034,0.1601607083120586,27.45217064343264,38.15456321879331,2025-05-26 SP14,I_IFG-MFTE,I_IFG-MFTE,I_IFG-MFTE1,I_IFG-MFTE,IFA,MFT Energy A/S,525,0.0,1.0,32,Plant family
Family ID,marginal_family_id,I_IFG-NEAS_OFFER,OFFER,0.0,,,,,0,0.0,0.0,0.1887719861180565,82.36037528752183,526,233,0.1493953021971908,27.59139327851204,38.39832500331034,0.1601607083120586,27.45217064343264,38.15456321879331,2025-05-26 SP14,I_IFG-NEAS,I_IFG-NEAS,I_IFG-NEAS1,I_IFG-NEAS,IFA,Centrica Energy Trading A/S,526,0.0,1.0,32,Plant family
Family ID,marginal_family_id,I_IFG-NITR_OFFER,OFFER,0.0,,,,,0,0.0,0.0,0.1887719861180565,82.36037528752183,527,234,0.1493953021971908,27.59139327851204,38.39832500331034,0.1601607083120586,27.45217064343264,38.15456321879331,2025-05-26 SP14,I_IFG-NITR,I_IFG-NITR,I_IFG-NITR1,I_IFG-NITR,IFA,Nitor Energy A/S,527,0.0,1.0,32,Plant family
Family ID,marginal_family_id,I_IFG-NORL_OFFER,OFFER,0.0,,,,,0,0.0,0.0,0.1887719861180565,82.36037528752183,528,235,0.1493953021971908,27.59139327851204,38.39832500331034,0.1601607083120586,27.45217064343264,38.15456321879331,2025-05-26 SP14,I_IFG-NORL,I_IFG-NORL,I_IFG-NORL1,I_IFG-NORL,IFA,Norlys Energy Trading A/S,528,0.0,1.0,32,Plant family
Family ID,marginal_family_id,I_IFG-NTPL_OFFER,OFFER,0.0,,,,,0,0.0,0.0,0.1887719861180565,82.36037528752183,529,236,0.1493953021971908,27.59139327851204,38.39832500331034,0.1601607083120586,27.45217064343264,38.15456321879331,2025-05-26 SP14,I_IFG-NTPL,I_IFG-NTPL,I_IFG-NTPL1,I_IFG-NTPL,IFA,Northpool BV,529,0.0,1.0,32,Plant family
Family ID,marginal_family_id,I_IFG-OPMX_OFFER,OFFER,0.0,,,,,0,0.0,0.0,0.1887719861180565,82.36037528752183,530,237,0.1493953021971908,27.59139327851204,38.39832500331034,0.1601607083120586,27.45217064343264,38.15456321879331,2025-05-26 SP14,I_IFG-OPMX,I_IFG-OPMX,I_IFG-OPMX1,I_IFG-OPMX,IFA,Optimax Energy GmbH,530,0.0,1.0,32,Plant family
Family ID,marginal_family_id,I_IFG-OUTL_OFFER,OFFER,0.0,0.0,0.0,0.0,0.0,1,1.0,0.0,0.1887719861180565,82.36037528752183,531,238,0.1493953021971908,27.59139327851204,38.39832500331034,0.1601607083120586,27.45217064343264,38.15456321879331,2025-05-26 SP14,I_IFG-OUTL,I_IFG-OUTL,I_IFG-OUTL1,I_IFG-OUTL,IFA,Outlook Energy Ltd,531,0.0,1.0,32,Plant family
Family ID,marginal_family_id,I_IFG-TRLS_OFFER,OFFER,0.0,,,,,0,0.0,0.0,0.1887719861180565,82.36037528752183,532,239,0.1493953021971908,27.59139327851204,38.39832500331034,0.1601607083120586,27.45217064343264,38.15456321879331,2025-05-26 SP14,I_IFG-TRLS,I_IFG-TRLS,I_IFG-TRLS1,I_IFG-TRLS,IFA,Engelhart CTP Renewables GmbH,532,0.0,1.0,32,Plant family
Family ID,marginal_family_id,I_ILD-DSKC_BID,BID,0.0,,,,,0,0.0,0.0,0.1887719861180565,82.36037528752183,533,294,0.1493953021971908,27.59139327851204,38.39832500331034,0.1601607083120586,27.45217064343264,38.15456321879331,2025-05-26 SP14,I_ILD-DSKC,I_ILD-DSKC,I_ILD-DSKC1,I_ILD-DSKC,Eleclink,Danske Commodities A/S,533,0.0,1.0,32,Plant family
Family ID,marginal_family_id,I_ILD-EDFT_BID,BID,0.0,0.0,0.0,0.0,0.0,1,1.0,0.0,0.1887719861180565,82.36037528752183,534,295,0.1493953021971908,27.59139327851204,38.39832500331034,0.1601607083120586,27.45217064343264,38.15456321879331,2025-05-26 SP14,I_ILD-EDFT,I_ILD-EDFT,I_ILD-EDFT1,I_ILD-EDFT,Eleclink,EDF TRADING LIMITED,534,0.0,1.0,32,Plant family
Family ID,marginal_family_id,I_ILD-EDMK_BID,BID,0.0,,,,,0,0.0,0.0,0.1887719861180565,82.36037528752183,535,296,0.1493953021971908,27.59139327851204,38.39832500331034,0.1601607083120586,27.45217064343264,38.15456321879331,2025-05-26 SP14,I_ILD-EDMK,I_ILD-EDMK,I_ILD-EDMK1,I_ILD-EDMK,Eleclink,Mind Energy A/S,535,0.0,1.0,32,Plant family
Family ID,marginal_family_id,I_ILD-HELI_BID,BID,0.0,,,,,0,0.0,0.0,0.1887719861180565,82.36037528752183,536,297,0.1493953021971908,27.59139327851204,38.39832500331034,0.1601607083120586,27.45217064343264,38.15456321879331,2025-05-26 SP14,I_ILD-HELI,I_ILD-HELI,I_ILD-HELI1,I_ILD-HELI,Eleclink,Helios Power Trading A/S,536,0.0,1.0,32,Plant family
Family ID,marginal_family_id,I_ILD-INCM_BID,BID,0.0,0.0,0.0,0.0,0.0,1,1.0,0.0,0.1887719861180565,82.36037528752183,537,298,0.1493953021971908,27.59139327851204,38.39832500331034,0.1601607083120586,27.45217064343264,38.15456321879331,2025-05-26 SP14,I_ILD-INCM,I_ILD-INCM,I_ILD-INCM1,I_ILD-INCM,Eleclink,IN COMMODITIES A/S,537,0.0,1.0,32,Plant family
Family ID,marginal_family_id,I_ILD-MFTE_BID,BID,0.0,,,,,0,0.0,0.0,0.1887719861180565,82.36037528752183,538,299,0.1493953021971908,27.59139327851204,38.39832500331034,0.1601607083120586,27.45217064343264,38.15456321879331,2025-05-26 SP14,I_ILD-MFTE,I_ILD-MFTE,I_ILD-MFTE1,I_ILD-MFTE,Eleclink,MFT Energy A/S,538,0.0,1.0,32,Plant family
Family ID,marginal_family_id,I_ILD-NEAS_BID,BID,0.0,,,,,0,0.0,0.0,0.1887719861180565,82.36037528752183,539,300,0.1493953021971908,27.59139327851204,38.39832500331034,0.1601607083120586,27.45217064343264,38.15456321879331,2025-05-26 SP14,I_ILD-NEAS,I_ILD-NEAS,I_ILD-NEAS1,I_ILD-NEAS,Eleclink,Centrica Energy Trading A/S,539,0.0,1.0,32,Plant family
Family ID,marginal_family_id,I_ILD-NTPL_BID,BID,0.0,,,,,0,0.0,0.0,0.1887719861180565,82.36037528752183,540,301,0.1493953021971908,27.59139327851204,38.39832500331034,0.1601607083120586,27.45217064343264,38.15456321879331,2025-05-26 SP14,I_ILD-NTPL,I_ILD-NTPL,I_ILD-NTPL1,I_ILD-NTPL,Eleclink,Northpool BV,540,0.0,1.0,32,Plant family
Family ID,marginal_family_id,I_ILD-OUTL_BID,BID,0.0,0.0,0.0,0.0,0.0,1,1.0,0.0,0.1887719861180565,82.36037528752183,541,302,0.1493953021971908,27.59139327851204,38.39832500331034,0.1601607083120586,27.45217064343264,38.15456321879331,2025-05-26 SP14,I_ILD-OUTL,I_ILD-OUTL,I_ILD-OUTL1,I_ILD-OUTL,Eleclink,Outlook Energy Ltd,541,0.0,1.0,32,Plant family
Family ID,marginal_family_id,I_ILG-BKWE_OFFER,OFFER,0.0,,,,,0,0.0,0.0,0.1887719861180565,82.36037528752183,542,240,0.1493953021971908,27.59139327851204,38.39832500331034,0.1601607083120586,27.45217064343264,38.15456321879331,2025-05-26 SP14,I_ILG-BKWE,I_ILG-BKWE,I_ILG-BKWE1,I_ILG-BKWE,Eleclink,BKW Energie AG,542,0.0,1.0,32,Plant family
Family ID,marginal_family_id,I_ILG-DMCC_OFFER,OFFER,0.0,,,,,0,0.0,0.0,0.1887719861180565,82.36037528752183,543,241,0.1493953021971908,27.59139327851204,38.39832500331034,0.1601607083120586,27.45217064343264,38.15456321879331,2025-05-26 SP14,I_ILG-DMCC,I_ILG-DMCC,I_ILG-DMCC1,I_ILG-DMCC,Eleclink,Cobblestone Energy DMCC,543,0.0,1.0,32,Plant family
Family ID,marginal_family_id,I_ILG-DSKC_OFFER,OFFER,0.0,,,,,0,0.0,0.0,0.1887719861180565,82.36037528752183,544,242,0.1493953021971908,27.59139327851204,38.39832500331034,0.1601607083120586,27.45217064343264,38.15456321879331,2025-05-26 SP14,I_ILG-DSKC,I_ILG-DSKC,I_ILG-DSKC1,I_ILG-DSKC,Eleclink,Danske Commodities A/S,544,0.0,1.0,32,Plant family
Family ID,marginal_family_id,I_ILG-EDFT_OFFER,OFFER,0.0,,,,,0,0.0,0.0,0.1887719861180565,82.36037528752183,545,243,0.1493953021971908,27.59139327851204,38.39832500331034,0.1601607083120586,27.45217064343264,38.15456321879331,2025-05-26 SP14,I_ILG-EDFT,I_ILG-EDFT,I_ILG-EDFT1,I_ILG-EDFT,Eleclink,EDF TRADING LIMITED,545,0.0,1.0,32,Plant family
Family ID,marginal_family_id,I_ILG-INCM_OFFER,OFFER,0.0,,,,,0,0.0,0.0,0.1887719861180565,82.36037528752183,546,244,0.1493953021971908,27.59139327851204,38.39832500331034,0.1601607083120586,27.45217064343264,38.15456321879331,2025-05-26 SP14,I_ILG-INCM,I_ILG-INCM,I_ILG-INCM1,I_ILG-INCM,Eleclink,IN COMMODITIES A/S,546,0.0,1.0,32,Plant family
Family ID,marginal_family_id,I_ILG-NITR_OFFER,OFFER,0.0,,,,,0,0.0,0.0,0.1887719861180565,82.36037528752183,547,245,0.1493953021971908,27.59139327851204,38.39832500331034,0.1601607083120586,27.45217064343264,38.15456321879331,2025-05-26 SP14,I_ILG-NITR,I_ILG-NITR,I_ILG-NITR1,I_ILG-NITR,Eleclink,Nitor Energy A/S,547,0.0,1.0,32,Plant family
Family ID,marginal_family_id,I_ILG-NTPL_OFFER,OFFER,0.0,,,,,0,0.0,0.0,0.1887719861180565,82.36037528752183,548,246,0.1493953021971908,27.59139327851204,38.39832500331034,0.1601607083120586,27.45217064343264,38.15456321879331,2025-05-26 SP14,I_ILG-NTPL,I_ILG-NTPL,I_ILG-NTPL1,I_ILG-NTPL,Eleclink,Northpool BV,548,0.0,1.0,32,Plant family
Family ID,marginal_family_id,I_ILG-OUTL_OFFER,OFFER,0.0,,,,,0,0.0,0.0,0.1887719861180565,82.36037528752183,549,247,0.1493953021971908,27.59139327851204,38.39832500331034,0.1601607083120586,27.45217064343264,38.15456321879331,2025-05-26 SP14,I_ILG-OUTL,I_ILG-OUTL,I_ILG-OUTL1,I_ILG-OUTL,Eleclink,Outlook Energy Ltd,549,0.0,1.0,32,Plant family
Family ID,marginal_family_id,I_IND-CBST_BID,BID,0.0,0.0,0.0,0.0,0.0,1,1.0,0.0,0.1887719861180565,82.36037528752183,550,303,0.1493953021971908,27.59139327851204,38.39832500331034,0.1601607083120586,27.45217064343264,38.15456321879331,2025-05-26 SP14,I_IND-CBST,I_IND-CBST,I_IND-CBST1,I_IND-CBST,NEMO,Cobblestone Energy,550,0.0,1.0,32,Plant family
Family ID,marginal_family_id,I_IND-COPN_BID,BID,0.0,,,,,0,0.0,0.0,0.1887719861180565,82.36037528752183,551,304,0.1493953021971908,27.59139327851204,38.39832500331034,0.1601607083120586,27.45217064343264,38.15456321879331,2025-05-26 SP14,I_IND-COPN,I_IND-COPN,I_IND-COPN1,I_IND-COPN,NEMO,Copenhagen Energy Trading A/S,551,0.0,1.0,32,Plant family
Family ID,marginal_family_id,I_IND-DMCC_BID,BID,0.0,,,,,0,0.0,0.0,0.1887719861180565,82.36037528752183,552,305,0.1493953021971908,27.59139327851204,38.39832500331034,0.1601607083120586,27.45217064343264,38.15456321879331,2025-05-26 SP14,I_IND-DMCC,I_IND-DMCC,I_IND-DMCC1,I_IND-DMCC,NEMO,Cobblestone Energy DMCC,552,0.0,1.0,32,Plant family
Family ID,marginal_family_id,I_IND-DVAL_BID,BID,0.0,,,,,0,0.0,0.0,0.1887719861180565,82.36037528752183,553,306,0.1493953021971908,27.59139327851204,38.39832500331034,0.1601607083120586,27.45217064343264,38.15456321879331,2025-05-26 SP14,I_IND-DVAL,I_IND-DVAL,I_IND-DVAL1,I_IND-DVAL,NEMO,DVALIN ApS,553,0.0,1.0,32,Plant family
Family ID,marginal_family_id,I_IND-EDFT_BID,BID,0.0,0.0,0.0,0.0,0.0,1,1.0,0.0,0.1887719861180565,82.36037528752183,554,307,0.1493953021971908,27.59139327851204,38.39832500331034,0.1601607083120586,27.45217064343264,38.15456321879331,2025-05-26 SP14,I_IND-EDFT,I_IND-EDFT,I_IND-EDFT1,I_IND-EDFT,NEMO,EDF TRADING LIMITED,554,0.0,1.0,32,Plant family
Family ID,marginal_family_id,I_IND-EDMK_BID,BID,0.0,,,,,0,0.0,0.0,0.1887719861180565,82.36037528752183,555,308,0.1493953021971908,27.59139327851204,38.39832500331034,0.1601607083120586,27.45217064343264,38.15456321879331,2025-05-26 SP14,I_IND-EDMK,I_IND-EDMK,I_IND-EDMK1,I_IND-EDMK,NEMO,Mind Energy A/S,555,0.0,1.0,32,Plant family
Family ID,marginal_family_id,I_IND-ELEE_BID,BID,0.0,0.0,0.0,0.0,0.0,1,1.0,0.0,0.1887719861180565,82.36037528752183,556,309,0.1493953021971908,27.59139327851204,38.39832500331034,0.1601607083120586,27.45217064343264,38.15456321879331,2025-05-26 SP14,I_IND-ELEE,I_IND-ELEE,I_IND-ELEE1,I_IND-ELEE,NEMO,Electrabel SA,556,0.0,1.0,32,Plant family
Family ID,marginal_family_id,I_IND-HELI_BID,BID,0.0,,,,,0,0.0,0.0,0.1887719861180565,82.36037528752183,557,310,0.1493953021971908,27.59139327851204,38.39832500331034,0.1601607083120586,27.45217064343264,38.15456321879331,2025-05-26 SP14,I_IND-HELI,I_IND-HELI,I_IND-HELI1,I_IND-HELI,NEMO,Helios Power Trading A/S,557,0.0,1.0,32,Plant family
Family ID,marginal_family_id,I_IND-NEAS_BID,BID,0.0,,,,,0,0.0,0.0,0.1887719861180565,82.36037528752183,558,311,0.1493953021971908,27.59139327851204,38.39832500331034,0.1601607083120586,27.45217064343264,38.15456321879331,2025-05-26 SP14,I_IND-NEAS,I_IND-NEAS,I_IND-NEAS1,I_IND-NEAS,NEMO,Centrica Energy Trading A/S,558,0.0,1.0,32,Plant family
Family ID,marginal_family_id,I_IND-NITR_BID,BID,0.0,,,,,0,0.0,0.0,0.1887719861180565,82.36037528752183,559,312,0.1493953021971908,27.59139327851204,38.39832500331034,0.1601607083120586,27.45217064343264,38.15456321879331,2025-05-26 SP14,I_IND-NITR,I_IND-NITR,I_IND-NITR1,I_IND-NITR,NEMO,Nitor Energy A/S,559,0.0,1.0,32,Plant family
Family ID,marginal_family_id,I_IND-NORL_BID,BID,0.0,0.0,0.0,0.0,0.0,1,1.0,0.0,0.1887719861180565,82.36037528752183,560,313,0.1493953021971908,27.59139327851204,38.39832500331034,0.1601607083120586,27.45217064343264,38.15456321879331,2025-05-26 SP14,I_IND-NORL,I_IND-NORL,I_IND-NORL1,I_IND-NORL,NEMO,Norlys Energy Trading A/S,560,0.0,1.0,32,Plant family
Family ID,marginal_family_id,I_IND-OUTL_BID,BID,0.0,,,,,0,0.0,0.0,0.1887719861180565,82.36037528752183,561,314,0.1493953021971908,27.59139327851204,38.39832500331034,0.1601607083120586,27.45217064343264,38.15456321879331,2025-05-26 SP14,I_IND-OUTL,I_IND-OUTL,I_IND-OUTL1,I_IND-OUTL,NEMO,Outlook Energy Ltd,561,0.0,1.0,32,Plant family
Family ID,marginal_family_id,I_IND-PWMR_BID,BID,0.0,0.0,0.0,0.0,0.0,2,2.0,0.0,0.1887719861180565,82.36037528752183,562,315,0.1493953021971908,27.59139327851204,38.39832500331034,0.1601607083120586,27.45217064343264,38.15456321879331,2025-05-26 SP14,I_IND-PWMR,I_IND-PWMR,I_IND-PWMR1,I_IND-PWMR,NEMO,PowerMart ApS,562,0.0,1.0,32,Plant family
Family ID,marginal_family_id,I_IND-SETL_BID,BID,0.0,,,,,0,0.0,0.0,0.1887719861180565,82.36037528752183,563,316,0.1493953021971908,27.59139327851204,38.39832500331034,0.1601607083120586,27.45217064343264,38.15456321879331,2025-05-26 SP14,I_IND-SETL,I_IND-SETL,I_IND-SETL1,I_IND-SETL,NEMO,Shell Energy Europe Limited,563,0.0,1.0,32,Plant family
Family ID,marginal_family_id,I_IND-TRLS_BID,BID,0.0,,,,,0,0.0,0.0,0.1887719861180565,82.36037528752183,564,317,0.1493953021971908,27.59139327851204,38.39832500331034,0.1601607083120586,27.45217064343264,38.15456321879331,2025-05-26 SP14,I_IND-TRLS,I_IND-TRLS,I_IND-TRLS1,I_IND-TRLS,NEMO,Engelhart CTP Renewables GmbH,564,0.0,1.0,32,Plant family
Family ID,marginal_family_id,I_ING-CBST_OFFER,OFFER,0.0,,,,,0,0.0,0.0,0.1887719861180565,82.36037528752183,565,248,0.1493953021971908,27.59139327851204,38.39832500331034,0.1601607083120586,27.45217064343264,38.15456321879331,2025-05-26 SP14,I_ING-CBST,I_ING-CBST,I_ING-CBST1,I_ING-CBST,NEMO,Cobblestone Energy,565,0.0,1.0,32,Plant family
Family ID,marginal_family_id,I_ING-COPN_OFFER,OFFER,0.0,,,,,0,0.0,0.0,0.1887719861180565,82.36037528752183,566,249,0.1493953021971908,27.59139327851204,38.39832500331034,0.1601607083120586,27.45217064343264,38.15456321879331,2025-05-26 SP14,I_ING-COPN,I_ING-COPN,I_ING-COPN1,I_ING-COPN,NEMO,Copenhagen Energy Trading A/S,566,0.0,1.0,32,Plant family
Family ID,marginal_family_id,I_ING-DMCC_OFFER,OFFER,0.0,,,,,0,0.0,0.0,0.1887719861180565,82.36037528752183,567,250,0.1493953021971908,27.59139327851204,38.39832500331034,0.1601607083120586,27.45217064343264,38.15456321879331,2025-05-26 SP14,I_ING-DMCC,I_ING-DMCC,I_ING-DMCC1,I_ING-DMCC,NEMO,Cobblestone Energy DMCC,567,0.0,1.0,32,Plant family
Family ID,marginal_family_id,I_ING-DSKC_OFFER,OFFER,0.0,0.0,0.0,0.0,0.0,2,2.0,0.0,0.1887719861180565,82.36037528752183,568,251,0.1493953021971908,27.59139327851204,38.39832500331034,0.1601607083120586,27.45217064343264,38.15456321879331,2025-05-26 SP14,I_ING-DSKC,I_ING-DSKC,I_ING-DSKC1,I_ING-DSKC,NEMO,Danske Commodities A/S,568,0.0,1.0,32,Plant family
Family ID,marginal_family_id,I_ING-DVAL_OFFER,OFFER,0.0,0.0,0.0,0.0,0.0,2,2.0,0.0,0.1887719861180565,82.36037528752183,569,252,0.1493953021971908,27.59139327851204,38.39832500331034,0.1601607083120586,27.45217064343264,38.15456321879331,2025-05-26 SP14,I_ING-DVAL,I_ING-DVAL,I_ING-DVAL1,I_ING-DVAL,NEMO,DVALIN ApS,569,0.0,1.0,32,Plant family
Family ID,marginal_family_id,I_ING-EDFT_OFFER,OFFER,0.0,,,,,0,0.0,0.0,0.1887719861180565,82.36037528752183,570,253,0.1493953021971908,27.59139327851204,38.39832500331034,0.1601607083120586,27.45217064343264,38.15456321879331,2025-05-26 SP14,I_ING-EDFT,I_ING-EDFT,I_ING-EDFT1,I_ING-EDFT,NEMO,EDF TRADING LIMITED,570,0.0,1.0,32,Plant family
Family ID,marginal_family_id,I_ING-EDMK_OFFER,OFFER,0.0,,,,,0,0.0,0.0,0.1887719861180565,82.36037528752183,571,254,0.1493953021971908,27.59139327851204,38.39832500331034,0.1601607083120586,27.45217064343264,38.15456321879331,2025-05-26 SP14,I_ING-EDMK,I_ING-EDMK,I_ING-EDMK1,I_ING-EDMK,NEMO,Mind Energy A/S,571,0.0,1.0,32,Plant family
Family ID,marginal_family_id,I_ING-ELEE_OFFER,OFFER,0.0,0.0,0.0,0.0,0.0,1,0.3333333333333333,0.0,0.1887719861180565,82.36037528752183,572,255,0.1493953021971908,27.59139327851204,38.39832500331034,0.1601607083120586,27.45217064343264,38.15456321879331,2025-05-26 SP14,I_ING-ELEE,I_ING-ELEE,I_ING-ELEE1,I_ING-ELEE,NEMO,Electrabel SA,572,0.0,1.0,32,Plant family
Family ID,marginal_family_id,I_ING-ELTR_OFFER,OFFER,0.0,,,,,0,0.0,0.0,0.1887719861180565,82.36037528752183,573,256,0.1493953021971908,27.59139327851204,38.39832500331034,0.1601607083120586,27.45217064343264,38.15456321879331,2025-05-26 SP14,I_ING-ELTR,I_ING-ELTR,I_ING-ELTR1,I_ING-ELTR,NEMO,ElectroRoute Energy Trading,573,0.0,1.0,32,Plant family
Family ID,marginal_family_id,I_ING-HELI_OFFER,OFFER,0.0,,,,,0,0.0,0.0,0.1887719861180565,82.36037528752183,574,257,0.1493953021971908,27.59139327851204,38.39832500331034,0.1601607083120586,27.45217064343264,38.15456321879331,2025-05-26 SP14,I_ING-HELI,I_ING-HELI,I_ING-HELI1,I_ING-HELI,NEMO,Helios Power Trading A/S,574,0.0,1.0,32,Plant family
Family ID,marginal_family_id,I_ING-INCM_OFFER,OFFER,0.0,0.0,0.0,0.0,0.0,1,1.0,0.0,0.1887719861180565,82.36037528752183,575,258,0.1493953021971908,27.59139327851204,38.39832500331034,0.1601607083120586,27.45217064343264,38.15456321879331,2025-05-26 SP14,I_ING-INCM,I_ING-INCM,I_ING-INCM1,I_ING-INCM,NEMO,IN COMMODITIES A/S,575,0.0,1.0,32,Plant family
Family ID,marginal_family_id,I_ING-MFTE_OFFER,OFFER,0.0,0.0,0.0,0.0,0.0,1,1.0,0.0,0.1887719861180565,82.36037528752183,576,259,0.1493953021971908,27.59139327851204,38.39832500331034,0.1601607083120586,27.45217064343264,38.15456321879331,2025-05-26 SP14,I_ING-MFTE,I_ING-MFTE,I_ING-MFTE1,I_ING-MFTE,NEMO,MFT Energy A/S,576,0.0,1.0,32,Plant family
Family ID,marginal_family_id,I_ING-NEAS_OFFER,OFFER,0.0,0.0,0.0,0.0,0.0,1,1.0,0.0,0.1887719861180565,82.36037528752183,577,260,0.1493953021971908,27.59139327851204,38.39832500331034,0.1601607083120586,27.45217064343264,38.15456321879331,2025-05-26 SP14,I_ING-NEAS,I_ING-NEAS,I_ING-NEAS1,I_ING-NEAS,NEMO,Centrica Energy Trading A/S,577,0.0,1.0,32,Plant family
Family ID,marginal_family_id,I_ING-NITR_OFFER,OFFER,0.0,0.0,0.0,0.0,0.0,1,1.0,0.0,0.1887719861180565,82.36037528752183,578,261,0.1493953021971908,27.59139327851204,38.39832500331034,0.1601607083120586,27.45217064343264,38.15456321879331,2025-05-26 SP14,I_ING-NITR,I_ING-NITR,I_ING-NITR1,I_ING-NITR,NEMO,Nitor Energy A/S,578,0.0,1.0,32,Plant family
Family ID,marginal_family_id,I_ING-NTPL_OFFER,OFFER,0.0,,,,,0,0.0,0.0,0.1887719861180565,82.36037528752183,579,262,0.1493953021971908,27.59139327851204,38.39832500331034,0.1601607083120586,27.45217064343264,38.15456321879331,2025-05-26 SP14,I_ING-NTPL,I_ING-NTPL,I_ING-NTPL1,I_ING-NTPL,NEMO,Northpool BV,579,0.0,1.0,32,Plant family
Family ID,marginal_family_id,I_ING-OPMX_OFFER,OFFER,0.0,,,,,0,0.0,0.0,0.1887719861180565,82.36037528752183,580,263,0.1493953021971908,27.59139327851204,38.39832500331034,0.1601607083120586,27.45217064343264,38.15456321879331,2025-05-26 SP14,I_ING-OPMX,I_ING-OPMX,I_ING-OPMX1,I_ING-OPMX,NEMO,Optimax Energy GmbH,580,0.0,1.0,32,Plant family
Family ID,marginal_family_id,I_ING-OUTL_OFFER,OFFER,0.0,,,,,0,0.0,0.0,0.1887719861180565,82.36037528752183,581,264,0.1493953021971908,27.59139327851204,38.39832500331034,0.1601607083120586,27.45217064343264,38.15456321879331,2025-05-26 SP14,I_ING-OUTL,I_ING-OUTL,I_ING-OUTL1,I_ING-OUTL,NEMO,Outlook Energy Ltd,581,0.0,1.0,32,Plant family
Family ID,marginal_family_id,I_ING-PWMR_OFFER,OFFER,0.0,,,,,0,0.0,0.0,0.1887719861180565,82.36037528752183,582,265,0.1493953021971908,27.59139327851204,38.39832500331034,0.1601607083120586,27.45217064343264,38.15456321879331,2025-05-26 SP14,I_ING-PWMR,I_ING-PWMR,I_ING-PWMR1,I_ING-PWMR,NEMO,PowerMart ApS,582,0.0,1.0,32,Plant family
Family ID,marginal_family_id,I_ING-TRLS_OFFER,OFFER,0.0,0.0,0.0,0.0,0.0,1,1.0,0.0,0.1887719861180565,82.36037528752183,583,266,0.1493953021971908,27.59139327851204,38.39832500331034,0.1601607083120586,27.45217064343264,38.15456321879331,2025-05-26 SP14,I_ING-TRLS,I_ING-TRLS,I_ING-TRLS1,I_ING-TRLS,NEMO,Engelhart CTP Renewables GmbH,583,0.0,1.0,32,Plant family
Family ID,marginal_family_id,I_IVD-COPN_BID,BID,0.0,,,,,0,0.0,0.0,0.1887719861180565,82.36037528752183,584,318,0.1493953021971908,27.59139327851204,38.39832500331034,0.1601607083120586,27.45217064343264,38.15456321879331,2025-05-26 SP14,I_IVD-COPN,I_IVD-COPN,I_IVD-COPN1,I_IVD-COPN,Viking,Copenhagen Energy Trading A/S,584,0.0,1.0,32,Plant family
Family ID,marginal_family_id,I_IVD-DSKC_BID,BID,0.0,0.0,0.0,0.0,0.0,1,1.0,0.0,0.1887719861180565,82.36037528752183,585,319,0.1493953021971908,27.59139327851204,38.39832500331034,0.1601607083120586,27.45217064343264,38.15456321879331,2025-05-26 SP14,I_IVD-DSKC,I_IVD-DSKC,I_IVD-DSKC1,I_IVD-DSKC,Viking,Danske Commodities A/S,585,0.0,1.0,32,Plant family
Family ID,marginal_family_id,I_IVD-EDMK_BID,BID,0.0,,,,,0,0.0,0.0,0.1887719861180565,82.36037528752183,586,320,0.1493953021971908,27.59139327851204,38.39832500331034,0.1601607083120586,27.45217064343264,38.15456321879331,2025-05-26 SP14,I_IVD-EDMK,I_IVD-EDMK,I_IVD-EDMK1,I_IVD-EDMK,Viking,Mind Energy A/S,586,0.0,1.0,32,Plant family
Family ID,marginal_family_id,I_IVD-EZCO_BID,BID,0.0,,,,,0,0.0,0.0,0.1887719861180565,82.36037528752183,587,321,0.1493953021971908,27.59139327851204,38.39832500331034,0.1601607083120586,27.45217064343264,38.15456321879331,2025-05-26 SP14,I_IVD-EZCO,I_IVD-EZCO,I_IVD-EZCO1,I_IVD-EZCO,Viking,ENZEE Commodities A/S,587,0.0,1.0,32,Plant family
Family ID,marginal_family_id,I_IVD-HELI_BID,BID,0.0,,,,,0,0.0,0.0,0.1887719861180565,82.36037528752183,588,322,0.1493953021971908,27.59139327851204,38.39832500331034,0.1601607083120586,27.45217064343264,38.15456321879331,2025-05-26 SP14,I_IVD-HELI,I_IVD-HELI,I_IVD-HELI1,I_IVD-HELI,Viking,Helios Power Trading A/S,588,0.0,1.0,32,Plant family
Family ID,marginal_family_id,I_IVD-INCM_BID,BID,0.0,,,,,0,0.0,0.0,0.1887719861180565,82.36037528752183,589,323,0.1493953021971908,27.59139327851204,38.39832500331034,0.1601607083120586,27.45217064343264,38.15456321879331,2025-05-26 SP14,I_IVD-INCM,I_IVD-INCM,I_IVD-INCM1,I_IVD-INCM,Viking,IN COMMODITIES A/S,589,0.0,1.0,32,Plant family
Family ID,marginal_family_id,I_IVD-MFTE_BID,BID,0.0,,,,,0,0.0,0.0,0.1887719861180565,82.36037528752183,590,324,0.1493953021971908,27.59139327851204,38.39832500331034,0.1601607083120586,27.45217064343264,38.15456321879331,2025-05-26 SP14,I_IVD-MFTE,I_IVD-MFTE,I_IVD-MFTE1,I_IVD-MFTE,Viking,MFT Energy A/S,590,0.0,1.0,32,Plant family
Family ID,marginal_family_id,I_IVD-NITR_BID,BID,0.0,,,,,0,0.0,0.0,0.1887719861180565,82.36037528752183,591,325,0.1493953021971908,27.59139327851204,38.39832500331034,0.1601607083120586,27.45217064343264,38.15456321879331,2025-05-26 SP14,I_IVD-NITR,I_IVD-NITR,I_IVD-NITR1,I_IVD-NITR,Viking,Nitor Energy A/S,591,0.0,1.0,32,Plant family
Family ID,marginal_family_id,I_IVD-NORL_BID,BID,0.0,0.0,0.0,0.0,0.0,1,1.0,0.0,0.1887719861180565,82.36037528752183,592,326,0.1493953021971908,27.59139327851204,38.39832500331034,0.1601607083120586,27.45217064343264,38.15456321879331,2025-05-26 SP14,I_IVD-NORL,I_IVD-NORL,I_IVD-NORL1,I_IVD-NORL,Viking,Norlys Energy Trading A/S,592,0.0,1.0,32,Plant family
Family ID,marginal_family_id,I_IVD-OUTL_BID,BID,0.0,,,,,0,0.0,0.0,0.1887719861180565,82.36037528752183,593,327,0.1493953021971908,27.59139327851204,38.39832500331034,0.1601607083120586,27.45217064343264,38.15456321879331,2025-05-26 SP14,I_IVD-OUTL,I_IVD-OUTL,I_IVD-OUTL1,I_IVD-OUTL,Viking,Outlook Energy Ltd,593,0.0,1.0,32,Plant family
Family ID,marginal_family_id,I_IVD-PWMR_BID,BID,0.0,,,,,0,0.0,0.0,0.1887719861180565,82.36037528752183,594,328,0.1493953021971908,27.59139327851204,38.39832500331034,0.1601607083120586,27.45217064343264,38.15456321879331,2025-05-26 SP14,I_IVD-PWMR,I_IVD-PWMR,I_IVD-PWMR1,I_IVD-PWMR,Viking,PowerMart ApS,594,0.0,1.0,32,Plant family
Family ID,marginal_family_id,I_IVG-CACM_OFFER,OFFER,0.0,0.0,0.0,0.0,0.0,2,2.0,0.0,0.1887719861180565,82.36037528752183,595,267,0.1493953021971908,27.59139327851204,38.39832500331034,0.1601607083120586,27.45217064343264,38.15456321879331,2025-05-26 SP14,I_IVG-CACM,I_IVG-CACM,I_IVG-CACM1,I_IVG-CACM,Viking,C A Commodities A/S,595,0.0,1.0,32,Plant family
Family ID,marginal_family_id,I_IVG-DSKC_OFFER,OFFER,0.0,,,,,0,0.0,0.0,0.1887719861180565,82.36037528752183,596,268,0.1493953021971908,27.59139327851204,38.39832500331034,0.1601607083120586,27.45217064343264,38.15456321879331,2025-05-26 SP14,I_IVG-DSKC,I_IVG-DSKC,I_IVG-DSKC1,I_IVG-DSKC,Viking,Danske Commodities A/S,596,0.0,1.0,32,Plant family
Family ID,marginal_family_id,I_IVG-EDMK_OFFER,OFFER,0.0,,,,,0,0.0,0.0,0.1887719861180565,82.36037528752183,597,269,0.1493953021971908,27.59139327851204,38.39832500331034,0.1601607083120586,27.45217064343264,38.15456321879331,2025-05-26 SP14,I_IVG-EDMK,I_IVG-EDMK,I_IVG-EDMK1,I_IVG-EDMK,Viking,Mind Energy A/S,597,0.0,1.0,32,Plant family
Family ID,marginal_family_id,I_IVG-EZCO_OFFER,OFFER,0.0,,,,,0,0.0,0.0,0.1887719861180565,82.36037528752183,598,270,0.1493953021971908,27.59139327851204,38.39832500331034,0.1601607083120586,27.45217064343264,38.15456321879331,2025-05-26 SP14,I_IVG-EZCO,I_IVG-EZCO,I_IVG-EZCO1,I_IVG-EZCO,Viking,ENZEE Commodities A/S,598,0.0,1.0,32,Plant family
Family ID,marginal_family_id,I_IVG-NEAS_OFFER,OFFER,0.0,,,,,0,0.0,0.0,0.1887719861180565,82.36037528752183,599,271,0.1493953021971908,27.59139327851204,38.39832500331034,0.1601607083120586,27.45217064343264,38.15456321879331,2025-05-26 SP14,I_IVG-NEAS,I_IVG-NEAS,I_IVG-NEAS1,I_IVG-NEAS,Viking,Centrica Energy Trading A/S,599,0.0,1.0,32,Plant family
Family ID,marginal_family_id,I_IVG-NITR_OFFER,OFFER,0.0,,,,,0,0.0,0.0,0.1887719861180565,82.36037528752183,600,272,0.1493953021971908,27.59139327851204,38.39832500331034,0.1601607083120586,27.45217064343264,38.15456321879331,2025-05-26 SP14,I_IVG-NITR,I_IVG-NITR,I_IVG-NITR1,I_IVG-NITR,Viking,Nitor Energy A/S,600,0.0,1.0,32,Plant family
Family ID,marginal_family_id,I_IVG-NORL_OFFER,OFFER,0.0,,,,,0,0.0,0.0,0.1887719861180565,82.36037528752183,601,273,0.1493953021971908,27.59139327851204,38.39832500331034,0.1601607083120586,27.45217064343264,38.15456321879331,2025-05-26 SP14,I_IVG-NORL,I_IVG-NORL,I_IVG-NORL1,I_IVG-NORL,Viking,Norlys Energy Trading A/S,601,0.0,1.0,32,Plant family
Family ID,marginal_family_id,I_IVG-NTPL_OFFER,OFFER,0.0,,,,,0,0.0,0.0,0.1887719861180565,82.36037528752183,602,274,0.1493953021971908,27.59139327851204,38.39832500331034,0.1601607083120586,27.45217064343264,38.15456321879331,2025-05-26 SP14,I_IVG-NTPL,I_IVG-NTPL,I_IVG-NTPL1,I_IVG-NTPL,Viking,Northpool BV,602,0.0,1.0,32,Plant family
Family ID,marginal_family_id,I_IVG-OPMX_OFFER,OFFER,0.0,,,,,0,0.0,0.0,0.1887719861180565,82.36037528752183,603,275,0.1493953021971908,27.59139327851204,38.39832500331034,0.1601607083120586,27.45217064343264,38.15456321879331,2025-05-26 SP14,I_IVG-OPMX,I_IVG-OPMX,I_IVG-OPMX1,I_IVG-OPMX,Viking,Optimax Energy GmbH,603,0.0,1.0,32,Plant family
Family ID,marginal_family_id,I_IVG-OUTL_OFFER,OFFER,0.0,,,,,0,0.0,0.0,0.1887719861180565,82.36037528752183,604,276,0.1493953021971908,27.59139327851204,38.39832500331034,0.1601607083120586,27.45217064343264,38.15456321879331,2025-05-26 SP14,I_IVG-OUTL,I_IVG-OUTL,I_IVG-OUTL1,I_IVG-OUTL,Viking,Outlook Energy Ltd,604,0.0,1.0,32,Plant family
Family ID,marginal_family_id,I_IVG-PWMR_OFFER,OFFER,0.0,0.0,0.0,0.0,0.0,1,0.5,0.0,0.1887719861180565,82.36037528752183,605,277,0.1493953021971908,27.59139327851204,38.39832500331034,0.1601607083120586,27.45217064343264,38.15456321879331,2025-05-26 SP14,I_IVG-PWMR,I_IVG-PWMR,I_IVG-PWMR1,I_IVG-PWMR,Viking,PowerMart ApS,605,0.0,1.0,32,Plant family
Family ID,marginal_family_id,M_CAS-BEU_BID,BID,0.0,,,,,0,0.0,0.0,0.1887719861180565,82.36037528752183,606,329,0.1493953021971908,27.59139327851204,38.39832500331034,0.1601607083120586,27.45217064343264,38.15456321879331,2025-05-26 SP14,M_CAS-BEU,M_CAS-BEU,M_CAS-BEU01,M_CAS-BEU,NPSHYD,SSE Generation Ltd,606,0.0,1.0,32,Plant family
Family ID,marginal_family_id,M_CAS-CON_BID,BID,0.0,0.0,0.0,0.0,0.0,1,0.5,0.0,0.1887719861180565,82.36037528752183,607,330,0.1493953021971908,27.59139327851204,38.39832500331034,0.1601607083120586,27.45217064343264,38.15456321879331,2025-05-26 SP14,M_CAS-CON,M_CAS-CON,M_CAS-CON01,M_CAS-CON,NPSHYD,SSE Generation Ltd,607,0.0,1.0,32,Plant family
Family ID,marginal_family_id,M_CAS-GAR_BID,BID,0.0,,,,,0,0.0,0.0,0.1887719861180565,82.36037528752183,608,331,0.1493953021971908,27.59139327851204,38.39832500331034,0.1601607083120586,27.45217064343264,38.15456321879331,2025-05-26 SP14,M_CAS-GAR,M_CAS-GAR,M_CAS-GAR01,M_CAS-GAR,NPSHYD,SSE Generation Ltd,608,0.0,1.0,32,Plant family
Family ID,marginal_family_id,M_CAS-GAR_OFFER,OFFER,0.0,,,,,0,0.0,0.0,0.1887719861180565,82.36037528752183,609,278,0.1493953021971908,27.59139327851204,38.39832500331034,0.1601607083120586,27.45217064343264,38.15456321879331,2025-05-26 SP14,M_CAS-GAR,M_CAS-GAR,M_CAS-GAR01,M_CAS-GAR,NPSHYD,SSE Generation Ltd,609,0.0,1.0,32,Plant family
Family ID,marginal_family_id,M_CAS-KIL_BID,BID,0.0,0.0,0.0,0.0,0.0,2,2.0,0.0,0.1887719861180565,82.36037528752183,610,332,0.1493953021971908,27.59139327851204,38.39832500331034,0.1601607083120586,27.45217064343264,38.15456321879331,2025-05-26 SP14,M_CAS-KIL,M_CAS-KIL,M_CAS-KIL01,M_CAS-KIL,NPSHYD,SSE Generation Ltd,610,0.0,1.0,32,Plant family
Family ID,marginal_family_id,M_CAS-KIL_OFFER,OFFER,0.0,,,,,0,0.0,0.0,0.1887719861180565,82.36037528752183,611,279,0.1493953021971908,27.59139327851204,38.39832500331034,0.1601607083120586,27.45217064343264,38.15456321879331,2025-05-26 SP14,M_CAS-KIL,M_CAS-KIL,M_CAS-KIL01,M_CAS-KIL,NPSHYD,SSE Generation Ltd,611,0.0,1.0,32,Plant family
Family ID,marginal_family_id,M_CAS-MOR_BID,BID,0.0,,,,,0,0.0,0.0,0.1887719861180565,82.36037528752183,612,333,0.1493953021971908,27.59139327851204,38.39832500331034,0.1601607083120586,27.45217064343264,38.15456321879331,2025-05-26 SP14,M_CAS-MOR,M_CAS-MOR,M_CAS-MOR01,M_CAS-MOR,NPSHYD,SSE Generation Ltd,612,0.0,1.0,32,Plant family
Family ID,marginal_family_id,M_SLOY_BID,BID,0.0,0.0,0.0,0.0,0.0,3,1.0833333333333333,0.0,0.1887719861180565,82.36037528752183,613,334,0.1493953021971908,27.59139327851204,38.39832500331034,0.1601607083120586,27.45217064343264,38.15456321879331,2025-05-26 SP14,M_SLOY,M_SLOY,"M_SLOY-1, M_SLOY-4",M_SLOY,NPSHYD,SSE Generation Ltd,613,0.0,1.0,32,Plant family
Family ID,marginal_family_id,T_ABRBO_BID,BID,0.0,,,,,0,0.0,0.0,0.1887719861180565,82.36037528752183,614,335,0.1493953021971908,27.59139327851204,38.39832500331034,0.1601607083120586,27.45217064343264,38.15456321879331,2025-05-26 SP14,T_ABRBO,T_ABRBO,T_ABRBO-1,T_ABRBO,WIND,Aberdeen Offshore Wind Farm,614,0.0,1.0,32,Plant family
Family ID,marginal_family_id,T_ACHRW_BID,BID,0.0,,,,,0,0.0,0.0,0.1887719861180565,82.36037528752183,615,336,0.1493953021971908,27.59139327851204,38.39832500331034,0.1601607083120586,27.45217064343264,38.15456321879331,2025-05-26 SP14,T_ACHRW,T_ACHRW,T_ACHRW-1,T_ACHRW,WIND,Mobius Renewables Gen. (GB2,615,0.0,1.0,32,Plant family
Family ID,marginal_family_id,T_AKGLW_OFFER,OFFER,0.0,0.0,0.0,0.0,0.0,1,1.0,0.0,0.1887719861180565,82.36037528752183,616,280,0.1493953021971908,27.59139327851204,38.39832500331034,0.1601607083120586,27.45217064343264,38.15456321879331,2025-05-26 SP14,T_AKGLW,T_AKGLW,"T_AKGLW-2, T_AKGLW-3",T_AKGLW,WIND,AIK2A Sustainable Energy Ltd,616,0.0,1.0,32,Plant family
Family ID,marginal_family_id,T_ARCHW_BID,BID,0.0,0.0,0.0,0.0,0.0,1,1.0,0.0,0.1887719861180565,82.36037528752183,617,337,0.1493953021971908,27.59139327851204,38.39832500331034,0.1601607083120586,27.45217064343264,38.15456321879331,2025-05-26 SP14,T_ARCHW,T_ARCHW,T_ARCHW-1,T_ARCHW,WIND,SP Renewables (UK) Limited,617,0.0,1.0,32,Plant family
Family ID,marginal_family_id,T_BHLAW_BID,BID,0.0,0.0,0.0,0.0,0.0,1,1.0,0.0,0.1887719861180565,82.36037528752183,618,338,0.1493953021971908,27.59139327851204,38.39832500331034,0.1601607083120586,27.45217064343264,38.15456321879331,2025-05-26 SP14,T_BHLAW,T_BHLAW,T_BHLAW-1,T_BHLAW,WIND,SSE Generation Ltd,618,0.0,1.0,32,Plant family
Family ID,marginal_family_id,T_BLHLB_B_OFFER,OFFER,0.0,0.0,0.0,0.0,0.0,6,3.583333333333333,0.0,0.1887719861180565,82.36037528752183,619,281,0.1493953021971908,27.59139327851204,38.39832500331034,0.1601607083120586,27.45217064343264,38.15456321879331,2025-05-26 SP14,T_BLHLB_B,T_BLHLB_B,"T_BLHLB-1, T_BLHLB-2, T_BLHLB-3",T_BLHLB_B,BATTERY,ZENOBE BLACKHILLOCK LIMITED,619,0.0,1.0,32,Plant family
Family ID,marginal_family_id,T_BLHLB_OTH_BID,BID,0.0,0.0,0.0,0.0,0.0,4,2.833333333333333,0.0,0.1887719861180565,82.36037528752183,620,339,0.1493953021971908,27.59139327851204,38.39832500331034,0.1601607083120586,27.45217064343264,38.15456321879331,2025-05-26 SP14,T_BLHLB_OTH,T_BLHLB_OTH,T_BLHLB-4,T_BLHLB_OTH,OTHER,ZENOBE BLACKHILLOCK LIMITED,620,0.0,1.0,32,Plant family
Family ID,marginal_family_id,T_BLHLB_OTH_OFFER,OFFER,0.0,0.0,0.0,0.0,0.0,2,1.5,0.0,0.1887719861180565,82.36037528752183,621,282,0.1493953021971908,27.59139327851204,38.39832500331034,0.1601607083120586,27.45217064343264,38.15456321879331,2025-05-26 SP14,T_BLHLB_OTH,T_BLHLB_OTH,T_BLHLB-4,T_BLHLB_OTH,OTHER,ZENOBE BLACKHILLOCK LIMITED,621,0.0,1.0,32,Plant family
Family ID,marginal_family_id,T_BLKWW_BID,BID,0.0,,,,,0,0.0,0.0,0.1887719861180565,82.36037528752183,622,340,0.1493953021971908,27.59139327851204,38.39832500331034,0.1601607083120586,27.45217064343264,38.15456321879331,2025-05-26 SP14,T_BLKWW,T_BLKWW,T_BLKWW-1,T_BLKWW,WIND,Blackcraig Wind Farm Limited,622,0.0,1.0,32,Plant family
Family ID,marginal_family_id,T_BLLA_BID,BID,0.0,0.0,0.0,0.0,0.0,2,1.2,0.0,0.1887719861180565,82.36037528752183,623,341,0.1493953021971908,27.59139327851204,38.39832500331034,0.1601607083120586,27.45217064343264,38.15456321879331,2025-05-26 SP14,T_BLLA,T_BLLA,"T_BLLA-1, T_BLLA-2",T_BLLA,WIND,SP Renewables (UK) Limited,623,0.0,1.0,32,Plant family
Family ID,marginal_family_id,T_BOWLW_BID,BID,0.0,0.0,0.0,0.0,0.0,2,2.0,0.0,0.1887719861180565,82.36037528752183,624,342,0.1493953021971908,27.59139327851204,38.39832500331034,0.1601607083120586,27.45217064343264,38.15456321879331,2025-05-26 SP14,T_BOWLW,T_BOWLW,T_BOWLW-1,T_BOWLW,WIND,Barrow Offshore Wind Limited,624,0.0,1.0,32,Plant family
Family ID,marginal_family_id,T_BRCHS_BID,BID,0.0,,,,,0,0.0,0.0,0.1887719861180565,82.36037528752183,625,343,0.1493953021971908,27.59139327851204,38.39832500331034,0.1601607083120586,27.45217064343264,38.15456321879331,2025-05-26 SP14,T_BRCHS,T_BRCHS,T_BRCHS-1,T_BRCHS,SOLAR,Burwell 11 Solar Ltd,625,0.0,1.0,32,Plant family
Family ID,marginal_family_id,T_BREDB_BID,BID,0.0,0.0,0.0,0.0,0.0,2,2.0,0.0,0.1887719861180565,82.36037528752183,626,344,0.1493953021971908,27.59139327851204,38.39832500331034,0.1601607083120586,27.45217064343264,38.15456321879331,2025-05-26 SP14,T_BREDB,T_BREDB,T_BREDB-1,T_BREDB,BATTERY,Pivoted Power LLP,626,0.0,1.0,32,Plant family
Family ID,marginal_family_id,T_BREDB_OFFER,OFFER,0.0,0.0,0.0,0.0,0.0,1,1.0,0.0,0.1887719861180565,82.36037528752183,627,283,0.1493953021971908,27.59139327851204,38.39832500331034,0.1601607083120586,27.45217064343264,38.15456321879331,2025-05-26 SP14,T_BREDB,T_BREDB,T_BREDB-1,T_BREDB,BATTERY,Pivoted Power LLP,627,0.0,1.0,32,Plant family
Family ID,marginal_family_id,T_BROCW_BID,BID,0.0,,,,,0,0.0,0.0,0.1887719861180565,82.36037528752183,628,345,0.1493953021971908,27.59139327851204,38.39832500331034,0.1601607083120586,27.45217064343264,38.15456321879331,2025-05-26 SP14,T_BROCW,T_BROCW,T_BROCW-1,T_BROCW,WIND,Smartestenergy Limited,628,0.0,1.0,32,Plant family
Family ID,marginal_family_id,T_BURWS_BID,BID,0.0,,,,,0,0.0,0.0,0.1887719861180565,82.36037528752183,629,346,0.1493953021971908,27.59139327851204,38.39832500331034,0.1601607083120586,27.45217064343264,38.15456321879331,2025-05-26 SP14,T_BURWS,T_BURWS,T_BURWS-1,T_BURWS,SOLAR,EDF Energy Customers Limited,629,0.0,1.0,32,Plant family
Family ID,marginal_family_id,T_CGTHW_BID,BID,0.0,0.0,0.0,0.0,0.0,1,0.5,0.0,0.1887719861180565,82.36037528752183,630,347,0.1493953021971908,27.59139327851204,38.39832500331034,0.1601607083120586,27.45217064343264,38.15456321879331,2025-05-26 SP14,T_CGTHW,T_CGTHW,T_CGTHW-1,T_CGTHW,WIND,Corriegarth Wind Energy LTD,630,0.0,1.0,32,Plant family
Family ID,marginal_family_id,T_CGTHW_OFFER,OFFER,0.0,,,,,0,0.0,0.0,0.1887719861180565,82.36037528752183,631,284,0.1493953021971908,27.59139327851204,38.39832500331034,0.1601607083120586,27.45217064343264,38.15456321879331,2025-05-26 SP14,T_CGTHW,T_CGTHW,T_CGTHW-1,T_CGTHW,WIND,Corriegarth Wind Energy LTD,631,0.0,1.0,32,Plant family
Family ID,marginal_family_id,T_CLDCW_OFFER,OFFER,0.0,,,,,0,0.0,0.0,0.1887719861180565,82.36037528752183,632,285,0.1493953021971908,27.59139327851204,38.39832500331034,0.1601607083120586,27.45217064343264,38.15456321879331,2025-05-26 SP14,T_CLDCW,T_CLDCW,T_CLDCW-1,T_CLDCW,WIND,Clyde Windfarm (Scotland) Ltd,632,0.0,1.0,32,Plant family
Family ID,marginal_family_id,T_CLDNW_OFFER,OFFER,0.0,,,,,0,0.0,0.0,0.1887719861180565,82.36037528752183,633,286,0.1493953021971908,27.59139327851204,38.39832500331034,0.1601607083120586,27.45217064343264,38.15456321879331,2025-05-26 SP14,T_CLDNW,T_CLDNW,T_CLDNW-1,T_CLDNW,WIND,Clyde Windfarm (Scotland) Ltd,633,0.0,1.0,32,Plant family
Family ID,marginal_family_id,T_CLVHS_BID,BID,0.0,,,,,0,0.0,0.0,0.1887719861180565,82.36037528752183,634,348,0.1493953021971908,27.59139327851204,38.39832500331034,0.1601607083120586,27.45217064343264,38.15456321879331,2025-05-26 SP14,T_CLVHS,T_CLVHS,T_CLVHS-2,T_CLVHS,SOLAR,Cleve Hill Solar Park,634,0.0,1.0,32,Plant family
Family ID,marginal_family_id,T_CNQPS_BID,BID,0.0,0.0,0.0,0.0,0.0,25,13.366666666666664,0.0,0.1887719861180565,82.36037528752183,635,349,0.1493953021971908,27.59139327851204,38.39832500331034,0.1601607083120586,27.45217064343264,38.15456321879331,2025-05-26 SP14,T_CNQPS,T_CNQPS,"T_CNQPS-1, T_CNQPS-2, T_CNQPS-3, T_CNQPS-4",T_CNQPS,CCGT,Uniper UK Limited,635,0.0,1.0,32,Plant family
Family ID,marginal_family_id,T_COSO_BID,BID,0.0,0.0,0.0,0.0,0.0,4,4.0,0.0,0.1887719861180565,82.36037528752183,636,350,0.1493953021971908,27.59139327851204,38.39832500331034,0.1601607083120586,27.45217064343264,38.15456321879331,2025-05-26 SP14,T_COSO,T_COSO,T_COSO-1,T_COSO,CCGT,Coryton Energy Company Ltd,636,0.0,1.0,32,Plant family
Family ID,marginal_family_id,T_COVNB_BID,BID,0.0,0.0,0.0,0.0,0.0,8,3.1142857142857143,0.0,0.1887719861180565,82.36037528752183,637,351,0.1493953021971908,27.59139327851204,38.39832500331034,0.1601607083120586,27.45217064343264,38.15456321879331,2025-05-26 SP14,T_COVNB,T_COVNB,T_COVNB-1,T_COVNB,OTHER,Pivoted Power LLP,637,0.0,1.0,32,Plant family
Family ID,marginal_family_id,T_COVNB_OFFER,OFFER,0.0,0.0,0.0,0.0,0.0,6,2.1385281385281383,0.0,0.1887719861180565,82.36037528752183,638,287,0.1493953021971908,27.59139327851204,38.39832500331034,0.1601607083120586,27.45217064343264,38.15456321879331,2025-05-26 SP14,T_COVNB,T_COVNB,T_COVNB-1,T_COVNB,OTHER,Pivoted Power LLP,638,0.0,1.0,32,Plant family
Family ID,marginal_family_id,T_COWB_OFFER,OFFER,0.0,0.0,0.0,0.0,0.0,8,5.694444444444445,0.0,0.1887719861180565,82.36037528752183,639,288,0.1493953021971908,27.59139327851204,38.39832500331034,0.1601607083120586,27.45217064343264,38.15456321879331,2025-05-26 SP14,T_COWB,T_COWB,T_COWB-1,T_COWB,OTHER,Pivoted Power LLP,639,0.0,1.0,32,Plant family
Family ID,marginal_family_id,T_CRMLW_BID,BID,0.0,,,,,0,0.0,0.0,0.1887719861180565,82.36037528752183,640,352,0.1493953021971908,27.59139327851204,38.39832500331034,0.1601607083120586,27.45217064343264,38.15456321879331,2025-05-26 SP14,T_CRMLW,T_CRMLW,T_CRMLW-1,T_CRMLW,WIND,EDF Energy Customers Limited,640,0.0,1.0,32,Plant family
Family ID,marginal_family_id,T_CUMHW_BID,BID,0.0,0.0,0.0,0.0,0.0,1,1.0,0.0,0.1887719861180565,82.36037528752183,641,353,0.1493953021971908,27.59139327851204,38.39832500331034,0.1601607083120586,27.45217064343264,38.15456321879331,2025-05-26 SP14,T_CUMHW,T_CUMHW,T_CUMHW-1,T_CUMHW,WIND,Uniper UK Limited,641,0.0,1.0,32,Plant family
Family ID,marginal_family_id,T_CUMHW_OFFER,OFFER,0.0,,,,,0,0.0,0.0,0.1887719861180565,82.36037528752183,642,289,0.1493953021971908,27.59139327851204,38.39832500331034,0.1601607083120586,27.45217064343264,38.15456321879331,2025-05-26 SP14,T_CUMHW,T_CUMHW,T_CUMHW-1,T_CUMHW,WIND,Uniper UK Limited,642,0.0,1.0,32,Plant family
Family ID,marginal_family_id,T_DAMC_BID,BID,0.0,0.0,0.0,0.0,0.0,13,12.333333333333332,0.0,0.1887719861180565,82.36037528752183,643,354,0.1493953021971908,27.59139327851204,38.39832500331034,0.1601607083120586,27.45217064343264,38.15456321879331,2025-05-26 SP14,T_DAMC,T_DAMC,T_DAMC-1,T_DAMC,CCGT,VPI Power Limited,643,0.0,1.0,32,Plant family
Family ID,marginal_family_id,T_DDGNO_BID,BID,0.0,0.0,0.0,0.0,0.0,1,0.25,0.0,0.1887719861180565,82.36037528752183,644,355,0.1493953021971908,27.59139327851204,38.39832500331034,0.1601607083120586,27.45217064343264,38.15456321879331,2025-05-26 SP14,T_DDGNO,T_DDGNO,"T_DDGNO-1, T_DDGNO-2, T_DDGNO-3, T_DDGNO-4",T_DDGNO,WIND,Dudgeon Offshore Wind Ltd,644,0.0,1.0,32,Plant family
Family ID,marginal_family_id,T_DIDCB_BID,BID,0.0,0.0,0.0,0.0,0.0,24,20.993589743589745,0.0,0.1887719861180565,82.36037528752183,645,356,0.1493953021971908,27.59139327851204,38.39832500331034,0.1601607083120586,27.45217064343264,38.15456321879331,2025-05-26 SP14,T_DIDCB,T_DIDCB,"T_DIDCB5, T_DIDCB6",T_DIDCB,CCGT,RWE Generation UK plc,645,0.0,1.0,32,Plant family
Family ID,marginal_family_id,T_DNLWW_BID,BID,0.0,,,,,0,0.0,0.0,0.1887719861180565,82.36037528752183,646,357,0.1493953021971908,27.59139327851204,38.39832500331034,0.1601607083120586,27.45217064343264,38.15456321879331,2025-05-26 SP14,T_DNLWW,T_DNLWW,T_DNLWW-1,T_DNLWW,WIND,SP Renewables (UK) Limited,646,0.0,1.0,32,Plant family
Family ID,marginal_family_id,T_DUNGW_BID,BID,0.0,,,,,0,0.0,0.0,0.1887719861180565,82.36037528752183,647,358,0.1493953021971908,27.59139327851204,38.39832500331034,0.1601607083120586,27.45217064343264,38.15456321879331,2025-05-26 SP14,T_DUNGW,T_DUNGW,T_DUNGW-1,T_DUNGW,WIND,Dunmaglass Wind Farm Limited,647,0.0,1.0,32,Plant family
Family ID,marginal_family_id,T_EDINW_BID,BID,0.0,,,,,0,0.0,0.0,0.1887719861180565,82.36037528752183,648,359,0.1493953021971908,27.59139327851204,38.39832500331034,0.1601607083120586,27.45217064343264,38.15456321879331,2025-05-26 SP14,T_EDINW,T_EDINW,T_EDINW-1,T_EDINW,WIND,Vattenfall Wind Power Ltd,648,0.0,1.0,32,Plant family
Family ID,marginal_family_id,T_EECL_OFFER,OFFER,0.0,0.0,0.0,0.0,0.0,6,2.9166666666666665,0.0,0.1887719861180565,82.36037528752183,649,290,0.1493953021971908,27.59139327851204,38.39832500331034,0.1601607083120586,27.45217064343264,38.15456321879331,2025-05-26 SP14,T_EECL,T_EECL,T_EECL-1,T_EECL,CCGT,Uniper UK Limited,649,0.0,1.0,32,Plant family
Family ID,marginal_family_id,T_ERRO_BID,BID,0.0,0.0,0.0,0.0,0.0,6,2.342857142857143,0.0,0.1887719861180565,82.36037528752183,650,360,0.1493953021971908,27.59139327851204,38.39832500331034,0.1601607083120586,27.45217064343264,38.15456321879331,2025-05-26 SP14,T_ERRO,T_ERRO,"T_ERRO-1, T_ERRO-2, T_ERRO-3",T_ERRO,NPSHYD,SSE Generation Ltd,650,0.0,1.0,32,Plant family
Family ID,marginal_family_id,T_FARR_BID,BID,0.0,0.0,0.0,0.0,0.0,1,0.5,0.0,0.1887719861180565,82.36037528752183,651,361,0.1493953021971908,27.59139327851204,38.39832500331034,0.1601607083120586,27.45217064343264,38.15456321879331,2025-05-26 SP14,T_FARR,T_FARR,"T_FARR-1, T_FARR-2",T_FARR,WIND,Smartestenergy Limited,651,0.0,1.0,32,Plant family
Family ID,marginal_family_id,T_FASN_BID,BID,0.0,0.0,0.0,0.0,0.0,2,0.6428571428571428,0.0,0.1887719861180565,82.36037528752183,652,362,0.1493953021971908,27.59139327851204,38.39832500331034,0.1601607083120586,27.45217064343264,38.15456321879331,2025-05-26 SP14,T_FASN,T_FASN,"T_FASN-1, T_FASN-2",T_FASN,NPSHYD,SSE Generation Ltd,652,0.0,1.0,32,Plant family
Family ID,marginal_family_id,T_FASN_OFFER,OFFER,0.0,0.0,0.0,0.0,0.0,2,1.1428571428571428,0.0,0.1887719861180565,82.36037528752183,653,291,0.1493953021971908,27.59139327851204,38.39832500331034,0.1601607083120586,27.45217064343264,38.15456321879331,2025-05-26 SP14,T_FASN,T_FASN,"T_FASN-1, T_FASN-2",T_FASN,NPSHYD,SSE Generation Ltd,653,0.0,1.0,32,Plant family
Family ID,marginal_family_id,T_FINL_BID,BID,0.0,0.0,0.0,0.0,0.0,7,7.0,0.0,0.1887719861180565,82.36037528752183,654,363,0.1493953021971908,27.59139327851204,38.39832500331034,0.1601607083120586,27.45217064343264,38.15456321879331,2025-05-26 SP14,T_FINL,T_FINL,T_FINL-1,T_FINL,NPSHYD,SSE Generation Ltd,654,0.0,1.0,32,Plant family
Family ID,marginal_family_id,T_FINL_OFFER,OFFER,0.0,0.0,0.0,0.0,0.0,1,0.2,0.0,0.1887719861180565,82.36037528752183,655,292,0.1493953021971908,27.59139327851204,38.39832500331034,0.1601607083120586,27.45217064343264,38.15456321879331,2025-05-26 SP14,T_FINL,T_FINL,T_FINL-1,T_FINL,NPSHYD,SSE Generation Ltd,655,0.0,1.0,32,Plant family
Family ID,marginal_family_id,T_GANW_BID,BID,0.0,0.0,0.0,0.0,0.0,1,0.5,0.0,0.1887719861180565,82.36037528752183,656,364,0.1493953021971908,27.59139327851204,38.39832500331034,0.1601607083120586,27.45217064343264,38.15456321879331,2025-05-26 SP14,T_GANW,T_GANW,"T_GANW-11, T_GANW-13, T_GANW-22, T_GANW-24",T_GANW,WIND,Galloper Offshore WindFarm Ltd,656,0.0,1.0,32,Plant family
Family ID,marginal_family_id,T_GLNDO_BID,BID,0.0,0.0,0.0,0.0,0.0,3,3.0,0.0,0.1887719861180565,82.36037528752183,657,365,0.1493953021971908,27.59139327851204,38.39832500331034,0.1601607083120586,27.45217064343264,38.15456321879331,2025-05-26 SP14,T_GLNDO,T_GLNDO,T_GLNDO-1,T_GLNDO,NPSHYD,SSE Generation Ltd,657,0.0,1.0,32,Plant family
Family ID,marginal_family_id,T_GLNKW_BID,BID,0.0,,,,,0,0.0,0.0,0.1887719861180565,82.36037528752183,658,366,0.1493953021971908,27.59139327851204,38.39832500331034,0.1601607083120586,27.45217064343264,38.15456321879331,2025-05-26 SP14,T_GLNKW,T_GLNKW,T_GLNKW-1,T_GLNKW,WIND,EDF Energy Customers Limited,658,0.0,1.0,32,Plant family
Family ID,marginal_family_id,T_GLWSW_BID,BID,0.0,0.0,0.0,0.0,0.0,1,1.0,0.0,0.1887719861180565,82.36037528752183,659,367,0.1493953021971908,27.59139327851204,38.39832500331034,0.1601607083120586,27.45217064343264,38.15456321879331,2025-05-26 SP14,T_GLWSW,T_GLWSW,T_GLWSW-1,T_GLWSW,WIND,GALAWHISTLE WIND FARM,659,0.0,1.0,32,Plant family
Family ID,marginal_family_id,T_GNAPW_BID,BID,0.0,0.0,0.0,0.0,0.0,1,0.3333333333333333,0.0,0.1887719861180565,82.36037528752183,660,368,0.1493953021971908,27.59139327851204,38.39832500331034,0.1601607083120586,27.45217064343264,38.15456321879331,2025-05-26 SP14,T_GNAPW,T_GNAPW,T_GNAPW-1,T_GNAPW,WIND,SP Renewables (UK) Limited,660,0.0,1.0,32,Plant family
Family ID,marginal_family_id,T_GORDW_OFFER,OFFER,0.0,,,,,0,0.0,0.0,0.1887719861180565,82.36037528752183,661,293,0.1493953021971908,27.59139327851204,38.39832500331034,0.1601607083120586,27.45217064343264,38.15456321879331,2025-05-26 SP14,T_GORDW,T_GORDW,"T_GORDW-1, T_GORDW-2",T_GORDW,WIND,SSE Generation Ltd,661,0.0,1.0,32,Plant family
Family ID,marginal_family_id,T_GRGBW_BID,BID,0.0,0.0,0.0,0.0,0.0,1,0.5,0.0,0.1887719861180565,82.36037528752183,662,369,0.1493953021971908,27.59139327851204,38.39832500331034,0.1601607083120586,27.45217064343264,38.15456321879331,2025-05-26 SP14,T_GRGBW,T_GRGBW,"T_GRGBW-1, T_GRGBW-2, T_GRGBW-3",T_GRGBW,WIND,Greater Gabbard Offshore Winds,662,0.0,1.0,32,Plant family
Family ID,marginal_family_id,T_GRIFW_BID,BID,0.0,0.0,0.0,0.0,0.0,3,2.5,0.0,0.1887719861180565,82.36037528752183,663,370,0.1493953021971908,27.59139327851204,38.39832500331034,0.1601607083120586,27.45217064343264,38.15456321879331,2025-05-26 SP14,T_GRIFW,T_GRIFW,"T_GRIFW-1, T_GRIFW-2",T_GRIFW,WIND,Griffin Wind Farm Ltd,663,0.0,1.0,32,Plant family
Family ID,marginal_family_id,T_GYMR_OFFER,OFFER,0.0,,,,,0,0.0,0.0,0.1887719861180565,82.36037528752183,664,294,0.1493953021971908,27.59139327851204,38.39832500331034,0.1601607083120586,27.45217064343264,38.15456321879331,2025-05-26 SP14,T_GYMR,T_GYMR,"T_GYMR-15, T_GYMR-17, T_GYMR-26, T_GYMR-28",T_GYMR,WIND,Gwynt y Mor Offshore Wind Farm,664,0.0,1.0,32,Plant family
Family ID,marginal_family_id,T_HADHW_BID,BID,0.0,0.0,0.0,0.0,0.0,1,1.0,0.0,0.1887719861180565,82.36037528752183,665,371,0.1493953021971908,27.59139327851204,38.39832500331034,0.1601607083120586,27.45217064343264,38.15456321879331,2025-05-26 SP14,T_HADHW,T_HADHW,T_HADHW-1,T_HADHW,WIND,SSE Renewables Wind Farms,665,0.0,1.0,32,Plant family
Family ID,marginal_family_id,T_HALSW_BID,BID,0.0,,,,,0,0.0,0.0,0.1887719861180565,82.36037528752183,666,372,0.1493953021971908,27.59139327851204,38.39832500331034,0.1601607083120586,27.45217064343264,38.15456321879331,2025-05-26 SP14,T_HALSW,T_HALSW,T_HALSW-1,T_HALSW,WIND,SP Renewables (UK) Limited,666,0.0,1.0,32,Plant family
Family ID,marginal_family_id,T_HOWAO_OFFER,OFFER,0.0,0.0,0.0,0.0,0.0,1,0.2,0.0,0.1887719861180565,82.36037528752183,667,295,0.1493953021971908,27.59139327851204,38.39832500331034,0.1601607083120586,27.45217064343264,38.15456321879331,2025-05-26 SP14,T_HOWAO,T_HOWAO,"T_HOWAO-1, T_HOWAO-2, T_HOWAO-3",T_HOWAO,WIND,Hornsea 1 Limited,667,0.0,1.0,32,Plant family
Family ID,marginal_family_id,T_HOWBO_OFFER,OFFER,0.0,,,,,0,0.0,0.0,0.1887719861180565,82.36037528752183,668,296,0.1493953021971908,27.59139327851204,38.39832500331034,0.1601607083120586,27.45217064343264,38.15456321879331,2025-05-26 SP14,T_HOWBO,T_HOWBO,"T_HOWBO-1, T_HOWBO-2, T_HOWBO-3",T_HOWBO,WIND,Breesea Limited,668,0.0,1.0,32,Plant family
Family ID,marginal_family_id,T_HRSTB_BID,BID,0.0,,,,,0,0.0,0.0,0.1887719861180565,82.36037528752183,669,373,0.1493953021971908,27.59139327851204,38.39832500331034,0.1601607083120586,27.45217064343264,38.15456321879331,2025-05-26 SP14,T_HRSTB,T_HRSTB,T_HRSTB-1,T_HRSTB,BATTERY,SP Renewables (UK) Limited,669,0.0,1.0,32,Plant family
Family ID,marginal_family_id,T_HRSTB_OFFER,OFFER,0.0,,,,,0,0.0,0.0,0.1887719861180565,82.36037528752183,670,297,0.1493953021971908,27.59139327851204,38.39832500331034,0.1601607083120586,27.45217064343264,38.15456321879331,2025-05-26 SP14,T_HRSTB,T_HRSTB,T_HRSTB-1,T_HRSTB,BATTERY,SP Renewables (UK) Limited,670,0.0,1.0,32,Plant family
Family ID,marginal_family_id,T_HUMR_OTH_BID,BID,0.0,,,,,0,0.0,0.0,0.1887719861180565,82.36037528752183,671,374,0.1493953021971908,27.59139327851204,38.39832500331034,0.1601607083120586,27.45217064343264,38.15456321879331,2025-05-26 SP14,T_HUMR_OTH,T_HUMR_OTH,T_HUMR-2,T_HUMR_OTH,OTHER,VPI Immingham Energy Park A,671,0.0,1.0,32,Plant family
Family ID,marginal_family_id,T_HUMR_OTH_OFFER,OFFER,0.0,0.0,0.0,0.0,0.0,3,3.0,0.0,0.1887719861180565,82.36037528752183,672,298,0.1493953021971908,27.59139327851204,38.39832500331034,0.1601607083120586,27.45217064343264,38.15456321879331,2025-05-26 SP14,T_HUMR_OTH,T_HUMR_OTH,T_HUMR-2,T_HUMR_OTH,OTHER,VPI Immingham Energy Park A,672,0.0,1.0,32,Plant family
Family ID,marginal_family_id,T_KEMB_OFFER,OFFER,0.0,0.0,0.0,0.0,0.0,11,6.640909090909091,0.0,0.1887719861180565,82.36037528752183,673,299,0.1493953021971908,27.59139327851204,38.39832500331034,0.1601607083120586,27.45217064343264,38.15456321879331,2025-05-26 SP14,T_KEMB,T_KEMB,T_KEMB-1,T_KEMB,LOAD RESPONSE,EDF Energy Customers Limited,673,0.0,1.0,32,Plant family
Family ID,marginal_family_id,T_KENNW_OFFER,OFFER,0.0,,,,,0,0.0,0.0,0.1887719861180565,82.36037528752183,674,300,0.1493953021971908,27.59139327851204,38.39832500331034,0.1601607083120586,27.45217064343264,38.15456321879331,2025-05-26 SP14,T_KENNW,T_KENNW,T_KENNW-1,T_KENNW,WIND,Kennoxhead Wind Farm Limited,674,0.0,1.0,32,Plant family
Family ID,marginal_family_id,T_KILLPG_BID,BID,0.0,,,,,0,0.0,0.0,0.1887719861180565,82.36037528752183,675,375,0.1493953021971908,27.59139327851204,38.39832500331034,0.1601607083120586,27.45217064343264,38.15456321879331,2025-05-26 SP14,T_KILLPG,T_KILLPG,"T_KILLPG-1, T_KILLPG-2",T_KILLPG,CCGT,Uniper UK Limited,675,0.0,1.0,32,Plant family
Family ID,marginal_family_id,T_KILSB_BID,BID,0.0,,,,,0,0.0,0.0,0.1887719861180565,82.36037528752183,676,376,0.1493953021971908,27.59139327851204,38.39832500331034,0.1601607083120586,27.45217064343264,38.15456321879331,2025-05-26 SP14,T_KILSB,T_KILSB,"T_KILSB-1, T_KILSB-2, T_KILSB-3, T_KILSB-5, T_KILSB-6",T_KILSB,BATTERY,ZENOBE KILMARNOCK SOUTH LTD,676,0.0,1.0,32,Plant family
Family ID,marginal_family_id,T_KILSB_OFFER,OFFER,0.0,0.0,0.0,0.0,0.0,1,1.0,0.0,0.1887719861180565,82.36037528752183,677,301,0.1493953021971908,27.59139327851204,38.39832500331034,0.1601607083120586,27.45217064343264,38.15456321879331,2025-05-26 SP14,T_KILSB,T_KILSB,"T_KILSB-1, T_KILSB-2, T_KILSB-3, T_KILSB-5, T_KILSB-6",T_KILSB,BATTERY,ZENOBE KILMARNOCK SOUTH LTD,677,0.0,1.0,32,Plant family
Family ID,marginal_family_id,T_KYPEW_BID,BID,0.0,0.0,0.0,0.0,0.0,2,2.0,0.0,0.1887719861180565,82.36037528752183,678,377,0.1493953021971908,27.59139327851204,38.39832500331034,0.1601607083120586,27.45217064343264,38.15456321879331,2025-05-26 SP14,T_KYPEW,T_KYPEW,T_KYPEW-1,T_KYPEW,WIND,Kype Extension Wind Farm Ltd,678,0.0,1.0,32,Plant family
Family ID,marginal_family_id,T_LAGA_BID,BID,0.0,0.0,0.0,0.0,0.0,15,13.571428571428571,0.0,0.1887719861180565,82.36037528752183,679,378,0.1493953021971908,27.59139327851204,38.39832500331034,0.1601607083120586,27.45217064343264,38.15456321879331,2025-05-26 SP14,T_LAGA,T_LAGA,T_LAGA-1,T_LAGA,CCGT,EP UK INVESTMENTS LIMITED,679,0.0,1.0,32,Plant family
Family ID,marginal_family_id,T_LARKB_BID,BID,0.0,0.0,0.0,0.0,0.0,6,5.0,0.0,0.1887719861180565,82.36037528752183,680,379,0.1493953021971908,27.59139327851204,38.39832500331034,0.1601607083120586,27.45217064343264,38.15456321879331,2025-05-26 SP14,T_LARKB,T_LARKB,T_LARKB-1,T_LARKB,OTHER,EDF Energy Customers Limited,680,0.0,1.0,32,Plant family
Family ID,marginal_family_id,T_LARKB_OFFER,OFFER,0.0,0.0,0.0,0.0,0.0,3,3.0,0.0,0.1887719861180565,82.36037528752183,681,302,0.1493953021971908,27.59139327851204,38.39832500331034,0.1601607083120586,27.45217064343264,38.15456321879331,2025-05-26 SP14,T_LARKB,T_LARKB,T_LARKB-1,T_LARKB,OTHER,EDF Energy Customers Limited,681,0.0,1.0,32,Plant family
Family ID,marginal_family_id,T_LARKS_BID,BID,0.0,,,,,0,0.0,0.0,0.1887719861180565,82.36037528752183,682,380,0.1493953021971908,27.59139327851204,38.39832500331034,0.1601607083120586,27.45217064343264,38.15456321879331,2025-05-26 SP14,T_LARKS,T_LARKS,T_LARKS-1,T_LARKS,OTHER,Iron Acton Green Limited,682,0.0,1.0,32,Plant family
Family ID,marginal_family_id,T_LBAR_BID,BID,0.0,0.0,0.0,0.0,0.0,7,6.25,0.0,0.1887719861180565,82.36037528752183,683,381,0.1493953021971908,27.59139327851204,38.39832500331034,0.1601607083120586,27.45217064343264,38.15456321879331,2025-05-26 SP14,T_LBAR,T_LBAR,T_LBAR-1,T_LBAR,CCGT,RWE Generation UK plc,683,0.0,1.0,32,Plant family
Family ID,marginal_family_id,T_LCLTW_BID,BID,0.0,,,,,0,0.0,0.0,0.1887719861180565,82.36037528752183,684,382,0.1493953021971908,27.59139327851204,38.39832500331034,0.1601607083120586,27.45217064343264,38.15456321879331,2025-05-26 SP14,T_LCLTW,T_LCLTW,T_LCLTW-1,T_LCLTW,WIND,Eneco Energy Trade,684,0.0,1.0,32,Plant family
Family ID,marginal_family_id,T_LKSDB_OFFER,OFFER,0.0,0.0,0.0,0.0,0.0,5,3.1666666666666665,0.0,0.1887719861180565,82.36037528752183,685,303,0.1493953021971908,27.59139327851204,38.39832500331034,0.1601607083120586,27.45217064343264,38.15456321879331,2025-05-26 SP14,T_LKSDB,T_LKSDB,T_LKSDB-1,T_LKSDB,OTHER,Lakeside Energy Storage Ltd,685,0.0,1.0,32,Plant family
Family ID,marginal_family_id,T_LNCSW_BID,BID,0.0,,,,,0,0.0,0.0,0.1887719861180565,82.36037528752183,686,383,0.1493953021971908,27.59139327851204,38.39832500331034,0.1601607083120586,27.45217064343264,38.15456321879331,2025-05-26 SP14,T_LNCSW,T_LNCSW,"T_LNCSW-1, T_LNCSW-2",T_LNCSW,WIND,Lincs Wind Farm Ltd,686,0.0,1.0,32,Plant family
Family ID,marginal_family_id,T_MEDP_BID,BID,0.0,0.0,0.0,0.0,0.0,13,11.083333333333334,0.0,0.1887719861180565,82.36037528752183,687,384,0.1493953021971908,27.59139327851204,38.39832500331034,0.1601607083120586,27.45217064343264,38.15456321879331,2025-05-26 SP14,T_MEDP,T_MEDP,T_MEDP-1,T_MEDP,CCGT,Medway Power Ltd,687,0.0,1.0,32,Plant family
Family ID,marginal_family_id,T_MKFRB_BID,BID,0.0,0.0,0.0,0.0,0.0,2,0.6666666666666666,0.0,0.1887719861180565,82.36037528752183,688,385,0.1493953021971908,27.59139327851204,38.39832500331034,0.1601607083120586,27.45217064343264,38.15456321879331,2025-05-26 SP14,T_MKFRB,T_MKFRB,T_MKFRB-1,T_MKFRB,BATTERY,HD777FRY Ltd,688,0.0,1.0,32,Plant family
Family ID,marginal_family_id,T_MKFRB_OFFER,OFFER,0.0,0.0,0.0,0.0,0.0,2,1.3333333333333333,0.0,0.1887719861180565,82.36037528752183,689,304,0.1493953021971908,27.59139327851204,38.39832500331034,0.1601607083120586,27.45217064343264,38.15456321879331,2025-05-26 SP14,T_MKFRB,T_MKFRB,T_MKFRB-1,T_MKFRB,BATTERY,HD777FRY Ltd,689,0.0,1.0,32,Plant family
Family ID,marginal_family_id,T_MKHLW_BID,BID,0.0,,,,,0,0.0,0.0,0.1887719861180565,82.36037528752183,690,386,0.1493953021971908,27.59139327851204,38.39832500331034,0.1601607083120586,27.45217064343264,38.15456321879331,2025-05-26 SP14,T_MKHLW,T_MKHLW,T_MKHLW-1,T_MKHLW,WIND,SP Renewables (UK) Limited,690,0.0,1.0,32,Plant family
Family ID,marginal_family_id,T_MOWEO_OFFER,OFFER,0.0,,,,,0,0.0,0.0,0.1887719861180565,82.36037528752183,691,305,0.1493953021971908,27.59139327851204,38.39832500331034,0.1601607083120586,27.45217064343264,38.15456321879331,2025-05-26 SP14,T_MOWEO,T_MOWEO,"T_MOWEO-1, T_MOWEO-2, T_MOWEO-3",T_MOWEO,WIND,Moray Offshore Wind East Ltd,691,0.0,1.0,32,Plant family
Family ID,marginal_family_id,T_MOWWO_OFFER,OFFER,0.0,,,,,0,0.0,0.0,0.1887719861180565,82.36037528752183,692,306,0.1493953021971908,27.59139327851204,38.39832500331034,0.1601607083120586,27.45217064343264,38.15456321879331,2025-05-26 SP14,T_MOWWO,T_MOWWO,"T_MOWWO-1, T_MOWWO-2, T_MOWWO-3, T_MOWWO-4",T_MOWWO,WIND,Moray Offshore Wind West Ltd,692,0.0,1.0,32,Plant family
Family ID,marginal_family_id,T_MYGPW_BID,BID,0.0,,,,,0,0.0,0.0,0.1887719861180565,82.36037528752183,693,387,0.1493953021971908,27.59139327851204,38.39832500331034,0.1601607083120586,27.45217064343264,38.15456321879331,2025-05-26 SP14,T_MYGPW,T_MYGPW,T_MYGPW-1,T_MYGPW,WIND,Minnygap Energy Limited,693,0.0,1.0,32,Plant family
Family ID,marginal_family_id,T_NANT_BID,BID,0.0,,,,,0,0.0,0.0,0.1887719861180565,82.36037528752183,694,388,0.1493953021971908,27.59139327851204,38.39832500331034,0.1601607083120586,27.45217064343264,38.15456321879331,2025-05-26 SP14,T_NANT,T_NANT,T_NANT-1,T_NANT,NPSHYD,SSE Generation Ltd,694,0.0,1.0,32,Plant family
Family ID,marginal_family_id,T_NANT_OFFER,OFFER,0.0,0.0,0.0,0.0,0.0,2,1.1666666666666667,0.0,0.1887719861180565,82.36037528752183,695,307,0.1493953021971908,27.59139327851204,38.39832500331034,0.1601607083120586,27.45217064343264,38.15456321879331,2025-05-26 SP14,T_NANT,T_NANT,T_NANT-1,T_NANT,NPSHYD,SSE Generation Ltd,695,0.0,1.0,32,Plant family
Family ID,marginal_family_id,T_NNGAO_OFFER,OFFER,0.0,,,,,0,0.0,0.0,0.1887719861180565,82.36037528752183,696,308,0.1493953021971908,27.59139327851204,38.39832500331034,0.1601607083120586,27.45217064343264,38.15456321879331,2025-05-26 SP14,T_NNGAO,T_NNGAO,"T_NNGAO-1, T_NNGAO-2",T_NNGAO,WIND,Neart Na Gaoithe Offshore Wind,696,0.0,1.0,32,Plant family
Family ID,marginal_family_id,T_NTRVB_BID,BID,0.0,0.0,0.0,0.0,0.0,1,1.0,0.0,0.1887719861180565,82.36037528752183,697,389,0.1493953021971908,27.59139327851204,38.39832500331034,0.1601607083120586,27.45217064343264,38.15456321879331,2025-05-26 SP14,T_NTRVB,T_NTRVB,T_NTRVB-1,T_NTRVB,BATTERY,Arenko Cleantech Limited,697,0.0,1.0,32,Plant family
Family ID,marginal_family_id,T_NTRVB_OFFER,OFFER,0.0,,,,,0,0.0,0.0,0.1887719861180565,82.36037528752183,698,309,0.1493953021971908,27.59139327851204,38.39832500331034,0.1601607083120586,27.45217064343264,38.15456321879331,2025-05-26 SP14,T_NTRVB,T_NTRVB,T_NTRVB-1,T_NTRVB,BATTERY,Arenko Cleantech Limited,698,0.0,1.0,32,Plant family
Family ID,marginal_family_id,T_NURSB_OFFER,OFFER,0.0,0.0,0.0,0.0,0.0,13,6.192857142857143,0.0,0.1887719861180565,82.36037528752183,699,310,0.1493953021971908,27.59139327851204,38.39832500331034,0.1601607083120586,27.45217064343264,38.15456321879331,2025-05-26 SP14,T_NURSB,T_NURSB,T_NURSB-1,T_NURSB,BATTERY,EDF Energy Customers Limited,699,0.0,1.0,32,Plant family
Family ID,marginal_family_id,T_OCHLB_BID,BID,0.0,0.0,0.0,0.0,0.0,8,6.333333333333333,0.0,0.1887719861180565,82.36037528752183,700,390,0.1493953021971908,27.59139327851204,38.39832500331034,0.1601607083120586,27.45217064343264,38.15456321879331,2025-05-26 SP14,T_OCHLB,T_OCHLB,T_OCHLB-1,T_OCHLB,BATTERY,HD143OCK Ltd,700,0.0,1.0,32,Plant family
Family ID,marginal_family_id,T_OCHLB_OFFER,OFFER,0.0,0.0,0.0,0.0,0.0,1,0.3333333333333333,0.0,0.1887719861180565,82.36037528752183,701,311,0.1493953021971908,27.59139327851204,38.39832500331034,0.1601607083120586,27.45217064343264,38.15456321879331,2025-05-26 SP14,T_OCHLB,T_OCHLB,T_OCHLB-1,T_OCHLB,BATTERY,HD143OCK Ltd,701,0.0,1.0,32,Plant family
Family ID,marginal_family_id,T_PEHE_BID,BID,0.0,0.0,0.0,0.0,0.0,12,12.0,0.0,0.1887719861180565,82.36037528752183,702,391,0.1493953021971908,27.59139327851204,38.39832500331034,0.1601607083120586,27.45217064343264,38.15456321879331,2025-05-26 SP14,T_PEHE,T_PEHE,T_PEHE-1,T_PEHE,CCGT,SSE Thermal Generation,702,0.0,1.0,32,Plant family
Family ID,marginal_family_id,T_PEHE_OFFER,OFFER,0.0,0.0,0.0,0.0,0.0,3,2.5,0.0,0.1887719861180565,82.36037528752183,703,312,0.1493953021971908,27.59139327851204,38.39832500331034,0.1601607083120586,27.45217064343264,38.15456321879331,2025-05-26 SP14,T_PEHE,T_PEHE,T_PEHE-1,T_PEHE,CCGT,SSE Thermal Generation,703,0.0,1.0,32,Plant family
Family ID,marginal_family_id,T_PINFB_B_OFFER,OFFER,0.0,0.0,0.0,0.0,0.0,10,3.719444444444445,0.0,0.1887719861180565,82.36037528752183,704,313,0.1493953021971908,27.59139327851204,38.39832500331034,0.1601607083120586,27.45217064343264,38.15456321879331,2025-05-26 SP14,T_PINFB_B,T_PINFB_B,"T_PINFB-1, T_PINFB-4",T_PINFB_B,BATTERY,Zenobe Capenhurst Limited,704,0.0,1.0,32,Plant family
Family ID,marginal_family_id,T_PNYCB_BID,BID,0.0,0.0,0.0,0.0,0.0,4,4.0,0.0,0.1887719861180565,82.36037528752183,705,392,0.1493953021971908,27.59139327851204,38.39832500331034,0.1601607083120586,27.45217064343264,38.15456321879331,2025-05-26 SP14,T_PNYCB,T_PNYCB,T_PNYCB-1,T_PNYCB,BATTERY,Arenko Cleantech Limited,705,0.0,1.0,32,Plant family
Family ID,marginal_family_id,T_PNYCB_OFFER,OFFER,0.0,0.0,0.0,0.0,0.0,1,1.0,0.0,0.1887719861180565,82.36037528752183,706,314,0.1493953021971908,27.59139327851204,38.39832500331034,0.1601607083120586,27.45217064343264,38.15456321879331,2025-05-26 SP14,T_PNYCB,T_PNYCB,T_PNYCB-1,T_PNYCB,BATTERY,Arenko Cleantech Limited,706,0.0,1.0,32,Plant family
Family ID,marginal_family_id,T_RATS_BID,BID,0.0,0.0,0.0,0.0,0.0,31,13.554004329004329,0.0,0.1887719861180565,82.36037528752183,707,393,0.1493953021971908,27.59139327851204,38.39832500331034,0.1601607083120586,27.45217064343264,38.15456321879331,2025-05-26 SP14,T_RATS,T_RATS,"T_RATS-1, T_RATS-2, T_RATS-3, T_RATS-4",T_RATS,COAL,Uniper UK Limited,707,0.0,1.0,32,Plant family
Family ID,marginal_family_id,T_RICHB_OFFER,OFFER,0.0,0.0,0.0,0.0,0.0,4,2.321428571428572,0.0,0.1887719861180565,82.36037528752183,708,315,0.1493953021971908,27.59139327851204,38.39832500331034,0.1601607083120586,27.45217064343264,38.15456321879331,2025-05-26 SP14,T_RICHB,T_RICHB,"T_RICHB-1, T_RICHB-2",T_RICHB,OTHER,Limejump Energy Limited,708,0.0,1.0,32,Plant family
Family ID,marginal_family_id,T_ROCK_BID,BID,0.0,0.0,0.0,0.0,0.0,9,7.333333333333333,0.0,0.1887719861180565,82.36037528752183,709,394,0.1493953021971908,27.59139327851204,38.39832500331034,0.1601607083120586,27.45217064343264,38.15456321879331,2025-05-26 SP14,T_ROCK,T_ROCK,T_ROCK-1,T_ROCK,CCGT,Rocksavage Power Company Ltd,709,0.0,1.0,32,Plant family
Family ID,marginal_family_id,T_RRWW_BID,BID,0.0,,,,,0,0.0,0.0,0.1887719861180565,82.36037528752183,710,395,0.1493953021971908,27.59139327851204,38.39832500331034,0.1601607083120586,27.45217064343264,38.15456321879331,2025-05-26 SP14,T_RRWW,T_RRWW,T_RRWW-1,T_RRWW,WIND,RWE Renewables UK Robin Rigg,710,0.0,1.0,32,Plant family
Family ID,marginal_family_id,T_RYHPS_BID,BID,0.0,,,,,0,0.0,0.0,0.1887719861180565,82.36037528752183,711,396,0.1493953021971908,27.59139327851204,38.39832500331034,0.1601607083120586,27.45217064343264,38.15456321879331,2025-05-26 SP14,T_RYHPS,T_RYHPS,T_RYHPS-1,T_RYHPS,CCGT,VPI Power Limited,711,0.0,1.0,32,Plant family
Family ID,marginal_family_id,T_SAKNW_BID,BID,0.0,0.0,0.0,0.0,0.0,3,0.9166666666666666,0.0,0.1887719861180565,82.36037528752183,712,397,0.1493953021971908,27.59139327851204,38.39832500331034,0.1601607083120586,27.45217064343264,38.15456321879331,2025-05-26 SP14,T_SAKNW,T_SAKNW,T_SAKNW-1,T_SAKNW,WIND,Sandy Knowe Wind Farm Ltd,712,0.0,1.0,32,Plant family
Family ID,marginal_family_id,T_SANQW_BID,BID,0.0,0.0,0.0,0.0,0.0,2,2.0,0.0,0.1887719861180565,82.36037528752183,713,398,0.1493953021971908,27.59139327851204,38.39832500331034,0.1601607083120586,27.45217064343264,38.15456321879331,2025-05-26 SP14,T_SANQW,T_SANQW,T_SANQW-1,T_SANQW,WIND,SANQUHAR CWCL,713,0.0,1.0,32,Plant family
Family ID,marginal_family_id,T_SCCL_BID,BID,0.0,0.0,0.0,0.0,0.0,22,21.5,0.0,0.1887719861180565,82.36037528752183,714,399,0.1493953021971908,27.59139327851204,38.39832500331034,0.1601607083120586,27.45217064343264,38.15456321879331,2025-05-26 SP14,T_SCCL,T_SCCL,"T_SCCL-1, T_SCCL-2, T_SCCL-3",T_SCCL,CCGT,SCCL,714,0.0,1.0,32,Plant family
Family ID,marginal_family_id,T_SEEL_BID,BID,0.0,,,,,0,0.0,0.0,0.1887719861180565,82.36037528752183,715,400,0.1493953021971908,27.59139327851204,38.39832500331034,0.1601607083120586,27.45217064343264,38.15456321879331,2025-05-26 SP14,T_SEEL,T_SEEL,T_SEEL-1,T_SEEL,OCGT,Spalding Energy Expansion Ltd,715,0.0,1.0,32,Plant family
Family ID,marginal_family_id,T_SGRWO_OFFER,OFFER,0.0,,,,,0,0.0,0.0,0.1887719861180565,82.36037528752183,716,316,0.1493953021971908,27.59139327851204,38.39832500331034,0.1601607083120586,27.45217064343264,38.15456321879331,2025-05-26 SP14,T_SGRWO,T_SGRWO,"T_SGRWO-1, T_SGRWO-2, T_SGRWO-3, T_SGRWO-4, T_SGRWO-5, T_SGRWO-6",T_SGRWO,WIND,Seagreen Wind Energy Limited,716,0.0,1.0,32,Plant family
Family ID,marginal_family_id,T_SHRSW_BID,BID,0.0,,,,,0,0.0,0.0,0.1887719861180565,82.36037528752183,717,401,0.1493953021971908,27.59139327851204,38.39832500331034,0.1601607083120586,27.45217064343264,38.15456321879331,2025-05-26 SP14,T_SHRSW,T_SHRSW,"T_SHRSW-1, T_SHRSW-2",T_SHRSW,WIND,Scira Offshore Energy Limited,717,0.0,1.0,32,Plant family
Family ID,marginal_family_id,T_SLOY_BID,BID,0.0,0.0,0.0,0.0,0.0,3,0.8666666666666667,0.0,0.1887719861180565,82.36037528752183,718,402,0.1493953021971908,27.59139327851204,38.39832500331034,0.1601607083120586,27.45217064343264,38.15456321879331,2025-05-26 SP14,T_SLOY,T_SLOY,"T_SLOY-2, T_SLOY-3",T_SLOY,NPSHYD,SSE Generation Ltd,718,0.0,1.0,32,Plant family
Family ID,marginal_family_id,T_SPLN_BID,BID,0.0,0.0,0.0,0.0,0.0,32,24.71025641025641,0.0,0.1887719861180565,82.36037528752183,719,403,0.1493953021971908,27.59139327851204,38.39832500331034,0.1601607083120586,27.45217064343264,38.15456321879331,2025-05-26 SP14,T_SPLN,T_SPLN,T_SPLN-1,T_SPLN,CCGT,Spalding Energy Company Ltd,719,0.0,1.0,32,Plant family
Family ID,marginal_family_id,T_STRNW_BID,BID,0.0,0.0,0.0,0.0,0.0,2,2.0,0.0,0.1887719861180565,82.36037528752183,720,404,0.1493953021971908,27.59139327851204,38.39832500331034,0.1601607083120586,27.45217064343264,38.15456321879331,2025-05-26 SP14,T_STRNW,T_STRNW,T_STRNW-1,T_STRNW,WIND,Strathy Wind Farm Limited,720,0.0,1.0,32,Plant family
Family ID,marginal_family_id,T_SUNDB_OFFER,OFFER,0.0,0.0,0.0,0.0,0.0,1,1.0,0.0,0.1887719861180565,82.36037528752183,721,317,0.1493953021971908,27.59139327851204,38.39832500331034,0.1601607083120586,27.45217064343264,38.15456321879331,2025-05-26 SP14,T_SUNDB,T_SUNDB,T_SUNDB-1,T_SUNDB,BATTERY,Pivoted Power LLP,721,0.0,1.0,32,Plant family
Family ID,marginal_family_id,T_SUTBS_BID,BID,0.0,,,,,0,0.0,0.0,0.1887719861180565,82.36037528752183,722,405,0.1493953021971908,27.59139327851204,38.39832500331034,0.1601607083120586,27.45217064343264,38.15456321879331,2025-05-26 SP14,T_SUTBS,T_SUTBS,T_SUTBS-1,T_SUTBS,SOLAR,EDF Energy Customers Limited,722,0.0,1.0,32,Plant family
Family ID,marginal_family_id,T_SUTB_BID,BID,0.0,,,,,0,0.0,0.0,0.1887719861180565,82.36037528752183,723,406,0.1493953021971908,27.59139327851204,38.39832500331034,0.1601607083120586,27.45217064343264,38.15456321879331,2025-05-26 SP14,T_SUTB,T_SUTB,T_SUTB-1,T_SUTB,CCGT,SUTTON BRIDGE POWER GENERATION,723,0.0,1.0,32,Plant family
Family ID,marginal_family_id,T_SUTB_OFFER,OFFER,0.0,0.0,0.0,0.0,0.0,1,1.0,0.0,0.1887719861180565,82.36037528752183,724,318,0.1493953021971908,27.59139327851204,38.39832500331034,0.1601607083120586,27.45217064343264,38.15456321879331,2025-05-26 SP14,T_SUTB,T_SUTB,T_SUTB-1,T_SUTB,CCGT,SUTTON BRIDGE POWER GENERATION,724,0.0,1.0,32,Plant family
Family ID,marginal_family_id,T_SVRP_BID,BID,0.0,0.0,0.0,0.0,0.0,4,4.0,0.0,0.1887719861180565,82.36037528752183,725,407,0.1493953021971908,27.59139327851204,38.39832500331034,0.1601607083120586,27.45217064343264,38.15456321879331,2025-05-26 SP14,T_SVRP,T_SVRP,"T_SVRP-10, T_SVRP-20",T_SVRP,CCGT,Severn Power Limited,725,0.0,1.0,32,Plant family
Family ID,marginal_family_id,T_SVRP_OFFER,OFFER,0.0,0.0,0.0,0.0,0.0,9,8.0,0.0,0.1887719861180565,82.36037528752183,726,319,0.1493953021971908,27.59139327851204,38.39832500331034,0.1601607083120586,27.45217064343264,38.15456321879331,2025-05-26 SP14,T_SVRP,T_SVRP,"T_SVRP-10, T_SVRP-20",T_SVRP,CCGT,Severn Power Limited,726,0.0,1.0,32,Plant family
Family ID,marginal_family_id,T_SZJNB_BID,BID,0.0,0.0,0.0,0.0,0.0,1,1.0,0.0,0.1887719861180565,82.36037528752183,727,408,0.1493953021971908,27.59139327851204,38.39832500331034,0.1601607083120586,27.45217064343264,38.15456321879331,2025-05-26 SP14,T_SZJNB,T_SZJNB,T_SZJNB-1,T_SZJNB,BATTERY,Arenko Cleantech Limited,727,0.0,1.0,32,Plant family
Family ID,marginal_family_id,T_SZJNB_OFFER,OFFER,0.0,,,,,0,0.0,0.0,0.1887719861180565,82.36037528752183,728,320,0.1493953021971908,27.59139327851204,38.39832500331034,0.1601607083120586,27.45217064343264,38.15456321879331,2025-05-26 SP14,T_SZJNB,T_SZJNB,T_SZJNB-1,T_SZJNB,BATTERY,Arenko Cleantech Limited,728,0.0,1.0,32,Plant family
Family ID,marginal_family_id,T_TEBWB_BID,BID,0.0,0.0,0.0,0.0,0.0,1,1.0,0.0,0.1887719861180565,82.36037528752183,729,409,0.1493953021971908,27.59139327851204,38.39832500331034,0.1601607083120586,27.45217064343264,38.15456321879331,2025-05-26 SP14,T_TEBWB,T_TEBWB,T_TEBWB-1,T_TEBWB,BATTERY,Arenko Cleantech Limited,729,0.0,1.0,32,Plant family
Family ID,marginal_family_id,T_TEBWB_OFFER,OFFER,0.0,,,,,0,0.0,0.0,0.1887719861180565,82.36037528752183,730,321,0.1493953021971908,27.59139327851204,38.39832500331034,0.1601607083120586,27.45217064343264,38.15456321879331,2025-05-26 SP14,T_TEBWB,T_TEBWB,T_TEBWB-1,T_TEBWB,BATTERY,Arenko Cleantech Limited,730,0.0,1.0,32,Plant family
Family ID,marginal_family_id,T_THNTO_BID,BID,0.0,,,,,0,0.0,0.0,0.1887719861180565,82.36037528752183,731,410,0.1493953021971908,27.59139327851204,38.39832500331034,0.1601607083120586,27.45217064343264,38.15456321879331,2025-05-26 SP14,T_THNTO,T_THNTO,"T_THNTO-1, T_THNTO-2",T_THNTO,WIND,Thanet Offshore Wind Limited,731,0.0,1.0,32,Plant family
Family ID,marginal_family_id,T_THURB_BID,BID,0.0,0.0,0.0,0.0,0.0,6,4.0,0.0,0.1887719861180565,82.36037528752183,732,411,0.1493953021971908,27.59139327851204,38.39832500331034,0.1601607083120586,27.45217064343264,38.15456321879331,2025-05-26 SP14,T_THURB,T_THURB,"T_THURB-1, T_THURB-2, T_THURB-3",T_THURB,BATTERY,THURROCK STORAGE LIMITED,732,0.0,1.0,32,Plant family
Family ID,marginal_family_id,T_THURB_OFFER,OFFER,0.0,0.0,0.0,0.0,0.0,2,2.0,0.0,0.1887719861180565,82.36037528752183,733,322,0.1493953021971908,27.59139327851204,38.39832500331034,0.1601607083120586,27.45217064343264,38.15456321879331,2025-05-26 SP14,T_THURB,T_THURB,"T_THURB-1, T_THURB-2, T_THURB-3",T_THURB,BATTERY,THURROCK STORAGE LIMITED,733,0.0,1.0,32,Plant family
Family ID,marginal_family_id,T_TKNEW_OFFER,OFFER,0.0,0.0,0.0,0.0,0.0,1,0.5,0.0,0.1887719861180565,82.36037528752183,734,323,0.1493953021971908,27.59139327851204,38.39832500331034,0.1601607083120586,27.45217064343264,38.15456321879331,2025-05-26 SP14,T_TKNEW,T_TKNEW,T_TKNEW-1,T_TKNEW,WIND,Triton Knoll Offshore Wind,734,0.0,1.0,32,Plant family
Family ID,marginal_family_id,T_TKNWW_OFFER,OFFER,0.0,0.0,0.0,0.0,0.0,1,0.5,0.0,0.1887719861180565,82.36037528752183,735,324,0.1493953021971908,27.59139327851204,38.39832500331034,0.1601607083120586,27.45217064343264,38.15456321879331,2025-05-26 SP14,T_TKNWW,T_TKNWW,T_TKNWW-1,T_TKNWW,WIND,Triton Knoll Offshore Wind,735,0.0,1.0,32,Plant family
Family ID,marginal_family_id,T_TYLNB_OFFER,OFFER,0.0,0.0,0.0,0.0,0.0,3,2.5,0.0,0.1887719861180565,82.36037528752183,736,325,0.1493953021971908,27.59139327851204,38.39832500331034,0.1601607083120586,27.45217064343264,38.15456321879331,2025-05-26 SP14,T_TYLNB,T_TYLNB,T_TYLNB-1,T_TYLNB,BATTERY,Pivoted Power LLP,736,0.0,1.0,32,Plant family
Family ID,marginal_family_id,T_VKNGW_BID,BID,0.0,,,,,0,0.0,0.0,0.1887719861180565,82.36037528752183,737,412,0.1493953021971908,27.59139327851204,38.39832500331034,0.1601607083120586,27.45217064343264,38.15456321879331,2025-05-26 SP14,T_VKNGW,T_VKNGW,"T_VKNGW-1, T_VKNGW-2, T_VKNGW-3, T_VKNGW-4",T_VKNGW,WIND,Viking Energy Wind Farm LLP,737,0.0,1.0,32,Plant family
Family ID,marginal_family_id,T_VKNGW_OFFER,OFFER,0.0,,,,,0,0.0,0.0,0.1887719861180565,82.36037528752183,738,326,0.1493953021971908,27.59139327851204,38.39832500331034,0.1601607083120586,27.45217064343264,38.15456321879331,2025-05-26 SP14,T_VKNGW,T_VKNGW,"T_VKNGW-1, T_VKNGW-2, T_VKNGW-3, T_VKNGW-4",T_VKNGW,WIND,Viking Energy Wind Farm LLP,738,0.0,1.0,32,Plant family
Family ID,marginal_family_id,T_WBURB_B_BID,BID,0.0,0.0,0.0,0.0,0.0,12,7.733333333333334,0.0,0.1887719861180565,82.36037528752183,739,413,0.1493953021971908,27.59139327851204,38.39832500331034,0.1601607083120586,27.45217064343264,38.15456321879331,2025-05-26 SP14,T_WBURB_B,T_WBURB_B,"T_WBURB-41, T_WBURB-43",T_WBURB_B,BATTERY,West Burton B Limited,739,0.0,1.0,32,Plant family
Family ID,marginal_family_id,T_WBURB_B_OFFER,OFFER,0.0,0.0,0.0,0.0,0.0,4,3.2,0.0,0.1887719861180565,82.36037528752183,740,327,0.1493953021971908,27.59139327851204,38.39832500331034,0.1601607083120586,27.45217064343264,38.15456321879331,2025-05-26 SP14,T_WBURB_B,T_WBURB_B,"T_WBURB-41, T_WBURB-43",T_WBURB_B,BATTERY,West Burton B Limited,740,0.0,1.0,32,Plant family
Family ID,marginal_family_id,T_WDNSO_BID,BID,0.0,0.0,0.0,0.0,0.0,1,1.0,0.0,0.1887719861180565,82.36037528752183,741,414,0.1493953021971908,27.59139327851204,38.39832500331034,0.1601607083120586,27.45217064343264,38.15456321879331,2025-05-26 SP14,T_WDNSO,T_WDNSO,"T_WDNSO-1, T_WDNSO-2",T_WDNSO,WIND,Morecambe Wind Limited,741,0.0,1.0,32,Plant family
Family ID,marginal_family_id,T_WHIHW_BID,BID,0.0,0.0,0.0,0.0,0.0,3,3.0,0.0,0.1887719861180565,82.36037528752183,742,415,0.1493953021971908,27.59139327851204,38.39832500331034,0.1601607083120586,27.45217064343264,38.15456321879331,2025-05-26 SP14,T_WHIHW,T_WHIHW,T_WHIHW-1,T_WHIHW,WIND,Whiteside Hill,742,0.0,1.0,32,Plant family
Family ID,marginal_family_id,T_WHLWB_BID,BID,0.0,0.0,0.0,0.0,0.0,2,1.3333333333333333,0.0,0.1887719861180565,82.36037528752183,743,416,0.1493953021971908,27.59139327851204,38.39832500331034,0.1601607083120586,27.45217064343264,38.15456321879331,2025-05-26 SP14,T_WHLWB,T_WHLWB,T_WHLWB-1,T_WHLWB,BATTERY,SP Renewables (UK) Limited,743,0.0,1.0,32,Plant family
Family ID,marginal_family_id,T_WHLWB_OFFER,OFFER,0.0,0.0,0.0,0.0,0.0,3,2.333333333333333,0.0,0.1887719861180565,82.36037528752183,744,328,0.1493953021971908,27.59139327851204,38.39832500331034,0.1601607083120586,27.45217064343264,38.15456321879331,2025-05-26 SP14,T_WHLWB,T_WHLWB,T_WHLWB-1,T_WHLWB,BATTERY,SP Renewables (UK) Limited,744,0.0,1.0,32,Plant family
Family ID,marginal_family_id,T_WISHB_OFFER,OFFER,0.0,0.0,0.0,0.0,0.0,2,1.5,0.0,0.1887719861180565,82.36037528752183,745,329,0.1493953021971908,27.59139327851204,38.39832500331034,0.1601607083120586,27.45217064343264,38.15456321879331,2025-05-26 SP14,T_WISHB,T_WISHB,T_WISHB-1,T_WISHB,BATTERY,Zenobe Wishaw Limited,745,0.0,1.0,32,Plant family
Family ID,marginal_family_id,T_WLNYW_BID,BID,0.0,0.0,0.0,0.0,0.0,3,1.5,0.0,0.1887719861180565,82.36037528752183,746,417,0.1493953021971908,27.59139327851204,38.39832500331034,0.1601607083120586,27.45217064343264,38.15456321879331,2025-05-26 SP14,T_WLNYW,T_WLNYW,T_WLNYW-1,T_WLNYW,WIND,Walney Offshore Windfarms Ltd,746,0.0,1.0,32,Plant family
Family ID,marginal_family_id,V__AFEEL_BID,BID,0.0,,,,,0,0.0,0.0,0.1887719861180565,82.36037528752183,747,418,0.1493953021971908,27.59139327851204,38.39832500331034,0.1601607083120586,27.45217064343264,38.15456321879331,2025-05-26 SP14,V__AFEEL,V__AFEEL,V__AFEEL002,V__AFEEL,OTHER,EDF Energy Limited,747,0.0,1.0,32,Plant family
Family ID,marginal_family_id,V__AFEEL_OFFER,OFFER,0.0,0.0,0.0,0.0,0.0,1,1.0,0.0,0.1887719861180565,82.36037528752183,748,330,0.1493953021971908,27.59139327851204,38.39832500331034,0.1601607083120586,27.45217064343264,38.15456321879331,2025-05-26 SP14,V__AFEEL,V__AFEEL,V__AFEEL002,V__AFEEL,OTHER,EDF Energy Limited,748,0.0,1.0,32,Plant family
Family ID,marginal_family_id,V__AFLEX_OFFER,OFFER,0.0,0.0,0.0,0.0,0.0,1,0.2,0.0,0.1887719861180565,82.36037528752183,749,331,0.1493953021971908,27.59139327851204,38.39832500331034,0.1601607083120586,27.45217064343264,38.15456321879331,2025-05-26 SP14,V__AFLEX,V__AFLEX,V__AFLEX002,V__AFLEX,GAS,Flexitricity Limited,749,0.0,1.0,32,Plant family
Family ID,marginal_family_id,V__AZENO_BID,BID,0.0,0.0,0.0,0.0,0.0,6,2.4027777777777777,0.0,0.1887719861180565,82.36037528752183,750,419,0.1493953021971908,27.59139327851204,38.39832500331034,0.1601607083120586,27.45217064343264,38.15456321879331,2025-05-26 SP14,V__AZENO,V__AZENO,V__AZENO002,V__AZENO,OTHER,BESS Holdco 2 Limited,750,0.0,1.0,32,Plant family
Family ID,marginal_family_id,V__AZENO_OFFER,OFFER,0.0,0.0,0.0,0.0,0.0,6,3.567099567099567,0.0,0.1887719861180565,82.36037528752183,751,332,0.1493953021971908,27.59139327851204,38.39832500331034,0.1601607083120586,27.45217064343264,38.15456321879331,2025-05-26 SP14,V__AZENO,V__AZENO,V__AZENO002,V__AZENO,OTHER,BESS Holdco 2 Limited,751,0.0,1.0,32,Plant family
Family ID,marginal_family_id,V__BCEND_BID,BID,0.0,0.0,0.0,0.0,0.0,1,0.5,0.0,0.1887719861180565,82.36037528752183,752,420,0.1493953021971908,27.59139327851204,38.39832500331034,0.1601607083120586,27.45217064343264,38.15456321879331,2025-05-26 SP14,V__BCEND,V__BCEND,V__BCEND004,V__BCEND,BATTERY,Centrica Business Solutions UK,752,0.0,1.0,32,Plant family
Family ID,marginal_family_id,V__BCEND_OFFER,OFFER,0.0,0.0,0.0,0.0,0.0,2,1.1111111111111112,0.0,0.1887719861180565,82.36037528752183,753,333,0.1493953021971908,27.59139327851204,38.39832500331034,0.1601607083120586,27.45217064343264,38.15456321879331,2025-05-26 SP14,V__BCEND,V__BCEND,V__BCEND004,V__BCEND,BATTERY,Centrica Business Solutions UK,753,0.0,1.0,32,Plant family
Family ID,marginal_family_id,V__BEROV_OFFER,OFFER,0.0,,,,,0,0.0,0.0,0.1887719861180565,82.36037528752183,754,334,0.1493953021971908,27.59139327851204,38.39832500331034,0.1601607083120586,27.45217064343264,38.15456321879331,2025-05-26 SP14,V__BEROV,V__BEROV,V__BEROV001,V__BEROV,OTHER,Erova Energy Limited,754,0.0,1.0,32,Plant family
Family ID,marginal_family_id,V__DWELS_BID,BID,0.0,,,,,0,0.0,0.0,0.1887719861180565,82.36037528752183,755,421,0.1493953021971908,27.59139327851204,38.39832500331034,0.1601607083120586,27.45217064343264,38.15456321879331,2025-05-26 SP14,V__DWELS,V__DWELS,"V__DWELS001, V__DWELS002",V__DWELS,OTHER,Welsh Power Group Limited,755,0.0,1.0,32,Plant family
Family ID,marginal_family_id,V__EEXRG_OFFER,OFFER,0.0,,,,,0,0.0,0.0,0.1887719861180565,82.36037528752183,756,335,0.1493953021971908,27.59139327851204,38.39832500331034,0.1601607083120586,27.45217064343264,38.15456321879331,2025-05-26 SP14,V__EEXRG,V__EEXRG,V__EEXRG001,V__EEXRG,OTHER,Exergy Solutions Limited,756,0.0,1.0,32,Plant family
Family ID,marginal_family_id,V__EFEEL_BID,BID,0.0,,,,,0,0.0,0.0,0.1887719861180565,82.36037528752183,757,422,0.1493953021971908,27.59139327851204,38.39832500331034,0.1601607083120586,27.45217064343264,38.15456321879331,2025-05-26 SP14,V__EFEEL,V__EFEEL,V__EFEEL400,V__EFEEL,BATTERY,EDF Energy Limited,757,0.0,1.0,32,Plant family
Family ID,marginal_family_id,V__GDSKC_BID,BID,0.0,0.0,0.0,0.0,0.0,1,1.0,0.0,0.1887719861180565,82.36037528752183,758,423,0.1493953021971908,27.59139327851204,38.39832500331034,0.1601607083120586,27.45217064343264,38.15456321879331,2025-05-26 SP14,V__GDSKC,V__GDSKC,V__GDSKC001,V__GDSKC,OTHER,Danske Commodities A/S,758,0.0,1.0,32,Plant family
Family ID,marginal_family_id,V__GDSKC_OFFER,OFFER,0.0,,,,,0,0.0,0.0,0.1887719861180565,82.36037528752183,759,336,0.1493953021971908,27.59139327851204,38.39832500331034,0.1601607083120586,27.45217064343264,38.15456321879331,2025-05-26 SP14,V__GDSKC,V__GDSKC,V__GDSKC001,V__GDSKC,OTHER,Danske Commodities A/S,759,0.0,1.0,32,Plant family
Family ID,marginal_family_id,V__GHABI_BID,BID,0.0,0.0,0.0,0.0,0.0,5,4.333333333333333,0.0,0.1887719861180565,82.36037528752183,760,424,0.1493953021971908,27.59139327851204,38.39832500331034,0.1601607083120586,27.45217064343264,38.15456321879331,2025-05-26 SP14,V__GHABI,V__GHABI,V__GHABI001,V__GHABI,OTHER,Habitat Energy Limited,760,0.0,1.0,32,Plant family
Family ID,marginal_family_id,V__GWELS_OFFER,OFFER,0.0,,,,,0,0.0,0.0,0.1887719861180565,82.36037528752183,761,337,0.1493953021971908,27.59139327851204,38.39832500331034,0.1601607083120586,27.45217064343264,38.15456321879331,2025-05-26 SP14,V__GWELS,V__GWELS,V__GWELS001,V__GWELS,OTHER,Welsh Power Group Limited,761,0.0,1.0,32,Plant family
Family ID,marginal_family_id,V__HDSKC_BID,BID,0.0,0.0,0.0,0.0,0.0,1,1.0,0.0,0.1887719861180565,82.36037528752183,762,425,0.1493953021971908,27.59139327851204,38.39832500331034,0.1601607083120586,27.45217064343264,38.15456321879331,2025-05-26 SP14,V__HDSKC,V__HDSKC,V__HDSKC001,V__HDSKC,BATTERY,Danske Commodities A/S,762,0.0,1.0,32,Plant family
Family ID,marginal_family_id,V__HDSKC_OFFER,OFFER,0.0,0.0,0.0,0.0,0.0,1,1.0,0.0,0.1887719861180565,82.36037528752183,763,338,0.1493953021971908,27.59139327851204,38.39832500331034,0.1601607083120586,27.45217064343264,38.15456321879331,2025-05-26 SP14,V__HDSKC,V__HDSKC,V__HDSKC001,V__HDSKC,BATTERY,Danske Commodities A/S,763,0.0,1.0,32,Plant family
Family ID,marginal_family_id,V__HFEEL_BID,BID,0.0,,,,,0,0.0,0.0,0.1887719861180565,82.36037528752183,764,426,0.1493953021971908,27.59139327851204,38.39832500331034,0.1601607083120586,27.45217064343264,38.15456321879331,2025-05-26 SP14,V__HFEEL,V__HFEEL,"V__HFEEL002, V__HFEEL400",V__HFEEL,BATTERY,EDF Energy Limited,764,0.0,1.0,32,Plant family
Family ID,marginal_family_id,V__HFEEL_OFFER,OFFER,0.0,,,,,0,0.0,0.0,0.1887719861180565,82.36037528752183,765,339,0.1493953021971908,27.59139327851204,38.39832500331034,0.1601607083120586,27.45217064343264,38.15456321879331,2025-05-26 SP14,V__HFEEL,V__HFEEL,"V__HFEEL002, V__HFEEL400",V__HFEEL,BATTERY,EDF Energy Limited,765,0.0,1.0,32,Plant family
Family ID,marginal_family_id,V__HHABI_B_BID,BID,0.0,,,,,0,0.0,0.0,0.1887719861180565,82.36037528752183,766,427,0.1493953021971908,27.59139327851204,38.39832500331034,0.1601607083120586,27.45217064343264,38.15456321879331,2025-05-26 SP14,V__HHABI_B,V__HHABI_B,V__HHABI008,V__HHABI_B,BATTERY,Habitat Energy Limited,766,0.0,1.0,32,Plant family
Family ID,marginal_family_id,V__HHABI_B_OFFER,OFFER,0.0,,,,,0,0.0,0.0,0.1887719861180565,82.36037528752183,767,340,0.1493953021971908,27.59139327851204,38.39832500331034,0.1601607083120586,27.45217064343264,38.15456321879331,2025-05-26 SP14,V__HHABI_B,V__HHABI_B,V__HHABI008,V__HHABI_B,BATTERY,Habitat Energy Limited,767,0.0,1.0,32,Plant family
Family ID,marginal_family_id,V__HHABI_OTH_BID,BID,0.0,,,,,0,0.0,0.0,0.1887719861180565,82.36037528752183,768,428,0.1493953021971908,27.59139327851204,38.39832500331034,0.1601607083120586,27.45217064343264,38.15456321879331,2025-05-26 SP14,V__HHABI_OTH,V__HHABI_OTH,V__HHABI001,V__HHABI_OTH,OTHER,Habitat Energy Limited,768,0.0,1.0,32,Plant family
Family ID,marginal_family_id,V__HHABI_OTH_OFFER,OFFER,0.0,0.0,0.0,0.0,0.0,2,1.5,0.0,0.1887719861180565,82.36037528752183,769,341,0.1493953021971908,27.59139327851204,38.39832500331034,0.1601607083120586,27.45217064343264,38.15456321879331,2025-05-26 SP14,V__HHABI_OTH,V__HHABI_OTH,V__HHABI001,V__HHABI_OTH,OTHER,Habitat Energy Limited,769,0.0,1.0,32,Plant family
Family ID,marginal_family_id,V__HWELS_BID,BID,0.0,,,,,0,0.0,0.0,0.1887719861180565,82.36037528752183,770,429,0.1493953021971908,27.59139327851204,38.39832500331034,0.1601607083120586,27.45217064343264,38.15456321879331,2025-05-26 SP14,V__HWELS,V__HWELS,"V__HWELS001, V__HWELS002",V__HWELS,OTHER,Welsh Power Group Limited,770,0.0,1.0,32,Plant family
Family ID,marginal_family_id,V__HWELS_OFFER,OFFER,0.0,,,,,0,0.0,0.0,0.1887719861180565,82.36037528752183,771,342,0.1493953021971908,27.59139327851204,38.39832500331034,0.1601607083120586,27.45217064343264,38.15456321879331,2025-05-26 SP14,V__HWELS,V__HWELS,"V__HWELS001, V__HWELS002",V__HWELS,OTHER,Welsh Power Group Limited,771,0.0,1.0,32,Plant family
Family ID,marginal_family_id,V__HZENO_BID,BID,0.0,0.0,0.0,0.0,0.0,1,1.0,0.0,0.1887719861180565,82.36037528752183,772,430,0.1493953021971908,27.59139327851204,38.39832500331034,0.1601607083120586,27.45217064343264,38.15456321879331,2025-05-26 SP14,V__HZENO,V__HZENO,V__HZENO004,V__HZENO,BATTERY,BESS Holdco 2 Limited,772,0.0,1.0,32,Plant family
Family ID,marginal_family_id,V__HZENO_OFFER,OFFER,0.0,0.0,0.0,0.0,0.0,1,1.0,0.0,0.1887719861180565,82.36037528752183,773,343,0.1493953021971908,27.59139327851204,38.39832500331034,0.1601607083120586,27.45217064343264,38.15456321879331,2025-05-26 SP14,V__HZENO,V__HZENO,V__HZENO004,V__HZENO,BATTERY,BESS Holdco 2 Limited,773,0.0,1.0,32,Plant family
Family ID,marginal_family_id,V__JZENO_BID,BID,0.0,0.0,0.0,0.0,0.0,7,3.466666666666667,0.0,0.1887719861180565,82.36037528752183,774,431,0.1493953021971908,27.59139327851204,38.39832500331034,0.1601607083120586,27.45217064343264,38.15456321879331,2025-05-26 SP14,V__JZENO,V__JZENO,V__JZENO001,V__JZENO,OTHER,BESS Holdco 2 Limited,774,0.0,1.0,32,Plant family
Family ID,marginal_family_id,V__JZENO_OFFER,OFFER,0.0,0.0,0.0,0.0,0.0,11,2.608008658008658,0.0,0.1887719861180565,82.36037528752183,775,344,0.1493953021971908,27.59139327851204,38.39832500331034,0.1601607083120586,27.45217064343264,38.15456321879331,2025-05-26 SP14,V__JZENO,V__JZENO,V__JZENO001,V__JZENO,OTHER,BESS Holdco 2 Limited,775,0.0,1.0,32,Plant family
Family ID,marginal_family_id,V__KHABI_BID,BID,0.0,0.0,0.0,0.0,0.0,2,2.0,0.0,0.1887719861180565,82.36037528752183,776,432,0.1493953021971908,27.59139327851204,38.39832500331034,0.1601607083120586,27.45217064343264,38.15456321879331,2025-05-26 SP14,V__KHABI,V__KHABI,V__KHABI007,V__KHABI,BATTERY,Habitat Energy Limited,776,0.0,1.0,32,Plant family
Family ID,marginal_family_id,V__KHABI_OFFER,OFFER,0.0,,,,,0,0.0,0.0,0.1887719861180565,82.36037528752183,777,345,0.1493953021971908,27.59139327851204,38.39832500331034,0.1601607083120586,27.45217064343264,38.15456321879331,2025-05-26 SP14,V__KHABI,V__KHABI,V__KHABI007,V__KHABI,BATTERY,Habitat Energy Limited,777,0.0,1.0,32,Plant family
Family ID,marginal_family_id,V__KWELS_BID,BID,0.0,0.0,0.0,0.0,0.0,3,0.8333333333333333,0.0,0.1887719861180565,82.36037528752183,778,433,0.1493953021971908,27.59139327851204,38.39832500331034,0.1601607083120586,27.45217064343264,38.15456321879331,2025-05-26 SP14,V__KWELS,V__KWELS,"V__KWELS001, V__KWELS002",V__KWELS,OTHER,Welsh Power Group Limited,778,0.0,1.0,32,Plant family
Family ID,marginal_family_id,V__KWELS_OFFER,OFFER,0.0,,,,,0,0.0,0.0,0.1887719861180565,82.36037528752183,779,346,0.1493953021971908,27.59139327851204,38.39832500331034,0.1601607083120586,27.45217064343264,38.15456321879331,2025-05-26 SP14,V__KWELS,V__KWELS,"V__KWELS001, V__KWELS002",V__KWELS,OTHER,Welsh Power Group Limited,779,0.0,1.0,32,Plant family
Family ID,marginal_family_id,V__LCEND_BID,BID,0.0,0.0,0.0,0.0,0.0,4,2.083333333333333,0.0,0.1887719861180565,82.36037528752183,780,434,0.1493953021971908,27.59139327851204,38.39832500331034,0.1601607083120586,27.45217064343264,38.15456321879331,2025-05-26 SP14,V__LCEND,V__LCEND,V__LCEND005,V__LCEND,BATTERY,Centrica Business Solutions UK,780,0.0,1.0,32,Plant family
Family ID,marginal_family_id,V__LCEND_OFFER,OFFER,0.0,0.0,0.0,0.0,0.0,3,2.25,0.0,0.1887719861180565,82.36037528752183,781,347,0.1493953021971908,27.59139327851204,38.39832500331034,0.1601607083120586,27.45217064343264,38.15456321879331,2025-05-26 SP14,V__LCEND,V__LCEND,V__LCEND005,V__LCEND,BATTERY,Centrica Business Solutions UK,781,0.0,1.0,32,Plant family
Family ID,marginal_family_id,V__LFLEX_BID,BID,0.0,0.0,0.0,0.0,0.0,1,0.1666666666666666,0.0,0.1887719861180565,82.36037528752183,782,435,0.1493953021971908,27.59139327851204,38.39832500331034,0.1601607083120586,27.45217064343264,38.15456321879331,2025-05-26 SP14,V__LFLEX,V__LFLEX,V__LFLEX001,V__LFLEX,LOAD RESPONSE,Flexitricity Limited,782,0.0,1.0,32,Plant family
Family ID,marginal_family_id,V__LFLEX_OFFER,OFFER,0.0,,,,,0,0.0,0.0,0.1887719861180565,82.36037528752183,783,348,0.1493953021971908,27.59139327851204,38.39832500331034,0.1601607083120586,27.45217064343264,38.15456321879331,2025-05-26 SP14,V__LFLEX,V__LFLEX,V__LFLEX001,V__LFLEX,LOAD RESPONSE,Flexitricity Limited,783,0.0,1.0,32,Plant family
Family ID,marginal_family_id,V__MCEND_BID,BID,0.0,0.0,0.0,0.0,0.0,6,4.333333333333334,0.0,0.1887719861180565,82.36037528752183,784,436,0.1493953021971908,27.59139327851204,38.39832500331034,0.1601607083120586,27.45217064343264,38.15456321879331,2025-05-26 SP14,V__MCEND,V__MCEND,V__MCEND001,V__MCEND,BATTERY,Centrica Business Solutions UK,784,0.0,1.0,32,Plant family
Family ID,marginal_family_id,V__MCEND_OFFER,OFFER,0.0,0.0,0.0,0.0,0.0,1,1.0,0.0,0.1887719861180565,82.36037528752183,785,349,0.1493953021971908,27.59139327851204,38.39832500331034,0.1601607083120586,27.45217064343264,38.15456321879331,2025-05-26 SP14,V__MCEND,V__MCEND,V__MCEND001,V__MCEND,BATTERY,Centrica Business Solutions UK,785,0.0,1.0,32,Plant family
Family ID,marginal_family_id,V__MEROV_OFFER,OFFER,0.0,,,,,0,0.0,0.0,0.1887719861180565,82.36037528752183,786,350,0.1493953021971908,27.59139327851204,38.39832500331034,0.1601607083120586,27.45217064343264,38.15456321879331,2025-05-26 SP14,V__MEROV,V__MEROV,V__MEROV001,V__MEROV,GAS,Erova Energy Limited,786,0.0,1.0,32,Plant family
Family ID,marginal_family_id,V__NFLEX_BID,BID,0.0,0.0,0.0,0.0,0.0,2,0.4166666666666666,0.0,0.1887719861180565,82.36037528752183,787,437,0.1493953021971908,27.59139327851204,38.39832500331034,0.1601607083120586,27.45217064343264,38.15456321879331,2025-05-26 SP14,V__NFLEX,V__NFLEX,V__NFLEX001,V__NFLEX,LOAD RESPONSE,Flexitricity Limited,787,0.0,1.0,32,Plant family
Family ID,marginal_family_id,V__NFLEX_OFFER,OFFER,0.0,,,,,0,0.0,0.0,0.1887719861180565,82.36037528752183,788,351,0.1493953021971908,27.59139327851204,38.39832500331034,0.1601607083120586,27.45217064343264,38.15456321879331,2025-05-26 SP14,V__NFLEX,V__NFLEX,V__NFLEX001,V__NFLEX,LOAD RESPONSE,Flexitricity Limited,788,0.0,1.0,32,Plant family
Family ID,marginal_family_id,V__NHABI_BID,BID,0.0,0.0,0.0,0.0,0.0,1,0.5,0.0,0.1887719861180565,82.36037528752183,789,438,0.1493953021971908,27.59139327851204,38.39832500331034,0.1601607083120586,27.45217064343264,38.15456321879331,2025-05-26 SP14,V__NHABI,V__NHABI,V__NHABI005,V__NHABI,OTHER,Habitat Energy Limited,789,0.0,1.0,32,Plant family
Family ID,marginal_family_id,V__NHABI_OFFER,OFFER,0.0,0.0,0.0,0.0,0.0,1,1.0,0.0,0.1887719861180565,82.36037528752183,790,352,0.1493953021971908,27.59139327851204,38.39832500331034,0.1601607083120586,27.45217064343264,38.15456321879331,2025-05-26 SP14,V__NHABI,V__NHABI,V__NHABI005,V__NHABI,OTHER,Habitat Energy Limited,790,0.0,1.0,32,Plant family
Family ID,marginal_family_id,V__PHABI_B_BID,BID,0.0,,,,,0,0.0,0.0,0.1887719861180565,82.36037528752183,791,439,0.1493953021971908,27.59139327851204,38.39832500331034,0.1601607083120586,27.45217064343264,38.15456321879331,2025-05-26 SP14,V__PHABI_B,V__PHABI_B,V__PHABI011,V__PHABI_B,BATTERY,Habitat Energy Limited,791,0.0,1.0,32,Plant family
Family ID,marginal_family_id,V__PHABI_OTH_BID,BID,0.0,0.0,0.0,0.0,0.0,4,2.033333333333333,0.0,0.1887719861180565,82.36037528752183,792,440,0.1493953021971908,27.59139327851204,38.39832500331034,0.1601607083120586,27.45217064343264,38.15456321879331,2025-05-26 SP14,V__PHABI_OTH,V__PHABI_OTH,V__PHABI004,V__PHABI_OTH,OTHER,Habitat Energy Limited,792,0.0,1.0,32,Plant family
Family ID,marginal_family_id,V__PHABI_OTH_OFFER,OFFER,0.0,0.0,0.0,0.0,0.0,2,1.3333333333333333,0.0,0.1887719861180565,82.36037528752183,793,353,0.1493953021971908,27.59139327851204,38.39832500331034,0.1601607083120586,27.45217064343264,38.15456321879331,2025-05-26 SP14,V__PHABI_OTH,V__PHABI_OTH,V__PHABI004,V__PHABI_OTH,OTHER,Habitat Energy Limited,793,0.0,1.0,32,Plant family
BMU ID,marginal_bmu_id,T_RYHPS-1_OFFER,OFFER,0.7453167149087673,57.07649058097317,57.07649058097317,1.0,0.0,11,10.5,0.1291359475052776,0.1390227409923853,82.36037528752148,1,1,0.0718864433550563,29.382295397846597,40.10965716026676,0.0874561108639911,29.181332817536816,39.771802331439154,2025-05-26 SP14,T_RYHPS-1,T_RYHPS-1,T_RYHPS-1,T_RYHPS,CCGT,VPI Power Limited,1,0.05826952956109368,0.05826952956109368,45,BMU
BMU ID,marginal_bmu_id,T_COSO-1_OFFER,OFFER,0.6819095733818111,23.175455306498176,23.175455306498176,1.0,0.0,31,31.0,0.0428192010089806,0.1390227409923853,82.36037528752148,2,2,0.0718864433550563,29.382295397846597,40.10965716026676,0.0874561108639911,29.181332817536816,39.771802331439154,2025-05-26 SP14,T_COSO-1,Coryton Power Station,T_COSO-1,T_COSO,CCGT,Coryton Energy Company Ltd,2,0.053312302339855684,0.11158183190094936,45,BMU
BMU ID,marginal_bmu_id,T_DRAXX-1_BID,BID,0.654445070845824,-36.228369110487286,36.228369110487286,0.0,1.0,17,17.0,0.0633970667012474,0.1390227409923853,82.36037528752148,3,1,0.0718864433550563,29.382295397846597,40.10965716026676,0.0874561108639911,29.181332817536816,39.771802331439154,2025-05-26 SP14,T_DRAXX-1,T_DRAXX-1,T_DRAXX-1,T_DRAXX,BIOMASS,Drax Power Ltd,3,0.05116510288707361,0.162746934788023,45,BMU
BMU ID,marginal_bmu_id,T_SEAB-1_OFFER,OFFER,0.5527896313024572,17.98911870236082,17.98911870236082,1.0,0.0,29,28.333333333333336,0.0297198822581751,0.1390227409923853,82.36037528752148,4,3,0.0718864433550563,29.382295397846597,40.10965716026676,0.0874561108639911,29.181332817536816,39.771802331439154,2025-05-26 SP14,T_SEAB-1,Seabank Power Module,T_SEAB-1,T_SEAB,CCGT,Seabank Power Limited,4,0.04321758940585072,0.2059645241938737,45,BMU
BMU ID,marginal_bmu_id,T_DINO-2_OFFER,OFFER,0.5276027080594067,24.510164889059645,24.510164889059645,1.0,0.0,21,20.5,0.0485127362080954,0.1390227409923853,82.36037528752148,5,4,0.0718864433550563,29.382295397846597,40.10965716026676,0.0874561108639911,29.181332817536816,39.771802331439154,2025-05-26 SP14,T_DINO-2,Dinorwig 2,T_DINO-2,T_DINO,PS,First Hydro Company,5,0.04124845314591379,0.2472129773397875,45,BMU
BMU ID,marginal_bmu_id,T_HUMR-1_OFFER,OFFER,0.4850302511858848,19.203225774690942,19.203225774690942,1.0,0.0,27,25.5,0.0269772836385931,0.1390227409923853,82.36037528752148,6,5,0.0718864433550563,29.382295397846597,40.10965716026676,0.0874561108639911,29.181332817536816,39.771802331439154,2025-05-26 SP14,T_HUMR-1,HUMR-1,T_HUMR-1,T_HUMR_CC,CCGT,VPI Immingham LLP,6,0.03792010026631452,0.285133077606102,45,BMU
BMU ID,marginal_bmu_id,T_DAMC-1_OFFER,OFFER,0.4680404423500507,20.176451525228167,20.176451525228167,1.0,0.0,21,19.33333333333333,0.0316632574995655,0.1390227409923853,82.36037528752148,7,6,0.0718864433550563,29.382295397846597,40.10965716026676,0.0874561108639911,29.181332817536816,39.771802331439154,2025-05-26 SP14,T_DAMC-1,Damhead Creek Ltd.,T_DAMC-1,T_DAMC,CCGT,VPI Power Limited,7,0.03659182176618971,0.3217248993722917,45,BMU
BMU ID,marginal_bmu_id,T_CRUA-1_OFFER,OFFER,0.4013014512674345,21.107617606819662,21.107617606819662,1.0,0.0,15,15.0,0.0327595001879057,0.1390227409923853,82.36037528752148,8,7,0.0718864433550563,29.382295397846597,40.10965716026676,0.0874561108639911,29.181332817536816,39.771802331439154,2025-05-26 SP14,T_CRUA-1,T_CRUA-1,T_CRUA-1,T_CRUA,PS,Drax Pumped Storage Limited,8,0.03137410755694633,0.353099006929238,45,BMU
BMU ID,marginal_bmu_id,T_PNYCW-1_BID,BID,0.348806966150448,-37.69970751813781,37.69970751813781,0.0,1.0,9,9.0,0.038796169870615,0.1390227409923853,82.36037528752148,9,2,0.0718864433550563,29.382295397846597,40.10965716026676,0.0874561108639911,29.181332817536816,39.771802331439154,2025-05-26 SP14,T_PNYCW-1,PNYCW-1 Export,T_PNYCW-1,T_PNYCW,WIND,Pen y Cymoedd Wind Farm LTD,9,0.02727004160601289,0.3803690485352509,45,BMU
BMU ID,marginal_bmu_id,T_HUMR-1_BID,BID,0.339882141066546,-12.264267388918116,12.264267388918116,0.0,1.0,22,20.666666666666668,0.0178522686133779,0.1390227409923853,82.36037528752148,10,3,0.0718864433550563,29.382295397846597,40.10965716026676,0.0874561108639911,29.181332817536816,39.771802331439154,2025-05-26 SP14,T_HUMR-1,HUMR-1,T_HUMR-1,T_HUMR_CC,CCGT,VPI Immingham LLP,10,0.02657229077250626,0.40694133930775717,45,BMU
BMU ID,marginal_bmu_id,T_CNQPS-1_OFFER,OFFER,0.3143627433340365,36.332625706450486,36.332625706450486,1.0,0.0,10,9.0,0.0319237279806976,0.1390227409923853,82.36037528752148,11,8,0.0718864433550563,29.382295397846597,40.10965716026676,0.0874561108639911,29.181332817536816,39.771802331439154,2025-05-26 SP14,T_CNQPS-1,T_CNQPS-1,T_CNQPS-1,T_CNQPS,CCGT,Uniper UK Limited,11,0.024577161358646557,0.43151850066640374,45,BMU
BMU ID,marginal_bmu_id,T_DINO-3_OFFER,OFFER,0.3138982794502192,17.881786571854388,17.881786571854388,1.0,0.0,18,17.5,0.0188373837983668,0.1390227409923853,82.36037528752148,12,9,0.0718864433550563,29.382295397846597,40.10965716026676,0.0874561108639911,29.181332817536816,39.771802331439154,2025-05-26 SP14,T_DINO-3,Dinorwig 3,T_DINO-3,T_DINO,PS,First Hydro Company,12,0.024540849155435782,0.45605934982183954,45,BMU
BMU ID,marginal_bmu_id,T_CLDCW-1_BID,BID,0.2710139713795624,-34.81263359322894,34.81263359322894,0.0,1.0,9,9.0,0.0241820526065889,0.1390227409923853,82.36037528752148,13,4,0.0718864433550563,29.382295397846597,40.10965716026676,0.0874561108639911,29.181332817536816,39.771802331439154,2025-05-26 SP14,T_CLDCW-1,Clyde Central,T_CLDCW-1,T_CLDCW,WIND,Clyde Windfarm (Scotland) Ltd,13,0.021188115469413373,0.4772474652912529,45,BMU
BMU ID,marginal_bmu_id,T_DINO-5_OFFER,OFFER,0.2673689155352701,25.5577429436958,25.5577429436958,1.0,0.0,12,12.0,0.0200176140734737,0.1390227409923853,82.36037528752148,14,10,0.0718864433550563,29.382295397846597,40.10965716026676,0.0874561108639911,29.181332817536816,39.771802331439154,2025-05-26 SP14,T_DINO-5,Dinorwig 5,T_DINO-5,T_DINO,PS,First Hydro Company,14,0.02090314173271564,0.4981506070239685,45,BMU
BMU ID,marginal_bmu_id,T_DRAXX-2_BID,BID,0.2444256840835897,-14.640476138709028,14.640476138709028,0.0,1.0,22,14.25,0.0156290804339361,0.1390227409923853,82.36037528752148,15,5,0.0718864433550563,29.382295397846597,40.10965716026676,0.0874561108639911,29.181332817536816,39.771802331439154,2025-05-26 SP14,T_DRAXX-2,T_DRAXX-2,T_DRAXX-2,T_DRAXX,BIOMASS,Drax Power Ltd,15,0.01910941931034336,0.5172600263343119,45,BMU
BMU ID,marginal_bmu_id,T_DRAXX-3_BID,BID,0.2424091600927633,-13.042375992515012,13.042375992515012,0.0,1.0,27,17.333333333333332,0.0130863829361848,0.1390227409923853,82.36037528752148,16,6,0.0718864433550563,29.382295397846597,40.10965716026676,0.0874561108639911,29.181332817536816,39.771802331439154,2025-05-26 SP14,T_DRAXX-3,T_DRAXX-3,T_DRAXX-3,T_DRAXX,BIOMASS,Drax Power Ltd,16,0.01895176565526802,0.5362117919895799,45,BMU
BMU ID,marginal_bmu_id,T_CNQPS-2_OFFER,OFFER,0.2310051357525051,24.242024336056414,24.242024336056414,1.0,0.0,10,8.333333333333332,0.0207380949061244,0.1390227409923853,82.36037528752148,17,11,0.0718864433550563,29.382295397846597,40.10965716026676,0.0874561108639911,29.181332817536816,39.771802331439154,2025-05-26 SP14,T_CNQPS-2,T_CNQPS-2,T_CNQPS-2,T_CNQPS,CCGT,Uniper UK Limited,17,0.018060188799257956,0.5542719807888379,45,BMU
BMU ID,marginal_bmu_id,T_HOWBO-1_BID,BID,0.2193608017360294,-31.56064583206126,31.56064583206126,0.0,1.0,11,7.0,0.0242779563169845,0.1390227409923853,82.36037528752148,18,7,0.0718864433550563,29.382295397846597,40.10965716026676,0.0874561108639911,29.181332817536816,39.771802331439154,2025-05-26 SP14,T_HOWBO-1,HORNSEA_WF_2A,T_HOWBO-1,T_HOWBO,WIND,Breesea Limited,18,0.01714982431712591,0.5714218051059637,45,BMU
BMU ID,marginal_bmu_id,T_DINO-4_OFFER,OFFER,0.2158535478253868,13.24035757174099,13.24035757174099,1.0,0.0,17,16.0,0.0116801948828254,0.1390227409923853,82.36037528752148,19,12,0.0718864433550563,29.382295397846597,40.10965716026676,0.0874561108639911,29.181332817536816,39.771802331439154,2025-05-26 SP14,T_DINO-4,Dinorwig 4,T_DINO-4,T_DINO,PS,First Hydro Company,19,0.0168756240592537,0.5882974291652174,45,BMU
BMU ID,marginal_bmu_id,T_ROCK-1_OFFER,OFFER,0.1994621360732888,13.614153079705453,13.614153079705453,1.0,0.0,15,13.0,0.0119388988436153,0.1390227409923853,82.36037528752148,20,13,0.0718864433550563,29.382295397846597,40.10965716026676,0.0874561108639911,29.181332817536816,39.771802331439154,2025-05-26 SP14,T_ROCK-1,Rocksavage Power Station,T_ROCK-1,T_ROCK,CCGT,Rocksavage Power Company Ltd,20,0.015594128780090605,0.603891557945308,45,BMU
BMU ID,marginal_bmu_id,T_SHBA-1_OFFER,OFFER,0.1933768867614429,12.403513902353756,12.403513902353756,1.0,0.0,14,12.333333333333332,0.0131337701825452,0.1390227409923853,82.36037528752148,21,14,0.0718864433550563,29.382295397846597,40.10965716026676,0.0874561108639911,29.181332817536816,39.771802331439154,2025-05-26 SP14,T_SHBA-1,SOUTH HUMBER BANK P/S PHASE 1,T_SHBA-1,T_SHBA,CCGT,EP UK INVESTMENTS LIMITED,21,0.01511837852845881,0.6190099364737668,45,BMU
BMU ID,marginal_bmu_id,T_DINO-6_OFFER,OFFER,0.1671257737192718,15.746865728509183,15.746865728509183,1.0,0.0,10,10.0,0.0118804222118645,0.1390227409923853,82.36037528752148,22,15,0.0718864433550563,29.382295397846597,40.10965716026676,0.0874561108639911,29.181332817536816,39.771802331439154,2025-05-26 SP14,T_DINO-6,Dinorwig 6,T_DINO-6,T_DINO,PS,First Hydro Company,22,0.01306604295510508,0.6320759794288718,45,BMU
BMU ID,marginal_bmu_id,T_SHBA-2_OFFER,OFFER,0.1578498515199507,10.915995105987156,10.915995105987156,1.0,0.0,16,15.333333333333332,0.008286542026711,0.1390227409923853,82.36037528752148,23,16,0.0718864433550563,29.382295397846597,40.10965716026676,0.0874561108639911,29.181332817536816,39.771802331439154,2025-05-26 SP14,T_SHBA-2,SOUTH HUMBER BANK P/S PHASE 2,T_SHBA-2,T_SHBA,CCGT,EP UK INVESTMENTS LIMITED,23,0.01234084303406761,0.6444168224629394,45,BMU
BMU ID,marginal_bmu_id,T_FFES-1_OFFER,OFFER,0.1564645125628606,9.69365629581849,9.69365629581849,1.0,0.0,19,18.5,0.0067032003186047,0.1390227409923853,82.36037528752148,24,17,0.0718864433550563,29.382295397846597,40.10965716026676,0.0874561108639911,29.181332817536816,39.771802331439154,2025-05-26 SP14,T_FFES-1,Ffestioniog 1,T_FFES-1,T_FFES,PS,First Hydro Company,24,0.012232535991306363,0.6566493584542458,45,BMU
BMU ID,marginal_bmu_id,T_SEAB-2_OFFER,OFFER,0.1536579705410596,16.888753880916937,16.888753880916937,1.0,0.0,7,7.0,0.0126010485197385,0.1390227409923853,82.36037528752148,25,18,0.0718864433550563,29.382295397846597,40.10965716026676,0.0874561108639911,29.181332817536816,39.771802331439154,2025-05-26 SP14,T_SEAB-2,Seabank Power Module 2,T_SEAB-2,T_SEAB,CCGT,Seabank Power Limited,25,0.0120131180176684,0.6686624764719141,45,BMU
BMU ID,marginal_bmu_id,T_TKNWW-1_BID,BID,0.1474658955392265,-29.8660706651017,29.8660706651017,0.0,1.0,9,5.5,0.0146008358418397,0.1390227409923853,82.36037528752148,26,8,0.0718864433550563,29.382295397846597,40.10965716026676,0.0874561108639911,29.181332817536816,39.771802331439154,2025-05-26 SP14,T_TKNWW-1,Triton Knoll OSP west 1,T_TKNWW-1,T_TKNWW,WIND,Triton Knoll Offshore Wind,26,0.0115290160377363,0.6801914925096504,45,BMU
BMU ID,marginal_bmu_id,T_FFES-3_OFFER,OFFER,0.1472500163695725,41.89739352330872,41.89739352330872,1.0,0.0,5,5.0,0.0118522186464059,0.1390227409923853,82.36037528752148,27,19,0.0718864433550563,29.382295397846597,40.10965716026676,0.0874561108639911,29.181332817536816,39.771802331439154,2025-05-26 SP14,T_FFES-3,Ffestioniog 3,T_FFES-3,T_FFES,PS,First Hydro Company,27,0.011512138410539493,0.6917036309201898,45,BMU
BMU ID,marginal_bmu_id,T_RCBKO-1_BID,BID,0.1437205617334217,-27.143742097407927,27.143742097407927,0.0,1.0,8,5.5,0.0155035405885525,0.1390227409923853,82.36037528752148,28,9,0.0718864433550563,29.382295397846597,40.10965716026676,0.0874561108639911,29.181332817536816,39.771802331439154,2025-05-26 SP14,T_RCBKO-1,RACE_BANK_Z01,T_RCBKO-1,T_RCBKO,WIND,Race Bank Wind Farm Ltd,28,0.011236202480025843,0.7029398334002157,45,BMU
BMU ID,marginal_bmu_id,T_CNQPS-3_OFFER,OFFER,0.1338990492008367,14.468805435441586,14.468805435441586,1.0,0.0,9,8.5,0.0097912953228148,0.1390227409923853,82.36037528752148,29,20,0.0718864433550563,29.382295397846597,40.10965716026676,0.0874561108639911,29.181332817536816,39.771802331439154,2025-05-26 SP14,T_CNQPS-3,T_CNQPS-3,T_CNQPS-3,T_CNQPS,CCGT,Uniper UK Limited,29,0.010468347817163267,0.7134081812173789,45,BMU
BMU ID,marginal_bmu_id,T_FOYE-1_OFFER,OFFER,0.1333887623567116,14.885676349424529,14.885676349424529,1.0,0.0,8,8.0,0.010242072384494,0.1390227409923853,82.36037528752148,30,21,0.0718864433550563,29.382295397846597,40.10965716026676,0.0874561108639911,29.181332817536816,39.771802331439154,2025-05-26 SP14,T_FOYE-1,Foyers G1,T_FOYE-1,T_FOYE,PS,SSE Generation Ltd,30,0.010428453133797654,0.7238366343511766,45,BMU
BMU ID,marginal_bmu_id,T_CNQPS-4_OFFER,OFFER,0.1280450649193558,11.560972796986304,11.560972796986304,1.0,0.0,14,11.833333333333334,0.0072651122872407,0.1390227409923853,82.36037528752148,31,22,0.0718864433550563,29.382295397846597,40.10965716026676,0.0874561108639911,29.181332817536816,39.771802331439154,2025-05-26 SP14,T_CNQPS-4,T_CNQPS-4,T_CNQPS-4,T_CNQPS,CCGT,Uniper UK Limited,31,0.010010678073124743,0.7338473124243013,45,BMU
BMU ID,marginal_bmu_id,T_FOYE-2_OFFER,OFFER,0.1268568842045628,15.730581154667377,15.730581154667377,1.0,0.0,8,8.0,0.0089769179343105,0.1390227409923853,82.36037528752148,32,23,0.0718864433550563,29.382295397846597,40.10965716026676,0.0874561108639911,29.181332817536816,39.771802331439154,2025-05-26 SP14,T_FOYE-2,Foyers G2,T_FOYE-2,T_FOYE,PS,SSE Generation Ltd,32,0.009917785038660828,0.7437650974629622,45,BMU
BMU ID,marginal_bmu_id,T_CLDSW-1_BID,BID,0.1258218676898328,-25.68402168386421,25.68402168386421,0.0,1.0,6,6.0,0.0109741928195658,0.1390227409923853,82.36037528752148,33,10,0.0718864433550563,29.382295397846597,40.10965716026676,0.0874561108639911,29.181332817536816,39.771802331439154,2025-05-26 SP14,T_CLDSW-1,Clyde South,T_CLDSW-1,T_CLDSW,WIND,Clyde Windfarm (Scotland) Ltd,33,0.009836866518795536,0.7536019639817577,45,BMU
BMU ID,marginal_bmu_id,T_CRUA-4_OFFER,OFFER,0.1214687986477151,17.292013166957478,17.292013166957478,1.0,0.0,8,7.5,0.0090382791515942,0.1390227409923853,82.36037528752148,34,24,0.0718864433550563,29.382295397846597,40.10965716026676,0.0874561108639911,29.181332817536816,39.771802331439154,2025-05-26 SP14,T_CRUA-4,T_CRUA-4,T_CRUA-4,T_CRUA,PS,Drax Pumped Storage Limited,34,0.009496539674975579,0.7630985036567333,45,BMU
BMU ID,marginal_bmu_id,T_CARR-1_OFFER,OFFER,0.1167152417706766,7.022274768925446,7.022274768925446,1.0,0.0,18,17.5,0.0049064877461655,0.1390227409923853,82.36037528752148,35,25,0.0718864433550563,29.382295397846597,40.10965716026676,0.0874561108639911,29.181332817536816,39.771802331439154,2025-05-26 SP14,T_CARR-1,Carrington Power Ltd - Unit 1,T_CARR-1,T_CARR,CCGT,Carrington Power Ltd,35,0.009124902332854732,0.7722234059895879,45,BMU
BMU ID,marginal_bmu_id,T_TKNEW-1_BID,BID,0.1149157250058021,-27.8476200981647,27.8476200981647,0.0,1.0,6,3.5,0.0147409491243821,0.1390227409923853,82.36037528752148,36,11,0.0718864433550563,29.382295397846597,40.10965716026676,0.0874561108639911,29.181332817536816,39.771802331439154,2025-05-26 SP14,T_TKNEW-1,Triton Knoll OSP East 1,T_TKNEW-1,T_TKNEW,WIND,Triton Knoll Offshore Wind,36,0.008984214497429798,0.7812076204870178,45,BMU
BMU ID,marginal_bmu_id,T_SPLN-1_OFFER,OFFER,0.1132996482377779,9.477685446827763,9.477685446827763,1.0,0.0,13,11.333333333333332,0.0065474581221009,0.1390227409923853,82.36037528752148,37,26,0.0718864433550563,29.382295397846597,40.10965716026676,0.0874561108639911,29.181332817536816,39.771802331439154,2025-05-26 SP14,T_SPLN-1,Spalding Power Station,T_SPLN-1,T_SPLN,CCGT,Spalding Energy Company Ltd,37,0.00885786816556347,0.7900654886525812,45,BMU
BMU ID,marginal_bmu_id,T_CARR-2_OFFER,OFFER,0.1089869431050768,7.379126054673543,7.379126054673543,1.0,0.0,17,16.0,0.004693053623431,0.1390227409923853,82.36037528752148,38,27,0.0718864433550563,29.382295397846597,40.10965716026676,0.0874561108639911,29.181332817536816,39.771802331439154,2025-05-26 SP14,T_CARR-2,Carrington Power Ltd - Unit 2,T_CARR-2,T_CARR,CCGT,Carrington Power Ltd,38,0.008520697008401152,0.7985861856609824,45,BMU
BMU ID,marginal_bmu_id,T_FFES-2_OFFER,OFFER,0.1059726094473002,11.026592086491773,11.026592086491773,1.0,0.0,9,9.0,0.0064085894173993,0.1390227409923853,82.36037528752148,39,28,0.0718864433550563,29.382295397846597,40.10965716026676,0.0874561108639911,29.181332817536816,39.771802331439154,2025-05-26 SP14,T_FFES-2,Ffestioniog 2,T_FFES-2,T_FFES,PS,First Hydro Company,39,0.008285033698206488,0.8068712193591888,45,BMU
BMU ID,marginal_bmu_id,T_DRAXX-4_BID,BID,0.1003641109915337,-8.057954672939319,8.057954672939319,0.0,1.0,19,11.75,0.0051311152223374,0.1390227409923853,82.36037528752148,40,12,0.0718864433550563,29.382295397846597,40.10965716026676,0.0874561108639911,29.181332817536816,39.771802331439154,2025-05-26 SP14,T_DRAXX-4,T_DRAXX-4,T_DRAXX-4,T_DRAXX,BIOMASS,Drax Power Ltd,40,0.007846556256302293,0.8147177756154911,45,BMU
BMU ID,marginal_bmu_id,T_GRAI-8_OFFER,OFFER,0.1002679020781617,10.662162590825538,10.662162590825538,1.0,0.0,16,9.916666666666666,0.0058855302219272,0.1390227409923853,82.36037528752148,41,29,0.0718864433550563,29.382295397846597,40.10965716026676,0.0874561108639911,29.181332817536816,39.771802331439154,2025-05-26 SP14,T_GRAI-8,T_GRAI-8,T_GRAI-8,T_GRAI,CCGT,Uniper UK Limited,41,0.007839034557124439,0.8225568101726155,45,BMU
BMU ID,marginal_bmu_id,T_KEAD-2_BID,BID,0.0945276862321206,-4.392318570617126,4.392318570617126,0.0,1.0,25,21.2,0.0031758646088688,0.1390227409923853,82.36037528752148,42,13,0.0718864433550563,29.382295397846597,40.10965716026676,0.0874561108639911,29.181332817536816,39.771802331439154,2025-05-26 SP14,T_KEAD-2,Keadby-2 Main,T_KEAD-2,T_KEAD,CCGT,Keadby Generation Limited,42,0.007390259331455585,0.829947069504071,45,BMU
BMU ID,marginal_bmu_id,T_HOWBO-2_BID,BID,0.0898925716879113,-20.90103578327736,20.90103578327736,0.0,1.0,8,4.666666666666666,0.0083019198437492,0.1390227409923853,82.36037528752148,43,14,0.0718864433550563,29.382295397846597,40.10965716026676,0.0874561108639911,29.181332817536816,39.771802331439154,2025-05-26 SP14,T_HOWBO-2,HORNSEA_WF_2B,T_HOWBO-2,T_HOWBO,WIND,Sonningmay Wind Limited,43,0.0070278819171963065,0.8369749514212673,45,BMU
BMU ID,marginal_bmu_id,T_WBURB-3_OFFER,OFFER,0.0873060249952264,7.4502436774580705,7.4502436774580705,1.0,0.0,12,11.0,0.004746214284886,0.1390227409923853,82.36037528752148,44,30,0.0718864433550563,29.382295397846597,40.10965716026676,0.0874561108639911,29.181332817536816,39.771802331439154,2025-05-26 SP14,T_WBURB-3,West Burton B Unit 3,T_WBURB-3,T_WBURB_CC,CCGT,West Burton B Limited,44,0.006825663375795419,0.8438006147970627,45,BMU
BMU ID,marginal_bmu_id,T_DINO-1_OFFER,OFFER,0.0872463095110227,3.8567328245284767,3.8567328245284767,1.0,0.0,23,22.5,0.0030394564496294,0.1390227409923853,82.36037528752148,45,31,0.0718864433550563,29.382295397846597,40.10965716026676,0.0874561108639911,29.181332817536816,39.771802331439154,2025-05-26 SP14,T_DINO-1,Dinorwig 1,T_DINO-1,T_DINO,PS,First Hydro Company,45,0.006820994765656321,0.850621609562719,45,BMU
BMU ID,marginal_bmu_id,T_HOWBO-3_BID,BID,0.0755108487685165,-17.377627865681582,17.377627865681582,0.0,1.0,10,5.333333333333333,0.0062763813263209,0.1390227409923853,82.36037528752148,46,15,0.0718864433550563,29.382295397846597,40.10965716026676,0.0874561108639911,29.181332817536816,39.771802331439154,2025-05-26 SP14,T_HOWBO-3,HORNSEA_WF_2C,T_HOWBO-3,T_HOWBO,WIND,Soundmark Wind Limited,46,0.005903505914313138,0.8565251154770321,45,BMU
BMU ID,marginal_bmu_id,T_KILLPG-2_OFFER,OFFER,0.0733038332054845,11.219715647973883,11.219715647973883,1.0,0.0,8,7.5,0.0042546953938585,0.1390227409923853,82.36037528752148,47,32,0.0718864433550563,29.382295397846597,40.10965716026676,0.0874561108639911,29.181332817536816,39.771802331439154,2025-05-26 SP14,T_KILLPG-2,T_KILLPG-2,T_KILLPG-2,T_KILLPG,CCGT,Uniper UK Limited,47,0.005730959457190371,0.8622560749342225,45,BMU
BMU ID,marginal_bmu_id,T_WHILW-1_BID,BID,0.0651599572754588,-22.702956526839348,22.702956526839348,0.0,1.0,3,3.0,0.0076965904520045,0.1390227409923853,82.36037528752148,48,16,0.0718864433550563,29.382295397846597,40.10965716026676,0.0874561108639911,29.181332817536816,39.771802331439154,2025-05-26 SP14,T_WHILW-1,T_WHILW-1,T_WHILW-1,T_WHILW,WIND,SP Renewables (UK) Limited,48,0.005094263929297106,0.8673503388635196,45,BMU
BMU ID,marginal_bmu_id,T_WBURB-1_OFFER,OFFER,0.0632858807279499,5.563995312082647,5.563995312082647,1.0,0.0,13,11.5,0.002975714123439,0.1390227409923853,82.36037528752148,49,33,0.0718864433550563,29.382295397846597,40.10965716026676,0.0874561108639911,29.181332817536816,39.771802331439154,2025-05-26 SP14,T_WBURB-1,West Burton B Unit 1,T_WBURB-1,T_WBURB_CC,CCGT,West Burton B Limited,49,0.004947746943161635,0.8722980858066813,45,BMU
BMU ID,marginal_bmu_id,T_CRUA-2_OFFER,OFFER,0.0610158070370466,11.80125604565584,11.80125604565584,1.0,0.0,5,4.5,0.0052124582251304,0.1390227409923853,82.36037528752148,50,34,0.0718864433550563,29.382295397846597,40.10965716026676,0.0874561108639911,29.181332817536816,39.771802331439154,2025-05-26 SP14,T_CRUA-2,T_CRUA-2,T_CRUA-2,T_CRUA,PS,Drax Pumped Storage Limited,50,0.004770270545018408,0.8770683563516998,45,BMU
BMU ID,marginal_bmu_id,T_CLDNW-1_BID,BID,0.0569948428786261,-14.00404333241926,14.00404333241926,0.0,1.0,6,6.0,0.0031729375976766,0.1390227409923853,82.36037528752148,51,17,0.0718864433550563,29.382295397846597,40.10965716026676,0.0874561108639911,29.181332817536816,39.771802331439154,2025-05-26 SP14,T_CLDNW-1,Clyde North,T_CLDNW-1,T_CLDNW,WIND,Clyde Windfarm (Scotland) Ltd,51,0.004455907959011114,0.8815242643107108,45,BMU
BMU ID,marginal_bmu_id,T_AKGLW-2_BID,BID,0.0569500092454594,-11.057119806068489,11.057119806068489,0.0,1.0,8,8.0,0.0024209512956603,0.1390227409923853,82.36037528752148,52,18,0.0718864433550563,29.382295397846597,40.10965716026676,0.0874561108639911,29.181332817536816,39.771802331439154,2025-05-26 SP14,T_AKGLW-2,AIKENGALL II,T_AKGLW-2,T_AKGLW,WIND,Aikengall 2 CWCL,52,0.004452402825339909,0.8859766671360507,45,BMU
BMU ID,marginal_bmu_id,I_IND-MFTE1_BID,BID,0.0512823938313265,-17.287960069641024,17.287960069641024,0.0,1.0,4,4.0,0.0042180963786162,0.1390227409923853,82.36037528752148,53,19,0.0718864433550563,29.382295397846597,40.10965716026676,0.0874561108639911,29.181332817536816,39.771802331439154,2025-05-26 SP14,I_IND-MFTE1,—,I_IND-MFTE1,I_IND-MFTE,NEMO,MFT Energy A/S,53,0.004009303566583647,0.8899859707026344,45,BMU
BMU ID,marginal_bmu_id,T_KLGLW-1_BID,BID,0.0498733119337273,-14.32441129296993,14.32441129296993,0.0,1.0,4,4.0,0.0046896531410288,0.1390227409923853,82.36037528752148,54,20,0.0718864433550563,29.382295397846597,40.10965716026676,0.0874561108639911,29.181332817536816,39.771802331439154,2025-05-26 SP14,T_KLGLW-1,Kilgallioch Windfarm,T_KLGLW-1,T_KLGLW,WIND,SP Renewables (UK) Limited,54,0.003899140279428321,0.8938851109820627,45,BMU
BMU ID,marginal_bmu_id,T_RCBKO-2_BID,BID,0.0487528414364495,-14.283335075682292,14.283335075682292,0.0,1.0,6,4.0,0.0042298438639907,0.1390227409923853,82.36037528752148,55,21,0.0718864433550563,29.382295397846597,40.10965716026676,0.0874561108639911,29.181332817536816,39.771802331439154,2025-05-26 SP14,T_RCBKO-2,RACE_BANK_Z02,T_RCBKO-2,T_RCBKO,WIND,Race Bank Wind Farm Ltd,55,0.003811540890527652,0.8976966518725903,45,BMU
BMU ID,marginal_bmu_id,E_SHOS-1_BID,BID,0.0454318435810132,-1.9305046014336869,1.9305046014336869,0.0,1.0,26,22.7,0.0013892845148581,0.1390227409923853,82.36037528752148,56,22,0.0718864433550563,29.382295397846597,40.10965716026676,0.0874561108639911,29.181332817536816,39.771802331439154,2025-05-26 SP14,E_SHOS-1,Shoreham Power Station,E_SHOS-1,E_SHOS,CCGT,VPI Power Limited,56,0.00355190229818324,0.9012485541707735,45,BMU
BMU ID,marginal_bmu_id,T_MOWEO-3_BID,BID,0.0447867236978866,-13.128473782768738,13.128473782768738,0.0,1.0,7,4.666666666666666,0.0032004926688769,0.1390227409923853,82.36037528752148,57,23,0.0718864433550563,29.382295397846597,40.10965716026676,0.0874561108639911,29.181332817536816,39.771802331439154,2025-05-26 SP14,T_MOWEO-3,Moray East OWF3,T_MOWEO-3,T_MOWEO,WIND,Moray Offshore Wind East Ltd,57,0.0035014662468397565,0.9047500204176133,45,BMU
BMU ID,marginal_bmu_id,T_FALGW-1_BID,BID,0.0428442719252567,-15.156504368151952,15.156504368151952,0.0,1.0,4,4.0,0.0030443385238793,0.1390227409923853,82.36037528752148,58,24,0.0718864433550563,29.382295397846597,40.10965716026676,0.0874561108639911,29.181332817536816,39.771802331439154,2025-05-26 SP14,T_FALGW-1,Fallago Rig Wind Farm,T_FALGW-1,T_FALGW,WIND,Fallago Rig Wind Farm Limited,58,0.003349603624249692,0.9080996240418631,45,BMU
BMU ID,marginal_bmu_id,T_WHILW-2_BID,BID,0.0419849423555777,-15.096569800727966,15.096569800727966,0.0,1.0,4,4.0,0.0029496536642467,0.1390227409923853,82.36037528752148,59,25,0.0718864433550563,29.382295397846597,40.10965716026676,0.0874561108639911,29.181332817536816,39.771802331439154,2025-05-26 SP14,T_WHILW-2,Whitelee Extension,T_WHILW-2,T_WHILW,WIND,SP Renewables (UK) Limited,59,0.003282420467396351,0.9113820445092594,45,BMU
BMU ID,marginal_bmu_id,I_IVG-INCM1_OFFER,OFFER,0.0410741766770417,21.45675718553136,21.45675718553136,1.0,0.0,3,3.0,0.0030552725258815,0.1390227409923853,82.36037528752148,60,35,0.0718864433550563,29.382295397846597,40.10965716026676,0.0874561108639911,29.181332817536816,39.771802331439154,2025-05-26 SP14,I_IVG-INCM1,—,I_IVG-INCM1,I_IVG-INCM,Viking,IN COMMODITIES A/S,60,0.0032112159893977876,0.9145932604986572,45,BMU
BMU ID,marginal_bmu_id,T_KEAD-1_OFFER,OFFER,0.0404909149118479,8.31527662835632,8.31527662835632,1.0,0.0,5,5.0,0.0026617091461285,0.1390227409923853,82.36037528752148,61,36,0.0718864433550563,29.382295397846597,40.10965716026676,0.0874561108639911,29.181332817536816,39.771802331439154,2025-05-26 SP14,T_KEAD-1,KGL CCGT 1,T_KEAD-1,T_KEAD,CCGT,Keadby Generation Limited,61,0.0031656160612209775,0.9177588765598782,45,BMU
BMU ID,marginal_bmu_id,T_CRUA-1_BID,BID,0.0382865687017451,-5.678061843109159,5.678061843109159,0.0,1.0,11,7.783333333333333,0.0020946480863212,0.1390227409923853,82.36037528752148,62,26,0.0718864433550563,29.382295397846597,40.10965716026676,0.0874561108639911,29.181332817536816,39.771802331439154,2025-05-26 SP14,T_CRUA-1,T_CRUA-1,T_CRUA-1,T_CRUA,PS,Drax Pumped Storage Limited,62,0.0029932782965054862,0.9207521548563837,45,BMU
BMU ID,marginal_bmu_id,T_AKGLW-3_BID,BID,0.0375331144628276,-11.065593732170148,11.065593732170148,0.0,1.0,4,4.0,0.002856186480573,0.1390227409923853,82.36037528752148,63,27,0.0718864433550563,29.382295397846597,40.10965716026676,0.0874561108639911,29.181332817536816,39.771802331439154,2025-05-26 SP14,T_AKGLW-3,AIKENGALL2A-W,T_AKGLW-3,T_AKGLW,WIND,AIK2A Sustainable Energy Ltd,63,0.002934372568015406,0.9236865274243992,45,BMU
BMU ID,marginal_bmu_id,T_SCCL-1_OFFER,OFFER,0.0357616585690481,5.136015317161818,5.136015317161818,1.0,0.0,7,7.0,0.0019830616689938,0.1390227409923853,82.36037528752148,64,37,0.0718864433550563,29.382295397846597,40.10965716026676,0.0874561108639911,29.181332817536816,39.771802331439154,2025-05-26 SP14,T_SCCL-1,Unit 1,T_SCCL-1,T_SCCL,CCGT,SCCL,64,0.002795878556672331,0.9264824059810715,45,BMU
BMU ID,marginal_bmu_id,T_DIDCB5_OFFER,OFFER,0.0334514531786614,4.8756504681202735,4.8756504681202735,1.0,0.0,8,7.5,0.0015991775647855,0.1390227409923853,82.36037528752148,65,38,0.0718864433550563,29.382295397846597,40.10965716026676,0.0874561108639911,29.181332817536816,39.771802331439154,2025-05-26 SP14,T_DIDCB5,Didcot B main unit 5,T_DIDCB5,T_DIDCB,CCGT,RWE Generation UK plc,65,0.00261526462625241,0.9290976706073238,45,BMU
BMU ID,marginal_bmu_id,T_MEDP-1_OFFER,OFFER,0.0313565805457767,3.6135547471488345,3.6135547471488345,1.0,0.0,11,10.5,0.0013461551622083,0.1390227409923853,82.36037528752148,66,39,0.0718864433550563,29.382295397846597,40.10965716026676,0.0874561108639911,29.181332817536816,39.771802331439154,2025-05-26 SP14,T_MEDP-1,Medway Power,T_MEDP-1,T_MEDP,CCGT,Medway Power Ltd,66,0.002451485604036944,0.9315491562113608,45,BMU
BMU ID,marginal_bmu_id,T_SCCL-2_OFFER,OFFER,0.0295793160089894,4.903758482549392,4.903758482549392,1.0,0.0,7,6.2,0.0017884501429197,0.1390227409923853,82.36037528752148,67,40,0.0718864433550563,29.382295397846597,40.10965716026676,0.0874561108639911,29.181332817536816,39.771802331439154,2025-05-26 SP14,T_SCCL-2,Unit 2,T_SCCL-2,T_SCCL,CCGT,SCCL,67,0.002312537467771293,0.9338616936791321,45,BMU
BMU ID,marginal_bmu_id,T_MRWD-1_OFFER,OFFER,0.0286925107768039,1.816649851555568,1.816649851555568,1.0,0.0,16,14.5,0.0010341577401111,0.1390227409923853,82.36037528752148,68,41,0.0718864433550563,29.382295397846597,40.10965716026676,0.0874561108639911,29.181332817536816,39.771802331439154,2025-05-26 SP14,T_MRWD-1,Marchwood Power Ltd,T_MRWD-1,T_MRWD,CCGT,Marchwood Power Limited,68,0.0022432062389686615,0.9361048999181008,45,BMU
BMU ID,marginal_bmu_id,E_PILLB-1_BID,BID,0.0280524761296813,-4.7430725506655085,4.7430725506655085,0.0,1.0,6,4.833333333333334,0.0018994162855848,0.1390227409923853,82.36037528752148,69,28,0.0718864433550563,29.382295397846597,40.10965716026676,0.0874561108639911,29.181332817536816,39.771802331439154,2025-05-26 SP14,E_PILLB-1,Pillswood 1 Battery Storage,E_PILLB-1,E_PILLB,BATTERY,BP Gas Marketing Limited,69,0.002193167755939068,0.9382980676740398,45,BMU
BMU ID,marginal_bmu_id,E_DOLLB-1_BID,BID,0.0277187006138846,-3.4056785744025264,3.4056785744025264,0.0,1.0,7,7.0,0.0014280587591191,0.1390227409923853,82.36037528752148,70,29,0.0718864433550563,29.382295397846597,40.10965716026676,0.0874561108639911,29.181332817536816,39.771802331439154,2025-05-26 SP14,E_DOLLB-1,Dollymans Storage,E_DOLLB-1,E_DOLLB,BATTERY,Dollymans Storage Limited,70,0.002167072886609771,0.9404651405606496,45,BMU
BMU ID,marginal_bmu_id,T_WBURB-3_BID,BID,0.0268676333177178,-1.3928121975828176,1.3928121975828176,0.0,1.0,30,16.0,0.000943933640307,0.1390227409923853,82.36037528752148,71,30,0.0718864433550563,29.382295397846597,40.10965716026676,0.0874561108639911,29.181332817536816,39.771802331439154,2025-05-26 SP14,T_WBURB-3,West Burton B Unit 3,T_WBURB-3,T_WBURB_CC,CCGT,West Burton B Limited,71,0.0021005356817135386,0.9425656762423631,45,BMU
BMU ID,marginal_bmu_id,I_IVG-MFTE1_OFFER,OFFER,0.0247295154146743,14.666921131342042,14.666921131342042,1.0,0.0,3,3.0,0.0011540008891934,0.1390227409923853,82.36037528752148,72,42,0.0718864433550563,29.382295397846597,40.10965716026676,0.0874561108639911,29.181332817536816,39.771802331439154,2025-05-26 SP14,I_IVG-MFTE1,—,I_IVG-MFTE1,I_IVG-MFTE,Viking,MFT Energy A/S,72,0.0019333757054721,0.9444990519478352,45,BMU
BMU ID,marginal_bmu_id,T_DIDCB6_OFFER,OFFER,0.0243821472932969,5.710260098270951,5.710260098270951,1.0,0.0,4,4.0,0.0017278981034699,0.1390227409923853,82.36037528752148,73,43,0.0718864433550563,29.382295397846597,40.10965716026676,0.0874561108639911,29.181332817536816,39.771802331439154,2025-05-26 SP14,T_DIDCB6,Didcot B main unit 6,T_DIDCB6,T_DIDCB,CCGT,RWE Generation UK plc,73,0.001906218154041552,0.9464052701018768,45,BMU
BMU ID,marginal_bmu_id,I_IBG-INCM1_OFFER,OFFER,0.0241068367456211,11.903492448315268,11.903492448315268,1.0,0.0,3,3.0,0.0022217859670306,0.1390227409923853,82.36037528752148,74,44,0.0718864433550563,29.382295397846597,40.10965716026676,0.0874561108639911,29.181332817536816,39.771802331439154,2025-05-26 SP14,I_IBG-INCM1,—,I_IBG-INCM1,I_IBG-INCM,BritNed,IN COMMODITIES A/S,74,0.0018846941283818836,0.9482899642302587,45,BMU
BMU ID,marginal_bmu_id,T_LBAR-1_OFFER,OFFER,0.0240416895929483,4.945482817002447,4.945482817002447,1.0,0.0,5,5.0,0.0016819856401533,0.1390227409923853,82.36037528752148,75,45,0.0718864433550563,29.382295397846597,40.10965716026676,0.0874561108639911,29.181332817536816,39.771802331439154,2025-05-26 SP14,T_LBAR-1,Little Barford main unit 1,T_LBAR-1,T_LBAR,CCGT,RWE Generation UK plc,75,0.0018796008655279123,0.9501695650957867,45,BMU
BMU ID,marginal_bmu_id,E_BTUIW-3_BID,BID,0.023405067445484,-6.621032629424738,6.621032629424738,0.0,1.0,5,5.0,0.0013116114229982,0.1390227409923853,82.36037528752148,76,31,0.0718864433550563,29.382295397846597,40.10965716026676,0.0874561108639911,29.181332817536816,39.771802331439154,2025-05-26 SP14,E_BTUIW-3,Beinn an Tuirc III Windfarm,E_BTUIW-3,E_BTUIW,WIND,SP Renewables (UK) Limited,76,0.001829829174783718,0.9519993942705703,45,BMU
BMU ID,marginal_bmu_id,I_IND-DSKC1_BID,BID,0.021717818471038,-7.866380472234158,7.866380472234158,0.0,1.0,4,3.5,0.0015452770550948,0.1390227409923853,82.36037528752148,77,32,0.0718864433550563,29.382295397846597,40.10965716026676,0.0874561108639911,29.181332817536816,39.771802331439154,2025-05-26 SP14,I_IND-DSKC1,—,I_IND-DSKC1,I_IND-DSKC,NEMO,Danske Commodities A/S,77,0.0016979185359549073,0.9536973128065253,45,BMU
BMU ID,marginal_bmu_id,T_DRSLW-1_BID,BID,0.0216290478565604,-6.843270696272144,6.843270696272144,0.0,1.0,6,4.5,0.0011502597665362,0.1390227409923853,82.36037528752148,78,33,0.0718864433550563,29.382295397846597,40.10965716026676,0.0874561108639911,29.181332817536816,39.771802331439154,2025-05-26 SP14,T_DRSLW-1,Dersalloch Windfarm,T_DRSLW-1,T_DRSLW,WIND,SP Renewables (UK) Limited,78,0.0016909783696591706,0.9553882911761844,45,BMU
BMU ID,marginal_bmu_id,T_LAGA-1_OFFER,OFFER,0.0215760652510918,2.636185025527022,2.636185025527022,1.0,0.0,9,9.0,0.0009239482277238,0.1390227409923853,82.36037528752148,79,46,0.0718864433550563,29.382295397846597,40.10965716026676,0.0874561108639911,29.181332817536816,39.771802331439154,2025-05-26 SP14,T_LAGA-1,Langage Power Station,T_LAGA-1,T_LAGA,CCGT,EP UK INVESTMENTS LIMITED,79,0.0016868361420211465,0.9570751273182055,45,BMU
BMU ID,marginal_bmu_id,T_CDCL-1_BID,BID,0.0214693356713646,-1.5314419714975127,1.5314419714975127,0.0,1.0,20,11.318589743589746,0.0009125625993187,0.1390227409923853,82.36037528752148,80,34,0.0718864433550563,29.382295397846597,40.10965716026676,0.0874561108639911,29.181332817536816,39.771802331439154,2025-05-26 SP14,T_CDCL-1,T_CDCL-1,T_CDCL-1,T_CDCL,CCGT,Uniper UK Limited,80,0.0016784919277072108,0.9587536192459127,45,BMU
BMU ID,marginal_bmu_id,E_SHOS-1_OFFER,OFFER,0.0212136055880923,2.011888772815154,2.011888772815154,1.0,0.0,13,11.5,0.000781276396742,0.1390227409923853,82.36037528752148,81,47,0.0718864433550563,29.382295397846597,40.10965716026676,0.0874561108639911,29.181332817536816,39.771802331439154,2025-05-26 SP14,E_SHOS-1,Shoreham Power Station,E_SHOS-1,E_SHOS,CCGT,VPI Power Limited,81,0.0016584987203246016,0.9604121179662374,45,BMU
BMU ID,marginal_bmu_id,I_IBD-DSKC1_BID,BID,0.0209611224650382,-7.527080233377237,7.527080233377237,0.0,1.0,4,4.0,0.0013050155211152,0.1390227409923853,82.36037528752148,82,35,0.0718864433550563,29.382295397846597,40.10965716026676,0.0874561108639911,29.181332817536816,39.771802331439154,2025-05-26 SP14,I_IBD-DSKC1,—,I_IBD-DSKC1,I_IBD-DSKC,BritNed,Danske Commodities A/S,82,0.0016387593632054217,0.9620508773294428,45,BMU
BMU ID,marginal_bmu_id,T_MOWEO-2_BID,BID,0.0193287558721683,-9.48051920505493,9.48051920505493,0.0,1.0,5,2.1666666666666665,0.0020154921515603,0.1390227409923853,82.36037528752148,83,36,0.0718864433550563,29.382295397846597,40.10965716026676,0.0874561108639911,29.181332817536816,39.771802331439154,2025-05-26 SP14,T_MOWEO-2,Moray East OWF2,T_MOWEO-2,T_MOWEO,WIND,Moray Offshore Wind East Ltd,83,0.0015111394782154311,0.9635620168076583,45,BMU
BMU ID,marginal_bmu_id,T_MRWD-1_BID,BID,0.0184112830361376,-0.7466489282492629,0.7466489282492629,0.0,1.0,22,19.83333333333333,0.0005289679692211,0.1390227409923853,82.36037528752148,84,37,0.0718864433550563,29.382295397846597,40.10965716026676,0.0874561108639911,29.181332817536816,39.771802331439154,2025-05-26 SP14,T_MRWD-1,Marchwood Power Ltd,T_MRWD-1,T_MRWD,CCGT,Marchwood Power Limited,84,0.001439410628625448,0.9650014274362837,45,BMU
BMU ID,marginal_bmu_id,T_MOWEO-1_BID,BID,0.0178885367340919,-6.8309481661005504,6.8309481661005504,0.0,1.0,6,3.0,0.0014644391622496,0.1390227409923853,82.36037528752148,85,38,0.0718864433550563,29.382295397846597,40.10965716026676,0.0874561108639911,29.181332817536816,39.771802331439154,2025-05-26 SP14,T_MOWEO-1,Moray East OWF1,T_MOWEO-1,T_MOWEO,WIND,Moray Offshore Wind East Ltd,85,0.0013985418536594484,0.9663999692899431,45,BMU
BMU ID,marginal_bmu_id,I_IND-NTPL1_BID,BID,0.0177796731133984,-6.770901238442958,6.770901238442958,0.0,1.0,4,4.0,0.0010087888193483,0.1390227409923853,82.36037528752148,86,39,0.0718864433550563,29.382295397846597,40.10965716026676,0.0874561108639911,29.181332817536816,39.771802331439154,2025-05-26 SP14,I_IND-NTPL1,—,I_IND-NTPL1,I_IND-NTPL,NEMO,Northpool BV,86,0.0013900307981078446,0.9677900000880509,45,BMU
BMU ID,marginal_bmu_id,T_DINO-4_BID,BID,0.0175244420773283,-2.7432170902541726,2.7432170902541726,0.0,1.0,7,4.666666666666666,0.001058582037229,0.1390227409923853,82.36037528752148,87,40,0.0718864433550563,29.382295397846597,40.10965716026676,0.0874561108639911,29.181332817536816,39.771802331439154,2025-05-26 SP14,T_DINO-4,Dinorwig 4,T_DINO-4,T_DINO,PS,First Hydro Company,87,0.0013700766066833095,0.9691600766947343,45,BMU
BMU ID,marginal_bmu_id,T_GRAI-7_BID,BID,0.016356137061945,-0.8506002035896656,0.8506002035896656,0.0,1.0,33,19.816666666666663,0.0004862340972104,0.1390227409923853,82.36037528752148,88,41,0.0718864433550563,29.382295397846597,40.10965716026676,0.0874561108639911,29.181332817536816,39.771802331439154,2025-05-26 SP14,T_GRAI-7,T_GRAI-7,T_GRAI-7,T_GRAI,CCGT,Uniper UK Limited,88,0.0012787374722341587,0.9704388141669684,45,BMU
BMU ID,marginal_bmu_id,I_IVD-NEAS1_BID,BID,0.0161981860370166,-7.259750352277154,7.259750352277154,0.0,1.0,3,3.0,0.0012124760786488,0.1390227409923853,82.36037528752148,89,42,0.0718864433550563,29.382295397846597,40.10965716026676,0.0874561108639911,29.181332817536816,39.771802331439154,2025-05-26 SP14,I_IVD-NEAS1,—,I_IVD-NEAS1,I_IVD-NEAS,Viking,Centrica Energy Trading A/S,89,0.0012663887193722335,0.9717052028863407,45,BMU
BMU ID,marginal_bmu_id,T_WBURB-2_BID,BID,0.0154367965769571,-0.7658729985418565,0.7658729985418565,0.0,1.0,31,17.41785714285714,0.0005159073855653,0.1390227409923853,82.36037528752148,90,43,0.0718864433550563,29.382295397846597,40.10965716026676,0.0874561108639911,29.181332817536816,39.771802331439154,2025-05-26 SP14,T_WBURB-2,West Burton B Unit 2,T_WBURB-2,T_WBURB_CC,CCGT,West Burton B Limited,90,0.0012068626081728178,0.9729120654945135,45,BMU
BMU ID,marginal_bmu_id,T_DINO-3_BID,BID,0.0153215721080529,-1.6004906893465596,1.6004906893465596,0.0,1.0,10,9.333333333333332,0.0007190088473038,0.1390227409923853,82.36037528752148,91,44,0.0718864433550563,29.382295397846597,40.10965716026676,0.0874561108639911,29.181332817536816,39.771802331439154,2025-05-26 SP14,T_DINO-3,Dinorwig 3,T_DINO-3,T_DINO,PS,First Hydro Company,91,0.0011978542558003687,0.9741099197503138,45,BMU
BMU ID,marginal_bmu_id,T_CRUA-2_BID,BID,0.0149124032575753,-2.007281628554733,2.007281628554733,0.0,1.0,14,8.229166666666666,0.0006388037439758,0.1390227409923853,82.36037528752148,92,45,0.0718864433550563,29.382295397846597,40.10965716026676,0.0874561108639911,29.181332817536816,39.771802331439154,2025-05-26 SP14,T_CRUA-2,T_CRUA-2,T_CRUA-2,T_CRUA,PS,Drax Pumped Storage Limited,92,0.0011658650679135765,0.9752757848182274,45,BMU
BMU ID,marginal_bmu_id,T_WBURB-2_OFFER,OFFER,0.0143525959440388,2.2876550190211105,2.2876550190211105,1.0,0.0,5,5.0,0.0008560342409192,0.1390227409923853,82.36037528752148,93,48,0.0718864433550563,29.382295397846597,40.10965716026676,0.0874561108639911,29.181332817536816,39.771802331439154,2025-05-26 SP14,T_WBURB-2,West Burton B Unit 2,T_WBURB-2,T_WBURB_CC,CCGT,West Burton B Limited,93,0.0011220988298135434,0.9763978836480409,45,BMU
BMU ID,marginal_bmu_id,T_CRYRW-2_BID,BID,0.014208675717768,-4.684528120269051,4.684528120269051,0.0,1.0,5,4.5,0.000868210076669,0.1390227409923853,82.36037528752148,94,46,0.0718864433550563,29.382295397846597,40.10965716026676,0.0874561108639911,29.181332817536816,39.771802331439154,2025-05-26 SP14,T_CRYRW-2,Crystal Rig II Windfarm,T_CRYRW-2,T_CRYRW,WIND,Eneco Energy Trade,94,0.001110847017380822,0.9775087306654218,45,BMU
BMU ID,marginal_bmu_id,T_WISTW-2_BID,BID,0.0134267726349813,-5.409813795128719,5.409813795128719,0.0,1.0,4,4.0,0.0006130377806848,0.1390227409923853,82.36037528752148,95,47,0.0718864433550563,29.382295397846597,40.10965716026676,0.0874561108639911,29.181332817536816,39.771802331439154,2025-05-26 SP14,T_WISTW-2,Brockloch Rig 2 WF Exp A,T_WISTW-2,T_WISTW,WIND,BROCKLOCH RIG WINDFARM LTD,95,0.001049717132749257,0.978558447798171,45,BMU
BMU ID,marginal_bmu_id,T_PEMB-21_OFFER,OFFER,0.0127593794425916,2.443082961215388,2.443082961215388,1.0,0.0,6,6.0,0.0007127365372915,0.1390227409923853,82.36037528752148,96,49,0.0718864433550563,29.382295397846597,40.10965716026676,0.0874561108639911,29.181332817536816,39.771802331439154,2025-05-26 SP14,T_PEMB-21,Pembroke Unit 21,T_PEMB-21,T_PEMB,CCGT,RWE Generation UK plc,96,0.0009975397341012411,0.9795559875322722,45,BMU
BMU ID,marginal_bmu_id,T_FFES-4_OFFER,OFFER,0.0124869439515052,2.332264004456676,2.332264004456676,1.0,0.0,7,6.5,0.0006038883253754,0.1390227409923853,82.36037528752148,97,50,0.0718864433550563,29.382295397846597,40.10965716026676,0.0874561108639911,29.181332817536816,39.771802331439154,2025-05-26 SP14,T_FFES-4,Ffestioniog 4,T_FFES-4,T_FFES,PS,First Hydro Company,97,0.0009762404829455854,0.9805322280152178,45,BMU
BMU ID,marginal_bmu_id,T_GRAI-8_BID,BID,0.012191023341009,-0.506815054982068,0.506815054982068,0.0,1.0,41,21.95,0.0003250067186864,0.1390227409923853,82.36037528752148,98,48,0.0718864433550563,29.382295397846597,40.10965716026676,0.0874561108639911,29.181332817536816,39.771802331439154,2025-05-26 SP14,T_GRAI-8,T_GRAI-8,T_GRAI-8,T_GRAI,CCGT,Uniper UK Limited,98,0.0009531051440807433,0.9814853331592985,45,BMU
BMU ID,marginal_bmu_id,T_SGRWO-6_BID,BID,0.0115462908372477,-3.3409435352169585,3.3409435352169585,0.0,1.0,8,3.6666666666666665,0.0007135833196939,0.1390227409923853,82.36037528752148,99,49,0.0718864433550563,29.382295397846597,40.10965716026676,0.0874561108639911,29.181332817536816,39.771802331439154,2025-05-26 SP14,T_SGRWO-6,Seagreen1 Offshore WF 6,T_SGRWO-6,T_SGRWO,WIND,Seagreen Wind Energy Limited,99,0.0009026993784036438,0.9823880325377021,45,BMU
BMU ID,marginal_bmu_id,T_BEATO-4_BID,BID,0.0111318951566533,-6.935537689727868,6.935537689727868,0.0,1.0,5,2.5,0.000768013781965,0.1390227409923853,82.36037528752148,100,50,0.0718864433550563,29.382295397846597,40.10965716026676,0.0874561108639911,29.181332817536816,39.771802331439154,2025-05-26 SP14,T_BEATO-4,Beatrice Offshore WF 4,T_BEATO-4,T_BEATO,WIND,Beatrice Offshore Windfarm Ltd,100,0.0008703015522481675,0.9832583340899503,45,BMU
BMU ID,marginal_bmu_id,2__HANGE003_BID,BID,0.010209244319687,-2.04921344334191,2.04921344334191,0.0,1.0,7,4.785714285714286,0.0006008263987334,0.1390227409923853,82.36037528752148,101,51,0.0718864433550563,29.382295397846597,40.10965716026676,0.0874561108639911,29.181332817536816,39.771802331439154,2025-05-26 SP14,2__HANGE003,2__HANGE003,2__HANGE003,2__HANGE_LR,LOAD RESPONSE,Limejump Energy Limited,101,0.0007981678818987019,0.984056501971849,45,BMU
BMU ID,marginal_bmu_id,T_PEMB-31_OFFER,OFFER,0.0096332781353169,1.9859292721498063,1.9859292721498063,1.0,0.0,6,4.833333333333334,0.0005518832562926,0.1390227409923853,82.36037528752148,102,51,0.0718864433550563,29.382295397846597,40.10965716026676,0.0874561108639911,29.181332817536816,39.771802331439154,2025-05-26 SP14,T_PEMB-31,Pembroke Unit 31,T_PEMB-31,T_PEMB,CCGT,RWE Generation UK plc,102,0.0007531383287771782,0.9848096403006262,45,BMU
BMU ID,marginal_bmu_id,T_EAAO-2_BID,BID,0.0093454693484923,-5.461538289958488,5.461538289958488,0.0,1.0,3,2.0,0.0011034102164053,0.1390227409923853,82.36037528752148,103,52,0.0718864433550563,29.382295397846597,40.10965716026676,0.0874561108639911,29.181332817536816,39.771802331439154,2025-05-26 SP14,T_EAAO-2,East Anglia One Offshore 2,T_EAAO-2,T_EAAO,WIND,East Anglia One Limited,103,0.0007306371795659044,0.9855402774801921,45,BMU
BMU ID,marginal_bmu_id,T_SOKYW-1_BID,BID,0.0091699261652994,-3.911381684379625,3.911381684379625,0.0,1.0,3,3.0,0.0007288248745852,0.1390227409923853,82.36037528752148,104,53,0.0718864433550563,29.382295397846597,40.10965716026676,0.0874561108639911,29.181332817536816,39.771802331439154,2025-05-26 SP14,T_SOKYW-1,South Kyle Wind Farm,T_SOKYW-1,T_SOKYW,WIND,South Kyle Wind Farm Limited,104,0.0007169130559850194,0.9862571905361771,45,BMU
BMU ID,marginal_bmu_id,T_GRAI-6_BID,BID,0.0091671252563444,-0.6722860624288122,0.6722860624288122,0.0,1.0,23,11.383333333333333,0.0003465579321539,0.1390227409923853,82.36037528752148,105,54,0.0718864433550563,29.382295397846597,40.10965716026676,0.0874561108639911,29.181332817536816,39.771802331439154,2025-05-26 SP14,T_GRAI-6,T_GRAI-6,T_GRAI-6,T_GRAI,CCGT,Uniper UK Limited,105,0.0007166940784095986,0.9869738846145867,45,BMU
BMU ID,marginal_bmu_id,T_GLNDO-1_OFFER,OFFER,0.0091520614775962,1.98003746221288,1.98003746221288,1.0,0.0,4,4.0,0.0005842198714103,0.1390227409923853,82.36037528752148,106,52,0.0718864433550563,29.382295397846597,40.10965716026676,0.0874561108639911,29.181332817536816,39.771802331439154,2025-05-26 SP14,T_GLNDO-1,Glendoe Generator 1,T_GLNDO-1,T_GLNDO,NPSHYD,SSE Generation Ltd,106,0.0007155163786699953,0.9876894009932566,45,BMU
BMU ID,marginal_bmu_id,T_WDRGW-1_BID,BID,0.0091366323006131,-4.109303174122788,4.109303174122788,0.0,1.0,5,3.083333333333333,0.000548935354434,0.1390227409923853,82.36037528752148,107,55,0.0718864433550563,29.382295397846597,40.10965716026676,0.0874561108639911,29.181332817536816,39.771802331439154,2025-05-26 SP14,T_WDRGW-1,Windy Rig Wind Farm,T_WDRGW-1,T_WDRGW,WIND,Windy Rig Wind Farm Limited,107,0.0007143101117685075,0.9884037111050251,45,BMU
BMU ID,marginal_bmu_id,T_KPMRW-1_BID,BID,0.0077897186296058,-5.556900662763344,5.556900662763344,0.0,1.0,3,1.5,0.0009046433366362,0.1390227409923853,82.36037528752148,108,56,0.0718864433550563,29.382295397846597,40.10965716026676,0.0874561108639911,29.181332817536816,39.771802331439154,2025-05-26 SP14,T_KPMRW-1,KYPE MUIR WIND FARM,T_KPMRW-1,T_KPMRW,WIND,OnPath Energy Limited,108,0.0006090071923530908,0.9890127182973782,45,BMU
BMU ID,marginal_bmu_id,T_RATS-4_OFFER,OFFER,0.0063756998285947,3.3602406144244603,3.3602406144244603,1.0,0.0,3,1.8333333333333333,0.0006414309713555,0.1390227409923853,82.36037528752148,109,53,0.0718864433550563,29.382295397846597,40.10965716026676,0.0874561108639911,29.181332817536816,39.771802331439154,2025-05-26 SP14,T_RATS-4,T_RATS-4,T_RATS-4,T_RATS,COAL,Uniper UK Limited,109,0.0004984579336590277,0.9895111762310372,45,BMU
BMU ID,marginal_bmu_id,E_DOLLB-1_OFFER,OFFER,0.0052826502936968,0.8466919345224095,0.8466919345224095,1.0,0.0,6,5.5,0.0002606547040452,0.1390227409923853,82.36037528752148,110,54,0.0718864433550563,29.382295397846597,40.10965716026676,0.0874561108639911,29.181332817536816,39.771802331439154,2025-05-26 SP14,E_DOLLB-1,Dollymans Storage,E_DOLLB-1,E_DOLLB,BATTERY,Dollymans Storage Limited,110,0.0004130023402026684,0.9899241785712399,45,BMU
BMU ID,marginal_bmu_id,T_KILLPG-1_OFFER,OFFER,0.004740741900461,1.5754141150829115,1.5754141150829115,1.0,0.0,4,4.0,0.0002892694673836,0.1390227409923853,82.36037528752148,111,55,0.0718864433550563,29.382295397846597,40.10965716026676,0.0874561108639911,29.181332817536816,39.771802331439154,2025-05-26 SP14,T_KILLPG-1,T_KILLPG-1,T_KILLPG-1,T_KILLPG,CCGT,Uniper UK Limited,111,0.00037063545575284965,0.9902948140269928,45,BMU
BMU ID,marginal_bmu_id,T_HOWAO-1_BID,BID,0.0046693435981056,-2.182607983959423,2.182607983959423,0.0,1.0,5,2.333333333333333,0.0003270740237347,0.1390227409923853,82.36037528752148,112,57,0.0718864433550563,29.382295397846597,40.10965716026676,0.0874561108639911,29.181332817536816,39.771802331439154,2025-05-26 SP14,T_HOWAO-1,HORNSEA_1A,T_HOWAO-1,T_HOWAO,WIND,Hornsea 1 Limited,112,0.0003650534724073948,0.9906598674994002,45,BMU
BMU ID,marginal_bmu_id,T_DOREW-1_BID,BID,0.0046618143936222,-3.0166155580877088,3.0166155580877088,0.0,1.0,2,2.0,0.0003917627833509,0.1390227409923853,82.36037528752148,113,58,0.0718864433550563,29.382295397846597,40.10965716026676,0.0874561108639911,29.181332817536816,39.771802331439154,2025-05-26 SP14,T_DOREW-1,Dorenell Wind Farm One,T_DOREW-1,T_DOREW,WIND,Dorenell Windfarm Limited,113,0.0003644648324447573,0.991024332331845,45,BMU
BMU ID,marginal_bmu_id,T_RATS-3_OFFER,OFFER,0.0042317274504833,1.1146476224962742,1.1146476224962742,1.0,0.0,3,3.0,0.0002848998827615,0.1390227409923853,82.36037528752148,114,56,0.0718864433550563,29.382295397846597,40.10965716026676,0.0874561108639911,29.181332817536816,39.771802331439154,2025-05-26 SP14,T_RATS-3,T_RATS-3,T_RATS-3,T_RATS,COAL,Uniper UK Limited,114,0.0003308402493034276,0.9913551725811484,45,BMU
BMU ID,marginal_bmu_id,T_KENNW-1_BID,BID,0.0041987023474039,-2.1368757992711847,2.1368757992711847,0.0,1.0,2,2.0,0.000367894300575,0.1390227409923853,82.36037528752148,115,59,0.0718864433550563,29.382295397846597,40.10965716026676,0.0874561108639911,29.181332817536816,39.771802331439154,2025-05-26 SP14,T_KENNW-1,Kennoxhead Wind Farm,T_KENNW-1,T_KENNW,WIND,Kennoxhead Wind Farm Limited,115,0.000328258317110509,0.9916834308982588,45,BMU
BMU ID,marginal_bmu_id,T_EAAO-1_BID,BID,0.0041821234037929,-1.3873767595797108,1.3873767595797108,0.0,1.0,4,4.0,0.0002276084013432,0.1390227409923853,82.36037528752148,116,60,0.0718864433550563,29.382295397846597,40.10965716026676,0.0874561108639911,29.181332817536816,39.771802331439154,2025-05-26 SP14,T_EAAO-1,East Anglia One Offshore 1,T_EAAO-1,T_EAAO,WIND,East Anglia One Limited,116,0.00032696216042234043,0.9920103930586812,45,BMU
BMU ID,marginal_bmu_id,T_PEMB-41_BID,BID,0.0038139926544321,-0.4257330733178847,0.4257330733178847,0.0,1.0,10,7.583333333333333,0.0001498889900164,0.1390227409923853,82.36037528752148,117,61,0.0718864433550563,29.382295397846597,40.10965716026676,0.0874561108639911,29.181332817536816,39.771802331439154,2025-05-26 SP14,T_PEMB-41,Pembroke Unit 41,T_PEMB-41,T_PEMB,CCGT,RWE Generation UK plc,117,0.00029818136810527495,0.9923085744267864,45,BMU
BMU ID,marginal_bmu_id,T_SGRWO-1_BID,BID,0.0036940484363057,-1.4695295952850238,1.4695295952850238,0.0,1.0,7,2.5333333333333328,0.000242912237807,0.1390227409923853,82.36037528752148,118,62,0.0718864433550563,29.382295397846597,40.10965716026676,0.0874561108639911,29.181332817536816,39.771802331439154,2025-05-26 SP14,T_SGRWO-1,Seagreen1 Offshore WF 1,T_SGRWO-1,T_SGRWO,WIND,Seagreen Wind Energy Limited,118,0.00028880402150349634,0.9925973784482899,45,BMU
BMU ID,marginal_bmu_id,T_PEMB-51_BID,BID,0.0031744943489213,-0.3352141990656125,0.3352141990656125,0.0,1.0,14,7.999999999999999,0.0001340256245644,0.1390227409923853,82.36037528752148,119,63,0.0718864433550563,29.382295397846597,40.10965716026676,0.0874561108639911,29.181332817536816,39.771802331439154,2025-05-26 SP14,T_PEMB-51,Pembroke Unit 51,T_PEMB-51,T_PEMB,CCGT,RWE Generation UK plc,119,0.00024818481674416376,0.992845563265034,45,BMU
BMU ID,marginal_bmu_id,E_BURWB-1_OFFER,OFFER,0.0031558630220433,1.610821587179767,1.610821587179767,1.0,0.0,1,1.0,0.0003113742841807,0.1390227409923853,82.36037528752148,120,57,0.0718864433550563,29.382295397846597,40.10965716026676,0.0874561108639911,29.181332817536816,39.771802331439154,2025-05-26 SP14,E_BURWB-1,Burwell Weirs Drove BESS,E_BURWB-1,E_BURWB_OTH,OTHER,Arenko Cleantech Limited,120,0.0002467282028905312,0.9930922914679245,45,BMU
BMU ID,marginal_bmu_id,T_HOWAO-2_BID,BID,0.0031380155451734,-3.5179045211177224,3.5179045211177224,0.0,1.0,1,0.3333333333333333,0.0005399203359955,0.1390227409923853,82.36037528752148,121,64,0.0718864433550563,29.382295397846597,40.10965716026676,0.0874561108639911,29.181332817536816,39.771802331439154,2025-05-26 SP14,T_HOWAO-2,HORNSEA_1B,T_HOWAO-2,T_HOWAO,WIND,Hornsea 1 Limited,121,0.00024533287113389816,0.9933376243390585,45,BMU
BMU ID,marginal_bmu_id,T_NURSB-1_BID,BID,0.0031207545430878,-0.9504018783182384,0.9504018783182384,0.0,1.0,5,2.416666666666667,0.0002083517793718,0.1390227409923853,82.36037528752148,122,65,0.0718864433550563,29.382295397846597,40.10965716026676,0.0874561108639911,29.181332817536816,39.771802331439154,2025-05-26 SP14,T_NURSB-1,Nursling Battery Storage,T_NURSB-1,T_NURSB,BATTERY,EDF Energy Customers Limited,122,0.00024398339050215885,0.9935816077295606,45,BMU
BMU ID,marginal_bmu_id,T_RICHB-2_BID,BID,0.0029381026144237,-1.3725753545518316,1.3725753545518316,0.0,1.0,2,1.1428571428571428,0.0003010420423186,0.1390227409923853,82.36037528752148,123,66,0.0718864433550563,29.382295397846597,40.10965716026676,0.0874561108639911,29.181332817536816,39.771802331439154,2025-05-26 SP14,T_RICHB-2,Richborough Energy Park 2,T_RICHB-2,T_RICHB,OTHER,Limejump Energy Limited,123,0.0002297034988214975,0.9938113112283821,45,BMU
BMU ID,marginal_bmu_id,T_EECL-1_BID,BID,0.0028046449115849,-0.2253448813256212,0.2253448813256212,0.0,1.0,20,13.05952380952381,0.0001025551112039,0.1390227409923853,82.36037528752148,124,67,0.0718864433550563,29.382295397846597,40.10965716026676,0.0874561108639911,29.181332817536816,39.771802331439154,2025-05-26 SP14,T_EECL-1,Enfield Energy Centre Ltd BMU1,T_EECL-1,T_EECL,CCGT,Uniper UK Limited,124,0.0002192696558589483,0.994030580884241,45,BMU
BMU ID,marginal_bmu_id,T_EWHLW-1_BID,BID,0.0026611439105379,-2.1955612596633847,2.1955612596633847,0.0,1.0,3,1.7,0.0002771967455709,0.1390227409923853,82.36037528752148,125,68,0.0718864433550563,29.382295397846597,40.10965716026676,0.0874561108639911,29.181332817536816,39.771802331439154,2025-05-26 SP14,T_EWHLW-1,Ewe Hill II Windfarm,T_EWHLW-1,T_EWHLW,WIND,SP Renewables (UK) Limited,125,0.0002080506188304037,0.9942386315030715,45,BMU
BMU ID,marginal_bmu_id,T_DOUGW-1_BID,BID,0.0025767090558475,,,,,0,0.0,0.0006004151206095,0.1390227409923853,82.36037528752148,126,69,0.0718864433550563,29.382295397846597,40.10965716026676,0.0874561108639911,29.181332817536816,39.771802331439154,2025-05-26 SP14,T_DOUGW-1,T-DOUGW-1,T_DOUGW-1,T_DOUGW,WIND,Erova Energy Limited,126,0.0002014494261254056,0.9944400809291969,45,BMU
BMU ID,marginal_bmu_id,2__DSTAT002_OFFER,OFFER,0.0024252383784871,0.5975589666052121,0.5975589666052121,1.0,0.0,5,5.0,9.85495959035284e-05,0.1390227409923853,82.36037528752148,127,58,0.0718864433550563,29.382295397846597,40.10965716026676,0.0874561108639911,29.181332817536816,39.771802331439154,2025-05-26 SP14,2__DSTAT002,STAT_D3,2__DSTAT002,2__DSTAT,BATTERY,Statkraft Markets Gmbh,127,0.00018960731265130874,0.9946296882418482,45,BMU
BMU ID,marginal_bmu_id,I_IBD-DMCC1_BID,BID,0.0023676797815933,-2.076844143971384,2.076844143971384,0.0,1.0,1,1.0,0.0002456305157079,0.1390227409923853,82.36037528752148,128,70,0.0718864433550563,29.382295397846597,40.10965716026676,0.0874561108639911,29.181332817536816,39.771802331439154,2025-05-26 SP14,I_IBD-DMCC1,—,I_IBD-DMCC1,I_IBD-DMCC,BritNed,Cobblestone Energy DMCC,128,0.00018510732989752214,0.9948147955717457,45,BMU
BMU ID,marginal_bmu_id,T_DRAXX-3_OFFER,OFFER,0.0021868006390019,0.7856685268848965,0.7856685268848965,1.0,0.0,2,2.0,0.0001329001912046,0.1390227409923853,82.36037528752148,129,59,0.0718864433550563,29.382295397846597,40.10965716026676,0.0874561108639911,29.181332817536816,39.771802331439154,2025-05-26 SP14,T_DRAXX-3,T_DRAXX-3,T_DRAXX-3,T_DRAXX,BIOMASS,Drax Power Ltd,129,0.00017096603622278545,0.9949857616079685,45,BMU
BMU ID,marginal_bmu_id,T_STAY-2_OFFER,OFFER,0.0021806920680721,0.7623130451083062,0.7623130451083062,1.0,0.0,2,2.0,0.0001329423225057,0.1390227409923853,82.36037528752148,130,60,0.0718864433550563,29.382295397846597,40.10965716026676,0.0874561108639911,29.181332817536816,39.771802331439154,2025-05-26 SP14,T_STAY-2,Staythorpe Unit 2,T_STAY-2,T_STAY,CCGT,RWE Generation UK plc,130,0.000170488462666135,0.9951562500706346,45,BMU
BMU ID,marginal_bmu_id,T_CRGHW-1_BID,BID,0.0020592169645722,-2.096621174738657,2.096621174738657,0.0,1.0,1,1.0,0.0002824363322377,0.1390227409923853,82.36037528752148,131,71,0.0718864433550563,29.382295397846597,40.10965716026676,0.0874561108639911,29.181332817536816,39.771802331439154,2025-05-26 SP14,T_CRGHW-1,Carraig Gheal Wind Farm,T_CRGHW-1,T_CRGHW,WIND,Statkraft Markets Gmbh,131,0.0001609914300721581,0.9953172415007068,45,BMU
BMU ID,marginal_bmu_id,2__ASTAT005_BID,BID,0.00201293152768,-0.696082872710299,0.696082872710299,0.0,1.0,4,2.75,0.0001592976051451,0.1390227409923853,82.36037528752148,132,72,0.0718864433550563,29.382295397846597,40.10965716026676,0.0874561108639911,29.181332817536816,39.771802331439154,2025-05-26 SP14,2__ASTAT005,STAT_A6,2__ASTAT005,2__ASTAT_B,BATTERY,Statkraft Markets Gmbh,132,0.0001573727930829577,0.9954746142937897,45,BMU
BMU ID,marginal_bmu_id,2__FBPGM001_BID,BID,0.0018782852852875,-0.3585387388778596,0.3585387388778596,0.0,1.0,5,5.0,0.0001170537831623,0.1390227409923853,82.36037528752148,133,73,0.0718864433550563,29.382295397846597,40.10965716026676,0.0874561108639911,29.181332817536816,39.771802331439154,2025-05-26 SP14,2__FBPGM001,Wormald Green BESS,2__FBPGM001,2__FBPGM,BATTERY,BP Gas Marketing Limited,133,0.00014684602903159688,0.9956214603228213,45,BMU
BMU ID,marginal_bmu_id,E_BURBO_BID,BID,0.0018233648125129,,,,,0,0.0,0.0004902367415366,0.1390227409923853,82.36037528752148,134,74,0.0718864433550563,29.382295397846597,40.10965716026676,0.0874561108639911,29.181332817536816,39.771802331439154,2025-05-26 SP14,E_BURBO,Burbo Offshore Wind,E_BURBO,E_BURBO,WIND,Orsted Burbo (UK) Limited,134,0.00014255229718869767,0.99576401262001,45,BMU
BMU ID,marginal_bmu_id,2__NHPOW002_BID,BID,0.0017469813539337,-0.9429478080426024,0.9429478080426024,0.0,1.0,2,2.0,0.0001576653855806,0.1390227409923853,82.36037528752148,135,75,0.0718864433550563,29.382295397846597,40.10965716026676,0.0874561108639911,29.181332817536816,39.771802331439154,2025-05-26 SP14,2__NHPOW002,2__NHPOW002,2__NHPOW002,2__NHPOW,NPSHYD,Drax Energy Solutions Limited,135,0.0001365805698563728,0.9959005931898663,45,BMU
BMU ID,marginal_bmu_id,2__HANGE004_BID,BID,0.0017287220219515,-0.5099746394977868,0.5099746394977868,0.0,1.0,3,2.25,0.0001328435955188,0.1390227409923853,82.36037528752148,136,76,0.0718864433550563,29.382295397846597,40.10965716026676,0.0874561108639911,29.181332817536816,39.771802331439154,2025-05-26 SP14,2__HANGE004,2__HANGE004,2__HANGE004,2__HANGE_B,BATTERY,Limejump Energy Limited,136,0.00013515303889749332,0.9960357462287638,45,BMU
BMU ID,marginal_bmu_id,E_BARNB-1_BID,BID,0.0017275581609245,-0.7945685363241259,0.7945685363241259,0.0,1.0,1,0.25,0.0002047280145143,0.1390227409923853,82.36037528752148,137,77,0.0718864433550563,29.382295397846597,40.10965716026676,0.0874561108639911,29.181332817536816,39.771802331439154,2025-05-26 SP14,E_BARNB-1,Hunningley Stairfoot BESS,E_BARNB-1,E_BARNB,BATTERY,EDF Energy Customers Limited,137,0.00013506204719804368,0.9961708082759618,45,BMU
BMU ID,marginal_bmu_id,E_ASLVW-1_BID,BID,0.0016898510726437,,,,,0,0.0,0.0004594175641405,0.1390227409923853,82.36037528752148,138,78,0.0718864433550563,29.382295397846597,40.10965716026676,0.0874561108639911,29.181332817536816,39.771802331439154,2025-05-26 SP14,E_ASLVW-1,Assel Valley Wind Farm,E_ASLVW-1,E_ASLVW,WIND,Npower Commercial Gas Limited,138,0.00013211407320082853,0.9963029223491626,45,BMU
BMU ID,marginal_bmu_id,I_IFD-NITR1_BID,BID,0.001642730663946,-0.9604963203367588,0.9604963203367588,0.0,1.0,2,2.0,0.0001375295209399,0.1390227409923853,82.36037528752148,139,79,0.0718864433550563,29.382295397846597,40.10965716026676,0.0874561108639911,29.181332817536816,39.771802331439154,2025-05-26 SP14,I_IFD-NITR1,—,I_IFD-NITR1,I_IFD-NITR,IFA,Nitor Energy A/S,139,0.0001284301573666351,0.9964313525065293,45,BMU
BMU ID,marginal_bmu_id,T_NNGAO-2_BID,BID,0.0014509575078938,,,,,0,0.0,0.0003679958814923,0.1390227409923853,82.36037528752148,140,80,0.0718864433550563,29.382295397846597,40.10965716026676,0.0874561108639911,29.181332817536816,39.771802331439154,2025-05-26 SP14,T_NNGAO-2,Neart Na Gaiothe WF 2,T_NNGAO-2,T_NNGAO,WIND,Neart Na Gaoithe Offshore Wind,140,0.00011343715994408871,0.9965447896664733,45,BMU
BMU ID,marginal_bmu_id,T_WBURB-1_BID,BID,0.0013166857795001,-0.0779900796499442,0.0779900796499442,0.0,1.0,28,14.845238095238097,4.4523735590454e-05,0.1390227409923853,82.36037528752148,141,81,0.0718864433550563,29.382295397846597,40.10965716026676,0.0874561108639911,29.181332817536816,39.771802331439154,2025-05-26 SP14,T_WBURB-1,West Burton B Unit 1,T_WBURB-1,T_WBURB_CC,CCGT,West Burton B Limited,141,0.00010293967573321393,0.9966477293422065,45,BMU
BMU ID,marginal_bmu_id,I_IFD-EDFT1_BID,BID,0.0013028821055463,-0.602173890682159,0.602173890682159,0.0,1.0,3,2.5,0.000110917598972,0.1390227409923853,82.36037528752148,142,82,0.0718864433550563,29.382295397846597,40.10965716026676,0.0874561108639911,29.181332817536816,39.771802331439154,2025-05-26 SP14,I_IFD-EDFT1,—,I_IFD-EDFT1,I_IFD-EDFT,IFA,EDF TRADING LIMITED,142,0.00010186049211715736,0.9967495898343236,45,BMU
BMU ID,marginal_bmu_id,T_BRBEO-1_BID,BID,0.0012522964296393,,,,,0,0.0,0.0004485136804837,0.1390227409923853,82.36037528752148,143,83,0.0718864433550563,29.382295397846597,40.10965716026676,0.0874561108639911,29.181332817536816,39.771802331439154,2025-05-26 SP14,T_BRBEO-1,BURBO_EXTENSION,T_BRBEO-1,T_BRBEO,WIND,Burbo Extension Limited,143,9.790565858307828e-05,0.9968474954929066,45,BMU
BMU ID,marginal_bmu_id,E_FDUN-1_OFFER,OFFER,0.0012379778168992,1.5460411260873523,1.5460411260873523,1.0,0.0,1,1.0,0.0001201869185853,0.1390227409923853,82.36037528752148,144,61,0.0718864433550563,29.382295397846597,40.10965716026676,0.0874561108639911,29.181332817536816,39.771802331439154,2025-05-26 SP14,E_FDUN-1,Fort Dunlop,E_FDUN-1,E_FDUN,OCGT,Whitetower Energy Limited,144,9.678621659064256e-05,0.9969442817094972,45,BMU
BMU ID,marginal_bmu_id,T_STAY-1_OFFER,OFFER,0.0012206665154427,0.687460454899805,0.687460454899805,1.0,0.0,2,0.75,0.0001456914619522,0.1390227409923853,82.36037528752148,145,62,0.0718864433550563,29.382295397846597,40.10965716026676,0.0874561108639911,29.181332817536816,39.771802331439154,2025-05-26 SP14,T_STAY-1,Staythorpe Unit 1,T_STAY-1,T_STAY,CCGT,RWE Generation UK plc,145,9.543280350895152e-05,0.9970397145130062,45,BMU
BMU ID,marginal_bmu_id,2__MSTAT002_OFFER,OFFER,0.001161713775837,0.4035094295613576,0.4035094295613576,1.0,0.0,4,2.6666666666666665,7.277154773725749e-05,0.1390227409923853,82.36037528752148,146,63,0.0718864433550563,29.382295397846597,40.10965716026676,0.0874561108639911,29.181332817536816,39.771802331439154,2025-05-26 SP14,2__MSTAT002,STAT_M3,2__MSTAT002,2__MSTAT_B,BATTERY,Statkraft Markets Gmbh,146,9.08238254269528e-05,0.9971305383384331,45,BMU
BMU ID,marginal_bmu_id,E_THMRB-1_BID,BID,0.001133484293734,-0.3004918711467348,0.3004918711467348,0.0,1.0,4,2.45,7.42000535933859e-05,0.1390227409923853,82.36037528752148,147,84,0.0718864433550563,29.382295397846597,40.10965716026676,0.0874561108639911,29.181332817536816,39.771802331439154,2025-05-26 SP14,E_THMRB-1,Thame Road  BESS,E_THMRB-1,E_THMRB,BATTERY,Tesla Motors Limited,147,8.861681918518821e-05,0.9972191551576183,45,BMU
BMU ID,marginal_bmu_id,T_WISHB-1_BID,BID,0.0011184779557297,-0.3770488880783433,0.3770488880783433,0.0,1.0,5,2.0416666666666665,7.79097534378206e-05,0.1390227409923853,82.36037528752148,148,85,0.0718864433550563,29.382295397846597,40.10965716026676,0.0874561108639911,29.181332817536816,39.771802331439154,2025-05-26 SP14,T_WISHB-1,Wishaw BESS,T_WISHB-1,T_WISHB,BATTERY,Zenobe Wishaw Limited,148,8.744361021448592e-05,0.9973065987678328,45,BMU
BMU ID,marginal_bmu_id,T_HRSTW-1_BID,BID,0.0010816356691252,,,,,0,0.0,0.0002847398200046,0.1390227409923853,82.36037528752148,149,86,0.0718864433550563,29.382295397846597,40.10965716026676,0.0874561108639911,29.181332817536816,39.771802331439154,2025-05-26 SP14,T_HRSTW-1,Harestanes,T_HRSTW-1,T_HRSTW,WIND,SP Renewables (UK) Limited,149,8.456324718833002e-05,0.9973911620150211,45,BMU
BMU ID,marginal_bmu_id,2__GSTAT001_OFFER,OFFER,0.0010542936609209,0.4305247288113977,0.4305247288113977,1.0,0.0,6,2.8095238095238093,4.600979436583824e-05,0.1390227409923853,82.36037528752148,150,64,0.0718864433550563,29.382295397846597,40.10965716026676,0.0874561108639911,29.181332817536816,39.771802331439154,2025-05-26 SP14,2__GSTAT001,STAT_G2,2__GSTAT001,2__GSTAT_B,BATTERY,Statkraft Markets Gmbh,150,8.242562445231619e-05,0.9974735876394734,45,BMU
BMU ID,marginal_bmu_id,T_CRUA-4_BID,BID,0.0009724218916562,-0.4472030393613135,0.4472030393613135,0.0,1.0,2,1.5,8.622948283958292e-05,0.1390227409923853,82.36037528752148,151,87,0.0718864433550563,29.382295397846597,40.10965716026676,0.0874561108639911,29.181332817536816,39.771802331439154,2025-05-26 SP14,T_CRUA-4,T_CRUA-4,T_CRUA-4,T_CRUA,PS,Drax Pumped Storage Limited,151,7.602481606581376e-05,0.9975496124555392,45,BMU
BMU ID,marginal_bmu_id,2__FSTAT001_OFFER,OFFER,0.0009616481691713,0.5386747983637118,0.5386747983637118,1.0,0.0,3,1.5,0.0001013824474515,0.1390227409923853,82.36037528752148,152,65,0.0718864433550563,29.382295397846597,40.10965716026676,0.0874561108639911,29.181332817536816,39.771802331439154,2025-05-26 SP14,2__FSTAT001,STAT_F2,2__FSTAT001,2__FSTAT,BATTERY,Statkraft Markets Gmbh,152,7.518251677443969e-05,0.9976247949723136,45,BMU
BMU ID,marginal_bmu_id,T_LKSDB-1_BID,BID,0.000845939696169,-0.3725489253759009,0.3725489253759009,0.0,1.0,1,1.0,8.174778897073845e-05,0.1390227409923853,82.36037528752148,153,88,0.0718864433550563,29.382295397846597,40.10965716026676,0.0874561108639911,29.181332817536816,39.771802331439154,2025-05-26 SP14,T_LKSDB-1,Lakeside  BESS,T_LKSDB-1,T_LKSDB,OTHER,Lakeside Energy Storage Ltd,153,6.613632452729301e-05,0.9976909312968409,45,BMU
BMU ID,marginal_bmu_id,2__MCMRO003_BID,BID,0.0008433132096411,-0.3785653582843508,0.3785653582843508,0.0,1.0,2,2.0,6.46374156295627e-05,0.1390227409923853,82.36037528752148,154,89,0.0718864433550563,29.382295397846597,40.10965716026676,0.0874561108639911,29.181332817536816,39.771802331439154,2025-05-26 SP14,2__MCMRO003,2__MCMRO003,2__MCMRO003,2__MCMRO,OTHER,BGI Trading Limited,154,6.593098345373608e-05,0.9977568622802947,45,BMU
BMU ID,marginal_bmu_id,2__FSTAT003_OFFER,OFFER,0.0008296175430354,0.8530246326195828,0.8530246326195828,1.0,0.0,1,0.0769230769230769,0.0001394304846862,0.1390227409923853,82.36037528752148,155,66,0.0718864433550563,29.382295397846597,40.10965716026676,0.0874561108639911,29.181332817536816,39.771802331439154,2025-05-26 SP14,2__FSTAT003,STAT_F4,2__FSTAT003,2__FSTAT,BATTERY,Statkraft Markets Gmbh,155,6.48602439490714e-05,0.9978217225242437,45,BMU
BMU ID,marginal_bmu_id,T_SEAB-1_BID,BID,0.0008128527663825,-0.0860253585710511,0.0860253585710511,0.0,1.0,5,5.0,3.486771917498917e-05,0.1390227409923853,82.36037528752148,156,90,0.0718864433550563,29.382295397846597,40.10965716026676,0.0874561108639911,29.181332817536816,39.771802331439154,2025-05-26 SP14,T_SEAB-1,Seabank Power Module,T_SEAB-1,T_SEAB,CCGT,Seabank Power Limited,156,6.354955866693484e-05,0.9978852720829107,45,BMU
BMU ID,marginal_bmu_id,T_DRAXX-2_OFFER,OFFER,0.0008035427072836,0.1449622133532634,0.1449622133532634,1.0,0.0,7,6.25,2.9920577606301213e-05,0.1390227409923853,82.36037528752148,157,67,0.0718864433550563,29.382295397846597,40.10965716026676,0.0874561108639911,29.181332817536816,39.771802331439154,2025-05-26 SP14,T_DRAXX-2,T_DRAXX-2,T_DRAXX-2,T_DRAXX,BIOMASS,Drax Power Ltd,157,6.282168989245649e-05,0.9979480937728031,45,BMU
BMU ID,marginal_bmu_id,2__JSTAT001_OFFER,OFFER,0.0007948569743346,0.1962373662794431,0.1962373662794431,1.0,0.0,5,5.0,4.510217636192143e-05,0.1390227409923853,82.36037528752148,158,68,0.0718864433550563,29.382295397846597,40.10965716026676,0.0874561108639911,29.181332817536816,39.771802331439154,2025-05-26 SP14,2__JSTAT001,STAT_J2,2__JSTAT001,2__JSTAT,BATTERY,Statkraft Markets Gmbh,158,6.214263149659926e-05,0.9980102364042998,45,BMU
BMU ID,marginal_bmu_id,T_PEMB-31_BID,BID,0.0007904075507544,-0.1096863478509869,0.1096863478509869,0.0,1.0,9,4.833333333333333,3.354441066380121e-05,0.1390227409923853,82.36037528752148,159,91,0.0718864433550563,29.382295397846597,40.10965716026676,0.0874561108639911,29.181332817536816,39.771802331439154,2025-05-26 SP14,T_PEMB-31,Pembroke Unit 31,T_PEMB-31,T_PEMB,CCGT,RWE Generation UK plc,159,6.179477156853093e-05,0.9980720311758683,45,BMU
BMU ID,marginal_bmu_id,2__HANGE005_BID,BID,0.0007779137875503,-0.2306895782573398,0.2306895782573398,0.0,1.0,5,4.5,2.5992275911169005e-05,0.1390227409923853,82.36037528752148,160,92,0.0718864433550563,29.382295397846597,40.10965716026676,0.0874561108639911,29.181332817536816,39.771802331439154,2025-05-26 SP14,2__HANGE005,2__HANGE005,2__HANGE005,2__HANGE_OTH,OTHER,Limejump Energy Limited,160,6.081799795029841e-05,0.9981328491738186,45,BMU
BMU ID,marginal_bmu_id,I_IBD-MFTE1_BID,BID,0.0007746393667005,,,,,0,0.0,0.0002391863143215,0.1390227409923853,82.36037528752148,161,93,0.0718864433550563,29.382295397846597,40.10965716026676,0.0874561108639911,29.181332817536816,39.771802331439154,2025-05-26 SP14,I_IBD-MFTE1,—,I_IBD-MFTE1,I_IBD-MFTE,BritNed,MFT Energy A/S,161,6.056200079004925e-05,0.9981934111746087,45,BMU
BMU ID,marginal_bmu_id,E_DALSW-1_BID,BID,0.0007744739319229,-0.8965398396105735,0.8965398396105735,0.0,1.0,1,1.0,9.012921605253408e-05,0.1390227409923853,82.36037528752148,162,94,0.0718864433550563,29.382295397846597,40.10965716026676,0.0874561108639911,29.181332817536816,39.771802331439154,2025-05-26 SP14,E_DALSW-1,Dalswinton Windfarm,E_DALSW-1,E_DALSW,WIND,Mobius Renewables Gen. (GB),162,6.0549066950688116e-05,0.9982539602415594,45,BMU
BMU ID,marginal_bmu_id,T_MIDMW-1_BID,BID,0.0007680168719519,-0.7630030059554757,0.7630030059554757,0.0,1.0,1,1.0,0.0001005540504724,0.1390227409923853,82.36037528752148,163,95,0.0718864433550563,29.382295397846597,40.10965716026676,0.0874561108639911,29.181332817536816,39.771802331439154,2025-05-26 SP14,T_MIDMW-1,MIDDLE MUIR WIND FARM,T_MIDMW-1,T_MIDMW,WIND,OnPath Energy Limited,163,6.004424820808954e-05,0.9983140044897675,45,BMU
BMU ID,marginal_bmu_id,T_CDCL-1_OFFER,OFFER,0.0007508698388546,0.1388825016930306,0.1388825016930306,1.0,0.0,6,4.166666666666667,3.74426824836994e-05,0.1390227409923853,82.36037528752148,164,69,0.0718864433550563,29.382295397846597,40.10965716026676,0.0874561108639911,29.181332817536816,39.771802331439154,2025-05-26 SP14,T_CDCL-1,T_CDCL-1,T_CDCL-1,T_CDCL,CCGT,Uniper UK Limited,164,5.8703677774122454e-05,0.9983727081675416,45,BMU
BMU ID,marginal_bmu_id,T_MOWWO-4_BID,BID,0.000748801990387,-0.770145689996245,0.770145689996245,0.0,1.0,1,1.0,8.052390050878431e-05,0.1390227409923853,82.36037528752148,165,96,0.0718864433550563,29.382295397846597,40.10965716026676,0.0874561108639911,29.181332817536816,39.771802331439154,2025-05-26 SP14,T_MOWWO-4,Moray West OWF4,T_MOWWO-4,T_MOWWO,WIND,Moray Offshore Wind West Ltd,165,5.8542011525398335e-05,0.9984312501790671,45,BMU
BMU ID,marginal_bmu_id,2__ESTAT001_OFFER,OFFER,0.0007370185421357,0.1976713364350721,0.1976713364350721,1.0,0.0,4,4.0,3.704436033250644e-05,0.1390227409923853,82.36037528752148,166,70,0.0718864433550563,29.382295397846597,40.10965716026676,0.0874561108639911,29.181332817536816,39.771802331439154,2025-05-26 SP14,2__ESTAT001,STAT_E2,2__ESTAT001,2__ESTAT_B,BATTERY,Statkraft Markets Gmbh,166,5.762077096755738e-05,0.9984888709500347,45,BMU
BMU ID,marginal_bmu_id,I_IND-EDMK1_BID,BID,0.000705162470069,-0.9978963983291202,0.9978963983291202,0.0,1.0,1,1.0,5.206277498711765e-05,0.1390227409923853,82.36037528752148,167,97,0.0718864433550563,29.382295397846597,40.10965716026676,0.0874561108639911,29.181332817536816,39.771802331439154,2025-05-26 SP14,I_IND-EDMK1,—,I_IND-EDMK1,I_IND-EDMK,NEMO,Mind Energy A/S,167,5.5130234668209624e-05,0.9985440011847029,45,BMU
BMU ID,marginal_bmu_id,T_SCCL-3_OFFER,OFFER,0.0006808444778216,0.16652897331143,0.16652897331143,1.0,0.0,4,4.0,3.408264290481772e-05,0.1390227409923853,82.36037528752148,168,71,0.0718864433550563,29.382295397846597,40.10965716026676,0.0874561108639911,29.181332817536816,39.771802331439154,2025-05-26 SP14,T_SCCL-3,Unit 3,T_SCCL-3,T_SCCL,CCGT,SCCL,168,5.322903221322407e-05,0.9985972302169162,45,BMU
BMU ID,marginal_bmu_id,T_PINFB-1_BID,BID,0.0006612381924875,-0.1871862608965056,0.1871862608965056,0.0,1.0,5,2.4444444444444446,3.899330169002431e-05,0.1390227409923853,82.36037528752148,169,98,0.0718864433550563,29.382295397846597,40.10965716026676,0.0874561108639911,29.181332817536816,39.771802331439154,2025-05-26 SP14,T_PINFB-1,T_PINFB-1,T_PINFB-1,T_PINFB_B,BATTERY,Zenobe Capenhurst Limited,169,5.169619523264136e-05,0.9986489264121488,45,BMU
BMU ID,marginal_bmu_id,T_PINFB-4_BID,BID,0.0006495310597471,-0.2006316039740884,0.2006316039740884,0.0,1.0,8,3.1047619047619044,3.947813694612419e-05,0.1390227409923853,82.36037528752148,170,99,0.0718864433550563,29.382295397846597,40.10965716026676,0.0874561108639911,29.181332817536816,39.771802331439154,2025-05-26 SP14,T_PINFB-4,T_PINFB-4,T_PINFB-4,T_PINFB_B,BATTERY,Zenobe Capenhurst Limited,170,5.0780921089922194e-05,0.9986997073332387,45,BMU
BMU ID,marginal_bmu_id,T_RATS-2_OFFER,OFFER,0.0006260113486503,0.226110390990168,0.226110390990168,1.0,0.0,3,2.5,3.201848576671167e-05,0.1390227409923853,82.36037528752148,171,72,0.0718864433550563,29.382295397846597,40.10965716026676,0.0874561108639911,29.181332817536816,39.771802331439154,2025-05-26 SP14,T_RATS-2,T_RATS-2,T_RATS-2,T_RATS,COAL,Uniper UK Limited,171,4.8942128971606256e-05,0.9987486494622102,45,BMU
BMU ID,marginal_bmu_id,T_CRUA-3_OFFER,OFFER,0.0006256242263194,0.215313964776675,0.215313964776675,1.0,0.0,3,2.5,3.921712006319943e-05,0.1390227409923853,82.36037528752148,172,73,0.0718864433550563,29.382295397846597,40.10965716026676,0.0874561108639911,29.181332817536816,39.771802331439154,2025-05-26 SP14,T_CRUA-3,T_CRUA-3,T_CRUA-3,T_CRUA,PS,Drax Pumped Storage Limited,172,4.891186340040288e-05,0.9987975613256106,45,BMU
BMU ID,marginal_bmu_id,T_HOWAO-3_BID,BID,0.0005976794584219,-0.5763279182855672,0.5763279182855672,0.0,1.0,2,0.6666666666666666,6.825174933476403e-05,0.1390227409923853,82.36037528752148,173,100,0.0718864433550563,29.382295397846597,40.10965716026676,0.0874561108639911,29.181332817536816,39.771802331439154,2025-05-26 SP14,T_HOWAO-3,HORNSEA_1C,T_HOWAO-3,T_HOWAO,WIND,Hornsea 1 Limited,173,4.6727116370704775e-05,0.9988442884419813,45,BMU
BMU ID,marginal_bmu_id,2__MSTAT001_OFFER,OFFER,0.0005924706976825,0.1494354947405007,0.1494354947405007,1.0,0.0,4,4.0,2.8828580365224668e-05,0.1390227409923853,82.36037528752148,174,74,0.0718864433550563,29.382295397846597,40.10965716026676,0.0874561108639911,29.181332817536816,39.771802331439154,2025-05-26 SP14,2__MSTAT001,STAT_M2,2__MSTAT001,2__MSTAT_B,BATTERY,Statkraft Markets Gmbh,174,4.6319890782159794e-05,0.9988906083327634,45,BMU
BMU ID,marginal_bmu_id,E_CLAYB-2_BID,BID,0.0005830267496569,-0.1767229716696931,0.1767229716696931,0.0,1.0,3,2.166666666666667,3.894565420150183e-05,0.1390227409923853,82.36037528752148,175,101,0.0718864433550563,29.382295397846597,40.10965716026676,0.0874561108639911,29.181332817536816,39.771802331439154,2025-05-26 SP14,E_CLAYB-2,ClayTye Farm 2 Battery Storage,E_CLAYB-2,E_CLAYB,BATTERY,Tesla Motors Limited,175,4.558155445125047e-05,0.9989361898872147,45,BMU
BMU ID,marginal_bmu_id,T_TWSHW-1_BID,BID,0.000582351149898,,,,,0,0.0,0.0001571839198742,0.1390227409923853,82.36037528752148,176,102,0.0718864433550563,29.382295397846597,40.10965716026676,0.0874561108639911,29.181332817536816,39.771802331439154,2025-05-26 SP14,T_TWSHW-1,Twenty Shilling Wind Farm,T_TWSHW-1,T_TWSHW,WIND,Twentyshilling Limited,176,4.552873545586874e-05,0.9989817186226705,45,BMU
BMU ID,marginal_bmu_id,E_HAWKB-1_BID,BID,0.0005606575057005,-0.1409849151252567,0.1409849151252567,0.0,1.0,6,3.7916666666666665,2.62149092924309e-05,0.1390227409923853,82.36037528752148,177,103,0.0718864433550563,29.382295397846597,40.10965716026676,0.0874561108639911,29.181332817536816,39.771802331439154,2025-05-26 SP14,E_HAWKB-1,HawkersHill  Battery,E_HAWKB-1,E_HAWKB,BATTERY,Tesla Motors Limited,177,4.383270688631116e-05,0.9990255513295568,45,BMU
BMU ID,marginal_bmu_id,T_SUNDB-1_BID,BID,0.0005547467374802,-0.201166926599121,0.201166926599121,0.0,1.0,3,2.333333333333333,5.765020461913189e-05,0.1390227409923853,82.36037528752148,178,104,0.0718864433550563,29.382295397846597,40.10965716026676,0.0874561108639911,29.181332817536816,39.771802331439154,2025-05-26 SP14,T_SUNDB-1,SUNDON BESS,T_SUNDB-1,T_SUNDB,BATTERY,Pivoted Power LLP,178,4.337059772298225e-05,0.9990689219272798,45,BMU
BMU ID,marginal_bmu_id,2__FBPGM002_BID,BID,0.0005406494060615,-0.1145666185327172,0.1145666185327172,0.0,1.0,5,4.166666666666666,2.8023038286681303e-05,0.1390227409923853,82.36037528752148,179,105,0.0718864433550563,29.382295397846597,40.10965716026676,0.0874561108639911,29.181332817536816,39.771802331439154,2025-05-26 SP14,2__FBPGM002,Hawthorn Pit BESS,2__FBPGM002,2__FBPGM,BATTERY,BP Gas Marketing Limited,179,4.226845570281431e-05,0.9991111903829826,45,BMU
BMU ID,marginal_bmu_id,T_FFES-2_BID,BID,0.0005182267688532,-0.2177205144771047,0.2177205144771047,0.0,1.0,3,2.5,2.936558854357081e-05,0.1390227409923853,82.36037528752148,180,106,0.0718864433550563,29.382295397846597,40.10965716026676,0.0874561108639911,29.181332817536816,39.771802331439154,2025-05-26 SP14,T_FFES-2,Ffestioniog 2,T_FFES-2,T_FFES,PS,First Hydro Company,180,4.0515433805530486e-05,0.9991517058167881,45,BMU
BMU ID,marginal_bmu_id,E_BTUIW-2_BID,BID,0.0005176007861642,-0.5056528726764749,0.5056528726764749,0.0,1.0,2,1.5,4.873455549297463e-05,0.1390227409923853,82.36037528752148,181,107,0.0718864433550563,29.382295397846597,40.10965716026676,0.0874561108639911,29.181332817536816,39.771802331439154,2025-05-26 SP14,E_BTUIW-2,Beinn An Tuirc 2,E_BTUIW-2,E_BTUIW,WIND,SP Renewables (UK) Limited,181,4.0466493917196065e-05,0.9991921723107053,45,BMU
BMU ID,marginal_bmu_id,T_BUSTB-1_BID,BID,0.000510676778389,-0.1586319455300134,0.1586319455300134,0.0,1.0,5,2.361111111111111,3.305838941053851e-05,0.1390227409923853,82.36037528752148,182,108,0.0718864433550563,29.382295397846597,40.10965716026676,0.0874561108639911,29.181332817536816,39.771802331439154,2025-05-26 SP14,T_BUSTB-1,Pivot Power Bustleholme,T_BUSTB-1,T_BUSTB,BATTERY,Pivoted Power LLP,182,3.992516877626232e-05,0.9992320974794816,45,BMU
BMU ID,marginal_bmu_id,E_BURWB-1_BID,BID,0.0005036486601261,-0.1537404915786169,0.1537404915786169,0.0,1.0,3,2.0,3.296891508445965e-05,0.1390227409923853,82.36037528752148,183,109,0.0718864433550563,29.382295397846597,40.10965716026676,0.0874561108639911,29.181332817536816,39.771802331439154,2025-05-26 SP14,E_BURWB-1,Burwell Weirs Drove BESS,E_BURWB-1,E_BURWB_OTH,OTHER,Arenko Cleantech Limited,183,3.937570418397951e-05,0.9992714731836656,45,BMU
BMU ID,marginal_bmu_id,T_STAY-4_OFFER,OFFER,0.0004960797756699,0.1756081884131373,0.1756081884131373,1.0,0.0,2,2.0,3.3253549272915964e-05,0.1390227409923853,82.36037528752148,184,75,0.0718864433550563,29.382295397846597,40.10965716026676,0.0874561108639911,29.181332817536816,39.771802331439154,2025-05-26 SP14,T_STAY-4,Staythorpe Unit 4,T_STAY-4,T_STAY,CCGT,RWE Generation UK plc,184,3.8783962005462776e-05,0.9993102571456711,45,BMU
BMU ID,marginal_bmu_id,T_STAY-3_OFFER,OFFER,0.000486661166005,0.2560954383016205,0.2560954383016205,1.0,0.0,2,1.5,3.329338765604117e-05,0.1390227409923853,82.36037528752148,185,76,0.0718864433550563,29.382295397846597,40.10965716026676,0.0874561108639911,29.181332817536816,39.771802331439154,2025-05-26 SP14,T_STAY-3,Staythorpe Unit 3,T_STAY-3,T_STAY,CCGT,RWE Generation UK plc,185,3.804760665032966e-05,0.9993483047523215,45,BMU
BMU ID,marginal_bmu_id,I_IVD-NTPL1_BID,BID,0.0004817148537456,,,,,0,0.0,0.0001118080610992,0.1390227409923853,82.36037528752148,186,110,0.0718864433550563,29.382295397846597,40.10965716026676,0.0874561108639911,29.181332817536816,39.771802331439154,2025-05-26 SP14,I_IVD-NTPL1,—,I_IVD-NTPL1,I_IVD-NTPL,Viking,Northpool BV,186,3.766089951945203e-05,0.9993859656518409,45,BMU
BMU ID,marginal_bmu_id,2__GSTAT008_OFFER,OFFER,0.0004574295420212,0.1739103048337678,0.1739103048337678,1.0,0.0,2,2.0,2.95597040534062e-05,0.1390227409923853,82.36037528752148,187,77,0.0718864433550563,29.382295397846597,40.10965716026676,0.0874561108639911,29.181332817536816,39.771802331439154,2025-05-26 SP14,2__GSTAT008,STAT_G9,2__GSTAT008,2__GSTAT_B,BATTERY,Statkraft Markets Gmbh,187,3.5762252057079575e-05,0.9994217279038979,45,BMU
BMU ID,marginal_bmu_id,2__HSTAT002_BID,BID,0.0004450537796056,-0.2236839545279069,0.2236839545279069,0.0,1.0,2,0.35,6.136331501706232e-05,0.1390227409923853,82.36037528752148,188,111,0.0718864433550563,29.382295397846597,40.10965716026676,0.0874561108639911,29.181332817536816,39.771802331439154,2025-05-26 SP14,2__HSTAT002,STAT_H3,2__HSTAT002,2__HSTAT,BATTERY,Statkraft Markets Gmbh,188,3.479470384637677e-05,0.9994565226077443,45,BMU
BMU ID,marginal_bmu_id,2__JSTAT002_BID,BID,0.0004006528012565,-0.1835508903182797,0.1835508903182797,0.0,1.0,3,0.8928571428571428,4.24308540848121e-05,0.1390227409923853,82.36037528752148,189,112,0.0718864433550563,29.382295397846597,40.10965716026676,0.0874561108639911,29.181332817536816,39.771802331439154,2025-05-26 SP14,2__JSTAT002,STAT_J3,2__JSTAT002,2__JSTAT,BATTERY,Statkraft Markets Gmbh,189,3.132339551704316e-05,0.9994878460032613,45,BMU
BMU ID,marginal_bmu_id,I_I2D-DSKC1_BID,BID,0.0003867561531725,,,,,0,0.0,8.362632097891391e-05,0.1390227409923853,82.36037528752148,190,113,0.0718864433550563,29.382295397846597,40.10965716026676,0.0874561108639911,29.181332817536816,39.771802331439154,2025-05-26 SP14,I_I2D-DSKC1,—,I_I2D-DSKC1,I_I2D-DSKC,IFA2,Danske Commodities A/S,190,3.0236943100059768e-05,0.9995180829463615,45,BMU
BMU ID,marginal_bmu_id,I_I2D-NEAS1_BID,BID,0.0003730690595503,-0.5112205603324459,0.5112205603324459,0.0,1.0,1,1.0,3.221767539815376e-05,0.1390227409923853,82.36037528752148,191,114,0.0718864433550563,29.382295397846597,40.10965716026676,0.0874561108639911,29.181332817536816,39.771802331439154,2025-05-26 SP14,I_I2D-NEAS1,—,I_I2D-NEAS1,I_I2D-NEAS,IFA2,Centrica Energy Trading A/S,191,2.916687383893785e-05,0.9995472498202004,45,BMU
BMU ID,marginal_bmu_id,E_ASHWW-1_BID,BID,0.0003580688878049,,,,,0,0.0,0.0001000791370276,0.1390227409923853,82.36037528752148,192,115,0.0718864433550563,29.382295397846597,40.10965716026676,0.0874561108639911,29.181332817536816,39.771802331439154,2025-05-26 SP14,E_ASHWW-1,Andershaw Wind Farm,E_ASHWW-1,E_ASHWW,WIND,Statkraft Markets Gmbh,192,2.799414695188949e-05,0.9995752439671522,45,BMU
BMU ID,marginal_bmu_id,T_RMPNO-2_BID,BID,0.0003459714573635,-0.4200321683605352,0.4200321683605352,0.0,1.0,1,1.0,2.681858945356142e-05,0.1390227409923853,82.36037528752148,193,116,0.0718864433550563,29.382295397846597,40.10965716026676,0.0874561108639911,29.181332817536816,39.771802331439154,2025-05-26 SP14,T_RMPNO-2,Rampion Offshore Wind BMU 2,T_RMPNO-2,T_RMPNO,WIND,Rampion Offshore Windfarm Ltd,193,2.7048358984683203e-05,0.999602292326137,45,BMU
BMU ID,marginal_bmu_id,I_IVD-OUTL1_BID,BID,0.0003454612427962,-0.3949276263643337,0.3949276263643337,0.0,1.0,1,1.0,2.490906412806747e-05,0.1390227409923853,82.36037528752148,194,117,0.0718864433550563,29.382295397846597,40.10965716026676,0.0874561108639911,29.181332817536816,39.771802331439154,2025-05-26 SP14,I_IVD-OUTL1,—,I_IVD-OUTL1,I_IVD-OUTL,Viking,Outlook Energy Ltd,194,2.700846995198463e-05,0.9996293007960889,45,BMU
BMU ID,marginal_bmu_id,T_SANQW-1_BID,BID,0.000345235921291,-0.4129498524622652,0.4129498524622652,0.0,1.0,1,1.0,4.3306114080212746e-05,0.1390227409923853,82.36037528752148,195,118,0.0718864433550563,29.382295397846597,40.10965716026676,0.0874561108639911,29.181332817536816,39.771802331439154,2025-05-26 SP14,T_SANQW-1,SANQUHAR,T_SANQW-1,T_SANQW,WIND,SANQUHAR CWCL,195,2.6990854114522016e-05,0.9996562916502034,45,BMU
BMU ID,marginal_bmu_id,T_SLOY-2_OFFER,OFFER,0.0003413994598095,0.2854492652625153,0.2854492652625153,1.0,0.0,5,0.9928571428571428,3.254453515367217e-05,0.1390227409923853,82.36037528752148,196,78,0.0718864433550563,29.382295397846597,40.10965716026676,0.0874561108639911,29.181332817536816,39.771802331439154,2025-05-26 SP14,T_SLOY-2,Sloy G2,T_SLOY-2,T_SLOY,NPSHYD,SSE Generation Ltd,196,2.6690916113354787e-05,0.9996829825663168,45,BMU
BMU ID,marginal_bmu_id,T_GORDW-1_BID,BID,0.0002597813662724,,,,,0,0.0,7.096235487064328e-05,0.1390227409923853,82.36037528752148,197,119,0.0718864433550563,29.382295397846597,40.10965716026676,0.0874561108639911,29.181332817536816,39.771802331439154,2025-05-26 SP14,T_GORDW-1,Gordon Bush,T_GORDW-1,T_GORDW,WIND,SSE Generation Ltd,197,2.030994032286509e-05,0.9997032925066397,45,BMU
BMU ID,marginal_bmu_id,I_IFD-EDMK1_BID,BID,0.000257328708745,,,,,0,0.0,0.0001025785496668,0.1390227409923853,82.36037528752148,198,120,0.0718864433550563,29.382295397846597,40.10965716026676,0.0874561108639911,29.181332817536816,39.771802331439154,2025-05-26 SP14,I_IFD-EDMK1,—,I_IFD-EDMK1,I_IFD-EDMK,IFA,Mind Energy A/S,198,2.0118189356547948e-05,0.9997234106959962,45,BMU
BMU ID,marginal_bmu_id,I_IBD-NEAS1_BID,BID,0.000252704500852,,,,,0,0.0,5.304062471881686e-05,0.1390227409923853,82.36037528752148,199,121,0.0718864433550563,29.382295397846597,40.10965716026676,0.0874561108639911,29.181332817536816,39.771802331439154,2025-05-26 SP14,I_IBD-NEAS1,—,I_IBD-NEAS1,I_IBD-NEAS,BritNed,Centrica Energy Trading A/S,199,1.9756664634066996e-05,0.9997431673606303,45,BMU
BMU ID,marginal_bmu_id,I_IFD-NTPL1_BID,BID,0.000249103704293,-0.4154176306433923,0.4154176306433923,0.0,1.0,1,0.5,5.480412300275016e-05,0.1390227409923853,82.36037528752148,200,122,0.0718864433550563,29.382295397846597,40.10965716026676,0.0874561108639911,29.181332817536816,39.771802331439154,2025-05-26 SP14,I_IFD-NTPL1,—,I_IFD-NTPL1,I_IFD-NTPL,IFA,Northpool BV,200,1.9475151128008276e-05,0.9997626425117583,45,BMU
BMU ID,marginal_bmu_id,I_IBD-NEHO1_BID,BID,0.0002418351226955,,,,,0,0.0,0.0001058850936762,0.1390227409923853,82.36037528752148,201,123,0.0718864433550563,29.382295397846597,40.10965716026676,0.0874561108639911,29.181332817536816,39.771802331439154,2025-05-26 SP14,I_IBD-NEHO1,—,I_IBD-NEHO1,I_IBD-NEHO,BritNed,Nordic Energy House ApS,201,1.890688689645325e-05,0.9997815493986547,45,BMU
BMU ID,marginal_bmu_id,T_CRDEW-1_BID,BID,0.000225548466914,-0.3669539199545077,0.3669539199545077,0.0,1.0,1,0.5,2.2632913255271827e-05,0.1390227409923853,82.36037528752148,202,124,0.0718864433550563,29.382295397846597,40.10965716026676,0.0874561108639911,29.181332817536816,39.771802331439154,2025-05-26 SP14,T_CRDEW-1,Crossdykes WF-1,T_CRDEW-1,T_CRDEW,WIND,EDF Energy Customers Limited,202,1.7633581533071405e-05,0.9997991829801878,45,BMU
BMU ID,marginal_bmu_id,E_KLYN-A-1_OFFER,OFFER,0.000219990918545,,,,,0,0.0,4.097379445349803e-05,0.1390227409923853,82.36037528752148,203,79,0.0718864433550563,29.382295397846597,40.10965716026676,0.0874561108639911,29.181332817536816,39.771802331439154,2025-05-26 SP14,E_KLYN-A-1,Kings Lynn A,E_KLYN-A-1,E_KLYN-A,CCGT,RWE Generation UK plc,203,1.719908741466928e-05,0.9998163820676025,45,BMU
BMU ID,marginal_bmu_id,T_SEEL-1_OFFER,OFFER,0.000211673903462,,,,,0,0.0,3.62590023867627e-05,0.1390227409923853,82.36037528752148,204,80,0.0718864433550563,29.382295397846597,40.10965716026676,0.0874561108639911,29.181332817536816,39.771802331439154,2025-05-26 SP14,T_SEEL-1,Spalding Energy Expansion Ltd,T_SEEL-1,T_SEEL,OCGT,Spalding Energy Expansion Ltd,204,1.6548855712434808e-05,0.9998329309233149,45,BMU
BMU ID,marginal_bmu_id,2__DSTAT003_OFFER,OFFER,0.0002104074565602,,,,,0,0.0,4.053730952085533e-05,0.1390227409923853,82.36037528752148,205,81,0.0718864433550563,29.382295397846597,40.10965716026676,0.0874561108639911,29.181332817536816,39.771802331439154,2025-05-26 SP14,2__DSTAT003,STAT_D4,2__DSTAT003,2__DSTAT,BATTERY,Statkraft Markets Gmbh,205,1.644984375724067e-05,0.9998493807670722,45,BMU
BMU ID,marginal_bmu_id,I_IBG-VOLT1_OFFER,OFFER,0.0002058466704591,,,,,0,0.0,0.0001140277437279,0.1390227409923853,82.36037528752148,206,82,0.0718864433550563,29.382295397846597,40.10965716026676,0.0874561108639911,29.181332817536816,39.771802331439154,2025-05-26 SP14,I_IBG-VOLT1,—,I_IBG-VOLT1,I_IBG-VOLT,BritNed,Volta Energy DAC,206,1.6093277407360266e-05,0.9998654740444796,45,BMU
BMU ID,marginal_bmu_id,T_WLNYO-4_BID,BID,0.0001809551110801,,,,,0,0.0,4.07409420438465e-05,0.1390227409923853,82.36037528752148,207,125,0.0718864433550563,29.382295397846597,40.10965716026676,0.0874561108639911,29.181332817536816,39.771802331439154,2025-05-26 SP14,T_WLNYO-4,WALNEY_4,T_WLNYO-4,T_WLNYO,WIND,Walney Extension Ltd,207,1.4147232959351474e-05,0.9998796212774389,45,BMU
BMU ID,marginal_bmu_id,I_IBD-INCM1_BID,BID,0.0001776439961782,,,,,0,0.0,5.332536024086466e-05,0.1390227409923853,82.36037528752148,208,126,0.0718864433550563,29.382295397846597,40.10965716026676,0.0874561108639911,29.181332817536816,39.771802331439154,2025-05-26 SP14,I_IBD-INCM1,—,I_IBD-INCM1,I_IBD-INCM,BritNed,IN COMMODITIES A/S,208,1.3888367025182725e-05,0.9998935096444641,45,BMU
BMU ID,marginal_bmu_id,I_IFG-DSKC1_OFFER,OFFER,0.000162619158085,,,,,0,0.0,4.164246765677866e-05,0.1390227409923853,82.36037528752148,209,83,0.0718864433550563,29.382295397846597,40.10965716026676,0.0874561108639911,29.181332817536816,39.771802331439154,2025-05-26 SP14,I_IFG-DSKC1,—,I_IFG-DSKC1,I_IFG-DSKC,IFA,Danske Commodities A/S,209,1.2713711700929693e-05,0.9999062233561651,45,BMU
BMU ID,marginal_bmu_id,T_NNGAO-1_BID,BID,0.0001549366079783,,,,,0,0.0,3.551542889376018e-05,0.1390227409923853,82.36037528752148,210,127,0.0718864433550563,29.382295397846597,40.10965716026676,0.0874561108639911,29.181332817536816,39.771802331439154,2025-05-26 SP14,T_NNGAO-1,Neart Na Gaiothe WF 1,T_NNGAO-1,T_NNGAO,WIND,Neart Na Gaoithe Offshore Wind,210,1.2113083039862114e-05,0.9999183364392049,45,BMU
BMU ID,marginal_bmu_id,T_CRYRW-3_BID,BID,0.0001509692731532,,,,,0,0.0,3.5011953478601514e-05,0.1390227409923853,82.36037528752148,211,128,0.0718864433550563,29.382295397846597,40.10965716026676,0.0874561108639911,29.181332817536816,39.771802331439154,2025-05-26 SP14,T_CRYRW-3,Crystal Rig III,T_CRYRW-3,T_CRYRW,WIND,Eneco Energy Trade,211,1.1802913243256628e-05,0.9999301393524481,45,BMU
BMU ID,marginal_bmu_id,V__DWELS002_OFFER,OFFER,0.0001457780810041,,,,,0,0.0,3.622628655286703e-05,0.1390227409923853,82.36037528752148,212,84,0.0718864433550563,29.382295397846597,40.10965716026676,0.0874561108639911,29.181332817536816,39.771802331439154,2025-05-26 SP14,V__DWELS002,MANWEB 2,V__DWELS002,V__DWELS,OTHER,Welsh Power Group Limited,212,1.1397061182865997e-05,0.999941536413631,45,BMU
BMU ID,marginal_bmu_id,E_MINSW-1_BID,BID,0.0001437091626127,,,,,0,0.0,4.469617114083059e-05,0.1390227409923853,82.36037528752148,213,129,0.0718864433550563,29.382295397846597,40.10965716026676,0.0874561108639911,29.181332817536816,39.771802331439154,2025-05-26 SP14,E_MINSW-1,Minsca Wind Farm,E_MINSW-1,E_MINSW,WIND,Mobius Renewables Gen. (GB),213,1.1235311286539133e-05,0.9999527717249176,45,BMU
BMU ID,marginal_bmu_id,T_GLWSW-1_BID,BID,0.0001335603838625,,,,,0,0.0,4.351217773784839e-05,0.1390227409923853,82.36037528752148,214,130,0.0718864433550563,29.382295397846597,40.10965716026676,0.0874561108639911,29.181332817536816,39.771802331439154,2025-05-26 SP14,T_GLWSW-1,Galawhistle Wind Farm,T_GLWSW-1,T_GLWSW,WIND,GALAWHISTLE WIND FARM,214,1.0441870657120045e-05,0.9999632135955747,45,BMU
BMU ID,marginal_bmu_id,T_BDCHW-1_BID,BID,0.000126142622696,,,,,0,0.0,3.465172783298583e-05,0.1390227409923853,82.36037528752148,215,131,0.0718864433550563,29.382295397846597,40.10965716026676,0.0874561108639911,29.181332817536816,39.771802331439154,2025-05-26 SP14,T_BDCHW-1,Bad a Cheo Wind Farm,T_BDCHW-1,T_BDCHW,WIND,RWE Generation UK plc,215,9.861943432998402e-06,0.9999730755390077,45,BMU
BMU ID,marginal_bmu_id,I_IFD-NORL1_BID,BID,0.0001240657906782,,,,,0,0.0,2.837788063614301e-05,0.1390227409923853,82.36037528752148,216,132,0.0718864433550563,29.382295397846597,40.10965716026676,0.0874561108639911,29.181332817536816,39.771802331439154,2025-05-26 SP14,I_IFD-NORL1,—,I_IFD-NORL1,I_IFD-NORL,IFA,Norlys Energy Trading A/S,216,9.699574842258507e-06,0.9999827751138499,45,BMU
BMU ID,marginal_bmu_id,I_I2G-DMCC1_OFFER,OFFER,0.0001240263187453,,,,,0,0.0,8.479305552145768e-05,0.1390227409923853,82.36037528752148,217,85,0.0718864433550563,29.382295397846597,40.10965716026676,0.0874561108639911,29.181332817536816,39.771802331439154,2025-05-26 SP14,I_I2G-DMCC1,—,I_I2G-DMCC1,I_I2G-DMCC,IFA2,Cobblestone Energy DMCC,217,9.696488891125329e-06,0.9999924716027411,45,BMU
BMU ID,marginal_bmu_id,I_ING-OPMX1_OFFER,OFFER,9.629458749907888e-05,,,,,0,0.0,2.2573792807104534e-05,0.1390227409923853,82.36037528752148,218,86,0.0718864433550563,29.382295397846597,40.10965716026676,0.0874561108639911,29.181332817536816,39.771802331439154,2025-05-26 SP14,I_ING-OPMX1,—,I_ING-OPMX1,I_ING-OPMX,NEMO,Optimax Energy GmbH,218,7.528397257986808e-06,0.9999999999999991,45,BMU
BMU ID,marginal_bmu_id,2__AFLEX003_BID,BID,0.0,,,,,0,0.0,0.0,0.1390227409923853,82.36037528752148,219,133,0.0718864433550563,29.382295397846597,40.10965716026676,0.0874561108639911,29.181332817536816,39.771802331439154,2025-05-26 SP14,2__AFLEX003,2__AFLEX003,2__AFLEX003,2__AFLEX,LOAD RESPONSE,Flexitricity Limited,219,0.0,0.9999999999999991,45,BMU
BMU ID,marginal_bmu_id,2__AFLEX003_OFFER,OFFER,0.0,0.0,0.0,0.0,0.0,2,0.1666666666666666,0.0,0.1390227409923853,82.36037528752148,220,87,0.0718864433550563,29.382295397846597,40.10965716026676,0.0874561108639911,29.181332817536816,39.771802331439154,2025-05-26 SP14,2__AFLEX003,2__AFLEX003,2__AFLEX003,2__AFLEX,LOAD RESPONSE,Flexitricity Limited,220,0.0,0.9999999999999991,45,BMU
BMU ID,marginal_bmu_id,2__AFLEX004_BID,BID,0.0,,,,,0,0.0,0.0,0.1390227409923853,82.36037528752148,221,134,0.0718864433550563,29.382295397846597,40.10965716026676,0.0874561108639911,29.181332817536816,39.771802331439154,2025-05-26 SP14,2__AFLEX004,2__AFLEX004,2__AFLEX004,2__AFLEX,LOAD RESPONSE,Flexitricity Limited,221,0.0,0.9999999999999991,45,BMU
BMU ID,marginal_bmu_id,2__AFLEX004_OFFER,OFFER,0.0,0.0,0.0,0.0,0.0,5,1.0194444444444444,0.0,0.1390227409923853,82.36037528752148,222,88,0.0718864433550563,29.382295397846597,40.10965716026676,0.0874561108639911,29.181332817536816,39.771802331439154,2025-05-26 SP14,2__AFLEX004,2__AFLEX004,2__AFLEX004,2__AFLEX,LOAD RESPONSE,Flexitricity Limited,222,0.0,0.9999999999999991,45,BMU
BMU ID,marginal_bmu_id,2__AFLEX005_BID,BID,0.0,,,,,0,0.0,0.0,0.1390227409923853,82.36037528752148,223,135,0.0718864433550563,29.382295397846597,40.10965716026676,0.0874561108639911,29.181332817536816,39.771802331439154,2025-05-26 SP14,2__AFLEX005,2__AFLEX005,2__AFLEX005,2__AFLEX,LOAD RESPONSE,Flexitricity Limited,223,0.0,0.9999999999999991,45,BMU
BMU ID,marginal_bmu_id,2__AFLEX005_OFFER,OFFER,0.0,0.0,0.0,0.0,0.0,4,0.6416666666666666,0.0,0.1390227409923853,82.36037528752148,224,89,0.0718864433550563,29.382295397846597,40.10965716026676,0.0874561108639911,29.181332817536816,39.771802331439154,2025-05-26 SP14,2__AFLEX005,2__AFLEX005,2__AFLEX005,2__AFLEX,LOAD RESPONSE,Flexitricity Limited,224,0.0,0.9999999999999991,45,BMU
BMU ID,marginal_bmu_id,2__ALOND002_BID,BID,0.0,,,,,0,0.0,0.0,0.1390227409923853,82.36037528752148,225,136,0.0718864433550563,29.382295397846597,40.10965716026676,0.0874561108639911,29.181332817536816,39.771802331439154,2025-05-26 SP14,2__ALOND002,EDFE Aggregate Eastern 02,2__ALOND002,2__ALOND,LOAD RESPONSE,EDF Energy Customers Limited,225,0.0,0.9999999999999991,45,BMU
BMU ID,marginal_bmu_id,2__AMRCY001_OFFER,OFFER,0.0,,,,,0,0.0,0.0,0.1390227409923853,82.36037528752148,226,90,0.0718864433550563,29.382295397846597,40.10965716026676,0.0874561108639911,29.181332817536816,39.771802331439154,2025-05-26 SP14,2__AMRCY001,2__AMRCY001,2__AMRCY001,2__AMRCY,BATTERY,Octopus Energy Limited,226,0.0,0.9999999999999991,45,BMU
BMU ID,marginal_bmu_id,2__ASTAT003_BID,BID,0.0,0.0,0.0,0.0,0.0,3,1.3095238095238095,0.0,0.1390227409923853,82.36037528752148,227,137,0.0718864433550563,29.382295397846597,40.10965716026676,0.0874561108639911,29.181332817536816,39.771802331439154,2025-05-26 SP14,2__ASTAT003,STAT_A4,2__ASTAT003,2__ASTAT_OTH,OTHER,Statkraft Markets Gmbh,227,0.0,0.9999999999999991,45,BMU
BMU ID,marginal_bmu_id,2__ASTAT003_OFFER,OFFER,0.0,0.0,0.0,0.0,0.0,3,2.25,0.0,0.1390227409923853,82.36037528752148,228,91,0.0718864433550563,29.382295397846597,40.10965716026676,0.0874561108639911,29.181332817536816,39.771802331439154,2025-05-26 SP14,2__ASTAT003,STAT_A4,2__ASTAT003,2__ASTAT_OTH,OTHER,Statkraft Markets Gmbh,228,0.0,0.9999999999999991,45,BMU
BMU ID,marginal_bmu_id,2__ASTAT005_OFFER,OFFER,0.0,0.0,0.0,0.0,0.0,2,2.0,0.0,0.1390227409923853,82.36037528752148,229,92,0.0718864433550563,29.382295397846597,40.10965716026676,0.0874561108639911,29.181332817536816,39.771802331439154,2025-05-26 SP14,2__ASTAT005,STAT_A6,2__ASTAT005,2__ASTAT_B,BATTERY,Statkraft Markets Gmbh,229,0.0,0.9999999999999991,45,BMU
BMU ID,marginal_bmu_id,2__ASTAT008_BID,BID,0.0,0.0,0.0,0.0,0.0,2,1.25,0.0,0.1390227409923853,82.36037528752148,230,138,0.0718864433550563,29.382295397846597,40.10965716026676,0.0874561108639911,29.181332817536816,39.771802331439154,2025-05-26 SP14,2__ASTAT008,STAT_A9,2__ASTAT008,2__ASTAT_B,BATTERY,Statkraft Markets Gmbh,230,0.0,0.9999999999999991,45,BMU
BMU ID,marginal_bmu_id,2__ASTAT008_OFFER,OFFER,0.0,0.0,0.0,0.0,0.0,1,1.0,0.0,0.1390227409923853,82.36037528752148,231,93,0.0718864433550563,29.382295397846597,40.10965716026676,0.0874561108639911,29.181332817536816,39.771802331439154,2025-05-26 SP14,2__ASTAT008,STAT_A9,2__ASTAT008,2__ASTAT_B,BATTERY,Statkraft Markets Gmbh,231,0.0,0.9999999999999991,45,BMU
BMU ID,marginal_bmu_id,2__BBPGM001_BID,BID,0.0,,,,,0,0.0,0.0,0.1390227409923853,82.36037528752148,232,139,0.0718864433550563,29.382295397846597,40.10965716026676,0.0874561108639911,29.181332817536816,39.771802331439154,2025-05-26 SP14,2__BBPGM001,2__BBPGM001,2__BBPGM001,2__BBPGM,BATTERY,BP Gas Marketing Limited,232,0.0,0.9999999999999991,45,BMU
BMU ID,marginal_bmu_id,2__BBPGM001_OFFER,OFFER,0.0,,,,,0,0.0,0.0,0.1390227409923853,82.36037528752148,233,94,0.0718864433550563,29.382295397846597,40.10965716026676,0.0874561108639911,29.181332817536816,39.771802331439154,2025-05-26 SP14,2__BBPGM001,2__BBPGM001,2__BBPGM001,2__BBPGM,BATTERY,BP Gas Marketing Limited,233,0.0,0.9999999999999991,45,BMU
BMU ID,marginal_bmu_id,2__BFLEX001_BID,BID,0.0,,,,,0,0.0,0.0,0.1390227409923853,82.36037528752148,234,140,0.0718864433550563,29.382295397846597,40.10965716026676,0.0874561108639911,29.181332817536816,39.771802331439154,2025-05-26 SP14,2__BFLEX001,2__BFLEX001,2__BFLEX001,2__BFLEX,LOAD RESPONSE,Flexitricity Limited,234,0.0,0.9999999999999991,45,BMU
BMU ID,marginal_bmu_id,2__BFLEX001_OFFER,OFFER,0.0,,,,,0,0.0,0.0,0.1390227409923853,82.36037528752148,235,95,0.0718864433550563,29.382295397846597,40.10965716026676,0.0874561108639911,29.181332817536816,39.771802331439154,2025-05-26 SP14,2__BFLEX001,2__BFLEX001,2__BFLEX001,2__BFLEX,LOAD RESPONSE,Flexitricity Limited,235,0.0,0.9999999999999991,45,BMU
BMU ID,marginal_bmu_id,2__BFLEX002_BID,BID,0.0,,,,,0,0.0,0.0,0.1390227409923853,82.36037528752148,236,141,0.0718864433550563,29.382295397846597,40.10965716026676,0.0874561108639911,29.181332817536816,39.771802331439154,2025-05-26 SP14,2__BFLEX002,2__BFLEX002,2__BFLEX002,2__BFLEX,LOAD RESPONSE,Flexitricity Limited,236,0.0,0.9999999999999991,45,BMU
BMU ID,marginal_bmu_id,2__BFLEX002_OFFER,OFFER,0.0,,,,,0,0.0,0.0,0.1390227409923853,82.36037528752148,237,96,0.0718864433550563,29.382295397846597,40.10965716026676,0.0874561108639911,29.181332817536816,39.771802331439154,2025-05-26 SP14,2__BFLEX002,2__BFLEX002,2__BFLEX002,2__BFLEX,LOAD RESPONSE,Flexitricity Limited,237,0.0,0.9999999999999991,45,BMU
BMU ID,marginal_bmu_id,2__BFLEX003_BID,BID,0.0,,,,,0,0.0,0.0,0.1390227409923853,82.36037528752148,238,142,0.0718864433550563,29.382295397846597,40.10965716026676,0.0874561108639911,29.181332817536816,39.771802331439154,2025-05-26 SP14,2__BFLEX003,2__BFLEX003,2__BFLEX003,2__BFLEX,LOAD RESPONSE,Flexitricity Limited,238,0.0,0.9999999999999991,45,BMU
BMU ID,marginal_bmu_id,2__BFLEX003_OFFER,OFFER,0.0,,,,,0,0.0,0.0,0.1390227409923853,82.36037528752148,239,97,0.0718864433550563,29.382295397846597,40.10965716026676,0.0874561108639911,29.181332817536816,39.771802331439154,2025-05-26 SP14,2__BFLEX003,2__BFLEX003,2__BFLEX003,2__BFLEX,LOAD RESPONSE,Flexitricity Limited,239,0.0,0.9999999999999991,45,BMU
BMU ID,marginal_bmu_id,2__BFLEX004_BID,BID,0.0,0.0,0.0,0.0,0.0,1,0.5,0.0,0.1390227409923853,82.36037528752148,240,143,0.0718864433550563,29.382295397846597,40.10965716026676,0.0874561108639911,29.181332817536816,39.771802331439154,2025-05-26 SP14,2__BFLEX004,2__BFLEX004,2__BFLEX004,2__BFLEX,LOAD RESPONSE,Flexitricity Limited,240,0.0,0.9999999999999991,45,BMU
BMU ID,marginal_bmu_id,2__BFLEX004_OFFER,OFFER,0.0,0.0,0.0,0.0,0.0,1,0.25,0.0,0.1390227409923853,82.36037528752148,241,98,0.0718864433550563,29.382295397846597,40.10965716026676,0.0874561108639911,29.181332817536816,39.771802331439154,2025-05-26 SP14,2__BFLEX004,2__BFLEX004,2__BFLEX004,2__BFLEX,LOAD RESPONSE,Flexitricity Limited,241,0.0,0.9999999999999991,45,BMU
BMU ID,marginal_bmu_id,2__BFSEN005_BID,BID,0.0,0.0,0.0,0.0,0.0,1,1.0,0.0,0.1390227409923853,82.36037528752148,242,144,0.0718864433550563,29.382295397846597,40.10965716026676,0.0874561108639911,29.181332817536816,39.771802331439154,2025-05-26 SP14,2__BFSEN005,2__BFSENOK5,2__BFSEN005,2__BFSEN_OTH,OTHER,F & S Energy Ltd,242,0.0,0.9999999999999991,45,BMU
BMU ID,marginal_bmu_id,2__BFSEN005_OFFER,OFFER,0.0,,,,,0,0.0,0.0,0.1390227409923853,82.36037528752148,243,99,0.0718864433550563,29.382295397846597,40.10965716026676,0.0874561108639911,29.181332817536816,39.771802331439154,2025-05-26 SP14,2__BFSEN005,2__BFSENOK5,2__BFSEN005,2__BFSEN_OTH,OTHER,F & S Energy Ltd,243,0.0,0.9999999999999991,45,BMU
BMU ID,marginal_bmu_id,2__BFSEN006_BID,BID,0.0,,,,,0,0.0,0.0,0.1390227409923853,82.36037528752148,244,145,0.0718864433550563,29.382295397846597,40.10965716026676,0.0874561108639911,29.181332817536816,39.771802331439154,2025-05-26 SP14,2__BFSEN006,2__BFSENOK6,2__BFSEN006,2__BFSEN_B,BATTERY,F & S Energy Ltd,244,0.0,0.9999999999999991,45,BMU
BMU ID,marginal_bmu_id,2__BFSEN006_OFFER,OFFER,0.0,,,,,0,0.0,0.0,0.1390227409923853,82.36037528752148,245,100,0.0718864433550563,29.382295397846597,40.10965716026676,0.0874561108639911,29.181332817536816,39.771802331439154,2025-05-26 SP14,2__BFSEN006,2__BFSENOK6,2__BFSEN006,2__BFSEN_B,BATTERY,F & S Energy Ltd,245,0.0,0.9999999999999991,45,BMU
BMU ID,marginal_bmu_id,2__BSTAT001_BID,BID,0.0,0.0,0.0,0.0,0.0,1,0.1,0.0,0.1390227409923853,82.36037528752148,246,146,0.0718864433550563,29.382295397846597,40.10965716026676,0.0874561108639911,29.181332817536816,39.771802331439154,2025-05-26 SP14,2__BSTAT001,STAT_B2,2__BSTAT001,2__BSTAT_G,GAS,Statkraft Markets Gmbh,246,0.0,0.9999999999999991,45,BMU
BMU ID,marginal_bmu_id,2__BSTAT001_OFFER,OFFER,0.0,,,,,0,0.0,0.0,0.1390227409923853,82.36037528752148,247,101,0.0718864433550563,29.382295397846597,40.10965716026676,0.0874561108639911,29.181332817536816,39.771802331439154,2025-05-26 SP14,2__BSTAT001,STAT_B2,2__BSTAT001,2__BSTAT_G,GAS,Statkraft Markets Gmbh,247,0.0,0.9999999999999991,45,BMU
BMU ID,marginal_bmu_id,2__BSTAT002_BID,BID,0.0,,,,,0,0.0,0.0,0.1390227409923853,82.36037528752148,248,147,0.0718864433550563,29.382295397846597,40.10965716026676,0.0874561108639911,29.181332817536816,39.771802331439154,2025-05-26 SP14,2__BSTAT002,STAT_B3,2__BSTAT002,2__BSTAT_B,BATTERY,Statkraft Markets Gmbh,248,0.0,0.9999999999999991,45,BMU
BMU ID,marginal_bmu_id,2__BSTAT002_OFFER,OFFER,0.0,0.0,0.0,0.0,0.0,1,0.05,0.0,0.1390227409923853,82.36037528752148,249,102,0.0718864433550563,29.382295397846597,40.10965716026676,0.0874561108639911,29.181332817536816,39.771802331439154,2025-05-26 SP14,2__BSTAT002,STAT_B3,2__BSTAT002,2__BSTAT_B,BATTERY,Statkraft Markets Gmbh,249,0.0,0.9999999999999991,45,BMU
BMU ID,marginal_bmu_id,2__BSTAT003_BID,BID,0.0,,,,,0,0.0,0.0,0.1390227409923853,82.36037528752148,250,148,0.0718864433550563,29.382295397846597,40.10965716026676,0.0874561108639911,29.181332817536816,39.771802331439154,2025-05-26 SP14,2__BSTAT003,STAT_B4,2__BSTAT003,2__BSTAT_B,BATTERY,Statkraft Markets Gmbh,250,0.0,0.9999999999999991,45,BMU
BMU ID,marginal_bmu_id,2__BSTAT003_OFFER,OFFER,0.0,,,,,0,0.0,0.0,0.1390227409923853,82.36037528752148,251,103,0.0718864433550563,29.382295397846597,40.10965716026676,0.0874561108639911,29.181332817536816,39.771802331439154,2025-05-26 SP14,2__BSTAT003,STAT_B4,2__BSTAT003,2__BSTAT_B,BATTERY,Statkraft Markets Gmbh,251,0.0,0.9999999999999991,45,BMU
BMU ID,marginal_bmu_id,2__BSTAT004_BID,BID,0.0,,,,,0,0.0,0.0,0.1390227409923853,82.36037528752148,252,149,0.0718864433550563,29.382295397846597,40.10965716026676,0.0874561108639911,29.181332817536816,39.771802331439154,2025-05-26 SP14,2__BSTAT004,STAT_B5,2__BSTAT004,2__BSTAT_B,BATTERY,Statkraft Markets Gmbh,252,0.0,0.9999999999999991,45,BMU
BMU ID,marginal_bmu_id,2__BSTAT004_OFFER,OFFER,0.0,,,,,0,0.0,0.0,0.1390227409923853,82.36037528752148,253,104,0.0718864433550563,29.382295397846597,40.10965716026676,0.0874561108639911,29.181332817536816,39.771802331439154,2025-05-26 SP14,2__BSTAT004,STAT_B5,2__BSTAT004,2__BSTAT_B,BATTERY,Statkraft Markets Gmbh,253,0.0,0.9999999999999991,45,BMU
BMU ID,marginal_bmu_id,2__BUKPR001_BID,BID,0.0,0.0,0.0,0.0,0.0,2,1.5,0.0,0.1390227409923853,82.36037528752148,254,150,0.0718864433550563,29.382295397846597,40.10965716026676,0.0874561108639911,29.181332817536816,39.771802331439154,2025-05-26 SP14,2__BUKPR001,UKPR East Mids,2__BUKPR001,2__BUKPR,OCGT,UK Power Reserve Limited,254,0.0,0.9999999999999991,45,BMU
BMU ID,marginal_bmu_id,2__BUKPR001_OFFER,OFFER,0.0,,,,,0,0.0,0.0,0.1390227409923853,82.36037528752148,255,105,0.0718864433550563,29.382295397846597,40.10965716026676,0.0874561108639911,29.181332817536816,39.771802331439154,2025-05-26 SP14,2__BUKPR001,UKPR East Mids,2__BUKPR001,2__BUKPR,OCGT,UK Power Reserve Limited,255,0.0,0.9999999999999991,45,BMU
BMU ID,marginal_bmu_id,2__CMRCY001_BID,BID,0.0,0.0,0.0,0.0,0.0,2,1.5,0.0,0.1390227409923853,82.36037528752148,256,151,0.0718864433550563,29.382295397846597,40.10965716026676,0.0874561108639911,29.181332817536816,39.771802331439154,2025-05-26 SP14,2__CMRCY001,2__CMRCY001,2__CMRCY001,2__CMRCY,LOAD RESPONSE,Octopus Energy Limited,256,0.0,0.9999999999999991,45,BMU
BMU ID,marginal_bmu_id,2__CMRCY001_OFFER,OFFER,0.0,0.0,0.0,0.0,0.0,1,1.0,0.0,0.1390227409923853,82.36037528752148,257,106,0.0718864433550563,29.382295397846597,40.10965716026676,0.0874561108639911,29.181332817536816,39.771802331439154,2025-05-26 SP14,2__CMRCY001,2__CMRCY001,2__CMRCY001,2__CMRCY,LOAD RESPONSE,Octopus Energy Limited,257,0.0,0.9999999999999991,45,BMU
BMU ID,marginal_bmu_id,2__DLOND001_OFFER,OFFER,0.0,0.0,0.0,0.0,0.0,2,2.0,0.0,0.1390227409923853,82.36037528752148,258,107,0.0718864433550563,29.382295397846597,40.10965716026676,0.0874561108639911,29.181332817536816,39.771802331439154,2025-05-26 SP14,2__DLOND001,EDFE Aggregate MANWEB01,2__DLOND001,2__DLOND,OCGT,EDF Energy Customers Limited,258,0.0,0.9999999999999991,45,BMU
BMU ID,marginal_bmu_id,2__DLOND002_BID,BID,0.0,,,,,0,0.0,0.0,0.1390227409923853,82.36037528752148,259,152,0.0718864433550563,29.382295397846597,40.10965716026676,0.0874561108639911,29.181332817536816,39.771802331439154,2025-05-26 SP14,2__DLOND002,EDFE Aggregate MANWEB02,2__DLOND002,2__DLOND,OCGT,EDF Energy Customers Limited,259,0.0,0.9999999999999991,45,BMU
BMU ID,marginal_bmu_id,2__DLOND002_OFFER,OFFER,0.0,,,,,0,0.0,0.0,0.1390227409923853,82.36037528752148,260,108,0.0718864433550563,29.382295397846597,40.10965716026676,0.0874561108639911,29.181332817536816,39.771802331439154,2025-05-26 SP14,2__DLOND002,EDFE Aggregate MANWEB02,2__DLOND002,2__DLOND,OCGT,EDF Energy Customers Limited,260,0.0,0.9999999999999991,45,BMU
BMU ID,marginal_bmu_id,2__DSTAT001_BID,BID,0.0,,,,,0,0.0,0.0,0.1390227409923853,82.36037528752148,261,153,0.0718864433550563,29.382295397846597,40.10965716026676,0.0874561108639911,29.181332817536816,39.771802331439154,2025-05-26 SP14,2__DSTAT001,STAT_D2,2__DSTAT001,2__DSTAT,BATTERY,Statkraft Markets Gmbh,261,0.0,0.9999999999999991,45,BMU
BMU ID,marginal_bmu_id,2__DSTAT001_OFFER,OFFER,0.0,0.0,0.0,0.0,0.0,1,0.5,0.0,0.1390227409923853,82.36037528752148,262,109,0.0718864433550563,29.382295397846597,40.10965716026676,0.0874561108639911,29.181332817536816,39.771802331439154,2025-05-26 SP14,2__DSTAT001,STAT_D2,2__DSTAT001,2__DSTAT,BATTERY,Statkraft Markets Gmbh,262,0.0,0.9999999999999991,45,BMU
BMU ID,marginal_bmu_id,2__DSTAT002_BID,BID,0.0,,,,,0,0.0,0.0,0.1390227409923853,82.36037528752148,263,154,0.0718864433550563,29.382295397846597,40.10965716026676,0.0874561108639911,29.181332817536816,39.771802331439154,2025-05-26 SP14,2__DSTAT002,STAT_D3,2__DSTAT002,2__DSTAT,BATTERY,Statkraft Markets Gmbh,263,0.0,0.9999999999999991,45,BMU
BMU ID,marginal_bmu_id,2__DSTAT003_BID,BID,0.0,,,,,0,0.0,0.0,0.1390227409923853,82.36037528752148,264,155,0.0718864433550563,29.382295397846597,40.10965716026676,0.0874561108639911,29.181332817536816,39.771802331439154,2025-05-26 SP14,2__DSTAT003,STAT_D4,2__DSTAT003,2__DSTAT,BATTERY,Statkraft Markets Gmbh,264,0.0,0.9999999999999991,45,BMU
BMU ID,marginal_bmu_id,2__DSTAT004_BID,BID,0.0,,,,,0,0.0,0.0,0.1390227409923853,82.36037528752148,265,156,0.0718864433550563,29.382295397846597,40.10965716026676,0.0874561108639911,29.181332817536816,39.771802331439154,2025-05-26 SP14,2__DSTAT004,STAT_D5,2__DSTAT004,2__DSTAT,BATTERY,Statkraft Markets Gmbh,265,0.0,0.9999999999999991,45,BMU
BMU ID,marginal_bmu_id,2__DSTAT004_OFFER,OFFER,0.0,0.0,0.0,0.0,0.0,1,1.0,0.0,0.1390227409923853,82.36037528752148,266,110,0.0718864433550563,29.382295397846597,40.10965716026676,0.0874561108639911,29.181332817536816,39.771802331439154,2025-05-26 SP14,2__DSTAT004,STAT_D5,2__DSTAT004,2__DSTAT,BATTERY,Statkraft Markets Gmbh,266,0.0,0.9999999999999991,45,BMU
BMU ID,marginal_bmu_id,2__DSTAT005_BID,BID,0.0,,,,,0,0.0,0.0,0.1390227409923853,82.36037528752148,267,157,0.0718864433550563,29.382295397846597,40.10965716026676,0.0874561108639911,29.181332817536816,39.771802331439154,2025-05-26 SP14,2__DSTAT005,STAT_D6,2__DSTAT005,2__DSTAT,BATTERY,Statkraft Markets Gmbh,267,0.0,0.9999999999999991,45,BMU
BMU ID,marginal_bmu_id,2__DSTAT005_OFFER,OFFER,0.0,0.0,0.0,0.0,0.0,1,1.0,0.0,0.1390227409923853,82.36037528752148,268,111,0.0718864433550563,29.382295397846597,40.10965716026676,0.0874561108639911,29.181332817536816,39.771802331439154,2025-05-26 SP14,2__DSTAT005,STAT_D6,2__DSTAT005,2__DSTAT,BATTERY,Statkraft Markets Gmbh,268,0.0,0.9999999999999991,45,BMU
BMU ID,marginal_bmu_id,2__DSTAT006_BID,BID,0.0,,,,,0,0.0,0.0,0.1390227409923853,82.36037528752148,269,158,0.0718864433550563,29.382295397846597,40.10965716026676,0.0874561108639911,29.181332817536816,39.771802331439154,2025-05-26 SP14,2__DSTAT006,STAT_D7,2__DSTAT006,2__DSTAT,BATTERY,Statkraft Markets Gmbh,269,0.0,0.9999999999999991,45,BMU
BMU ID,marginal_bmu_id,2__DSTAT006_OFFER,OFFER,0.0,,,,,0,0.0,0.0,0.1390227409923853,82.36037528752148,270,112,0.0718864433550563,29.382295397846597,40.10965716026676,0.0874561108639911,29.181332817536816,39.771802331439154,2025-05-26 SP14,2__DSTAT006,STAT_D7,2__DSTAT006,2__DSTAT,BATTERY,Statkraft Markets Gmbh,270,0.0,0.9999999999999991,45,BMU
BMU ID,marginal_bmu_id,2__DSTAT007_BID,BID,0.0,,,,,0,0.0,0.0,0.1390227409923853,82.36037528752148,271,159,0.0718864433550563,29.382295397846597,40.10965716026676,0.0874561108639911,29.181332817536816,39.771802331439154,2025-05-26 SP14,2__DSTAT007,STAT_D8,2__DSTAT007,2__DSTAT,BATTERY,Statkraft Markets Gmbh,271,0.0,0.9999999999999991,45,BMU
BMU ID,marginal_bmu_id,2__DSTAT007_OFFER,OFFER,0.0,,,,,0,0.0,0.0,0.1390227409923853,82.36037528752148,272,113,0.0718864433550563,29.382295397846597,40.10965716026676,0.0874561108639911,29.181332817536816,39.771802331439154,2025-05-26 SP14,2__DSTAT007,STAT_D8,2__DSTAT007,2__DSTAT,BATTERY,Statkraft Markets Gmbh,272,0.0,0.9999999999999991,45,BMU
BMU ID,marginal_bmu_id,2__DUKPR001_BID,BID,0.0,0.0,0.0,0.0,0.0,5,3.75,0.0,0.1390227409923853,82.36037528752148,273,160,0.0718864433550563,29.382295397846597,40.10965716026676,0.0874561108639911,29.181332817536816,39.771802331439154,2025-05-26 SP14,2__DUKPR001,UKPR MANW,2__DUKPR001,2__DUKPR,OCGT,UK Power Reserve Limited,273,0.0,0.9999999999999991,45,BMU
BMU ID,marginal_bmu_id,2__DUKPR001_OFFER,OFFER,0.0,0.0,0.0,0.0,0.0,1,0.5,0.0,0.1390227409923853,82.36037528752148,274,114,0.0718864433550563,29.382295397846597,40.10965716026676,0.0874561108639911,29.181332817536816,39.771802331439154,2025-05-26 SP14,2__DUKPR001,UKPR MANW,2__DUKPR001,2__DUKPR,OCGT,UK Power Reserve Limited,274,0.0,0.9999999999999991,45,BMU
BMU ID,marginal_bmu_id,2__ECNDL001_BID,BID,0.0,0.0,0.0,0.0,0.0,1,1.0,0.0,0.1390227409923853,82.36037528752148,275,161,0.0718864433550563,29.382295397846597,40.10965716026676,0.0874561108639911,29.181332817536816,39.771802331439154,2025-05-26 SP14,2__ECNDL001,Redditch,2__ECNDL001,2__ECNDL,GAS,NEAS Energy Ltd.,275,0.0,0.9999999999999991,45,BMU
BMU ID,marginal_bmu_id,2__ECNDL001_OFFER,OFFER,0.0,,,,,0,0.0,0.0,0.1390227409923853,82.36037528752148,276,115,0.0718864433550563,29.382295397846597,40.10965716026676,0.0874561108639911,29.181332817536816,39.771802331439154,2025-05-26 SP14,2__ECNDL001,Redditch,2__ECNDL001,2__ECNDL,GAS,NEAS Energy Ltd.,276,0.0,0.9999999999999991,45,BMU
BMU ID,marginal_bmu_id,2__EFLEX001_BID,BID,0.0,,,,,0,0.0,0.0,0.1390227409923853,82.36037528752148,277,162,0.0718864433550563,29.382295397846597,40.10965716026676,0.0874561108639911,29.181332817536816,39.771802331439154,2025-05-26 SP14,2__EFLEX001,2__EFLEX001,2__EFLEX001,2__EFLEX,LOAD RESPONSE,Flexitricity Limited,277,0.0,0.9999999999999991,45,BMU
BMU ID,marginal_bmu_id,2__EFLEX001_OFFER,OFFER,0.0,,,,,0,0.0,0.0,0.1390227409923853,82.36037528752148,278,116,0.0718864433550563,29.382295397846597,40.10965716026676,0.0874561108639911,29.181332817536816,39.771802331439154,2025-05-26 SP14,2__EFLEX001,2__EFLEX001,2__EFLEX001,2__EFLEX,LOAD RESPONSE,Flexitricity Limited,278,0.0,0.9999999999999991,45,BMU
BMU ID,marginal_bmu_id,2__EFLEX002_BID,BID,0.0,,,,,0,0.0,0.0,0.1390227409923853,82.36037528752148,279,163,0.0718864433550563,29.382295397846597,40.10965716026676,0.0874561108639911,29.181332817536816,39.771802331439154,2025-05-26 SP14,2__EFLEX002,2__EFLEX002,2__EFLEX002,2__EFLEX,LOAD RESPONSE,Flexitricity Limited,279,0.0,0.9999999999999991,45,BMU
BMU ID,marginal_bmu_id,2__EFLEX002_OFFER,OFFER,0.0,0.0,0.0,0.0,0.0,1,0.0666666666666666,0.0,0.1390227409923853,82.36037528752148,280,117,0.0718864433550563,29.382295397846597,40.10965716026676,0.0874561108639911,29.181332817536816,39.771802331439154,2025-05-26 SP14,2__EFLEX002,2__EFLEX002,2__EFLEX002,2__EFLEX,LOAD RESPONSE,Flexitricity Limited,280,0.0,0.9999999999999991,45,BMU
BMU ID,marginal_bmu_id,2__EFLEX003_OFFER,OFFER,0.0,0.0,0.0,0.0,0.0,3,1.1,0.0,0.1390227409923853,82.36037528752148,281,118,0.0718864433550563,29.382295397846597,40.10965716026676,0.0874561108639911,29.181332817536816,39.771802331439154,2025-05-26 SP14,2__EFLEX003,2__EFLEX003,2__EFLEX003,2__EFLEX,LOAD RESPONSE,Flexitricity Limited,281,0.0,0.9999999999999991,45,BMU
BMU ID,marginal_bmu_id,2__EFLEX004_BID,BID,0.0,,,,,0,0.0,0.0,0.1390227409923853,82.36037528752148,282,164,0.0718864433550563,29.382295397846597,40.10965716026676,0.0874561108639911,29.181332817536816,39.771802331439154,2025-05-26 SP14,2__EFLEX004,2__EFLEX004,2__EFLEX004,2__EFLEX,LOAD RESPONSE,Flexitricity Limited,282,0.0,0.9999999999999991,45,BMU
BMU ID,marginal_bmu_id,2__EFLEX004_OFFER,OFFER,0.0,0.0,0.0,0.0,0.0,1,0.2,0.0,0.1390227409923853,82.36037528752148,283,119,0.0718864433550563,29.382295397846597,40.10965716026676,0.0874561108639911,29.181332817536816,39.771802331439154,2025-05-26 SP14,2__EFLEX004,2__EFLEX004,2__EFLEX004,2__EFLEX,LOAD RESPONSE,Flexitricity Limited,283,0.0,0.9999999999999991,45,BMU
BMU ID,marginal_bmu_id,2__EIMPO002_BID,BID,0.0,,,,,0,0.0,0.0,0.1390227409923853,82.36037528752148,284,165,0.0718864433550563,29.382295397846597,40.10965716026676,0.0874561108639911,29.181332817536816,39.771802331439154,2025-05-26 SP14,2__EIMPO002,2__EIMPO002,2__EIMPO002,2__EIMPO,LOAD RESPONSE,SSE Energy Supply Limited,284,0.0,0.9999999999999991,45,BMU
BMU ID,marginal_bmu_id,2__ESTAT001_BID,BID,0.0,,,,,0,0.0,0.0,0.1390227409923853,82.36037528752148,285,166,0.0718864433550563,29.382295397846597,40.10965716026676,0.0874561108639911,29.181332817536816,39.771802331439154,2025-05-26 SP14,2__ESTAT001,STAT_E2,2__ESTAT001,2__ESTAT_B,BATTERY,Statkraft Markets Gmbh,285,0.0,0.9999999999999991,45,BMU
BMU ID,marginal_bmu_id,2__ESTAT002_BID,BID,0.0,0.0,0.0,0.0,0.0,1,1.0,0.0,0.1390227409923853,82.36037528752148,286,167,0.0718864433550563,29.382295397846597,40.10965716026676,0.0874561108639911,29.181332817536816,39.771802331439154,2025-05-26 SP14,2__ESTAT002,STAT_E3,2__ESTAT002,2__ESTAT_G,GAS,Statkraft Markets Gmbh,286,0.0,0.9999999999999991,45,BMU
BMU ID,marginal_bmu_id,2__ESTAT002_OFFER,OFFER,0.0,,,,,0,0.0,0.0,0.1390227409923853,82.36037528752148,287,120,0.0718864433550563,29.382295397846597,40.10965716026676,0.0874561108639911,29.181332817536816,39.771802331439154,2025-05-26 SP14,2__ESTAT002,STAT_E3,2__ESTAT002,2__ESTAT_G,GAS,Statkraft Markets Gmbh,287,0.0,0.9999999999999991,45,BMU
BMU ID,marginal_bmu_id,2__ESTAT003_BID,BID,0.0,,,,,0,0.0,0.0,0.1390227409923853,82.36037528752148,288,168,0.0718864433550563,29.382295397846597,40.10965716026676,0.0874561108639911,29.181332817536816,39.771802331439154,2025-05-26 SP14,2__ESTAT003,STAT_E4,2__ESTAT003,2__ESTAT_B,BATTERY,Statkraft Markets Gmbh,288,0.0,0.9999999999999991,45,BMU
BMU ID,marginal_bmu_id,2__ESTAT003_OFFER,OFFER,0.0,0.0,0.0,0.0,0.0,2,1.5,0.0,0.1390227409923853,82.36037528752148,289,121,0.0718864433550563,29.382295397846597,40.10965716026676,0.0874561108639911,29.181332817536816,39.771802331439154,2025-05-26 SP14,2__ESTAT003,STAT_E4,2__ESTAT003,2__ESTAT_B,BATTERY,Statkraft Markets Gmbh,289,0.0,0.9999999999999991,45,BMU
BMU ID,marginal_bmu_id,2__ESTAT004_BID,BID,0.0,,,,,0,0.0,0.0,0.1390227409923853,82.36037528752148,290,169,0.0718864433550563,29.382295397846597,40.10965716026676,0.0874561108639911,29.181332817536816,39.771802331439154,2025-05-26 SP14,2__ESTAT004,STAT_E5,2__ESTAT004,2__ESTAT_B,BATTERY,Statkraft Markets Gmbh,290,0.0,0.9999999999999991,45,BMU
BMU ID,marginal_bmu_id,2__ESTAT004_OFFER,OFFER,0.0,0.0,0.0,0.0,0.0,1,1.0,0.0,0.1390227409923853,82.36037528752148,291,122,0.0718864433550563,29.382295397846597,40.10965716026676,0.0874561108639911,29.181332817536816,39.771802331439154,2025-05-26 SP14,2__ESTAT004,STAT_E5,2__ESTAT004,2__ESTAT_B,BATTERY,Statkraft Markets Gmbh,291,0.0,0.9999999999999991,45,BMU
BMU ID,marginal_bmu_id,2__FANGE001_OFFER,OFFER,0.0,,,,,0,0.0,0.0,0.1390227409923853,82.36037528752148,292,123,0.0718864433550563,29.382295397846597,40.10965716026676,0.0874561108639911,29.181332817536816,39.771802331439154,2025-05-26 SP14,2__FANGE001,2__FANGE001,2__FANGE001,2__FANGE,LOAD RESPONSE,Limejump Energy Limited,292,0.0,0.9999999999999991,45,BMU
BMU ID,marginal_bmu_id,2__FBPGM001_OFFER,OFFER,0.0,0.0,0.0,0.0,0.0,3,3.0,0.0,0.1390227409923853,82.36037528752148,293,124,0.0718864433550563,29.382295397846597,40.10965716026676,0.0874561108639911,29.181332817536816,39.771802331439154,2025-05-26 SP14,2__FBPGM001,Wormald Green BESS,2__FBPGM001,2__FBPGM,BATTERY,BP Gas Marketing Limited,293,0.0,0.9999999999999991,45,BMU
BMU ID,marginal_bmu_id,2__FBPGM002_OFFER,OFFER,0.0,0.0,0.0,0.0,0.0,1,1.0,0.0,0.1390227409923853,82.36037528752148,294,125,0.0718864433550563,29.382295397846597,40.10965716026676,0.0874561108639911,29.181332817536816,39.771802331439154,2025-05-26 SP14,2__FBPGM002,Hawthorn Pit BESS,2__FBPGM002,2__FBPGM,BATTERY,BP Gas Marketing Limited,294,0.0,0.9999999999999991,45,BMU
BMU ID,marginal_bmu_id,2__FFLEX001_OFFER,OFFER,0.0,,,,,0,0.0,0.0,0.1390227409923853,82.36037528752148,295,126,0.0718864433550563,29.382295397846597,40.10965716026676,0.0874561108639911,29.181332817536816,39.771802331439154,2025-05-26 SP14,2__FFLEX001,2__FFLEX001,2__FFLEX001,2__FFLEX,GAS,Flexitricity Limited,295,0.0,0.9999999999999991,45,BMU
BMU ID,marginal_bmu_id,2__FFSEN005_BID,BID,0.0,,,,,0,0.0,0.0,0.1390227409923853,82.36037528752148,296,170,0.0718864433550563,29.382295397846597,40.10965716026676,0.0874561108639911,29.181332817536816,39.771802331439154,2025-05-26 SP14,2__FFSEN005,2__FFSENOK5,2__FFSEN005,2__FFSEN,OTHER,F & S Energy Ltd,296,0.0,0.9999999999999991,45,BMU
BMU ID,marginal_bmu_id,2__FFSEN005_OFFER,OFFER,0.0,,,,,0,0.0,0.0,0.1390227409923853,82.36037528752148,297,127,0.0718864433550563,29.382295397846597,40.10965716026676,0.0874561108639911,29.181332817536816,39.771802331439154,2025-05-26 SP14,2__FFSEN005,2__FFSENOK5,2__FFSEN005,2__FFSEN,OTHER,F & S Energy Ltd,297,0.0,0.9999999999999991,45,BMU
BMU ID,marginal_bmu_id,2__FFSEN007_BID,BID,0.0,0.0,0.0,0.0,0.0,1,1.0,0.0,0.1390227409923853,82.36037528752148,298,171,0.0718864433550563,29.382295397846597,40.10965716026676,0.0874561108639911,29.181332817536816,39.771802331439154,2025-05-26 SP14,2__FFSEN007,2__FFSENOK7,2__FFSEN007,2__FFSEN,OTHER,F & S Energy Ltd,298,0.0,0.9999999999999991,45,BMU
BMU ID,marginal_bmu_id,2__FFSEN007_OFFER,OFFER,0.0,,,,,0,0.0,0.0,0.1390227409923853,82.36037528752148,299,128,0.0718864433550563,29.382295397846597,40.10965716026676,0.0874561108639911,29.181332817536816,39.771802331439154,2025-05-26 SP14,2__FFSEN007,2__FFSENOK7,2__FFSEN007,2__FFSEN,OTHER,F & S Energy Ltd,299,0.0,0.9999999999999991,45,BMU
BMU ID,marginal_bmu_id,2__FSTAT001_BID,BID,0.0,,,,,0,0.0,0.0,0.1390227409923853,82.36037528752148,300,172,0.0718864433550563,29.382295397846597,40.10965716026676,0.0874561108639911,29.181332817536816,39.771802331439154,2025-05-26 SP14,2__FSTAT001,STAT_F2,2__FSTAT001,2__FSTAT,BATTERY,Statkraft Markets Gmbh,300,0.0,0.9999999999999991,45,BMU
BMU ID,marginal_bmu_id,2__FSTAT002_BID,BID,0.0,,,,,0,0.0,0.0,0.1390227409923853,82.36037528752148,301,173,0.0718864433550563,29.382295397846597,40.10965716026676,0.0874561108639911,29.181332817536816,39.771802331439154,2025-05-26 SP14,2__FSTAT002,STAT_F3,2__FSTAT002,2__FSTAT,BATTERY,Statkraft Markets Gmbh,301,0.0,0.9999999999999991,45,BMU
BMU ID,marginal_bmu_id,2__FSTAT002_OFFER,OFFER,0.0,0.0,0.0,0.0,0.0,3,2.5,0.0,0.1390227409923853,82.36037528752148,302,129,0.0718864433550563,29.382295397846597,40.10965716026676,0.0874561108639911,29.181332817536816,39.771802331439154,2025-05-26 SP14,2__FSTAT002,STAT_F3,2__FSTAT002,2__FSTAT,BATTERY,Statkraft Markets Gmbh,302,0.0,0.9999999999999991,45,BMU
BMU ID,marginal_bmu_id,2__FSTAT003_BID,BID,0.0,,,,,0,0.0,0.0,0.1390227409923853,82.36037528752148,303,174,0.0718864433550563,29.382295397846597,40.10965716026676,0.0874561108639911,29.181332817536816,39.771802331439154,2025-05-26 SP14,2__FSTAT003,STAT_F4,2__FSTAT003,2__FSTAT,BATTERY,Statkraft Markets Gmbh,303,0.0,0.9999999999999991,45,BMU
BMU ID,marginal_bmu_id,2__GANGE001_BID,BID,0.0,0.0,0.0,0.0,0.0,1,1.0,0.0,0.1390227409923853,82.36037528752148,304,175,0.0718864433550563,29.382295397846597,40.10965716026676,0.0874561108639911,29.181332817536816,39.771802331439154,2025-05-26 SP14,2__GANGE001,2__GANGE001,2__GANGE001,2__GANGE,LOAD RESPONSE,Limejump Energy Limited,304,0.0,0.9999999999999991,45,BMU
BMU ID,marginal_bmu_id,2__GANGE001_OFFER,OFFER,0.0,0.0,0.0,0.0,0.0,1,0.1111111111111111,0.0,0.1390227409923853,82.36037528752148,305,130,0.0718864433550563,29.382295397846597,40.10965716026676,0.0874561108639911,29.181332817536816,39.771802331439154,2025-05-26 SP14,2__GANGE001,2__GANGE001,2__GANGE001,2__GANGE,LOAD RESPONSE,Limejump Energy Limited,305,0.0,0.9999999999999991,45,BMU
BMU ID,marginal_bmu_id,2__GCMRO001_BID,BID,0.0,0.0,0.0,0.0,0.0,4,3.5,0.0,0.1390227409923853,82.36037528752148,306,176,0.0718864433550563,29.382295397846597,40.10965716026676,0.0874561108639911,29.181332817536816,39.771802331439154,2025-05-26 SP14,2__GCMRO001,2__GCMRO001,2__GCMRO001,2__GCMRO,OTHER,BGI Trading Limited,306,0.0,0.9999999999999991,45,BMU
BMU ID,marginal_bmu_id,2__GCMRO001_OFFER,OFFER,0.0,0.0,0.0,0.0,0.0,1,0.5,0.0,0.1390227409923853,82.36037528752148,307,131,0.0718864433550563,29.382295397846597,40.10965716026676,0.0874561108639911,29.181332817536816,39.771802331439154,2025-05-26 SP14,2__GCMRO001,2__GCMRO001,2__GCMRO001,2__GCMRO,OTHER,BGI Trading Limited,307,0.0,0.9999999999999991,45,BMU
BMU ID,marginal_bmu_id,2__GCMRO002_BID,BID,0.0,,,,,0,0.0,0.0,0.1390227409923853,82.36037528752148,308,177,0.0718864433550563,29.382295397846597,40.10965716026676,0.0874561108639911,29.181332817536816,39.771802331439154,2025-05-26 SP14,2__GCMRO002,2__GCMRO002,2__GCMRO002,2__GCMRO,OTHER,BGI Trading Limited,308,0.0,0.9999999999999991,45,BMU
BMU ID,marginal_bmu_id,2__GCMRO002_OFFER,OFFER,0.0,0.0,0.0,0.0,0.0,2,1.0,0.0,0.1390227409923853,82.36037528752148,309,132,0.0718864433550563,29.382295397846597,40.10965716026676,0.0874561108639911,29.181332817536816,39.771802331439154,2025-05-26 SP14,2__GCMRO002,2__GCMRO002,2__GCMRO002,2__GCMRO,OTHER,BGI Trading Limited,309,0.0,0.9999999999999991,45,BMU
BMU ID,marginal_bmu_id,2__GFLEX001_BID,BID,0.0,,,,,0,0.0,0.0,0.1390227409923853,82.36037528752148,310,178,0.0718864433550563,29.382295397846597,40.10965716026676,0.0874561108639911,29.181332817536816,39.771802331439154,2025-05-26 SP14,2__GFLEX001,2__GFLEX001,2__GFLEX001,2__GFLEX_LR,LOAD RESPONSE,Flexitricity Limited,310,0.0,0.9999999999999991,45,BMU
BMU ID,marginal_bmu_id,2__GFLEX001_OFFER,OFFER,0.0,0.0,0.0,0.0,0.0,4,0.988095238095238,0.0,0.1390227409923853,82.36037528752148,311,133,0.0718864433550563,29.382295397846597,40.10965716026676,0.0874561108639911,29.181332817536816,39.771802331439154,2025-05-26 SP14,2__GFLEX001,2__GFLEX001,2__GFLEX001,2__GFLEX_LR,LOAD RESPONSE,Flexitricity Limited,311,0.0,0.9999999999999991,45,BMU
BMU ID,marginal_bmu_id,2__GFLEX002_BID,BID,0.0,,,,,0,0.0,0.0,0.1390227409923853,82.36037528752148,312,179,0.0718864433550563,29.382295397846597,40.10965716026676,0.0874561108639911,29.181332817536816,39.771802331439154,2025-05-26 SP14,2__GFLEX002,2__GFLEX002,2__GFLEX002,2__GFLEX_LR,LOAD RESPONSE,Flexitricity Limited,312,0.0,0.9999999999999991,45,BMU
BMU ID,marginal_bmu_id,2__GFLEX002_OFFER,OFFER,0.0,0.0,0.0,0.0,0.0,2,0.1526315789473684,0.0,0.1390227409923853,82.36037528752148,313,134,0.0718864433550563,29.382295397846597,40.10965716026676,0.0874561108639911,29.181332817536816,39.771802331439154,2025-05-26 SP14,2__GFLEX002,2__GFLEX002,2__GFLEX002,2__GFLEX_LR,LOAD RESPONSE,Flexitricity Limited,313,0.0,0.9999999999999991,45,BMU
BMU ID,marginal_bmu_id,2__GFLEX003_BID,BID,0.0,,,,,0,0.0,0.0,0.1390227409923853,82.36037528752148,314,180,0.0718864433550563,29.382295397846597,40.10965716026676,0.0874561108639911,29.181332817536816,39.771802331439154,2025-05-26 SP14,2__GFLEX003,2__GFLEX003,2__GFLEX003,2__GFLEX_LR,LOAD RESPONSE,Flexitricity Limited,314,0.0,0.9999999999999991,45,BMU
BMU ID,marginal_bmu_id,2__GFLEX003_OFFER,OFFER,0.0,,,,,0,0.0,0.0,0.1390227409923853,82.36037528752148,315,135,0.0718864433550563,29.382295397846597,40.10965716026676,0.0874561108639911,29.181332817536816,39.771802331439154,2025-05-26 SP14,2__GFLEX003,2__GFLEX003,2__GFLEX003,2__GFLEX_LR,LOAD RESPONSE,Flexitricity Limited,315,0.0,0.9999999999999991,45,BMU
BMU ID,marginal_bmu_id,2__GFLEX004_BID,BID,0.0,,,,,0,0.0,0.0,0.1390227409923853,82.36037528752148,316,181,0.0718864433550563,29.382295397846597,40.10965716026676,0.0874561108639911,29.181332817536816,39.771802331439154,2025-05-26 SP14,2__GFLEX004,2__GFLEX004,2__GFLEX004,2__GFLEX_G,GAS,Flexitricity Limited,316,0.0,0.9999999999999991,45,BMU
BMU ID,marginal_bmu_id,2__GFLEX004_OFFER,OFFER,0.0,,,,,0,0.0,0.0,0.1390227409923853,82.36037528752148,317,136,0.0718864433550563,29.382295397846597,40.10965716026676,0.0874561108639911,29.181332817536816,39.771802331439154,2025-05-26 SP14,2__GFLEX004,2__GFLEX004,2__GFLEX004,2__GFLEX_G,GAS,Flexitricity Limited,317,0.0,0.9999999999999991,45,BMU
BMU ID,marginal_bmu_id,2__GFLEX008_BID,BID,0.0,,,,,0,0.0,0.0,0.1390227409923853,82.36037528752148,318,182,0.0718864433550563,29.382295397846597,40.10965716026676,0.0874561108639911,29.181332817536816,39.771802331439154,2025-05-26 SP14,2__GFLEX008,2__GFLEX008,2__GFLEX008,2__GFLEX_B,BATTERY,Flexitricity Limited,318,0.0,0.9999999999999991,45,BMU
BMU ID,marginal_bmu_id,2__GFLEX008_OFFER,OFFER,0.0,,,,,0,0.0,0.0,0.1390227409923853,82.36037528752148,319,137,0.0718864433550563,29.382295397846597,40.10965716026676,0.0874561108639911,29.181332817536816,39.771802331439154,2025-05-26 SP14,2__GFLEX008,2__GFLEX008,2__GFLEX008,2__GFLEX_B,BATTERY,Flexitricity Limited,319,0.0,0.9999999999999991,45,BMU
BMU ID,marginal_bmu_id,2__GFSEN005_BID,BID,0.0,,,,,0,0.0,0.0,0.1390227409923853,82.36037528752148,320,183,0.0718864433550563,29.382295397846597,40.10965716026676,0.0874561108639911,29.181332817536816,39.771802331439154,2025-05-26 SP14,2__GFSEN005,2__GFSENOK5,2__GFSEN005,2__GFSEN,OTHER,F & S Energy Ltd,320,0.0,0.9999999999999991,45,BMU
BMU ID,marginal_bmu_id,2__GFSEN005_OFFER,OFFER,0.0,,,,,0,0.0,0.0,0.1390227409923853,82.36037528752148,321,138,0.0718864433550563,29.382295397846597,40.10965716026676,0.0874561108639911,29.181332817536816,39.771802331439154,2025-05-26 SP14,2__GFSEN005,2__GFSENOK5,2__GFSEN005,2__GFSEN,OTHER,F & S Energy Ltd,321,0.0,0.9999999999999991,45,BMU
BMU ID,marginal_bmu_id,2__GFSEN006_BID,BID,0.0,0.0,0.0,0.0,0.0,1,1.0,0.0,0.1390227409923853,82.36037528752148,322,184,0.0718864433550563,29.382295397846597,40.10965716026676,0.0874561108639911,29.181332817536816,39.771802331439154,2025-05-26 SP14,2__GFSEN006,2__GFSENOK6,2__GFSEN006,2__GFSEN,OTHER,F & S Energy Ltd,322,0.0,0.9999999999999991,45,BMU
BMU ID,marginal_bmu_id,2__GFSEN006_OFFER,OFFER,0.0,,,,,0,0.0,0.0,0.1390227409923853,82.36037528752148,323,139,0.0718864433550563,29.382295397846597,40.10965716026676,0.0874561108639911,29.181332817536816,39.771802331439154,2025-05-26 SP14,2__GFSEN006,2__GFSENOK6,2__GFSEN006,2__GFSEN,OTHER,F & S Energy Ltd,323,0.0,0.9999999999999991,45,BMU
BMU ID,marginal_bmu_id,2__GLOND001_BID,BID,0.0,0.0,0.0,0.0,0.0,3,0.3492063492063492,0.0,0.1390227409923853,82.36037528752148,324,185,0.0718864433550563,29.382295397846597,40.10965716026676,0.0874561108639911,29.181332817536816,39.771802331439154,2025-05-26 SP14,2__GLOND001,EDFE Aggregate N West 01,2__GLOND001,2__GLOND_LR,LOAD RESPONSE,EDF Energy Customers Limited,324,0.0,0.9999999999999991,45,BMU
BMU ID,marginal_bmu_id,2__GLOND001_OFFER,OFFER,0.0,0.0,0.0,0.0,0.0,4,1.0873015873015872,0.0,0.1390227409923853,82.36037528752148,325,140,0.0718864433550563,29.382295397846597,40.10965716026676,0.0874561108639911,29.181332817536816,39.771802331439154,2025-05-26 SP14,2__GLOND001,EDFE Aggregate N West 01,2__GLOND001,2__GLOND_LR,LOAD RESPONSE,EDF Energy Customers Limited,325,0.0,0.9999999999999991,45,BMU
BMU ID,marginal_bmu_id,2__GLOND002_BID,BID,0.0,0.0,0.0,0.0,0.0,5,1.753968253968254,0.0,0.1390227409923853,82.36037528752148,326,186,0.0718864433550563,29.382295397846597,40.10965716026676,0.0874561108639911,29.181332817536816,39.771802331439154,2025-05-26 SP14,2__GLOND002,EDFE Agg NW Eng 02,2__GLOND002,2__GLOND_LR,LOAD RESPONSE,EDF Energy Customers Limited,326,0.0,0.9999999999999991,45,BMU
BMU ID,marginal_bmu_id,2__GLOND002_OFFER,OFFER,0.0,0.0,0.0,0.0,0.0,2,0.2575757575757575,0.0,0.1390227409923853,82.36037528752148,327,141,0.0718864433550563,29.382295397846597,40.10965716026676,0.0874561108639911,29.181332817536816,39.771802331439154,2025-05-26 SP14,2__GLOND002,EDFE Agg NW Eng 02,2__GLOND002,2__GLOND_LR,LOAD RESPONSE,EDF Energy Customers Limited,327,0.0,0.9999999999999991,45,BMU
BMU ID,marginal_bmu_id,2__GLOND003_BID,BID,0.0,,,,,0,0.0,0.0,0.1390227409923853,82.36037528752148,328,187,0.0718864433550563,29.382295397846597,40.10965716026676,0.0874561108639911,29.181332817536816,39.771802331439154,2025-05-26 SP14,2__GLOND003,EDFE Aggregate NW Eng 3,2__GLOND003,2__GLOND_OC,OCGT,EDF Energy Customers Limited,328,0.0,0.9999999999999991,45,BMU
BMU ID,marginal_bmu_id,2__GLOND003_OFFER,OFFER,0.0,0.0,0.0,0.0,0.0,1,0.5,0.0,0.1390227409923853,82.36037528752148,329,142,0.0718864433550563,29.382295397846597,40.10965716026676,0.0874561108639911,29.181332817536816,39.771802331439154,2025-05-26 SP14,2__GLOND003,EDFE Aggregate NW Eng 3,2__GLOND003,2__GLOND_OC,OCGT,EDF Energy Customers Limited,329,0.0,0.9999999999999991,45,BMU
BMU ID,marginal_bmu_id,2__GLOND004_BID,BID,0.0,0.0,0.0,0.0,0.0,1,1.0,0.0,0.1390227409923853,82.36037528752148,330,188,0.0718864433550563,29.382295397846597,40.10965716026676,0.0874561108639911,29.181332817536816,39.771802331439154,2025-05-26 SP14,2__GLOND004,EDFE Aggregate NW Eng 4,2__GLOND004,2__GLOND_OC,OCGT,EDF Energy Customers Limited,330,0.0,0.9999999999999991,45,BMU
BMU ID,marginal_bmu_id,2__GLOND004_OFFER,OFFER,0.0,,,,,0,0.0,0.0,0.1390227409923853,82.36037528752148,331,143,0.0718864433550563,29.382295397846597,40.10965716026676,0.0874561108639911,29.181332817536816,39.771802331439154,2025-05-26 SP14,2__GLOND004,EDFE Aggregate NW Eng 4,2__GLOND004,2__GLOND_OC,OCGT,EDF Energy Customers Limited,331,0.0,0.9999999999999991,45,BMU
BMU ID,marginal_bmu_id,2__GSMAE003_BID,BID,0.0,,,,,0,0.0,0.0,0.1390227409923853,82.36037528752148,332,189,0.0718864433550563,29.382295397846597,40.10965716026676,0.0874561108639911,29.181332817536816,39.771802331439154,2025-05-26 SP14,2__GSMAE003,2__GSMAE003,2__GSMAE003,2__GSMAE,CCGT,Smartestenergy Limited,332,0.0,0.9999999999999991,45,BMU
BMU ID,marginal_bmu_id,2__GSMAE003_OFFER,OFFER,0.0,0.0,0.0,0.0,0.0,1,1.0,0.0,0.1390227409923853,82.36037528752148,333,144,0.0718864433550563,29.382295397846597,40.10965716026676,0.0874561108639911,29.181332817536816,39.771802331439154,2025-05-26 SP14,2__GSMAE003,2__GSMAE003,2__GSMAE003,2__GSMAE,CCGT,Smartestenergy Limited,333,0.0,0.9999999999999991,45,BMU
BMU ID,marginal_bmu_id,2__GSTAT001_BID,BID,0.0,,,,,0,0.0,0.0,0.1390227409923853,82.36037528752148,334,190,0.0718864433550563,29.382295397846597,40.10965716026676,0.0874561108639911,29.181332817536816,39.771802331439154,2025-05-26 SP14,2__GSTAT001,STAT_G2,2__GSTAT001,2__GSTAT_B,BATTERY,Statkraft Markets Gmbh,334,0.0,0.9999999999999991,45,BMU
BMU ID,marginal_bmu_id,2__GSTAT002_BID,BID,0.0,,,,,0,0.0,0.0,0.1390227409923853,82.36037528752148,335,191,0.0718864433550563,29.382295397846597,40.10965716026676,0.0874561108639911,29.181332817536816,39.771802331439154,2025-05-26 SP14,2__GSTAT002,STAT_G3,2__GSTAT002,2__GSTAT_B,BATTERY,Statkraft Markets Gmbh,335,0.0,0.9999999999999991,45,BMU
BMU ID,marginal_bmu_id,2__GSTAT002_OFFER,OFFER,0.0,0.0,0.0,0.0,0.0,4,2.75,0.0,0.1390227409923853,82.36037528752148,336,145,0.0718864433550563,29.382295397846597,40.10965716026676,0.0874561108639911,29.181332817536816,39.771802331439154,2025-05-26 SP14,2__GSTAT002,STAT_G3,2__GSTAT002,2__GSTAT_B,BATTERY,Statkraft Markets Gmbh,336,0.0,0.9999999999999991,45,BMU
BMU ID,marginal_bmu_id,2__GSTAT003_OFFER,OFFER,0.0,0.0,0.0,0.0,0.0,1,1.0,0.0,0.1390227409923853,82.36037528752148,337,146,0.0718864433550563,29.382295397846597,40.10965716026676,0.0874561108639911,29.181332817536816,39.771802331439154,2025-05-26 SP14,2__GSTAT003,STAT_G4,2__GSTAT003,2__GSTAT_B,BATTERY,Statkraft Markets Gmbh,337,0.0,0.9999999999999991,45,BMU
BMU ID,marginal_bmu_id,2__GSTAT004_BID,BID,0.0,,,,,0,0.0,0.0,0.1390227409923853,82.36037528752148,338,192,0.0718864433550563,29.382295397846597,40.10965716026676,0.0874561108639911,29.181332817536816,39.771802331439154,2025-05-26 SP14,2__GSTAT004,STAT_G5,2__GSTAT004,2__GSTAT_B,BATTERY,Statkraft Markets Gmbh,338,0.0,0.9999999999999991,45,BMU
BMU ID,marginal_bmu_id,2__GSTAT004_OFFER,OFFER,0.0,0.0,0.0,0.0,0.0,3,1.3928571428571428,0.0,0.1390227409923853,82.36037528752148,339,147,0.0718864433550563,29.382295397846597,40.10965716026676,0.0874561108639911,29.181332817536816,39.771802331439154,2025-05-26 SP14,2__GSTAT004,STAT_G5,2__GSTAT004,2__GSTAT_B,BATTERY,Statkraft Markets Gmbh,339,0.0,0.9999999999999991,45,BMU
BMU ID,marginal_bmu_id,2__GSTAT005_BID,BID,0.0,0.0,0.0,0.0,0.0,1,1.0,0.0,0.1390227409923853,82.36037528752148,340,193,0.0718864433550563,29.382295397846597,40.10965716026676,0.0874561108639911,29.181332817536816,39.771802331439154,2025-05-26 SP14,2__GSTAT005,STAT_G6,2__GSTAT005,2__GSTAT_B,BATTERY,Statkraft Markets Gmbh,340,0.0,0.9999999999999991,45,BMU
BMU ID,marginal_bmu_id,2__GSTAT005_OFFER,OFFER,0.0,0.0,0.0,0.0,0.0,1,0.5,0.0,0.1390227409923853,82.36037528752148,341,148,0.0718864433550563,29.382295397846597,40.10965716026676,0.0874561108639911,29.181332817536816,39.771802331439154,2025-05-26 SP14,2__GSTAT005,STAT_G6,2__GSTAT005,2__GSTAT_B,BATTERY,Statkraft Markets Gmbh,341,0.0,0.9999999999999991,45,BMU
BMU ID,marginal_bmu_id,2__GSTAT006_BID,BID,0.0,,,,,0,0.0,0.0,0.1390227409923853,82.36037528752148,342,194,0.0718864433550563,29.382295397846597,40.10965716026676,0.0874561108639911,29.181332817536816,39.771802331439154,2025-05-26 SP14,2__GSTAT006,STAT_G7,2__GSTAT006,2__GSTAT_B,BATTERY,Statkraft Markets Gmbh,342,0.0,0.9999999999999991,45,BMU
BMU ID,marginal_bmu_id,2__GSTAT006_OFFER,OFFER,0.0,0.0,0.0,0.0,0.0,1,0.1111111111111111,0.0,0.1390227409923853,82.36037528752148,343,149,0.0718864433550563,29.382295397846597,40.10965716026676,0.0874561108639911,29.181332817536816,39.771802331439154,2025-05-26 SP14,2__GSTAT006,STAT_G7,2__GSTAT006,2__GSTAT_B,BATTERY,Statkraft Markets Gmbh,343,0.0,0.9999999999999991,45,BMU
BMU ID,marginal_bmu_id,2__GSTAT007_BID,BID,0.0,,,,,0,0.0,0.0,0.1390227409923853,82.36037528752148,344,195,0.0718864433550563,29.382295397846597,40.10965716026676,0.0874561108639911,29.181332817536816,39.771802331439154,2025-05-26 SP14,2__GSTAT007,STAT_G8,2__GSTAT007,2__GSTAT_B,BATTERY,Statkraft Markets Gmbh,344,0.0,0.9999999999999991,45,BMU
BMU ID,marginal_bmu_id,2__GSTAT007_OFFER,OFFER,0.0,,,,,0,0.0,0.0,0.1390227409923853,82.36037528752148,345,150,0.0718864433550563,29.382295397846597,40.10965716026676,0.0874561108639911,29.181332817536816,39.771802331439154,2025-05-26 SP14,2__GSTAT007,STAT_G8,2__GSTAT007,2__GSTAT_B,BATTERY,Statkraft Markets Gmbh,345,0.0,0.9999999999999991,45,BMU
BMU ID,marginal_bmu_id,2__GSTAT008_BID,BID,0.0,,,,,0,0.0,0.0,0.1390227409923853,82.36037528752148,346,196,0.0718864433550563,29.382295397846597,40.10965716026676,0.0874561108639911,29.181332817536816,39.771802331439154,2025-05-26 SP14,2__GSTAT008,STAT_G9,2__GSTAT008,2__GSTAT_B,BATTERY,Statkraft Markets Gmbh,346,0.0,0.9999999999999991,45,BMU
BMU ID,marginal_bmu_id,2__GSTAT009_BID,BID,0.0,,,,,0,0.0,0.0,0.1390227409923853,82.36037528752148,347,197,0.0718864433550563,29.382295397846597,40.10965716026676,0.0874561108639911,29.181332817536816,39.771802331439154,2025-05-26 SP14,2__GSTAT009,STAT_G10,2__GSTAT009,2__GSTAT_B,BATTERY,Statkraft Markets Gmbh,347,0.0,0.9999999999999991,45,BMU
BMU ID,marginal_bmu_id,2__GSTAT009_OFFER,OFFER,0.0,,,,,0,0.0,0.0,0.1390227409923853,82.36037528752148,348,151,0.0718864433550563,29.382295397846597,40.10965716026676,0.0874561108639911,29.181332817536816,39.771802331439154,2025-05-26 SP14,2__GSTAT009,STAT_G10,2__GSTAT009,2__GSTAT_B,BATTERY,Statkraft Markets Gmbh,348,0.0,0.9999999999999991,45,BMU
BMU ID,marginal_bmu_id,2__GSTAT010_BID,BID,0.0,,,,,0,0.0,0.0,0.1390227409923853,82.36037528752148,349,198,0.0718864433550563,29.382295397846597,40.10965716026676,0.0874561108639911,29.181332817536816,39.771802331439154,2025-05-26 SP14,2__GSTAT010,STAT_G11,2__GSTAT010,2__GSTAT_B,BATTERY,Statkraft Markets Gmbh,349,0.0,0.9999999999999991,45,BMU
BMU ID,marginal_bmu_id,2__GSTAT010_OFFER,OFFER,0.0,0.0,0.0,0.0,0.0,1,1.0,0.0,0.1390227409923853,82.36037528752148,350,152,0.0718864433550563,29.382295397846597,40.10965716026676,0.0874561108639911,29.181332817536816,39.771802331439154,2025-05-26 SP14,2__GSTAT010,STAT_G11,2__GSTAT010,2__GSTAT_B,BATTERY,Statkraft Markets Gmbh,350,0.0,0.9999999999999991,45,BMU
BMU ID,marginal_bmu_id,2__GSTAT011_OFFER,OFFER,0.0,,,,,0,0.0,0.0,0.1390227409923853,82.36037528752148,351,153,0.0718864433550563,29.382295397846597,40.10965716026676,0.0874561108639911,29.181332817536816,39.771802331439154,2025-05-26 SP14,2__GSTAT011,STAT_G12,2__GSTAT011,2__GSTAT_B,BATTERY,Statkraft Markets Gmbh,351,0.0,0.9999999999999991,45,BMU
BMU ID,marginal_bmu_id,2__GSTAT012_BID,BID,0.0,,,,,0,0.0,0.0,0.1390227409923853,82.36037528752148,352,199,0.0718864433550563,29.382295397846597,40.10965716026676,0.0874561108639911,29.181332817536816,39.771802331439154,2025-05-26 SP14,2__GSTAT012,STAT_G13,2__GSTAT012,2__GSTAT_B,BATTERY,Statkraft Markets Gmbh,352,0.0,0.9999999999999991,45,BMU
BMU ID,marginal_bmu_id,2__GSTAT012_OFFER,OFFER,0.0,,,,,0,0.0,0.0,0.1390227409923853,82.36037528752148,353,154,0.0718864433550563,29.382295397846597,40.10965716026676,0.0874561108639911,29.181332817536816,39.771802331439154,2025-05-26 SP14,2__GSTAT012,STAT_G13,2__GSTAT012,2__GSTAT_B,BATTERY,Statkraft Markets Gmbh,353,0.0,0.9999999999999991,45,BMU
BMU ID,marginal_bmu_id,2__GSTAT013_OFFER,OFFER,0.0,,,,,0,0.0,0.0,0.1390227409923853,82.36037528752148,354,155,0.0718864433550563,29.382295397846597,40.10965716026676,0.0874561108639911,29.181332817536816,39.771802331439154,2025-05-26 SP14,2__GSTAT013,STAT_G14,2__GSTAT013,2__GSTAT_G,GAS,Statkraft Markets Gmbh,354,0.0,0.9999999999999991,45,BMU
BMU ID,marginal_bmu_id,2__GSTAT015_OFFER,OFFER,0.0,,,,,0,0.0,0.0,0.1390227409923853,82.36037528752148,355,156,0.0718864433550563,29.382295397846597,40.10965716026676,0.0874561108639911,29.181332817536816,39.771802331439154,2025-05-26 SP14,2__GSTAT015,STAT_G16,2__GSTAT015,2__GSTAT_B,BATTERY,Statkraft Markets Gmbh,355,0.0,0.9999999999999991,45,BMU
BMU ID,marginal_bmu_id,2__GSTAT016_BID,BID,0.0,0.0,0.0,0.0,0.0,1,0.5,0.0,0.1390227409923853,82.36037528752148,356,200,0.0718864433550563,29.382295397846597,40.10965716026676,0.0874561108639911,29.181332817536816,39.771802331439154,2025-05-26 SP14,2__GSTAT016,STAT_G17,2__GSTAT016,2__GSTAT_B,BATTERY,Statkraft Markets Gmbh,356,0.0,0.9999999999999991,45,BMU
BMU ID,marginal_bmu_id,2__GSTAT016_OFFER,OFFER,0.0,,,,,0,0.0,0.0,0.1390227409923853,82.36037528752148,357,157,0.0718864433550563,29.382295397846597,40.10965716026676,0.0874561108639911,29.181332817536816,39.771802331439154,2025-05-26 SP14,2__GSTAT016,STAT_G17,2__GSTAT016,2__GSTAT_B,BATTERY,Statkraft Markets Gmbh,357,0.0,0.9999999999999991,45,BMU
BMU ID,marginal_bmu_id,2__GSTAT017_BID,BID,0.0,,,,,0,0.0,0.0,0.1390227409923853,82.36037528752148,358,201,0.0718864433550563,29.382295397846597,40.10965716026676,0.0874561108639911,29.181332817536816,39.771802331439154,2025-05-26 SP14,2__GSTAT017,STAT_G18,2__GSTAT017,2__GSTAT_B,BATTERY,Statkraft Markets Gmbh,358,0.0,0.9999999999999991,45,BMU
BMU ID,marginal_bmu_id,2__GSTAT017_OFFER,OFFER,0.0,0.0,0.0,0.0,0.0,1,1.0,0.0,0.1390227409923853,82.36037528752148,359,158,0.0718864433550563,29.382295397846597,40.10965716026676,0.0874561108639911,29.181332817536816,39.771802331439154,2025-05-26 SP14,2__GSTAT017,STAT_G18,2__GSTAT017,2__GSTAT_B,BATTERY,Statkraft Markets Gmbh,359,0.0,0.9999999999999991,45,BMU
BMU ID,marginal_bmu_id,2__HANGE001_BID,BID,0.0,0.0,0.0,0.0,0.0,4,2.4000000000000004,0.0,0.1390227409923853,82.36037528752148,360,202,0.0718864433550563,29.382295397846597,40.10965716026676,0.0874561108639911,29.181332817536816,39.771802331439154,2025-05-26 SP14,2__HANGE001,2__HANGE001,2__HANGE001,2__HANGE_LR,LOAD RESPONSE,Limejump Energy Limited,360,0.0,0.9999999999999991,45,BMU
BMU ID,marginal_bmu_id,2__HANGE001_OFFER,OFFER,0.0,0.0,0.0,0.0,0.0,1,0.2,0.0,0.1390227409923853,82.36037528752148,361,159,0.0718864433550563,29.382295397846597,40.10965716026676,0.0874561108639911,29.181332817536816,39.771802331439154,2025-05-26 SP14,2__HANGE001,2__HANGE001,2__HANGE001,2__HANGE_LR,LOAD RESPONSE,Limejump Energy Limited,361,0.0,0.9999999999999991,45,BMU
BMU ID,marginal_bmu_id,2__HANGE002_BID,BID,0.0,0.0,0.0,0.0,0.0,4,1.4337662337662336,0.0,0.1390227409923853,82.36037528752148,362,203,0.0718864433550563,29.382295397846597,40.10965716026676,0.0874561108639911,29.181332817536816,39.771802331439154,2025-05-26 SP14,2__HANGE002,2__HANGE002,2__HANGE002,2__HANGE_LR,LOAD RESPONSE,Limejump Energy Limited,362,0.0,0.9999999999999991,45,BMU
BMU ID,marginal_bmu_id,2__HANGE002_OFFER,OFFER,0.0,,,,,0,0.0,0.0,0.1390227409923853,82.36037528752148,363,160,0.0718864433550563,29.382295397846597,40.10965716026676,0.0874561108639911,29.181332817536816,39.771802331439154,2025-05-26 SP14,2__HANGE002,2__HANGE002,2__HANGE002,2__HANGE_LR,LOAD RESPONSE,Limejump Energy Limited,363,0.0,0.9999999999999991,45,BMU
BMU ID,marginal_bmu_id,2__HANGE003_OFFER,OFFER,0.0,0.0,0.0,0.0,0.0,1,1.0,0.0,0.1390227409923853,82.36037528752148,364,161,0.0718864433550563,29.382295397846597,40.10965716026676,0.0874561108639911,29.181332817536816,39.771802331439154,2025-05-26 SP14,2__HANGE003,2__HANGE003,2__HANGE003,2__HANGE_LR,LOAD RESPONSE,Limejump Energy Limited,364,0.0,0.9999999999999991,45,BMU
BMU ID,marginal_bmu_id,2__HANGE004_OFFER,OFFER,0.0,0.0,0.0,0.0,0.0,1,0.1666666666666666,0.0,0.1390227409923853,82.36037528752148,365,162,0.0718864433550563,29.382295397846597,40.10965716026676,0.0874561108639911,29.181332817536816,39.771802331439154,2025-05-26 SP14,2__HANGE004,2__HANGE004,2__HANGE004,2__HANGE_B,BATTERY,Limejump Energy Limited,365,0.0,0.9999999999999991,45,BMU
BMU ID,marginal_bmu_id,2__HANGE005_OFFER,OFFER,0.0,0.0,0.0,0.0,0.0,1,1.0,0.0,0.1390227409923853,82.36037528752148,366,163,0.0718864433550563,29.382295397846597,40.10965716026676,0.0874561108639911,29.181332817536816,39.771802331439154,2025-05-26 SP14,2__HANGE005,2__HANGE005,2__HANGE005,2__HANGE_OTH,OTHER,Limejump Energy Limited,366,0.0,0.9999999999999991,45,BMU
BMU ID,marginal_bmu_id,2__HFLEX001_OFFER,OFFER,0.0,0.0,0.0,0.0,0.0,2,1.0769230769230769,0.0,0.1390227409923853,82.36037528752148,367,164,0.0718864433550563,29.382295397846597,40.10965716026676,0.0874561108639911,29.181332817536816,39.771802331439154,2025-05-26 SP14,2__HFLEX001,2__HFLEX001,2__HFLEX001,2__HFLEX,LOAD RESPONSE,Flexitricity Limited,367,0.0,0.9999999999999991,45,BMU
BMU ID,marginal_bmu_id,2__HIMPO002_BID,BID,0.0,0.0,0.0,0.0,0.0,2,2.0,0.0,0.1390227409923853,82.36037528752148,368,204,0.0718864433550563,29.382295397846597,40.10965716026676,0.0874561108639911,29.181332817536816,39.771802331439154,2025-05-26 SP14,2__HIMPO002,2__HIMPO002,2__HIMPO002,2__HIMPO,LOAD RESPONSE,SSE Energy Supply Limited,368,0.0,0.9999999999999991,45,BMU
BMU ID,marginal_bmu_id,2__HIMPO002_OFFER,OFFER,0.0,0.0,0.0,0.0,0.0,6,5.142857142857142,0.0,0.1390227409923853,82.36037528752148,369,165,0.0718864433550563,29.382295397846597,40.10965716026676,0.0874561108639911,29.181332817536816,39.771802331439154,2025-05-26 SP14,2__HIMPO002,2__HIMPO002,2__HIMPO002,2__HIMPO,LOAD RESPONSE,SSE Energy Supply Limited,369,0.0,0.9999999999999991,45,BMU
BMU ID,marginal_bmu_id,2__HLOND001_BID,BID,0.0,,,,,0,0.0,0.0,0.1390227409923853,82.36037528752148,370,205,0.0718864433550563,29.382295397846597,40.10965716026676,0.0874561108639911,29.181332817536816,39.771802331439154,2025-05-26 SP14,2__HLOND001,EDFE Aggregate S E 01,2__HLOND001,2__HLOND,BATTERY,EDF Energy Customers Limited,370,0.0,0.9999999999999991,45,BMU
BMU ID,marginal_bmu_id,2__HLOND001_OFFER,OFFER,0.0,,,,,0,0.0,0.0,0.1390227409923853,82.36037528752148,371,166,0.0718864433550563,29.382295397846597,40.10965716026676,0.0874561108639911,29.181332817536816,39.771802331439154,2025-05-26 SP14,2__HLOND001,EDFE Aggregate S E 01,2__HLOND001,2__HLOND,BATTERY,EDF Energy Customers Limited,371,0.0,0.9999999999999991,45,BMU
BMU ID,marginal_bmu_id,2__HLOND002_BID,BID,0.0,0.0,0.0,0.0,0.0,1,1.0,0.0,0.1390227409923853,82.36037528752148,372,206,0.0718864433550563,29.382295397846597,40.10965716026676,0.0874561108639911,29.181332817536816,39.771802331439154,2025-05-26 SP14,2__HLOND002,EDFE Aggregate S Eng 02,2__HLOND002,2__HLOND,BATTERY,EDF Energy Customers Limited,372,0.0,0.9999999999999991,45,BMU
BMU ID,marginal_bmu_id,2__HLOND002_OFFER,OFFER,0.0,0.0,0.0,0.0,0.0,1,1.0,0.0,0.1390227409923853,82.36037528752148,373,167,0.0718864433550563,29.382295397846597,40.10965716026676,0.0874561108639911,29.181332817536816,39.771802331439154,2025-05-26 SP14,2__HLOND002,EDFE Aggregate S Eng 02,2__HLOND002,2__HLOND,BATTERY,EDF Energy Customers Limited,373,0.0,0.9999999999999991,45,BMU
BMU ID,marginal_bmu_id,2__HSTAT001_BID,BID,0.0,0.0,0.0,0.0,0.0,4,3.5,0.0,0.1390227409923853,82.36037528752148,374,207,0.0718864433550563,29.382295397846597,40.10965716026676,0.0874561108639911,29.181332817536816,39.771802331439154,2025-05-26 SP14,2__HSTAT001,STAT_H2,2__HSTAT001,2__HSTAT,BATTERY,Statkraft Markets Gmbh,374,0.0,0.9999999999999991,45,BMU
BMU ID,marginal_bmu_id,2__HSTAT001_OFFER,OFFER,0.0,0.0,0.0,0.0,0.0,1,0.125,0.0,0.1390227409923853,82.36037528752148,375,168,0.0718864433550563,29.382295397846597,40.10965716026676,0.0874561108639911,29.181332817536816,39.771802331439154,2025-05-26 SP14,2__HSTAT001,STAT_H2,2__HSTAT001,2__HSTAT,BATTERY,Statkraft Markets Gmbh,375,0.0,0.9999999999999991,45,BMU
BMU ID,marginal_bmu_id,2__HSTAT002_OFFER,OFFER,0.0,0.0,0.0,0.0,0.0,5,4.333333333333333,0.0,0.1390227409923853,82.36037528752148,376,169,0.0718864433550563,29.382295397846597,40.10965716026676,0.0874561108639911,29.181332817536816,39.771802331439154,2025-05-26 SP14,2__HSTAT002,STAT_H3,2__HSTAT002,2__HSTAT,BATTERY,Statkraft Markets Gmbh,376,0.0,0.9999999999999991,45,BMU
BMU ID,marginal_bmu_id,2__HSTAT003_BID,BID,0.0,,,,,0,0.0,0.0,0.1390227409923853,82.36037528752148,377,208,0.0718864433550563,29.382295397846597,40.10965716026676,0.0874561108639911,29.181332817536816,39.771802331439154,2025-05-26 SP14,2__HSTAT003,STAT_H4,2__HSTAT003,2__HSTAT,BATTERY,Statkraft Markets Gmbh,377,0.0,0.9999999999999991,45,BMU
BMU ID,marginal_bmu_id,2__HSTAT003_OFFER,OFFER,0.0,,,,,0,0.0,0.0,0.1390227409923853,82.36037528752148,378,170,0.0718864433550563,29.382295397846597,40.10965716026676,0.0874561108639911,29.181332817536816,39.771802331439154,2025-05-26 SP14,2__HSTAT003,STAT_H4,2__HSTAT003,2__HSTAT,BATTERY,Statkraft Markets Gmbh,378,0.0,0.9999999999999991,45,BMU
BMU ID,marginal_bmu_id,2__HSTAT004_BID,BID,0.0,0.0,0.0,0.0,0.0,2,2.0,0.0,0.1390227409923853,82.36037528752148,379,209,0.0718864433550563,29.382295397846597,40.10965716026676,0.0874561108639911,29.181332817536816,39.771802331439154,2025-05-26 SP14,2__HSTAT004,STAT_H5,2__HSTAT004,2__HSTAT,BATTERY,Statkraft Markets Gmbh,379,0.0,0.9999999999999991,45,BMU
BMU ID,marginal_bmu_id,2__HSTAT004_OFFER,OFFER,0.0,0.0,0.0,0.0,0.0,2,1.2,0.0,0.1390227409923853,82.36037528752148,380,171,0.0718864433550563,29.382295397846597,40.10965716026676,0.0874561108639911,29.181332817536816,39.771802331439154,2025-05-26 SP14,2__HSTAT004,STAT_H5,2__HSTAT004,2__HSTAT,BATTERY,Statkraft Markets Gmbh,380,0.0,0.9999999999999991,45,BMU
BMU ID,marginal_bmu_id,2__HSTAT005_BID,BID,0.0,,,,,0,0.0,0.0,0.1390227409923853,82.36037528752148,381,210,0.0718864433550563,29.382295397846597,40.10965716026676,0.0874561108639911,29.181332817536816,39.771802331439154,2025-05-26 SP14,2__HSTAT005,STAT_H6,2__HSTAT005,2__HSTAT,BATTERY,Statkraft Markets Gmbh,381,0.0,0.9999999999999991,45,BMU
BMU ID,marginal_bmu_id,2__HSTAT005_OFFER,OFFER,0.0,,,,,0,0.0,0.0,0.1390227409923853,82.36037528752148,382,172,0.0718864433550563,29.382295397846597,40.10965716026676,0.0874561108639911,29.181332817536816,39.771802331439154,2025-05-26 SP14,2__HSTAT005,STAT_H6,2__HSTAT005,2__HSTAT,BATTERY,Statkraft Markets Gmbh,382,0.0,0.9999999999999991,45,BMU
BMU ID,marginal_bmu_id,2__HSTAT006_BID,BID,0.0,,,,,0,0.0,0.0,0.1390227409923853,82.36037528752148,383,211,0.0718864433550563,29.382295397846597,40.10965716026676,0.0874561108639911,29.181332817536816,39.771802331439154,2025-05-26 SP14,2__HSTAT006,STAT_H7,2__HSTAT006,2__HSTAT,BATTERY,Statkraft Markets Gmbh,383,0.0,0.9999999999999991,45,BMU
BMU ID,marginal_bmu_id,2__HSTAT006_OFFER,OFFER,0.0,,,,,0,0.0,0.0,0.1390227409923853,82.36037528752148,384,173,0.0718864433550563,29.382295397846597,40.10965716026676,0.0874561108639911,29.181332817536816,39.771802331439154,2025-05-26 SP14,2__HSTAT006,STAT_H7,2__HSTAT006,2__HSTAT,BATTERY,Statkraft Markets Gmbh,384,0.0,0.9999999999999991,45,BMU
BMU ID,marginal_bmu_id,2__HSTAT007_BID,BID,0.0,0.0,0.0,0.0,0.0,2,1.0909090909090908,0.0,0.1390227409923853,82.36037528752148,385,212,0.0718864433550563,29.382295397846597,40.10965716026676,0.0874561108639911,29.181332817536816,39.771802331439154,2025-05-26 SP14,2__HSTAT007,STAT_H8,2__HSTAT007,2__HSTAT,BATTERY,Statkraft Markets Gmbh,385,0.0,0.9999999999999991,45,BMU
BMU ID,marginal_bmu_id,2__HSTAT007_OFFER,OFFER,0.0,,,,,0,0.0,0.0,0.1390227409923853,82.36037528752148,386,174,0.0718864433550563,29.382295397846597,40.10965716026676,0.0874561108639911,29.181332817536816,39.771802331439154,2025-05-26 SP14,2__HSTAT007,STAT_H8,2__HSTAT007,2__HSTAT,BATTERY,Statkraft Markets Gmbh,386,0.0,0.9999999999999991,45,BMU
BMU ID,marginal_bmu_id,2__JLOND002_BID,BID,0.0,,,,,0,0.0,0.0,0.1390227409923853,82.36037528752148,387,213,0.0718864433550563,29.382295397846597,40.10965716026676,0.0874561108639911,29.181332817536816,39.771802331439154,2025-05-26 SP14,2__JLOND002,EDFE Aggregate S E Eng 02,2__JLOND002,2__JLOND,OCGT,EDF Energy Customers Limited,387,0.0,0.9999999999999991,45,BMU
BMU ID,marginal_bmu_id,2__JLOND002_OFFER,OFFER,0.0,,,,,0,0.0,0.0,0.1390227409923853,82.36037528752148,388,175,0.0718864433550563,29.382295397846597,40.10965716026676,0.0874561108639911,29.181332817536816,39.771802331439154,2025-05-26 SP14,2__JLOND002,EDFE Aggregate S E Eng 02,2__JLOND002,2__JLOND,OCGT,EDF Energy Customers Limited,388,0.0,0.9999999999999991,45,BMU
BMU ID,marginal_bmu_id,2__JLOND003_BID,BID,0.0,0.0,0.0,0.0,0.0,1,1.0,0.0,0.1390227409923853,82.36037528752148,389,214,0.0718864433550563,29.382295397846597,40.10965716026676,0.0874561108639911,29.181332817536816,39.771802331439154,2025-05-26 SP14,2__JLOND003,EDFE Aggregate S E Eng 03,2__JLOND003,2__JLOND,OCGT,EDF Energy Customers Limited,389,0.0,0.9999999999999991,45,BMU
BMU ID,marginal_bmu_id,2__JLOND003_OFFER,OFFER,0.0,,,,,0,0.0,0.0,0.1390227409923853,82.36037528752148,390,176,0.0718864433550563,29.382295397846597,40.10965716026676,0.0874561108639911,29.181332817536816,39.771802331439154,2025-05-26 SP14,2__JLOND003,EDFE Aggregate S E Eng 03,2__JLOND003,2__JLOND,OCGT,EDF Energy Customers Limited,390,0.0,0.9999999999999991,45,BMU
BMU ID,marginal_bmu_id,2__JSTAT002_OFFER,OFFER,0.0,0.0,0.0,0.0,0.0,2,2.0,0.0,0.1390227409923853,82.36037528752148,391,177,0.0718864433550563,29.382295397846597,40.10965716026676,0.0874561108639911,29.181332817536816,39.771802331439154,2025-05-26 SP14,2__JSTAT002,STAT_J3,2__JSTAT002,2__JSTAT,BATTERY,Statkraft Markets Gmbh,391,0.0,0.9999999999999991,45,BMU
BMU ID,marginal_bmu_id,2__JSTAT003_BID,BID,0.0,,,,,0,0.0,0.0,0.1390227409923853,82.36037528752148,392,215,0.0718864433550563,29.382295397846597,40.10965716026676,0.0874561108639911,29.181332817536816,39.771802331439154,2025-05-26 SP14,2__JSTAT003,STAT_J4,2__JSTAT003,2__JSTAT,BATTERY,Statkraft Markets Gmbh,392,0.0,0.9999999999999991,45,BMU
BMU ID,marginal_bmu_id,2__JSTAT003_OFFER,OFFER,0.0,,,,,0,0.0,0.0,0.1390227409923853,82.36037528752148,393,178,0.0718864433550563,29.382295397846597,40.10965716026676,0.0874561108639911,29.181332817536816,39.771802331439154,2025-05-26 SP14,2__JSTAT003,STAT_J4,2__JSTAT003,2__JSTAT,BATTERY,Statkraft Markets Gmbh,393,0.0,0.9999999999999991,45,BMU
BMU ID,marginal_bmu_id,2__JUKPR001_BID,BID,0.0,0.0,0.0,0.0,0.0,1,0.3333333333333333,0.0,0.1390227409923853,82.36037528752148,394,216,0.0718864433550563,29.382295397846597,40.10965716026676,0.0874561108639911,29.181332817536816,39.771802331439154,2025-05-26 SP14,2__JUKPR001,UKPR S East,2__JUKPR001,2__JUKPR,OCGT,UK Power Reserve Limited,394,0.0,0.9999999999999991,45,BMU
BMU ID,marginal_bmu_id,2__JUKPR001_OFFER,OFFER,0.0,0.0,0.0,0.0,0.0,1,1.0,0.0,0.1390227409923853,82.36037528752148,395,179,0.0718864433550563,29.382295397846597,40.10965716026676,0.0874561108639911,29.181332817536816,39.771802331439154,2025-05-26 SP14,2__JUKPR001,UKPR S East,2__JUKPR001,2__JUKPR,OCGT,UK Power Reserve Limited,395,0.0,0.9999999999999991,45,BMU
BMU ID,marginal_bmu_id,2__KFLEX001_OFFER,OFFER,0.0,0.0,0.0,0.0,0.0,2,1.0909090909090908,0.0,0.1390227409923853,82.36037528752148,396,180,0.0718864433550563,29.382295397846597,40.10965716026676,0.0874561108639911,29.181332817536816,39.771802331439154,2025-05-26 SP14,2__KFLEX001,2__KFLEX001,2__KFLEX001,2__KFLEX,LOAD RESPONSE,Flexitricity Limited,396,0.0,0.9999999999999991,45,BMU
BMU ID,marginal_bmu_id,2__KSTAT001_BID,BID,0.0,,,,,0,0.0,0.0,0.1390227409923853,82.36037528752148,397,217,0.0718864433550563,29.382295397846597,40.10965716026676,0.0874561108639911,29.181332817536816,39.771802331439154,2025-05-26 SP14,2__KSTAT001,STAT_K2,2__KSTAT001,2__KSTAT,BATTERY,Statkraft Markets Gmbh,397,0.0,0.9999999999999991,45,BMU
BMU ID,marginal_bmu_id,2__KSTAT001_OFFER,OFFER,0.0,0.0,0.0,0.0,0.0,3,2.5,0.0,0.1390227409923853,82.36037528752148,398,181,0.0718864433550563,29.382295397846597,40.10965716026676,0.0874561108639911,29.181332817536816,39.771802331439154,2025-05-26 SP14,2__KSTAT001,STAT_K2,2__KSTAT001,2__KSTAT,BATTERY,Statkraft Markets Gmbh,398,0.0,0.9999999999999991,45,BMU
BMU ID,marginal_bmu_id,2__KSTAT002_BID,BID,0.0,,,,,0,0.0,0.0,0.1390227409923853,82.36037528752148,399,218,0.0718864433550563,29.382295397846597,40.10965716026676,0.0874561108639911,29.181332817536816,39.771802331439154,2025-05-26 SP14,2__KSTAT002,STAT_K3,2__KSTAT002,2__KSTAT,BATTERY,Statkraft Markets Gmbh,399,0.0,0.9999999999999991,45,BMU
BMU ID,marginal_bmu_id,2__KSTAT002_OFFER,OFFER,0.0,0.0,0.0,0.0,0.0,1,1.0,0.0,0.1390227409923853,82.36037528752148,400,182,0.0718864433550563,29.382295397846597,40.10965716026676,0.0874561108639911,29.181332817536816,39.771802331439154,2025-05-26 SP14,2__KSTAT002,STAT_K3,2__KSTAT002,2__KSTAT,BATTERY,Statkraft Markets Gmbh,400,0.0,0.9999999999999991,45,BMU
BMU ID,marginal_bmu_id,2__KSTAT003_BID,BID,0.0,,,,,0,0.0,0.0,0.1390227409923853,82.36037528752148,401,219,0.0718864433550563,29.382295397846597,40.10965716026676,0.0874561108639911,29.181332817536816,39.771802331439154,2025-05-26 SP14,2__KSTAT003,STAT_K4,2__KSTAT003,2__KSTAT,BATTERY,Statkraft Markets Gmbh,401,0.0,0.9999999999999991,45,BMU
BMU ID,marginal_bmu_id,2__KSTAT003_OFFER,OFFER,0.0,,,,,0,0.0,0.0,0.1390227409923853,82.36037528752148,402,183,0.0718864433550563,29.382295397846597,40.10965716026676,0.0874561108639911,29.181332817536816,39.771802331439154,2025-05-26 SP14,2__KSTAT003,STAT_K4,2__KSTAT003,2__KSTAT,BATTERY,Statkraft Markets Gmbh,402,0.0,0.9999999999999991,45,BMU
BMU ID,marginal_bmu_id,2__KSTAT004_OFFER,OFFER,0.0,,,,,0,0.0,0.0,0.1390227409923853,82.36037528752148,403,184,0.0718864433550563,29.382295397846597,40.10965716026676,0.0874561108639911,29.181332817536816,39.771802331439154,2025-05-26 SP14,2__KSTAT004,STAT_K5,2__KSTAT004,2__KSTAT,BATTERY,Statkraft Markets Gmbh,403,0.0,0.9999999999999991,45,BMU
BMU ID,marginal_bmu_id,2__KSTAT005_BID,BID,0.0,,,,,0,0.0,0.0,0.1390227409923853,82.36037528752148,404,220,0.0718864433550563,29.382295397846597,40.10965716026676,0.0874561108639911,29.181332817536816,39.771802331439154,2025-05-26 SP14,2__KSTAT005,STAT_K6,2__KSTAT005,2__KSTAT,BATTERY,Statkraft Markets Gmbh,404,0.0,0.9999999999999991,45,BMU
BMU ID,marginal_bmu_id,2__KSTAT005_OFFER,OFFER,0.0,,,,,0,0.0,0.0,0.1390227409923853,82.36037528752148,405,185,0.0718864433550563,29.382295397846597,40.10965716026676,0.0874561108639911,29.181332817536816,39.771802331439154,2025-05-26 SP14,2__KSTAT005,STAT_K6,2__KSTAT005,2__KSTAT,BATTERY,Statkraft Markets Gmbh,405,0.0,0.9999999999999991,45,BMU
BMU ID,marginal_bmu_id,2__KSTAT006_BID,BID,0.0,0.0,0.0,0.0,0.0,2,1.1666666666666667,0.0,0.1390227409923853,82.36037528752148,406,221,0.0718864433550563,29.382295397846597,40.10965716026676,0.0874561108639911,29.181332817536816,39.771802331439154,2025-05-26 SP14,2__KSTAT006,STAT_K7,2__KSTAT006,2__KSTAT,BATTERY,Statkraft Markets Gmbh,406,0.0,0.9999999999999991,45,BMU
BMU ID,marginal_bmu_id,2__KSTAT006_OFFER,OFFER,0.0,,,,,0,0.0,0.0,0.1390227409923853,82.36037528752148,407,186,0.0718864433550563,29.382295397846597,40.10965716026676,0.0874561108639911,29.181332817536816,39.771802331439154,2025-05-26 SP14,2__KSTAT006,STAT_K7,2__KSTAT006,2__KSTAT,BATTERY,Statkraft Markets Gmbh,407,0.0,0.9999999999999991,45,BMU
BMU ID,marginal_bmu_id,2__KUKPR001_BID,BID,0.0,,,,,0,0.0,0.0,0.1390227409923853,82.36037528752148,408,222,0.0718864433550563,29.382295397846597,40.10965716026676,0.0874561108639911,29.181332817536816,39.771802331439154,2025-05-26 SP14,2__KUKPR001,UKPR S Wales,2__KUKPR001,2__KUKPR,OTHER,UK Power Reserve Limited,408,0.0,0.9999999999999991,45,BMU
BMU ID,marginal_bmu_id,2__KUKPR001_OFFER,OFFER,0.0,,,,,0,0.0,0.0,0.1390227409923853,82.36037528752148,409,187,0.0718864433550563,29.382295397846597,40.10965716026676,0.0874561108639911,29.181332817536816,39.771802331439154,2025-05-26 SP14,2__KUKPR001,UKPR S Wales,2__KUKPR001,2__KUKPR,OTHER,UK Power Reserve Limited,409,0.0,0.9999999999999991,45,BMU
BMU ID,marginal_bmu_id,2__LANGE001_BID,BID,0.0,0.0,0.0,0.0,0.0,2,0.75,0.0,0.1390227409923853,82.36037528752148,410,223,0.0718864433550563,29.382295397846597,40.10965716026676,0.0874561108639911,29.181332817536816,39.771802331439154,2025-05-26 SP14,2__LANGE001,2__LANGE001,2__LANGE001,2__LANGE,LOAD RESPONSE,Limejump Energy Limited,410,0.0,0.9999999999999991,45,BMU
BMU ID,marginal_bmu_id,2__LANGE001_OFFER,OFFER,0.0,0.0,0.0,0.0,0.0,1,0.25,0.0,0.1390227409923853,82.36037528752148,411,188,0.0718864433550563,29.382295397846597,40.10965716026676,0.0874561108639911,29.181332817536816,39.771802331439154,2025-05-26 SP14,2__LANGE001,2__LANGE001,2__LANGE001,2__LANGE,LOAD RESPONSE,Limejump Energy Limited,411,0.0,0.9999999999999991,45,BMU
BMU ID,marginal_bmu_id,2__LANGE002_BID,BID,0.0,0.0,0.0,0.0,0.0,1,1.0,0.0,0.1390227409923853,82.36037528752148,412,224,0.0718864433550563,29.382295397846597,40.10965716026676,0.0874561108639911,29.181332817536816,39.771802331439154,2025-05-26 SP14,2__LANGE002,2__LANGE002,2__LANGE002,2__LANGE,LOAD RESPONSE,Limejump Energy Limited,412,0.0,0.9999999999999991,45,BMU
BMU ID,marginal_bmu_id,2__LANGE002_OFFER,OFFER,0.0,0.0,0.0,0.0,0.0,2,2.0,0.0,0.1390227409923853,82.36037528752148,413,189,0.0718864433550563,29.382295397846597,40.10965716026676,0.0874561108639911,29.181332817536816,39.771802331439154,2025-05-26 SP14,2__LANGE002,2__LANGE002,2__LANGE002,2__LANGE,LOAD RESPONSE,Limejump Energy Limited,413,0.0,0.9999999999999991,45,BMU
BMU ID,marginal_bmu_id,2__LECOT003_BID,BID,0.0,,,,,0,0.0,0.0,0.1390227409923853,82.36037528752148,414,225,0.0718864433550563,29.382295397846597,40.10965716026676,0.0874561108639911,29.181332817536816,39.771802331439154,2025-05-26 SP14,2__LECOT003,ECOT_VPP_22,2__LECOT003,2__LECOT,OTHER,ECOTRICITY LIMITED,414,0.0,0.9999999999999991,45,BMU
BMU ID,marginal_bmu_id,2__LECOT003_OFFER,OFFER,0.0,,,,,0,0.0,0.0,0.1390227409923853,82.36037528752148,415,190,0.0718864433550563,29.382295397846597,40.10965716026676,0.0874561108639911,29.181332817536816,39.771802331439154,2025-05-26 SP14,2__LECOT003,ECOT_VPP_22,2__LECOT003,2__LECOT,OTHER,ECOTRICITY LIMITED,415,0.0,0.9999999999999991,45,BMU
BMU ID,marginal_bmu_id,2__LFLEX001_BID,BID,0.0,0.0,0.0,0.0,0.0,2,2.0,0.0,0.1390227409923853,82.36037528752148,416,226,0.0718864433550563,29.382295397846597,40.10965716026676,0.0874561108639911,29.181332817536816,39.771802331439154,2025-05-26 SP14,2__LFLEX001,2__LFLEX001,2__LFLEX001,2__LFLEX,LOAD RESPONSE,Flexitricity Limited,416,0.0,0.9999999999999991,45,BMU
BMU ID,marginal_bmu_id,2__LFLEX001_OFFER,OFFER,0.0,0.0,0.0,0.0,0.0,1,1.0,0.0,0.1390227409923853,82.36037528752148,417,191,0.0718864433550563,29.382295397846597,40.10965716026676,0.0874561108639911,29.181332817536816,39.771802331439154,2025-05-26 SP14,2__LFLEX001,2__LFLEX001,2__LFLEX001,2__LFLEX,LOAD RESPONSE,Flexitricity Limited,417,0.0,0.9999999999999991,45,BMU
BMU ID,marginal_bmu_id,2__LSTAT001_BID,BID,0.0,,,,,0,0.0,0.0,0.1390227409923853,82.36037528752148,418,227,0.0718864433550563,29.382295397846597,40.10965716026676,0.0874561108639911,29.181332817536816,39.771802331439154,2025-05-26 SP14,2__LSTAT001,2_LSTAT001,2__LSTAT001,2__LSTAT,BATTERY,Statkraft Markets Gmbh,418,0.0,0.9999999999999991,45,BMU
BMU ID,marginal_bmu_id,2__LSTAT001_OFFER,OFFER,0.0,0.0,0.0,0.0,0.0,6,3.211111111111111,0.0,0.1390227409923853,82.36037528752148,419,192,0.0718864433550563,29.382295397846597,40.10965716026676,0.0874561108639911,29.181332817536816,39.771802331439154,2025-05-26 SP14,2__LSTAT001,2_LSTAT001,2__LSTAT001,2__LSTAT,BATTERY,Statkraft Markets Gmbh,419,0.0,0.9999999999999991,45,BMU
BMU ID,marginal_bmu_id,2__LSTAT002_BID,BID,0.0,,,,,0,0.0,0.0,0.1390227409923853,82.36037528752148,420,228,0.0718864433550563,29.382295397846597,40.10965716026676,0.0874561108639911,29.181332817536816,39.771802331439154,2025-05-26 SP14,2__LSTAT002,STAT_L3,2__LSTAT002,2__LSTAT,BATTERY,Statkraft Markets Gmbh,420,0.0,0.9999999999999991,45,BMU
BMU ID,marginal_bmu_id,2__LSTAT002_OFFER,OFFER,0.0,0.0,0.0,0.0,0.0,1,0.1666666666666666,0.0,0.1390227409923853,82.36037528752148,421,193,0.0718864433550563,29.382295397846597,40.10965716026676,0.0874561108639911,29.181332817536816,39.771802331439154,2025-05-26 SP14,2__LSTAT002,STAT_L3,2__LSTAT002,2__LSTAT,BATTERY,Statkraft Markets Gmbh,421,0.0,0.9999999999999991,45,BMU
BMU ID,marginal_bmu_id,2__LSTAT003_BID,BID,0.0,,,,,0,0.0,0.0,0.1390227409923853,82.36037528752148,422,229,0.0718864433550563,29.382295397846597,40.10965716026676,0.0874561108639911,29.181332817536816,39.771802331439154,2025-05-26 SP14,2__LSTAT003,STAT_L4,2__LSTAT003,2__LSTAT,BATTERY,Statkraft Markets Gmbh,422,0.0,0.9999999999999991,45,BMU
BMU ID,marginal_bmu_id,2__LSTAT003_OFFER,OFFER,0.0,0.0,0.0,0.0,0.0,2,1.2,0.0,0.1390227409923853,82.36037528752148,423,194,0.0718864433550563,29.382295397846597,40.10965716026676,0.0874561108639911,29.181332817536816,39.771802331439154,2025-05-26 SP14,2__LSTAT003,STAT_L4,2__LSTAT003,2__LSTAT,BATTERY,Statkraft Markets Gmbh,423,0.0,0.9999999999999991,45,BMU
BMU ID,marginal_bmu_id,2__LUKPR001_BID,BID,0.0,,,,,0,0.0,0.0,0.1390227409923853,82.36037528752148,424,230,0.0718864433550563,29.382295397846597,40.10965716026676,0.0874561108639911,29.181332817536816,39.771802331439154,2025-05-26 SP14,2__LUKPR001,UKPR S West,2__LUKPR001,2__LUKPR,OTHER,UK Power Reserve Limited,424,0.0,0.9999999999999991,45,BMU
BMU ID,marginal_bmu_id,2__LUKPR001_OFFER,OFFER,0.0,0.0,0.0,0.0,0.0,1,0.3333333333333333,0.0,0.1390227409923853,82.36037528752148,425,195,0.0718864433550563,29.382295397846597,40.10965716026676,0.0874561108639911,29.181332817536816,39.771802331439154,2025-05-26 SP14,2__LUKPR001,UKPR S West,2__LUKPR001,2__LUKPR,OTHER,UK Power Reserve Limited,425,0.0,0.9999999999999991,45,BMU
BMU ID,marginal_bmu_id,2__MCMRO002_BID,BID,0.0,0.0,0.0,0.0,0.0,3,2.166666666666667,0.0,0.1390227409923853,82.36037528752148,426,231,0.0718864433550563,29.382295397846597,40.10965716026676,0.0874561108639911,29.181332817536816,39.771802331439154,2025-05-26 SP14,2__MCMRO002,2__MCMRO002,2__MCMRO002,2__MCMRO,OTHER,BGI Trading Limited,426,0.0,0.9999999999999991,45,BMU
BMU ID,marginal_bmu_id,2__MCMRO002_OFFER,OFFER,0.0,,,,,0,0.0,0.0,0.1390227409923853,82.36037528752148,427,196,0.0718864433550563,29.382295397846597,40.10965716026676,0.0874561108639911,29.181332817536816,39.771802331439154,2025-05-26 SP14,2__MCMRO002,2__MCMRO002,2__MCMRO002,2__MCMRO,OTHER,BGI Trading Limited,427,0.0,0.9999999999999991,45,BMU
BMU ID,marginal_bmu_id,2__MCMRO003_OFFER,OFFER,0.0,0.0,0.0,0.0,0.0,1,0.3333333333333333,0.0,0.1390227409923853,82.36037528752148,428,197,0.0718864433550563,29.382295397846597,40.10965716026676,0.0874561108639911,29.181332817536816,39.771802331439154,2025-05-26 SP14,2__MCMRO003,2__MCMRO003,2__MCMRO003,2__MCMRO,OTHER,BGI Trading Limited,428,0.0,0.9999999999999991,45,BMU
BMU ID,marginal_bmu_id,2__MCNDL001_BID,BID,0.0,,,,,0,0.0,0.0,0.1390227409923853,82.36037528752148,429,232,0.0718864433550563,29.382295397846597,40.10965716026676,0.0874561108639911,29.181332817536816,39.771802331439154,2025-05-26 SP14,2__MCNDL001,Brigg DG,2__MCNDL001,2__MCNDL_OC,OCGT,NEAS Energy Ltd.,429,0.0,0.9999999999999991,45,BMU
BMU ID,marginal_bmu_id,2__MCNDL001_OFFER,OFFER,0.0,0.0,0.0,0.0,0.0,2,1.3333333333333333,0.0,0.1390227409923853,82.36037528752148,430,198,0.0718864433550563,29.382295397846597,40.10965716026676,0.0874561108639911,29.181332817536816,39.771802331439154,2025-05-26 SP14,2__MCNDL001,Brigg DG,2__MCNDL001,2__MCNDL_OC,OCGT,NEAS Energy Ltd.,430,0.0,0.9999999999999991,45,BMU
BMU ID,marginal_bmu_id,2__MCNDL002_BID,BID,0.0,,,,,0,0.0,0.0,0.1390227409923853,82.36037528752148,431,233,0.0718864433550563,29.382295397846597,40.10965716026676,0.0874561108639911,29.181332817536816,39.771802331439154,2025-05-26 SP14,2__MCNDL002,Brigg DG-2,2__MCNDL002,2__MCNDL_OTH,OTHER,NEAS Energy Ltd.,431,0.0,0.9999999999999991,45,BMU
BMU ID,marginal_bmu_id,2__MCNDL002_OFFER,OFFER,0.0,,,,,0,0.0,0.0,0.1390227409923853,82.36037528752148,432,199,0.0718864433550563,29.382295397846597,40.10965716026676,0.0874561108639911,29.181332817536816,39.771802331439154,2025-05-26 SP14,2__MCNDL002,Brigg DG-2,2__MCNDL002,2__MCNDL_OTH,OTHER,NEAS Energy Ltd.,432,0.0,0.9999999999999991,45,BMU
BMU ID,marginal_bmu_id,2__MFLEX002_BID,BID,0.0,0.0,0.0,0.0,0.0,1,0.2,0.0,0.1390227409923853,82.36037528752148,433,234,0.0718864433550563,29.382295397846597,40.10965716026676,0.0874561108639911,29.181332817536816,39.771802331439154,2025-05-26 SP14,2__MFLEX002,2__MFLEX002,2__MFLEX002,2__MFLEX,LOAD RESPONSE,Flexitricity Limited,433,0.0,0.9999999999999991,45,BMU
BMU ID,marginal_bmu_id,2__MFLEX002_OFFER,OFFER,0.0,0.0,0.0,0.0,0.0,2,1.25,0.0,0.1390227409923853,82.36037528752148,434,200,0.0718864433550563,29.382295397846597,40.10965716026676,0.0874561108639911,29.181332817536816,39.771802331439154,2025-05-26 SP14,2__MFLEX002,2__MFLEX002,2__MFLEX002,2__MFLEX,LOAD RESPONSE,Flexitricity Limited,434,0.0,0.9999999999999991,45,BMU
BMU ID,marginal_bmu_id,2__MSTAT001_BID,BID,0.0,0.0,0.0,0.0,0.0,6,6.0,0.0,0.1390227409923853,82.36037528752148,435,235,0.0718864433550563,29.382295397846597,40.10965716026676,0.0874561108639911,29.181332817536816,39.771802331439154,2025-05-26 SP14,2__MSTAT001,STAT_M2,2__MSTAT001,2__MSTAT_B,BATTERY,Statkraft Markets Gmbh,435,0.0,0.9999999999999991,45,BMU
BMU ID,marginal_bmu_id,2__MSTAT002_BID,BID,0.0,,,,,0,0.0,0.0,0.1390227409923853,82.36037528752148,436,236,0.0718864433550563,29.382295397846597,40.10965716026676,0.0874561108639911,29.181332817536816,39.771802331439154,2025-05-26 SP14,2__MSTAT002,STAT_M3,2__MSTAT002,2__MSTAT_B,BATTERY,Statkraft Markets Gmbh,436,0.0,0.9999999999999991,45,BMU
BMU ID,marginal_bmu_id,2__MSTAT003_OFFER,OFFER,0.0,0.0,0.0,0.0,0.0,2,1.5,0.0,0.1390227409923853,82.36037528752148,437,201,0.0718864433550563,29.382295397846597,40.10965716026676,0.0874561108639911,29.181332817536816,39.771802331439154,2025-05-26 SP14,2__MSTAT003,STAT_M4,2__MSTAT003,2__MSTAT_B,BATTERY,Statkraft Markets Gmbh,437,0.0,0.9999999999999991,45,BMU
BMU ID,marginal_bmu_id,2__MSTAT004_BID,BID,0.0,,,,,0,0.0,0.0,0.1390227409923853,82.36037528752148,438,237,0.0718864433550563,29.382295397846597,40.10965716026676,0.0874561108639911,29.181332817536816,39.771802331439154,2025-05-26 SP14,2__MSTAT004,STAT_M5,2__MSTAT004,2__MSTAT_G,GAS,Statkraft Markets Gmbh,438,0.0,0.9999999999999991,45,BMU
BMU ID,marginal_bmu_id,2__MSTAT004_OFFER,OFFER,0.0,,,,,0,0.0,0.0,0.1390227409923853,82.36037528752148,439,202,0.0718864433550563,29.382295397846597,40.10965716026676,0.0874561108639911,29.181332817536816,39.771802331439154,2025-05-26 SP14,2__MSTAT004,STAT_M5,2__MSTAT004,2__MSTAT_G,GAS,Statkraft Markets Gmbh,439,0.0,0.9999999999999991,45,BMU
BMU ID,marginal_bmu_id,2__MSTAT005_BID,BID,0.0,0.0,0.0,0.0,0.0,2,1.125,0.0,0.1390227409923853,82.36037528752148,440,238,0.0718864433550563,29.382295397846597,40.10965716026676,0.0874561108639911,29.181332817536816,39.771802331439154,2025-05-26 SP14,2__MSTAT005,STAT_M6,2__MSTAT005,2__MSTAT_B,BATTERY,Statkraft Markets Gmbh,440,0.0,0.9999999999999991,45,BMU
BMU ID,marginal_bmu_id,2__MSTAT005_OFFER,OFFER,0.0,0.0,0.0,0.0,0.0,3,3.0,0.0,0.1390227409923853,82.36037528752148,441,203,0.0718864433550563,29.382295397846597,40.10965716026676,0.0874561108639911,29.181332817536816,39.771802331439154,2025-05-26 SP14,2__MSTAT005,STAT_M6,2__MSTAT005,2__MSTAT_B,BATTERY,Statkraft Markets Gmbh,441,0.0,0.9999999999999991,45,BMU
BMU ID,marginal_bmu_id,2__MSTAT006_OFFER,OFFER,0.0,,,,,0,0.0,0.0,0.1390227409923853,82.36037528752148,442,204,0.0718864433550563,29.382295397846597,40.10965716026676,0.0874561108639911,29.181332817536816,39.771802331439154,2025-05-26 SP14,2__MSTAT006,STAT_M7,2__MSTAT006,2__MSTAT_B,BATTERY,Statkraft Markets Gmbh,442,0.0,0.9999999999999991,45,BMU
BMU ID,marginal_bmu_id,2__NCPPR001_BID,BID,0.0,,,,,0,0.0,0.0,0.1390227409923853,82.36037528752148,443,239,0.0718864433550563,29.382295397846597,40.10965716026676,0.0874561108639911,29.181332817536816,39.771802331439154,2025-05-26 SP14,2__NCPPR001,Byers Brae,2__NCPPR001,2__NCPPR,BATTERY,Octopus Energy Trading Limited,443,0.0,0.9999999999999991,45,BMU
BMU ID,marginal_bmu_id,2__NCPPR001_OFFER,OFFER,0.0,,,,,0,0.0,0.0,0.1390227409923853,82.36037528752148,444,205,0.0718864433550563,29.382295397846597,40.10965716026676,0.0874561108639911,29.181332817536816,39.771802331439154,2025-05-26 SP14,2__NCPPR001,Byers Brae,2__NCPPR001,2__NCPPR,BATTERY,Octopus Energy Trading Limited,444,0.0,0.9999999999999991,45,BMU
BMU ID,marginal_bmu_id,2__NFLEX001_BID,BID,0.0,0.0,0.0,0.0,0.0,1,0.5,0.0,0.1390227409923853,82.36037528752148,445,240,0.0718864433550563,29.382295397846597,40.10965716026676,0.0874561108639911,29.181332817536816,39.771802331439154,2025-05-26 SP14,2__NFLEX001,2__NFLEX001,2__NFLEX001,2__NFLEX_OTH,OTHER,Flexitricity Limited,445,0.0,0.9999999999999991,45,BMU
BMU ID,marginal_bmu_id,2__NFLEX001_OFFER,OFFER,0.0,,,,,0,0.0,0.0,0.1390227409923853,82.36037528752148,446,206,0.0718864433550563,29.382295397846597,40.10965716026676,0.0874561108639911,29.181332817536816,39.771802331439154,2025-05-26 SP14,2__NFLEX001,2__NFLEX001,2__NFLEX001,2__NFLEX_OTH,OTHER,Flexitricity Limited,446,0.0,0.9999999999999991,45,BMU
BMU ID,marginal_bmu_id,2__NFLEX002_BID,BID,0.0,,,,,0,0.0,0.0,0.1390227409923853,82.36037528752148,447,241,0.0718864433550563,29.382295397846597,40.10965716026676,0.0874561108639911,29.181332817536816,39.771802331439154,2025-05-26 SP14,2__NFLEX002,2__NFLEX002,2__NFLEX002,2__NFLEX_B,BATTERY,Flexitricity Limited,447,0.0,0.9999999999999991,45,BMU
BMU ID,marginal_bmu_id,2__NFLEX002_OFFER,OFFER,0.0,,,,,0,0.0,0.0,0.1390227409923853,82.36037528752148,448,207,0.0718864433550563,29.382295397846597,40.10965716026676,0.0874561108639911,29.181332817536816,39.771802331439154,2025-05-26 SP14,2__NFLEX002,2__NFLEX002,2__NFLEX002,2__NFLEX_B,BATTERY,Flexitricity Limited,448,0.0,0.9999999999999991,45,BMU
BMU ID,marginal_bmu_id,2__NFLEX003_BID,BID,0.0,,,,,0,0.0,0.0,0.1390227409923853,82.36037528752148,449,242,0.0718864433550563,29.382295397846597,40.10965716026676,0.0874561108639911,29.181332817536816,39.771802331439154,2025-05-26 SP14,2__NFLEX003,2__NFLEX003,2__NFLEX003,2__NFLEX_LR,LOAD RESPONSE,Flexitricity Limited,449,0.0,0.9999999999999991,45,BMU
BMU ID,marginal_bmu_id,2__NFLEX003_OFFER,OFFER,0.0,,,,,0,0.0,0.0,0.1390227409923853,82.36037528752148,450,208,0.0718864433550563,29.382295397846597,40.10965716026676,0.0874561108639911,29.181332817536816,39.771802331439154,2025-05-26 SP14,2__NFLEX003,2__NFLEX003,2__NFLEX003,2__NFLEX_LR,LOAD RESPONSE,Flexitricity Limited,450,0.0,0.9999999999999991,45,BMU
BMU ID,marginal_bmu_id,2__NFLEX004_BID,BID,0.0,,,,,0,0.0,0.0,0.1390227409923853,82.36037528752148,451,243,0.0718864433550563,29.382295397846597,40.10965716026676,0.0874561108639911,29.181332817536816,39.771802331439154,2025-05-26 SP14,2__NFLEX004,2__NFLEX004,2__NFLEX004,2__NFLEX_LR,LOAD RESPONSE,Flexitricity Limited,451,0.0,0.9999999999999991,45,BMU
BMU ID,marginal_bmu_id,2__NFLEX004_OFFER,OFFER,0.0,0.0,0.0,0.0,0.0,4,2.142857142857143,0.0,0.1390227409923853,82.36037528752148,452,209,0.0718864433550563,29.382295397846597,40.10965716026676,0.0874561108639911,29.181332817536816,39.771802331439154,2025-05-26 SP14,2__NFLEX004,2__NFLEX004,2__NFLEX004,2__NFLEX_LR,LOAD RESPONSE,Flexitricity Limited,452,0.0,0.9999999999999991,45,BMU
BMU ID,marginal_bmu_id,2__NFLEX005_BID,BID,0.0,,,,,0,0.0,0.0,0.1390227409923853,82.36037528752148,453,244,0.0718864433550563,29.382295397846597,40.10965716026676,0.0874561108639911,29.181332817536816,39.771802331439154,2025-05-26 SP14,2__NFLEX005,2__NFLEX005,2__NFLEX005,2__NFLEX_LR,LOAD RESPONSE,Flexitricity Limited,453,0.0,0.9999999999999991,45,BMU
BMU ID,marginal_bmu_id,2__NFLEX005_OFFER,OFFER,0.0,0.0,0.0,0.0,0.0,1,0.0526315789473684,0.0,0.1390227409923853,82.36037528752148,454,210,0.0718864433550563,29.382295397846597,40.10965716026676,0.0874561108639911,29.181332817536816,39.771802331439154,2025-05-26 SP14,2__NFLEX005,2__NFLEX005,2__NFLEX005,2__NFLEX_LR,LOAD RESPONSE,Flexitricity Limited,454,0.0,0.9999999999999991,45,BMU
BMU ID,marginal_bmu_id,2__NFLEX006_BID,BID,0.0,,,,,0,0.0,0.0,0.1390227409923853,82.36037528752148,455,245,0.0718864433550563,29.382295397846597,40.10965716026676,0.0874561108639911,29.181332817536816,39.771802331439154,2025-05-26 SP14,2__NFLEX006,2__NFLEX006,2__NFLEX006,2__NFLEX_LR,LOAD RESPONSE,Flexitricity Limited,455,0.0,0.9999999999999991,45,BMU
BMU ID,marginal_bmu_id,2__NFLEX006_OFFER,OFFER,0.0,0.0,0.0,0.0,0.0,3,0.4019230769230769,0.0,0.1390227409923853,82.36037528752148,456,211,0.0718864433550563,29.382295397846597,40.10965716026676,0.0874561108639911,29.181332817536816,39.771802331439154,2025-05-26 SP14,2__NFLEX006,2__NFLEX006,2__NFLEX006,2__NFLEX_LR,LOAD RESPONSE,Flexitricity Limited,456,0.0,0.9999999999999991,45,BMU
BMU ID,marginal_bmu_id,2__NFLEX007_BID,BID,0.0,,,,,0,0.0,0.0,0.1390227409923853,82.36037528752148,457,246,0.0718864433550563,29.382295397846597,40.10965716026676,0.0874561108639911,29.181332817536816,39.771802331439154,2025-05-26 SP14,2__NFLEX007,2__NFLEX007,2__NFLEX007,2__NFLEX_LR,LOAD RESPONSE,Flexitricity Limited,457,0.0,0.9999999999999991,45,BMU
BMU ID,marginal_bmu_id,2__NFLEX007_OFFER,OFFER,0.0,0.0,0.0,0.0,0.0,4,1.5,0.0,0.1390227409923853,82.36037528752148,458,212,0.0718864433550563,29.382295397846597,40.10965716026676,0.0874561108639911,29.181332817536816,39.771802331439154,2025-05-26 SP14,2__NFLEX007,2__NFLEX007,2__NFLEX007,2__NFLEX_LR,LOAD RESPONSE,Flexitricity Limited,458,0.0,0.9999999999999991,45,BMU
BMU ID,marginal_bmu_id,2__NFLEX008_OFFER,OFFER,0.0,,,,,0,0.0,0.0,0.1390227409923853,82.36037528752148,459,213,0.0718864433550563,29.382295397846597,40.10965716026676,0.0874561108639911,29.181332817536816,39.771802331439154,2025-05-26 SP14,2__NFLEX008,2__NFLEX008,2__NFLEX008,2__NFLEX_OTH,OTHER,Flexitricity Limited,459,0.0,0.9999999999999991,45,BMU
BMU ID,marginal_bmu_id,2__NFLEX009_BID,BID,0.0,0.0,0.0,0.0,0.0,1,1.0,0.0,0.1390227409923853,82.36037528752148,460,247,0.0718864433550563,29.382295397846597,40.10965716026676,0.0874561108639911,29.181332817536816,39.771802331439154,2025-05-26 SP14,2__NFLEX009,2__NFLEX009,2__NFLEX009,2__NFLEX_OTH,OTHER,Flexitricity Limited,460,0.0,0.9999999999999991,45,BMU
BMU ID,marginal_bmu_id,2__NFLEX009_OFFER,OFFER,0.0,,,,,0,0.0,0.0,0.1390227409923853,82.36037528752148,461,214,0.0718864433550563,29.382295397846597,40.10965716026676,0.0874561108639911,29.181332817536816,39.771802331439154,2025-05-26 SP14,2__NFLEX009,2__NFLEX009,2__NFLEX009,2__NFLEX_OTH,OTHER,Flexitricity Limited,461,0.0,0.9999999999999991,45,BMU
BMU ID,marginal_bmu_id,2__NFSEN007_BID,BID,0.0,,,,,0,0.0,0.0,0.1390227409923853,82.36037528752148,462,248,0.0718864433550563,29.382295397846597,40.10965716026676,0.0874561108639911,29.181332817536816,39.771802331439154,2025-05-26 SP14,2__NFSEN007,2__NFSENOK7,2__NFSEN007,2__NFSEN,OTHER,F & S Energy Ltd,462,0.0,0.9999999999999991,45,BMU
BMU ID,marginal_bmu_id,2__NFSEN007_OFFER,OFFER,0.0,0.0,0.0,0.0,0.0,1,1.0,0.0,0.1390227409923853,82.36037528752148,463,215,0.0718864433550563,29.382295397846597,40.10965716026676,0.0874561108639911,29.181332817536816,39.771802331439154,2025-05-26 SP14,2__NFSEN007,2__NFSENOK7,2__NFSEN007,2__NFSEN,OTHER,F & S Energy Ltd,463,0.0,0.9999999999999991,45,BMU
BMU ID,marginal_bmu_id,2__NHPOW001_BID,BID,0.0,0.0,0.0,0.0,0.0,1,1.0,0.0,0.1390227409923853,82.36037528752148,464,249,0.0718864433550563,29.382295397846597,40.10965716026676,0.0874561108639911,29.181332817536816,39.771802331439154,2025-05-26 SP14,2__NHPOW001,2__NHPOW001,2__NHPOW001,2__NHPOW,NPSHYD,Drax Energy Solutions Limited,464,0.0,0.9999999999999991,45,BMU
BMU ID,marginal_bmu_id,2__NHPOW001_OFFER,OFFER,0.0,,,,,0,0.0,0.0,0.1390227409923853,82.36037528752148,465,216,0.0718864433550563,29.382295397846597,40.10965716026676,0.0874561108639911,29.181332817536816,39.771802331439154,2025-05-26 SP14,2__NHPOW001,2__NHPOW001,2__NHPOW001,2__NHPOW,NPSHYD,Drax Energy Solutions Limited,465,0.0,0.9999999999999991,45,BMU
BMU ID,marginal_bmu_id,2__NHPOW002_OFFER,OFFER,0.0,,,,,0,0.0,0.0,0.1390227409923853,82.36037528752148,466,217,0.0718864433550563,29.382295397846597,40.10965716026676,0.0874561108639911,29.181332817536816,39.771802331439154,2025-05-26 SP14,2__NHPOW002,2__NHPOW002,2__NHPOW002,2__NHPOW,NPSHYD,Drax Energy Solutions Limited,466,0.0,0.9999999999999991,45,BMU
BMU ID,marginal_bmu_id,2__NLOND001_BID,BID,0.0,,,,,0,0.0,0.0,0.1390227409923853,82.36037528752148,467,250,0.0718864433550563,29.382295397846597,40.10965716026676,0.0874561108639911,29.181332817536816,39.771802331439154,2025-05-26 SP14,2__NLOND001,EDFE Aggregate S Scotland 01,2__NLOND001,2__NLOND_OC,OCGT,EDF Energy Customers Limited,467,0.0,0.9999999999999991,45,BMU
BMU ID,marginal_bmu_id,2__NLOND001_OFFER,OFFER,0.0,,,,,0,0.0,0.0,0.1390227409923853,82.36037528752148,468,218,0.0718864433550563,29.382295397846597,40.10965716026676,0.0874561108639911,29.181332817536816,39.771802331439154,2025-05-26 SP14,2__NLOND001,EDFE Aggregate S Scotland 01,2__NLOND001,2__NLOND_OC,OCGT,EDF Energy Customers Limited,468,0.0,0.9999999999999991,45,BMU
BMU ID,marginal_bmu_id,2__NLOND002_OFFER,OFFER,0.0,,,,,0,0.0,0.0,0.1390227409923853,82.36037528752148,469,219,0.0718864433550563,29.382295397846597,40.10965716026676,0.0874561108639911,29.181332817536816,39.771802331439154,2025-05-26 SP14,2__NLOND002,EDFE Aggregate S Scot 2,2__NLOND002,2__NLOND_OC,OCGT,EDF Energy Customers Limited,469,0.0,0.9999999999999991,45,BMU
BMU ID,marginal_bmu_id,2__NLOND003_OFFER,OFFER,0.0,,,,,0,0.0,0.0,0.1390227409923853,82.36037528752148,470,220,0.0718864433550563,29.382295397846597,40.10965716026676,0.0874561108639911,29.181332817536816,39.771802331439154,2025-05-26 SP14,2__NLOND003,EDFE Aggregate S Scot 3,2__NLOND003,2__NLOND_LR,LOAD RESPONSE,EDF Energy Customers Limited,470,0.0,0.9999999999999991,45,BMU
BMU ID,marginal_bmu_id,2__NSTAT001_BID,BID,0.0,,,,,0,0.0,0.0,0.1390227409923853,82.36037528752148,471,251,0.0718864433550563,29.382295397846597,40.10965716026676,0.0874561108639911,29.181332817536816,39.771802331439154,2025-05-26 SP14,2__NSTAT001,STAT_N2,2__NSTAT001,2__NSTAT_B,BATTERY,Statkraft Markets Gmbh,471,0.0,0.9999999999999991,45,BMU
BMU ID,marginal_bmu_id,2__NSTAT001_OFFER,OFFER,0.0,0.0,0.0,0.0,0.0,2,1.125,0.0,0.1390227409923853,82.36037528752148,472,221,0.0718864433550563,29.382295397846597,40.10965716026676,0.0874561108639911,29.181332817536816,39.771802331439154,2025-05-26 SP14,2__NSTAT001,STAT_N2,2__NSTAT001,2__NSTAT_B,BATTERY,Statkraft Markets Gmbh,472,0.0,0.9999999999999991,45,BMU
BMU ID,marginal_bmu_id,2__NSTAT002_BID,BID,0.0,,,,,0,0.0,0.0,0.1390227409923853,82.36037528752148,473,252,0.0718864433550563,29.382295397846597,40.10965716026676,0.0874561108639911,29.181332817536816,39.771802331439154,2025-05-26 SP14,2__NSTAT002,STAT_N3,2__NSTAT002,2__NSTAT_B,BATTERY,Statkraft Markets Gmbh,473,0.0,0.9999999999999991,45,BMU
BMU ID,marginal_bmu_id,2__NSTAT002_OFFER,OFFER,0.0,0.0,0.0,0.0,0.0,1,0.3333333333333333,0.0,0.1390227409923853,82.36037528752148,474,222,0.0718864433550563,29.382295397846597,40.10965716026676,0.0874561108639911,29.181332817536816,39.771802331439154,2025-05-26 SP14,2__NSTAT002,STAT_N3,2__NSTAT002,2__NSTAT_B,BATTERY,Statkraft Markets Gmbh,474,0.0,0.9999999999999991,45,BMU
BMU ID,marginal_bmu_id,2__NSTAT003_BID,BID,0.0,,,,,0,0.0,0.0,0.1390227409923853,82.36037528752148,475,253,0.0718864433550563,29.382295397846597,40.10965716026676,0.0874561108639911,29.181332817536816,39.771802331439154,2025-05-26 SP14,2__NSTAT003,STAT_N4,2__NSTAT003,2__NSTAT_B,BATTERY,Statkraft Markets Gmbh,475,0.0,0.9999999999999991,45,BMU
BMU ID,marginal_bmu_id,2__NSTAT003_OFFER,OFFER,0.0,,,,,0,0.0,0.0,0.1390227409923853,82.36037528752148,476,223,0.0718864433550563,29.382295397846597,40.10965716026676,0.0874561108639911,29.181332817536816,39.771802331439154,2025-05-26 SP14,2__NSTAT003,STAT_N4,2__NSTAT003,2__NSTAT_B,BATTERY,Statkraft Markets Gmbh,476,0.0,0.9999999999999991,45,BMU
BMU ID,marginal_bmu_id,2__NSTAT004_BID,BID,0.0,,,,,0,0.0,0.0,0.1390227409923853,82.36037528752148,477,254,0.0718864433550563,29.382295397846597,40.10965716026676,0.0874561108639911,29.181332817536816,39.771802331439154,2025-05-26 SP14,2__NSTAT004,STAT_N5,2__NSTAT004,2__NSTAT_LR,LOAD RESPONSE,Statkraft Markets Gmbh,477,0.0,0.9999999999999991,45,BMU
BMU ID,marginal_bmu_id,2__PEDGE003_BID,BID,0.0,,,,,0,0.0,0.0,0.1390227409923853,82.36037528752148,478,255,0.0718864433550563,29.382295397846597,40.10965716026676,0.0874561108639911,29.181332817536816,39.771802331439154,2025-05-26 SP14,2__PEDGE003,2__PEDGE003,2__PEDGE003,2__PEDGE,WIND,Edgware Energy Limited,478,0.0,0.9999999999999991,45,BMU
BMU ID,marginal_bmu_id,2__PEDGE004_BID,BID,0.0,,,,,0,0.0,0.0,0.1390227409923853,82.36037528752148,479,256,0.0718864433550563,29.382295397846597,40.10965716026676,0.0874561108639911,29.181332817536816,39.771802331439154,2025-05-26 SP14,2__PEDGE004,2__PEDGE004,2__PEDGE004,2__PEDGE,WIND,Edgware Energy Limited,479,0.0,0.9999999999999991,45,BMU
BMU ID,marginal_bmu_id,2__PENEC001_BID,BID,0.0,,,,,0,0.0,0.0,0.1390227409923853,82.36037528752148,480,257,0.0718864433550563,29.382295397846597,40.10965716026676,0.0874561108639911,29.181332817536816,39.771802331439154,2025-05-26 SP14,2__PENEC001,Rothes Windfarm,2__PENEC001,2__PENEC,WIND,Eneco Energy Trade,480,0.0,0.9999999999999991,45,BMU
BMU ID,marginal_bmu_id,2__PENEC002_BID,BID,0.0,,,,,0,0.0,0.0,0.1390227409923853,82.36037528752148,481,258,0.0718864433550563,29.382295397846597,40.10965716026676,0.0874561108639911,29.181332817536816,39.771802331439154,2025-05-26 SP14,2__PENEC002,Pauls Hill Windfarm,2__PENEC002,2__PENEC,WIND,Eneco Energy Trade,481,0.0,0.9999999999999991,45,BMU
BMU ID,marginal_bmu_id,2__PFLEX001_BID,BID,0.0,,,,,0,0.0,0.0,0.1390227409923853,82.36037528752148,482,259,0.0718864433550563,29.382295397846597,40.10965716026676,0.0874561108639911,29.181332817536816,39.771802331439154,2025-05-26 SP14,2__PFLEX001,2__PFLEX001,2__PFLEX001,2__PFLEX,OTHER,Flexitricity Limited,482,0.0,0.9999999999999991,45,BMU
BMU ID,marginal_bmu_id,2__PFLEX001_OFFER,OFFER,0.0,,,,,0,0.0,0.0,0.1390227409923853,82.36037528752148,483,224,0.0718864433550563,29.382295397846597,40.10965716026676,0.0874561108639911,29.181332817536816,39.771802331439154,2025-05-26 SP14,2__PFLEX001,2__PFLEX001,2__PFLEX001,2__PFLEX,OTHER,Flexitricity Limited,483,0.0,0.9999999999999991,45,BMU
BMU ID,marginal_bmu_id,2__PFLEX002_BID,BID,0.0,,,,,0,0.0,0.0,0.1390227409923853,82.36037528752148,484,260,0.0718864433550563,29.382295397846597,40.10965716026676,0.0874561108639911,29.181332817536816,39.771802331439154,2025-05-26 SP14,2__PFLEX002,2__PFLEX002,2__PFLEX002,2__PFLEX,OTHER,Flexitricity Limited,484,0.0,0.9999999999999991,45,BMU
BMU ID,marginal_bmu_id,2__PLOND001_BID,BID,0.0,0.0,0.0,0.0,0.0,5,2.9333333333333336,0.0,0.1390227409923853,82.36037528752148,485,261,0.0718864433550563,29.382295397846597,40.10965716026676,0.0874561108639911,29.181332817536816,39.771802331439154,2025-05-26 SP14,2__PLOND001,EDFE Aggregate N Scot 1,2__PLOND001,2__PLOND,OTHER,EDF Energy Customers Limited,485,0.0,0.9999999999999991,45,BMU
BMU ID,marginal_bmu_id,2__PLOND001_OFFER,OFFER,0.0,0.0,0.0,0.0,0.0,3,0.6444444444444444,0.0,0.1390227409923853,82.36037528752148,486,225,0.0718864433550563,29.382295397846597,40.10965716026676,0.0874561108639911,29.181332817536816,39.771802331439154,2025-05-26 SP14,2__PLOND001,EDFE Aggregate N Scot 1,2__PLOND001,2__PLOND,OTHER,EDF Energy Customers Limited,486,0.0,0.9999999999999991,45,BMU
BMU ID,marginal_bmu_id,2__PMARB001_BID,BID,0.0,,,,,0,0.0,0.0,0.1390227409923853,82.36037528752148,487,262,0.0718864433550563,29.382295397846597,40.10965716026676,0.0874561108639911,29.181332817536816,39.771802331439154,2025-05-26 SP14,2__PMARB001,Lochaber Hydro,2__PMARB001,2__PMARB,NPSHYD,Marble Power Limited,487,0.0,0.9999999999999991,45,BMU
BMU ID,marginal_bmu_id,2__PSMAE001_BID,BID,0.0,,,,,0,0.0,0.0,0.1390227409923853,82.36037528752148,488,263,0.0718864433550563,29.382295397846597,40.10965716026676,0.0874561108639911,29.181332817536816,39.771802331439154,2025-05-26 SP14,2__PSMAE001,2__PSMAE001,2__PSMAE001,2__PSMAE,WIND,Smartestenergy Limited,488,0.0,0.9999999999999991,45,BMU
BMU ID,marginal_bmu_id,2__PSTAT001_BID,BID,0.0,,,,,0,0.0,0.0,0.1390227409923853,82.36037528752148,489,264,0.0718864433550563,29.382295397846597,40.10965716026676,0.0874561108639911,29.181332817536816,39.771802331439154,2025-05-26 SP14,2__PSTAT001,STAT P2 North Scotland,2__PSTAT001,2__PSTAT,WIND,Statkraft Markets Gmbh,489,0.0,0.9999999999999991,45,BMU
BMU ID,marginal_bmu_id,2__PSTAT002_BID,BID,0.0,0.0,0.0,0.0,0.0,1,1.0,0.0,0.1390227409923853,82.36037528752148,490,265,0.0718864433550563,29.382295397846597,40.10965716026676,0.0874561108639911,29.181332817536816,39.771802331439154,2025-05-26 SP14,2__PSTAT002,STAT P3 North Scotland,2__PSTAT002,2__PSTAT,WIND,Statkraft Markets Gmbh,490,0.0,0.9999999999999991,45,BMU
BMU ID,marginal_bmu_id,C__PSTAT011_BID,BID,0.0,,,,,0,0.0,0.0,0.1390227409923853,82.36037528752148,491,266,0.0718864433550563,29.382295397846597,40.10965716026676,0.0874561108639911,29.181332817536816,39.771802331439154,2025-05-26 SP14,C__PSTAT011,C__PSTAT011-AAA-NAN-184,C__PSTAT011,C__PSTAT,WIND,Statkraft Markets Gmbh,491,0.0,0.9999999999999991,45,BMU
BMU ID,marginal_bmu_id,E_ABERDARE_BID,BID,0.0,,,,,0,0.0,0.0,0.1390227409923853,82.36037528752148,492,267,0.0718864433550563,29.382295397846597,40.10965716026676,0.0874561108639911,29.181332817536816,39.771802331439154,2025-05-26 SP14,E_ABERDARE,Aberdare Power Station,E_ABERDARE,E_ABERDARE,OCGT,UK Power Reserve Limited,492,0.0,0.9999999999999991,45,BMU
BMU ID,marginal_bmu_id,E_ABERDARE_OFFER,OFFER,0.0,,,,,0,0.0,0.0,0.1390227409923853,82.36037528752148,493,226,0.0718864433550563,29.382295397846597,40.10965716026676,0.0874561108639911,29.181332817536816,39.771802331439154,2025-05-26 SP14,E_ABERDARE,Aberdare Power Station,E_ABERDARE,E_ABERDARE,OCGT,UK Power Reserve Limited,493,0.0,0.9999999999999991,45,BMU
BMU ID,marginal_bmu_id,E_ABRTW-1_BID,BID,0.0,0.0,0.0,0.0,0.0,1,1.0,0.0,0.1390227409923853,82.36037528752148,494,268,0.0718864433550563,29.382295397846597,40.10965716026676,0.0874561108639911,29.181332817536816,39.771802331439154,2025-05-26 SP14,E_ABRTW-1,Auchrobert Wind Farm,E_ABRTW-1,E_ABRTW,WIND,Npower Commercial Gas Limited,494,0.0,0.9999999999999991,45,BMU
BMU ID,marginal_bmu_id,E_ALCOA-1_BID,BID,0.0,,,,,0,0.0,0.0,0.1390227409923853,82.36037528752148,495,269,0.0718864433550563,29.382295397846597,40.10965716026676,0.0874561108639911,29.181332817536816,39.771802331439154,2025-05-26 SP14,E_ALCOA-1,Alcoa,E_ALCOA-1,E_ALCOA,DIESEL,Conrad Energy (Trading) Ltd,495,0.0,0.9999999999999991,45,BMU
BMU ID,marginal_bmu_id,E_ALCOA-1_OFFER,OFFER,0.0,0.0,0.0,0.0,0.0,3,2.25,0.0,0.1390227409923853,82.36037528752148,496,227,0.0718864433550563,29.382295397846597,40.10965716026676,0.0874561108639911,29.181332817536816,39.771802331439154,2025-05-26 SP14,E_ALCOA-1,Alcoa,E_ALCOA-1,E_ALCOA,DIESEL,Conrad Energy (Trading) Ltd,496,0.0,0.9999999999999991,45,BMU
BMU ID,marginal_bmu_id,E_ARBRB-1_BID,BID,0.0,,,,,0,0.0,0.0,0.1390227409923853,82.36037528752148,497,270,0.0718864433550563,29.382295397846597,40.10965716026676,0.0874561108639911,29.181332817536816,39.771802331439154,2025-05-26 SP14,E_ARBRB-1,Arbroath Battery Storage,E_ARBRB-1,E_ARBRB,OTHER,Octopus Energy Trading Limited,497,0.0,0.9999999999999991,45,BMU
BMU ID,marginal_bmu_id,E_ARBRB-1_OFFER,OFFER,0.0,,,,,0,0.0,0.0,0.1390227409923853,82.36037528752148,498,228,0.0718864433550563,29.382295397846597,40.10965716026676,0.0874561108639911,29.181332817536816,39.771802331439154,2025-05-26 SP14,E_ARBRB-1,Arbroath Battery Storage,E_ARBRB-1,E_ARBRB,OTHER,Octopus Energy Trading Limited,498,0.0,0.9999999999999991,45,BMU
BMU ID,marginal_bmu_id,E_ARNKB-1_BID,BID,0.0,0.0,0.0,0.0,0.0,7,6.333333333333333,0.0,0.1390227409923853,82.36037528752148,499,271,0.0718864433550563,29.382295397846597,40.10965716026676,0.0874561108639911,29.181332817536816,39.771802331439154,2025-05-26 SP14,E_ARNKB-1,AR0006-BLOX,E_ARNKB-1,E_ARNKB_LR,LOAD RESPONSE,Octopus Energy Trading Limited,499,0.0,0.9999999999999991,45,BMU
BMU ID,marginal_bmu_id,E_ARNKB-1_OFFER,OFFER,0.0,0.0,0.0,0.0,0.0,4,4.0,0.0,0.1390227409923853,82.36037528752148,500,229,0.0718864433550563,29.382295397846597,40.10965716026676,0.0874561108639911,29.181332817536816,39.771802331439154,2025-05-26 SP14,E_ARNKB-1,AR0006-BLOX,E_ARNKB-1,E_ARNKB_LR,LOAD RESPONSE,Octopus Energy Trading Limited,500,0.0,0.9999999999999991,45,BMU
BMU ID,marginal_bmu_id,E_ARNKB-2_BID,BID,0.0,,,,,0,0.0,0.0,0.1390227409923853,82.36037528752148,501,272,0.0718864433550563,29.382295397846597,40.10965716026676,0.0874561108639911,29.181332817536816,39.771802331439154,2025-05-26 SP14,E_ARNKB-2,Hutton Battery Storage,E_ARNKB-2,E_ARNKB_B,BATTERY,Flexitricity Limited,501,0.0,0.9999999999999991,45,BMU
BMU ID,marginal_bmu_id,E_ARNKB-2_OFFER,OFFER,0.0,0.0,0.0,0.0,0.0,1,0.5,0.0,0.1390227409923853,82.36037528752148,502,230,0.0718864433550563,29.382295397846597,40.10965716026676,0.0874561108639911,29.181332817536816,39.771802331439154,2025-05-26 SP14,E_ARNKB-2,Hutton Battery Storage,E_ARNKB-2,E_ARNKB_B,BATTERY,Flexitricity Limited,502,0.0,0.9999999999999991,45,BMU
BMU ID,marginal_bmu_id,E_BABAW-1_BID,BID,0.0,,,,,0,0.0,0.0,0.1390227409923853,82.36037528752148,503,273,0.0718864433550563,29.382295397846597,40.10965716026676,0.0874561108639911,29.181332817536816,39.771802331439154,2025-05-26 SP14,E_BABAW-1,Baillie Wind Farm,E_BABAW-1,E_BABAW,WIND,Statkraft Markets Gmbh,503,0.0,0.9999999999999991,45,BMU
BMU ID,marginal_bmu_id,E_BARNB-1_OFFER,OFFER,0.0,0.0,0.0,0.0,0.0,2,2.0,0.0,0.1390227409923853,82.36037528752148,504,231,0.0718864433550563,29.382295397846597,40.10965716026676,0.0874561108639911,29.181332817536816,39.771802331439154,2025-05-26 SP14,E_BARNB-1,Hunningley Stairfoot BESS,E_BARNB-1,E_BARNB,BATTERY,EDF Energy Customers Limited,504,0.0,0.9999999999999991,45,BMU
BMU ID,marginal_bmu_id,E_BETHW-1_BID,BID,0.0,,,,,0,0.0,0.0,0.1390227409923853,82.36037528752148,505,274,0.0718864433550563,29.382295397846597,40.10965716026676,0.0874561108639911,29.181332817536816,39.771802331439154,2025-05-26 SP14,E_BETHW-1,BETHW-1,E_BETHW-1,E_BETHW,WIND,SP Renewables (UK) Limited,505,0.0,0.9999999999999991,45,BMU
BMU ID,marginal_bmu_id,E_BHOLB-1_BID,BID,0.0,0.0,0.0,0.0,0.0,1,1.0,0.0,0.1390227409923853,82.36037528752148,506,275,0.0718864433550563,29.382295397846597,40.10965716026676,0.0874561108639911,29.181332817536816,39.771802331439154,2025-05-26 SP14,E_BHOLB-1,Holes Bay Battery,E_BHOLB-1,E_BHOLB,BATTERY,Tesla Motors Limited,506,0.0,0.9999999999999991,45,BMU
BMU ID,marginal_bmu_id,E_BHOLB-1_OFFER,OFFER,0.0,0.0,0.0,0.0,0.0,2,2.0,0.0,0.1390227409923853,82.36037528752148,507,232,0.0718864433550563,29.382295397846597,40.10965716026676,0.0874561108639911,29.181332817536816,39.771802331439154,2025-05-26 SP14,E_BHOLB-1,Holes Bay Battery,E_BHOLB-1,E_BHOLB,BATTERY,Tesla Motors Limited,507,0.0,0.9999999999999991,45,BMU
BMU ID,marginal_bmu_id,E_BLARW-1_BID,BID,0.0,0.0,0.0,0.0,0.0,1,1.0,0.0,0.1390227409923853,82.36037528752148,508,276,0.0718864433550563,29.382295397846597,40.10965716026676,0.0874561108639911,29.181332817536816,39.771802331439154,2025-05-26 SP14,E_BLARW-1,E_BLARW-1,E_BLARW-1,E_BLARW,WIND,Erova Energy Limited,508,0.0,0.9999999999999991,45,BMU
BMU ID,marginal_bmu_id,E_BLKPB-1_BID,BID,0.0,0.0,0.0,0.0,0.0,6,5.5,0.0,0.1390227409923853,82.36037528752148,509,277,0.0718864433550563,29.382295397846597,40.10965716026676,0.0874561108639911,29.181332817536816,39.771802331439154,2025-05-26 SP14,E_BLKPB-1,Blackpool,E_BLKPB-1,E_BLKPB,BATTERY,Conrad Energy (Trading) Ltd,509,0.0,0.9999999999999991,45,BMU
BMU ID,marginal_bmu_id,E_BLKPB-1_OFFER,OFFER,0.0,0.0,0.0,0.0,0.0,2,2.0,0.0,0.1390227409923853,82.36037528752148,510,233,0.0718864433550563,29.382295397846597,40.10965716026676,0.0874561108639911,29.181332817536816,39.771802331439154,2025-05-26 SP14,E_BLKPB-1,Blackpool,E_BLKPB-1,E_BLKPB,BATTERY,Conrad Energy (Trading) Ltd,510,0.0,0.9999999999999991,45,BMU
BMU ID,marginal_bmu_id,E_BRDUW-1_BID,BID,0.0,0.0,0.0,0.0,0.0,1,0.5,0.0,0.1390227409923853,82.36037528752148,511,278,0.0718864433550563,29.382295397846597,40.10965716026676,0.0874561108639911,29.181332817536816,39.771802331439154,2025-05-26 SP14,E_BRDUW-1,Braes of Doune,E_BRDUW-1,E_BRDUW,WIND,Erova Energy Limited,511,0.0,0.9999999999999991,45,BMU
BMU ID,marginal_bmu_id,E_BRIDGWTR_BID,BID,0.0,,,,,0,0.0,0.0,0.1390227409923853,82.36037528752148,512,279,0.0718864433550563,29.382295397846597,40.10965716026676,0.0874561108639911,29.181332817536816,39.771802331439154,2025-05-26 SP14,E_BRIDGWTR,Bridgwater Power Station,E_BRIDGWTR,E_BRIDGWTR,GAS,UK Power Reserve Limited,512,0.0,0.9999999999999991,45,BMU
BMU ID,marginal_bmu_id,E_BRIDGWTR_OFFER,OFFER,0.0,,,,,0,0.0,0.0,0.1390227409923853,82.36037528752148,513,234,0.0718864433550563,29.382295397846597,40.10965716026676,0.0874561108639911,29.181332817536816,39.771802331439154,2025-05-26 SP14,E_BRIDGWTR,Bridgwater Power Station,E_BRIDGWTR,E_BRIDGWTR,GAS,UK Power Reserve Limited,513,0.0,0.9999999999999991,45,BMU
BMU ID,marginal_bmu_id,E_BROAB-1_BID,BID,0.0,0.0,0.0,0.0,0.0,3,2.333333333333333,0.0,0.1390227409923853,82.36037528752148,514,280,0.0718864433550563,29.382295397846597,40.10965716026676,0.0874561108639911,29.181332817536816,39.771802331439154,2025-05-26 SP14,E_BROAB-1,Broadditch Battery,E_BROAB-1,E_BROAB,BATTERY,Tesla Motors Limited,514,0.0,0.9999999999999991,45,BMU
BMU ID,marginal_bmu_id,E_BROAB-1_OFFER,OFFER,0.0,,,,,0,0.0,0.0,0.1390227409923853,82.36037528752148,515,235,0.0718864433550563,29.382295397846597,40.10965716026676,0.0874561108639911,29.181332817536816,39.771802331439154,2025-05-26 SP14,E_BROAB-1,Broadditch Battery,E_BROAB-1,E_BROAB,BATTERY,Tesla Motors Limited,515,0.0,0.9999999999999991,45,BMU
BMU ID,marginal_bmu_id,E_BROFB-1_BID,BID,0.0,0.0,0.0,0.0,0.0,3,2.0,0.0,0.1390227409923853,82.36037528752148,516,281,0.0718864433550563,29.382295397846597,40.10965716026676,0.0874561108639911,29.181332817536816,39.771802331439154,2025-05-26 SP14,E_BROFB-1,Brook Farm BESS,E_BROFB-1,E_BROFB,BATTERY,EDF Energy Customers Limited,516,0.0,0.9999999999999991,45,BMU
BMU ID,marginal_bmu_id,E_BROFB-1_OFFER,OFFER,0.0,,,,,0,0.0,0.0,0.1390227409923853,82.36037528752148,517,236,0.0718864433550563,29.382295397846597,40.10965716026676,0.0874561108639911,29.181332817536816,39.771802331439154,2025-05-26 SP14,E_BROFB-1,Brook Farm BESS,E_BROFB-1,E_BROFB,BATTERY,EDF Energy Customers Limited,517,0.0,0.9999999999999991,45,BMU
BMU ID,marginal_bmu_id,E_BRYBW-1_BID,BID,0.0,,,,,0,0.0,0.0,0.1390227409923853,82.36037528752148,518,282,0.0718864433550563,29.382295397846597,40.10965716026676,0.0874561108639911,29.181332817536816,39.771802331439154,2025-05-26 SP14,E_BRYBW-1,Berry Burn Wind Farm,E_BRYBW-1,E_BRYBW,WIND,Statkraft Markets Gmbh,518,0.0,0.9999999999999991,45,BMU
BMU ID,marginal_bmu_id,E_BSPHM-1_OFFER,OFFER,0.0,0.0,0.0,0.0,0.0,1,0.5,0.0,0.1390227409923853,82.36037528752148,519,237,0.0718864433550563,29.382295397846597,40.10965716026676,0.0874561108639911,29.181332817536816,39.771802331439154,2025-05-26 SP14,E_BSPHM-1,Bispham,E_BSPHM-1,E_BSPHM,DIESEL,Conrad Energy (Trading) Ltd,519,0.0,0.9999999999999991,45,BMU
BMU ID,marginal_bmu_id,E_BTUIW-3_OFFER,OFFER,0.0,,,,,0,0.0,0.0,0.1390227409923853,82.36037528752148,520,238,0.0718864433550563,29.382295397846597,40.10965716026676,0.0874561108639911,29.181332817536816,39.771802331439154,2025-05-26 SP14,E_BTUIW-3,Beinn an Tuirc III Windfarm,E_BTUIW-3,E_BTUIW,WIND,SP Renewables (UK) Limited,520,0.0,0.9999999999999991,45,BMU
BMU ID,marginal_bmu_id,E_BURGH-1_BID,BID,0.0,,,,,0,0.0,0.0,0.1390227409923853,82.36037528752148,521,283,0.0718864433550563,29.382295397846597,40.10965716026676,0.0874561108639911,29.181332817536816,39.771802331439154,2025-05-26 SP14,E_BURGH-1,Burghfield Power Station,E_BURGH-1,E_BURGH,OCGT,SSEPG (Operations) Ltd,521,0.0,0.9999999999999991,45,BMU
BMU ID,marginal_bmu_id,E_BURWB-2_BID,BID,0.0,0.0,0.0,0.0,0.0,1,1.0,0.0,0.1390227409923853,82.36037528752148,522,284,0.0718864433550563,29.382295397846597,40.10965716026676,0.0874561108639911,29.181332817536816,39.771802331439154,2025-05-26 SP14,E_BURWB-2,Burwell 1,E_BURWB-2,E_BURWB_LR,LOAD RESPONSE,EDF Energy Customers Limited,522,0.0,0.9999999999999991,45,BMU
BMU ID,marginal_bmu_id,E_BURWB-2_OFFER,OFFER,0.0,,,,,0,0.0,0.0,0.1390227409923853,82.36037528752148,523,239,0.0718864433550563,29.382295397846597,40.10965716026676,0.0874561108639911,29.181332817536816,39.771802331439154,2025-05-26 SP14,E_BURWB-2,Burwell 1,E_BURWB-2,E_BURWB_LR,LOAD RESPONSE,EDF Energy Customers Limited,523,0.0,0.9999999999999991,45,BMU
BMU ID,marginal_bmu_id,E_CHAPB-1_BID,BID,0.0,0.0,0.0,0.0,0.0,3,2.2,0.0,0.1390227409923853,82.36037528752148,524,285,0.0718864433550563,29.382295397846597,40.10965716026676,0.0874561108639911,29.181332817536816,39.771802331439154,2025-05-26 SP14,E_CHAPB-1,Chapel Farm BESS,E_CHAPB-1,E_CHAPB,BATTERY,Tesla Motors Limited,524,0.0,0.9999999999999991,45,BMU
BMU ID,marginal_bmu_id,E_CHAPB-1_OFFER,OFFER,0.0,0.0,0.0,0.0,0.0,2,2.0,0.0,0.1390227409923853,82.36037528752148,525,240,0.0718864433550563,29.382295397846597,40.10965716026676,0.0874561108639911,29.181332817536816,39.771802331439154,2025-05-26 SP14,E_CHAPB-1,Chapel Farm BESS,E_CHAPB-1,E_CHAPB,BATTERY,Tesla Motors Limited,525,0.0,0.9999999999999991,45,BMU
BMU ID,marginal_bmu_id,E_CHICK-1_BID,BID,0.0,,,,,0,0.0,0.0,0.1390227409923853,82.36037528752148,526,286,0.0718864433550563,29.382295397846597,40.10965716026676,0.0874561108639911,29.181332817536816,39.771802331439154,2025-05-26 SP14,E_CHICK-1,Chickerell Power Station,E_CHICK-1,E_CHICK,OCGT,SSEPG (Operations) Ltd,526,0.0,0.9999999999999991,45,BMU
BMU ID,marginal_bmu_id,E_CHTRY-1_BID,BID,0.0,,,,,0,0.0,0.0,0.1390227409923853,82.36037528752148,527,287,0.0718864433550563,29.382295397846597,40.10965716026676,0.0874561108639911,29.181332817536816,39.771802331439154,2025-05-26 SP14,E_CHTRY-1,Chatterley,E_CHTRY-1,E_CHTRY,DIESEL,Conrad Energy (Trading) Ltd,527,0.0,0.9999999999999991,45,BMU
BMU ID,marginal_bmu_id,E_CHTRY-1_OFFER,OFFER,0.0,,,,,0,0.0,0.0,0.1390227409923853,82.36037528752148,528,241,0.0718864433550563,29.382295397846597,40.10965716026676,0.0874561108639911,29.181332817536816,39.771802331439154,2025-05-26 SP14,E_CHTRY-1,Chatterley,E_CHTRY-1,E_CHTRY,DIESEL,Conrad Energy (Trading) Ltd,528,0.0,0.9999999999999991,45,BMU
BMU ID,marginal_bmu_id,E_CLAC-1_BID,BID,0.0,0.0,0.0,0.0,0.0,1,1.0,0.0,0.1390227409923853,82.36037528752148,529,288,0.0718864433550563,29.382295397846597,40.10965716026676,0.0874561108639911,29.181332817536816,39.771802331439154,2025-05-26 SP14,E_CLAC-1,Clachan G1,E_CLAC-1,E_CLAC,NPSHYD,SSE Generation Ltd,529,0.0,0.9999999999999991,45,BMU
BMU ID,marginal_bmu_id,E_CLAC-1_OFFER,OFFER,0.0,0.0,0.0,0.0,0.0,1,0.125,0.0,0.1390227409923853,82.36037528752148,530,242,0.0718864433550563,29.382295397846597,40.10965716026676,0.0874561108639911,29.181332817536816,39.771802331439154,2025-05-26 SP14,E_CLAC-1,Clachan G1,E_CLAC-1,E_CLAC,NPSHYD,SSE Generation Ltd,530,0.0,0.9999999999999991,45,BMU
BMU ID,marginal_bmu_id,E_CLAYB-1_BID,BID,0.0,0.0,0.0,0.0,0.0,8,5.116666666666666,0.0,0.1390227409923853,82.36037528752148,531,289,0.0718864433550563,29.382295397846597,40.10965716026676,0.0874561108639911,29.181332817536816,39.771802331439154,2025-05-26 SP14,E_CLAYB-1,ClayTye Farm 1 Battery Storage,E_CLAYB-1,E_CLAYB,BATTERY,Tesla Motors Limited,531,0.0,0.9999999999999991,45,BMU
BMU ID,marginal_bmu_id,E_CLAYB-1_OFFER,OFFER,0.0,0.0,0.0,0.0,0.0,1,1.0,0.0,0.1390227409923853,82.36037528752148,532,243,0.0718864433550563,29.382295397846597,40.10965716026676,0.0874561108639911,29.181332817536816,39.771802331439154,2025-05-26 SP14,E_CLAYB-1,ClayTye Farm 1 Battery Storage,E_CLAYB-1,E_CLAYB,BATTERY,Tesla Motors Limited,532,0.0,0.9999999999999991,45,BMU
BMU ID,marginal_bmu_id,E_CLAYB-2_OFFER,OFFER,0.0,0.0,0.0,0.0,0.0,1,0.3333333333333333,0.0,0.1390227409923853,82.36037528752148,533,244,0.0718864433550563,29.382295397846597,40.10965716026676,0.0874561108639911,29.181332817536816,39.771802331439154,2025-05-26 SP14,E_CLAYB-2,ClayTye Farm 2 Battery Storage,E_CLAYB-2,E_CLAYB,BATTERY,Tesla Motors Limited,533,0.0,0.9999999999999991,45,BMU
BMU ID,marginal_bmu_id,E_CLDRW-1_BID,BID,0.0,,,,,0,0.0,0.0,0.1390227409923853,82.36037528752148,534,290,0.0718864433550563,29.382295397846597,40.10965716026676,0.0874561108639911,29.181332817536816,39.771802331439154,2025-05-26 SP14,E_CLDRW-1,CLDRW-1,E_CLDRW-1,E_CLDRW,WIND,Vattenfall Energy Trading,534,0.0,0.9999999999999991,45,BMU
BMU ID,marginal_bmu_id,E_CONTB-1_BID,BID,0.0,0.0,0.0,0.0,0.0,2,1.3333333333333333,0.0,0.1390227409923853,82.36037528752148,535,291,0.0718864433550563,29.382295397846597,40.10965716026676,0.0874561108639911,29.181332817536816,39.771802331439154,2025-05-26 SP14,E_CONTB-1,Contego Battery,E_CONTB-1,E_CONTB,BATTERY,Tesla Motors Limited,535,0.0,0.9999999999999991,45,BMU
BMU ID,marginal_bmu_id,E_CONTB-1_OFFER,OFFER,0.0,0.0,0.0,0.0,0.0,3,2.2,0.0,0.1390227409923853,82.36037528752148,536,245,0.0718864433550563,29.382295397846597,40.10965716026676,0.0874561108639911,29.181332817536816,39.771802331439154,2025-05-26 SP14,E_CONTB-1,Contego Battery,E_CONTB-1,E_CONTB,BATTERY,Tesla Motors Limited,536,0.0,0.9999999999999991,45,BMU
BMU ID,marginal_bmu_id,E_CORB-1_BID,BID,0.0,,,,,0,0.0,0.0,0.1390227409923853,82.36037528752148,537,292,0.0718864433550563,29.382295397846597,40.10965716026676,0.0874561108639911,29.181332817536816,39.771802331439154,2025-05-26 SP14,E_CORB-1,CORBY POWER LIMITED,E_CORB-1,E_CORB,CCGT,EP UK INVESTMENTS LIMITED,537,0.0,0.9999999999999991,45,BMU
BMU ID,marginal_bmu_id,E_CORB-1_OFFER,OFFER,0.0,,,,,0,0.0,0.0,0.1390227409923853,82.36037528752148,538,246,0.0718864433550563,29.382295397846597,40.10965716026676,0.0874561108639911,29.181332817536816,39.771802331439154,2025-05-26 SP14,E_CORB-1,CORBY POWER LIMITED,E_CORB-1,E_CORB,CCGT,EP UK INVESTMENTS LIMITED,538,0.0,0.9999999999999991,45,BMU
BMU ID,marginal_bmu_id,E_CRGTW-1_BID,BID,0.0,,,,,0,0.0,0.0,0.1390227409923853,82.36037528752148,539,293,0.0718864433550563,29.382295397846597,40.10965716026676,0.0874561108639911,29.181332817536816,39.771802331439154,2025-05-26 SP14,E_CRGTW-1,Craig 2 Wind Farm,E_CRGTW-1,E_CRGTW,WIND,British Gas Trading Ltd,539,0.0,0.9999999999999991,45,BMU
BMU ID,marginal_bmu_id,E_CROYD-2_OFFER,OFFER,0.0,,,,,0,0.0,0.0,0.1390227409923853,82.36037528752148,540,247,0.0718864433550563,29.382295397846597,40.10965716026676,0.0874561108639911,29.181332817536816,39.771802331439154,2025-05-26 SP14,E_CROYD-2,Croydon PS,E_CROYD-2,E_CROYD,OCGT,Whitetower Energy Limited,540,0.0,0.9999999999999991,45,BMU
BMU ID,marginal_bmu_id,E_CRSSB-1_BID,BID,0.0,,,,,0,0.0,0.0,0.1390227409923853,82.36037528752148,541,294,0.0718864433550563,29.382295397846597,40.10965716026676,0.0874561108639911,29.181332817536816,39.771802331439154,2025-05-26 SP14,E_CRSSB-1,Carnegie Road 1,E_CRSSB-1,E_CRSSB,BATTERY,Arenko Cleantech Limited,541,0.0,0.9999999999999991,45,BMU
BMU ID,marginal_bmu_id,E_CRSSB-1_OFFER,OFFER,0.0,0.0,0.0,0.0,0.0,1,1.0,0.0,0.1390227409923853,82.36037528752148,542,248,0.0718864433550563,29.382295397846597,40.10965716026676,0.0874561108639911,29.181332817536816,39.771802331439154,2025-05-26 SP14,E_CRSSB-1,Carnegie Road 1,E_CRSSB-1,E_CRSSB,BATTERY,Arenko Cleantech Limited,542,0.0,0.9999999999999991,45,BMU
BMU ID,marginal_bmu_id,E_CUPAB-1_BID,BID,0.0,0.0,0.0,0.0,0.0,1,1.0,0.0,0.1390227409923853,82.36037528752148,543,295,0.0718864433550563,29.382295397846597,40.10965716026676,0.0874561108639911,29.181332817536816,39.771802331439154,2025-05-26 SP14,E_CUPAB-1,Coupar Battery Storage,E_CUPAB-1,E_CUPAB,OTHER,Octopus Energy Trading Limited,543,0.0,0.9999999999999991,45,BMU
BMU ID,marginal_bmu_id,E_CUPAB-1_OFFER,OFFER,0.0,0.0,0.0,0.0,0.0,1,0.5,0.0,0.1390227409923853,82.36037528752148,544,249,0.0718864433550563,29.382295397846597,40.10965716026676,0.0874561108639911,29.181332817536816,39.771802331439154,2025-05-26 SP14,E_CUPAB-1,Coupar Battery Storage,E_CUPAB-1,E_CUPAB,OTHER,Octopus Energy Trading Limited,544,0.0,0.9999999999999991,45,BMU
BMU ID,marginal_bmu_id,E_DBFRM-1_BID,BID,0.0,,,,,0,0.0,0.0,0.1390227409923853,82.36037528752148,545,296,0.0718864433550563,29.382295397846597,40.10965716026676,0.0874561108639911,29.181332817536816,39.771802331439154,2025-05-26 SP14,E_DBFRM-1,Down Barn Farm,E_DBFRM-1,E_DBFRM,DIESEL,Conrad Energy (Trading) Ltd,545,0.0,0.9999999999999991,45,BMU
BMU ID,marginal_bmu_id,E_DBFRM-1_OFFER,OFFER,0.0,,,,,0,0.0,0.0,0.1390227409923853,82.36037528752148,546,250,0.0718864433550563,29.382295397846597,40.10965716026676,0.0874561108639911,29.181332817536816,39.771802331439154,2025-05-26 SP14,E_DBFRM-1,Down Barn Farm,E_DBFRM-1,E_DBFRM,DIESEL,Conrad Energy (Trading) Ltd,546,0.0,0.9999999999999991,45,BMU
BMU ID,marginal_bmu_id,E_DERBY-1_OFFER,OFFER,0.0,0.0,0.0,0.0,0.0,1,1.0,0.0,0.1390227409923853,82.36037528752148,547,251,0.0718864433550563,29.382295397846597,40.10965716026676,0.0874561108639911,29.181332817536816,39.771802331439154,2025-05-26 SP14,E_DERBY-1,DERBY,E_DERBY-1,E_DERBY,OCGT,Whitetower Energy Limited,547,0.0,0.9999999999999991,45,BMU
BMU ID,marginal_bmu_id,E_DIDC3G_OFFER,OFFER,0.0,,,,,0,0.0,0.0,0.1390227409923853,82.36037528752148,548,252,0.0718864433550563,29.382295397846597,40.10965716026676,0.0874561108639911,29.181332817536816,39.771802331439154,2025-05-26 SP14,E_DIDC3G,Didcot OCGT Unit 3,E_DIDC3G,E_DIDC3G,OCGT,RWE Generation UK plc,548,0.0,0.9999999999999991,45,BMU
BMU ID,marginal_bmu_id,E_EXETR-2_OFFER,OFFER,0.0,,,,,0,0.0,0.0,0.1390227409923853,82.36037528752148,549,253,0.0718864433550563,29.382295397846597,40.10965716026676,0.0874561108639911,29.181332817536816,39.771802331439154,2025-05-26 SP14,E_EXETR-2,Exeter,E_EXETR-2,E_EXETR,OCGT,Whitetower Energy Limited,549,0.0,0.9999999999999991,45,BMU
BMU ID,marginal_bmu_id,E_FARNB-1_BID,BID,0.0,0.0,0.0,0.0,0.0,6,2.2111111111111112,0.0,0.1390227409923853,82.36037528752148,550,297,0.0718864433550563,29.382295397846597,40.10965716026676,0.0874561108639911,29.181332817536816,39.771802331439154,2025-05-26 SP14,E_FARNB-1,Farnham BESS,E_FARNB-1,E_FARNB,BATTERY,Tesla Motors Limited,550,0.0,0.9999999999999991,45,BMU
BMU ID,marginal_bmu_id,E_FARNB-1_OFFER,OFFER,0.0,0.0,0.0,0.0,0.0,1,1.0,0.0,0.1390227409923853,82.36037528752148,551,254,0.0718864433550563,29.382295397846597,40.10965716026676,0.0874561108639911,29.181332817536816,39.771802331439154,2025-05-26 SP14,E_FARNB-1,Farnham BESS,E_FARNB-1,E_FARNB,BATTERY,Tesla Motors Limited,551,0.0,0.9999999999999991,45,BMU
BMU ID,marginal_bmu_id,E_FASN-3_BID,BID,0.0,0.0,0.0,0.0,0.0,1,0.3333333333333333,0.0,0.1390227409923853,82.36037528752148,552,298,0.0718864433550563,29.382295397846597,40.10965716026676,0.0874561108639911,29.181332817536816,39.771802331439154,2025-05-26 SP14,E_FASN-3,Fasnakyle  G3,E_FASN-3,E_FASN,NPSHYD,SSE Generation Ltd,552,0.0,0.9999999999999991,45,BMU
BMU ID,marginal_bmu_id,E_FASN-3_OFFER,OFFER,0.0,0.0,0.0,0.0,0.0,1,0.5,0.0,0.1390227409923853,82.36037528752148,553,255,0.0718864433550563,29.382295397846597,40.10965716026676,0.0874561108639911,29.181332817536816,39.771802331439154,2025-05-26 SP14,E_FASN-3,Fasnakyle  G3,E_FASN-3,E_FASN,NPSHYD,SSE Generation Ltd,553,0.0,0.9999999999999991,45,BMU
BMU ID,marginal_bmu_id,E_GLOFW-1_BID,BID,0.0,,,,,0,0.0,0.0,0.1390227409923853,82.36037528752148,554,299,0.0718864433550563,29.382295397846597,40.10965716026676,0.0874561108639911,29.181332817536816,39.771802331439154,2025-05-26 SP14,E_GLOFW-1,Glens of Foudland,E_GLOFW-1,E_GLOFW,WIND,Glens of Foudland Ltd,554,0.0,0.9999999999999991,45,BMU
BMU ID,marginal_bmu_id,E_GOSHS-1_OFFER,OFFER,0.0,0.0,0.0,0.0,0.0,2,1.5,0.0,0.1390227409923853,82.36037528752148,555,256,0.0718864433550563,29.382295397846597,40.10965716026676,0.0874561108639911,29.181332817536816,39.771802331439154,2025-05-26 SP14,E_GOSHS-1,Goose House Lane,E_GOSHS-1,E_GOSHS,DIESEL,Conrad Energy (Trading) Ltd,555,0.0,0.9999999999999991,45,BMU
BMU ID,marginal_bmu_id,E_GRCRB-1_BID,BID,0.0,,,,,0,0.0,0.0,0.1390227409923853,82.36037528752148,556,300,0.0718864433550563,29.382295397846597,40.10965716026676,0.0874561108639911,29.181332817536816,39.771802331439154,2025-05-26 SP14,E_GRCRB-1,Gerrards Cross BESS,E_GRCRB-1,E_GRCRB,BATTERY,FIELD GERRARDS CROSS LTD,556,0.0,0.9999999999999991,45,BMU
BMU ID,marginal_bmu_id,E_GRCRB-1_OFFER,OFFER,0.0,,,,,0,0.0,0.0,0.1390227409923853,82.36037528752148,557,257,0.0718864433550563,29.382295397846597,40.10965716026676,0.0874561108639911,29.181332817536816,39.771802331439154,2025-05-26 SP14,E_GRCRB-1,Gerrards Cross BESS,E_GRCRB-1,E_GRCRB,BATTERY,FIELD GERRARDS CROSS LTD,557,0.0,0.9999999999999991,45,BMU
BMU ID,marginal_bmu_id,E_GRGRW-1_BID,BID,0.0,0.0,0.0,0.0,0.0,1,1.0,0.0,0.1390227409923853,82.36037528752148,558,301,0.0718864433550563,29.382295397846597,40.10965716026676,0.0874561108639911,29.181332817536816,39.771802331439154,2025-05-26 SP14,E_GRGRW-1,Greengairs East WF-1,E_GRGRW-1,E_GRGRW,WIND,Greengairs East Wind Farm Ltd,558,0.0,0.9999999999999991,45,BMU
BMU ID,marginal_bmu_id,E_GYAR-1_BID,BID,0.0,0.0,0.0,0.0,0.0,6,3.767857142857143,0.0,0.1390227409923853,82.36037528752148,559,302,0.0718864433550563,29.382295397846597,40.10965716026676,0.0874561108639911,29.181332817536816,39.771802331439154,2025-05-26 SP14,E_GYAR-1,Great Yarmouth Power Limited,E_GYAR-1,E_GYAR,CCGT,RWE Generation UK plc,559,0.0,0.9999999999999991,45,BMU
BMU ID,marginal_bmu_id,E_GYAR-1_OFFER,OFFER,0.0,0.0,0.0,0.0,0.0,1,1.0,0.0,0.1390227409923853,82.36037528752148,560,258,0.0718864433550563,29.382295397846597,40.10965716026676,0.0874561108639911,29.181332817536816,39.771802331439154,2025-05-26 SP14,E_GYAR-1,Great Yarmouth Power Limited,E_GYAR-1,E_GYAR,CCGT,RWE Generation UK plc,560,0.0,0.9999999999999991,45,BMU
BMU ID,marginal_bmu_id,E_HAWKB-1_OFFER,OFFER,0.0,0.0,0.0,0.0,0.0,6,3.976190476190476,0.0,0.1390227409923853,82.36037528752148,561,259,0.0718864433550563,29.382295397846597,40.10965716026676,0.0874561108639911,29.181332817536816,39.771802331439154,2025-05-26 SP14,E_HAWKB-1,HawkersHill  Battery,E_HAWKB-1,E_HAWKB,BATTERY,Tesla Motors Limited,561,0.0,0.9999999999999991,45,BMU
BMU ID,marginal_bmu_id,E_HRHLW-1_BID,BID,0.0,,,,,0,0.0,0.0,0.1390227409923853,82.36037528752148,562,303,0.0718864433550563,29.382295397846597,40.10965716026676,0.0874561108639911,29.181332817536816,39.771802331439154,2025-05-26 SP14,E_HRHLW-1,Hare Hill Extension Windfarm,E_HRHLW-1,E_HRHLW,WIND,SP Renewables (UK) Limited,562,0.0,0.9999999999999991,45,BMU
BMU ID,marginal_bmu_id,E_ILMEB-1_BID,BID,0.0,0.0,0.0,0.0,0.0,5,3.5,0.0,0.1390227409923853,82.36037528752148,563,304,0.0718864433550563,29.382295397846597,40.10965716026676,0.0874561108639911,29.181332817536816,39.771802331439154,2025-05-26 SP14,E_ILMEB-1,Ilmer Lane BESS,E_ILMEB-1,E_ILMEB,BATTERY,Tesla Motors Limited,563,0.0,0.9999999999999991,45,BMU
BMU ID,marginal_bmu_id,E_ILMEB-1_OFFER,OFFER,0.0,0.0,0.0,0.0,0.0,2,1.5,0.0,0.1390227409923853,82.36037528752148,564,260,0.0718864433550563,29.382295397846597,40.10965716026676,0.0874561108639911,29.181332817536816,39.771802331439154,2025-05-26 SP14,E_ILMEB-1,Ilmer Lane BESS,E_ILMEB-1,E_ILMEB,BATTERY,Tesla Motors Limited,564,0.0,0.9999999999999991,45,BMU
BMU ID,marginal_bmu_id,E_JAMBB-1_BID,BID,0.0,,,,,0,0.0,0.0,0.1390227409923853,82.36037528752148,565,305,0.0718864433550563,29.382295397846597,40.10965716026676,0.0874561108639911,29.181332817536816,39.771802331439154,2025-05-26 SP14,E_JAMBB-1,Jamesfield 1 Battery Storage,E_JAMBB-1,E_JAMBB_B,BATTERY,Tesla Motors Limited,565,0.0,0.9999999999999991,45,BMU
BMU ID,marginal_bmu_id,E_JAMBB-1_OFFER,OFFER,0.0,,,,,0,0.0,0.0,0.1390227409923853,82.36037528752148,566,261,0.0718864433550563,29.382295397846597,40.10965716026676,0.0874561108639911,29.181332817536816,39.771802331439154,2025-05-26 SP14,E_JAMBB-1,Jamesfield 1 Battery Storage,E_JAMBB-1,E_JAMBB_B,BATTERY,Tesla Motors Limited,566,0.0,0.9999999999999991,45,BMU
BMU ID,marginal_bmu_id,E_JAMBB-2_BID,BID,0.0,0.0,0.0,0.0,0.0,3,3.0,0.0,0.1390227409923853,82.36037528752148,567,306,0.0718864433550563,29.382295397846597,40.10965716026676,0.0874561108639911,29.181332817536816,39.771802331439154,2025-05-26 SP14,E_JAMBB-2,Jamesfield 2 Battery Storage,E_JAMBB-2,E_JAMBB_OTH,OTHER,Tesla Motors Limited,567,0.0,0.9999999999999991,45,BMU
BMU ID,marginal_bmu_id,E_JAMBB-2_OFFER,OFFER,0.0,0.0,0.0,0.0,0.0,1,0.1,0.0,0.1390227409923853,82.36037528752148,568,262,0.0718864433550563,29.382295397846597,40.10965716026676,0.0874561108639911,29.181332817536816,39.771802331439154,2025-05-26 SP14,E_JAMBB-2,Jamesfield 2 Battery Storage,E_JAMBB-2,E_JAMBB_OTH,OTHER,Tesla Motors Limited,568,0.0,0.9999999999999991,45,BMU
BMU ID,marginal_bmu_id,E_KLYN-A-1_BID,BID,0.0,0.0,0.0,0.0,0.0,4,3.0,0.0,0.1390227409923853,82.36037528752148,569,307,0.0718864433550563,29.382295397846597,40.10965716026676,0.0874561108639911,29.181332817536816,39.771802331439154,2025-05-26 SP14,E_KLYN-A-1,Kings Lynn A,E_KLYN-A-1,E_KLYN-A,CCGT,RWE Generation UK plc,569,0.0,0.9999999999999991,45,BMU
BMU ID,marginal_bmu_id,E_LCHWT-1_BID,BID,0.0,,,,,0,0.0,0.0,0.1390227409923853,82.36037528752148,570,308,0.0718864433550563,29.382295397846597,40.10965716026676,0.0874561108639911,29.181332817536816,39.771802331439154,2025-05-26 SP14,E_LCHWT-1,Letchworth,E_LCHWT-1,E_LCHWT,DIESEL,Conrad Energy (Trading) Ltd,570,0.0,0.9999999999999991,45,BMU
BMU ID,marginal_bmu_id,E_LCHWT-1_OFFER,OFFER,0.0,0.0,0.0,0.0,0.0,2,1.0909090909090908,0.0,0.1390227409923853,82.36037528752148,571,263,0.0718864433550563,29.382295397846597,40.10965716026676,0.0874561108639911,29.181332817536816,39.771802331439154,2025-05-26 SP14,E_LCHWT-1,Letchworth,E_LCHWT-1,E_LCHWT,DIESEL,Conrad Energy (Trading) Ltd,571,0.0,0.9999999999999991,45,BMU
BMU ID,marginal_bmu_id,E_LITRB-1_BID,BID,0.0,0.0,0.0,0.0,0.0,4,4.0,0.0,0.1390227409923853,82.36037528752148,572,309,0.0718864433550563,29.382295397846597,40.10965716026676,0.0874561108639911,29.181332817536816,39.771802331439154,2025-05-26 SP14,E_LITRB-1,Little Raith BESS,E_LITRB-1,E_LITRB,BATTERY,Tesla Motors Limited,572,0.0,0.9999999999999991,45,BMU
BMU ID,marginal_bmu_id,E_LITRB-1_OFFER,OFFER,0.0,0.0,0.0,0.0,0.0,3,3.0,0.0,0.1390227409923853,82.36037528752148,573,264,0.0718864433550563,29.382295397846597,40.10965716026676,0.0874561108639911,29.181332817536816,39.771802331439154,2025-05-26 SP14,E_LITRB-1,Little Raith BESS,E_LITRB-1,E_LITRB,BATTERY,Tesla Motors Limited,573,0.0,0.9999999999999991,45,BMU
BMU ID,marginal_bmu_id,E_LSTWY-1_OFFER,OFFER,0.0,,,,,0,0.0,0.0,0.1390227409923853,82.36037528752148,574,265,0.0718864433550563,29.382295397846597,40.10965716026676,0.0874561108639911,29.181332817536816,39.771802331439154,2025-05-26 SP14,E_LSTWY-1,Lester Way,E_LSTWY-1,E_LSTWY,DIESEL,Conrad Energy (Trading) Ltd,574,0.0,0.9999999999999991,45,BMU
BMU ID,marginal_bmu_id,E_MDLWH-1_OFFER,OFFER,0.0,,,,,0,0.0,0.0,0.1390227409923853,82.36037528752148,575,266,0.0718864433550563,29.382295397846597,40.10965716026676,0.0874561108639911,29.181332817536816,39.771802331439154,2025-05-26 SP14,E_MDLWH-1,Middlewich,E_MDLWH-1,E_MDLWH,DIESEL,Conrad Energy (Trading) Ltd,575,0.0,0.9999999999999991,45,BMU
BMU ID,marginal_bmu_id,E_MORFL-1_BID,BID,0.0,,,,,0,0.0,0.0,0.1390227409923853,82.36037528752148,576,310,0.0718864433550563,29.382295397846597,40.10965716026676,0.0874561108639911,29.181332817536816,39.771802331439154,2025-05-26 SP14,E_MORFL-1,Moorfield Drive,E_MORFL-1,E_MORFL,DIESEL,Conrad Energy (Trading) Ltd,576,0.0,0.9999999999999991,45,BMU
BMU ID,marginal_bmu_id,E_MORFL-1_OFFER,OFFER,0.0,0.0,0.0,0.0,0.0,3,2.5,0.0,0.1390227409923853,82.36037528752148,577,267,0.0718864433550563,29.382295397846597,40.10965716026676,0.0874561108639911,29.181332817536816,39.771802331439154,2025-05-26 SP14,E_MORFL-1,Moorfield Drive,E_MORFL-1,E_MORFL,DIESEL,Conrad Energy (Trading) Ltd,577,0.0,0.9999999999999991,45,BMU
BMU ID,marginal_bmu_id,E_NEWPB-1_BID,BID,0.0,,,,,0,0.0,0.0,0.1390227409923853,82.36037528752148,578,311,0.0718864433550563,29.382295397846597,40.10965716026676,0.0874561108639911,29.181332817536816,39.771802331439154,2025-05-26 SP14,E_NEWPB-1,Newport BESS,E_NEWPB-1,E_NEWPB,BATTERY,Field Newport Ltd,578,0.0,0.9999999999999991,45,BMU
BMU ID,marginal_bmu_id,E_NEWPB-1_OFFER,OFFER,0.0,,,,,0,0.0,0.0,0.1390227409923853,82.36037528752148,579,268,0.0718864433550563,29.382295397846597,40.10965716026676,0.0874561108639911,29.181332817536816,39.771802331439154,2025-05-26 SP14,E_NEWPB-1,Newport BESS,E_NEWPB-1,E_NEWPB,BATTERY,Field Newport Ltd,579,0.0,0.9999999999999991,45,BMU
BMU ID,marginal_bmu_id,E_NEWTB-1_BID,BID,0.0,0.0,0.0,0.0,0.0,2,1.0454545454545454,0.0,0.1390227409923853,82.36037528752148,580,312,0.0718864433550563,29.382295397846597,40.10965716026676,0.0874561108639911,29.181332817536816,39.771802331439154,2025-05-26 SP14,E_NEWTB-1,Newton wood BESS,E_NEWTB-1,E_NEWTB,BATTERY,EDF Energy Customers Limited,580,0.0,0.9999999999999991,45,BMU
BMU ID,marginal_bmu_id,E_NEWTB-1_OFFER,OFFER,0.0,0.0,0.0,0.0,0.0,2,1.2,0.0,0.1390227409923853,82.36037528752148,581,269,0.0718864433550563,29.382295397846597,40.10965716026676,0.0874561108639911,29.181332817536816,39.771802331439154,2025-05-26 SP14,E_NEWTB-1,Newton wood BESS,E_NEWTB-1,E_NEWTB,BATTERY,EDF Energy Customers Limited,581,0.0,0.9999999999999991,45,BMU
BMU ID,marginal_bmu_id,E_OLDHB-1_BID,BID,0.0,0.0,0.0,0.0,0.0,4,4.0,0.0,0.1390227409923853,82.36037528752148,582,313,0.0718864433550563,29.382295397846597,40.10965716026676,0.0874561108639911,29.181332817536816,39.771802331439154,2025-05-26 SP14,E_OLDHB-1,Oldham BESS,E_OLDHB-1,E_OLDHB,BATTERY,Field Oldham Ltd,582,0.0,0.9999999999999991,45,BMU
BMU ID,marginal_bmu_id,E_OLDHB-1_OFFER,OFFER,0.0,0.0,0.0,0.0,0.0,2,2.0,0.0,0.1390227409923853,82.36037528752148,583,270,0.0718864433550563,29.382295397846597,40.10965716026676,0.0874561108639911,29.181332817536816,39.771802331439154,2025-05-26 SP14,E_OLDHB-1,Oldham BESS,E_OLDHB-1,E_OLDHB,BATTERY,Field Oldham Ltd,583,0.0,0.9999999999999991,45,BMU
BMU ID,marginal_bmu_id,E_PETEM1_OFFER,OFFER,0.0,0.0,0.0,0.0,0.0,2,2.0,0.0,0.1390227409923853,82.36037528752148,584,271,0.0718864433550563,29.382295397846597,40.10965716026676,0.0874561108639911,29.181332817536816,39.771802331439154,2025-05-26 SP14,E_PETEM1,Peterborough,E_PETEM1,E_PETEM,CCGT,River Nene Power Limited,584,0.0,0.9999999999999991,45,BMU
BMU ID,marginal_bmu_id,E_PETEM3_BID,BID,0.0,0.0,0.0,0.0,0.0,1,1.0,0.0,0.1390227409923853,82.36037528752148,585,314,0.0718864433550563,29.382295397846597,40.10965716026676,0.0874561108639911,29.181332817536816,39.771802331439154,2025-05-26 SP14,E_PETEM3,Peterborough Power 3,E_PETEM3,E_PETEM,CCGT,River Nene Power Limited,585,0.0,0.9999999999999991,45,BMU
BMU ID,marginal_bmu_id,E_PETEM3_OFFER,OFFER,0.0,,,,,0,0.0,0.0,0.1390227409923853,82.36037528752148,586,272,0.0718864433550563,29.382295397846597,40.10965716026676,0.0874561108639911,29.181332817536816,39.771802331439154,2025-05-26 SP14,E_PETEM3,Peterborough Power 3,E_PETEM3,E_PETEM,CCGT,River Nene Power Limited,586,0.0,0.9999999999999991,45,BMU
BMU ID,marginal_bmu_id,E_PGBARY_OFFER,OFFER,0.0,,,,,0,0.0,0.0,0.1390227409923853,82.36037528752148,587,273,0.0718864433550563,29.382295397846597,40.10965716026676,0.0874561108639911,29.181332817536816,39.771802331439154,2025-05-26 SP14,E_PGBARY,E_PGBARY,E_PGBARY,E_PGBARY,DIESEL,Peak Gen Top Co Limited,587,0.0,0.9999999999999991,45,BMU
BMU ID,marginal_bmu_id,E_PGBRKL_OFFER,OFFER,0.0,,,,,0,0.0,0.0,0.1390227409923853,82.36037528752148,588,274,0.0718864433550563,29.382295397846597,40.10965716026676,0.0874561108639911,29.181332817536816,39.771802331439154,2025-05-26 SP14,E_PGBRKL,E_PGBRKL,E_PGBRKL,E_PGBRKL,DIESEL,Peak Gen Top Co Limited,588,0.0,0.9999999999999991,45,BMU
BMU ID,marginal_bmu_id,E_PGEXTR_OFFER,OFFER,0.0,,,,,0,0.0,0.0,0.1390227409923853,82.36037528752148,589,275,0.0718864433550563,29.382295397846597,40.10965716026676,0.0874561108639911,29.181332817536816,39.771802331439154,2025-05-26 SP14,E_PGEXTR,E_PGEXTR,E_PGEXTR,E_PGEXTR,DIESEL,Peak Gen Top Co Limited,589,0.0,0.9999999999999991,45,BMU
BMU ID,marginal_bmu_id,E_PGFARE_OFFER,OFFER,0.0,,,,,0,0.0,0.0,0.1390227409923853,82.36037528752148,590,276,0.0718864433550563,29.382295397846597,40.10965716026676,0.0874561108639911,29.181332817536816,39.771802331439154,2025-05-26 SP14,E_PGFARE,E_PGFARE,E_PGFARE,E_PGFARE,DIESEL,Peak Gen Top Co Limited,590,0.0,0.9999999999999991,45,BMU
BMU ID,marginal_bmu_id,E_PGHVNT_OFFER,OFFER,0.0,,,,,0,0.0,0.0,0.1390227409923853,82.36037528752148,591,277,0.0718864433550563,29.382295397846597,40.10965716026676,0.0874561108639911,29.181332817536816,39.771802331439154,2025-05-26 SP14,E_PGHVNT,E_PGHVNT,E_PGHVNT,E_PGHVNT,DIESEL,Peak Gen Top Co Limited,591,0.0,0.9999999999999991,45,BMU
BMU ID,marginal_bmu_id,E_PGLLAN_OFFER,OFFER,0.0,0.0,0.0,0.0,0.0,1,1.0,0.0,0.1390227409923853,82.36037528752148,592,278,0.0718864433550563,29.382295397846597,40.10965716026676,0.0874561108639911,29.181332817536816,39.771802331439154,2025-05-26 SP14,E_PGLLAN,E_PGLLAN,E_PGLLAN,E_PGLLAN,OTHER,Peak Gen Top Co Limited,592,0.0,0.9999999999999991,45,BMU
BMU ID,marginal_bmu_id,E_PGSOUT_OFFER,OFFER,0.0,,,,,0,0.0,0.0,0.1390227409923853,82.36037528752148,593,279,0.0718864433550563,29.382295397846597,40.10965716026676,0.0874561108639911,29.181332817536816,39.771802331439154,2025-05-26 SP14,E_PGSOUT,E_PGSOUT,E_PGSOUT,E_PGSOUT,OTHER,Peak Gen Top Co Limited,593,0.0,0.9999999999999991,45,BMU
BMU ID,marginal_bmu_id,E_PILLB-1_OFFER,OFFER,0.0,0.0,0.0,0.0,0.0,2,2.0,0.0,0.1390227409923853,82.36037528752148,594,280,0.0718864433550563,29.382295397846597,40.10965716026676,0.0874561108639911,29.181332817536816,39.771802331439154,2025-05-26 SP14,E_PILLB-1,Pillswood 1 Battery Storage,E_PILLB-1,E_PILLB,BATTERY,BP Gas Marketing Limited,594,0.0,0.9999999999999991,45,BMU
BMU ID,marginal_bmu_id,E_PILLB-2_BID,BID,0.0,0.0,0.0,0.0,0.0,10,9.166666666666668,0.0,0.1390227409923853,82.36037528752148,595,315,0.0718864433550563,29.382295397846597,40.10965716026676,0.0874561108639911,29.181332817536816,39.771802331439154,2025-05-26 SP14,E_PILLB-2,Pillswood 2 Battery Storage,E_PILLB-2,E_PILLB,BATTERY,BP Gas Marketing Limited,595,0.0,0.9999999999999991,45,BMU
BMU ID,marginal_bmu_id,E_PILLB-2_OFFER,OFFER,0.0,0.0,0.0,0.0,0.0,2,1.3333333333333333,0.0,0.1390227409923853,82.36037528752148,596,281,0.0718864433550563,29.382295397846597,40.10965716026676,0.0874561108639911,29.181332817536816,39.771802331439154,2025-05-26 SP14,E_PILLB-2,Pillswood 2 Battery Storage,E_PILLB-2,E_PILLB,BATTERY,BP Gas Marketing Limited,596,0.0,0.9999999999999991,45,BMU
BMU ID,marginal_bmu_id,E_POTES-1_BID,BID,0.0,,,,,0,0.0,0.0,0.1390227409923853,82.36037528752148,597,316,0.0718864433550563,29.382295397846597,40.10965716026676,0.0874561108639911,29.181332817536816,39.771802331439154,2025-05-26 SP14,E_POTES-1,Port of Tyne Energy Storage,E_POTES-1,E_POTES,BATTERY,Arenko Cleantech Limited,597,0.0,0.9999999999999991,45,BMU
BMU ID,marginal_bmu_id,E_POTES-1_OFFER,OFFER,0.0,0.0,0.0,0.0,0.0,1,1.0,0.0,0.1390227409923853,82.36037528752148,598,282,0.0718864433550563,29.382295397846597,40.10965716026676,0.0874561108639911,29.181332817536816,39.771802331439154,2025-05-26 SP14,E_POTES-1,Port of Tyne Energy Storage,E_POTES-1,E_POTES,BATTERY,Arenko Cleantech Limited,598,0.0,0.9999999999999991,45,BMU
BMU ID,marginal_bmu_id,E_RAKE-1_OFFER,OFFER,0.0,0.0,0.0,0.0,0.0,3,1.75,0.0,0.1390227409923853,82.36037528752148,599,283,0.0718864433550563,29.382295397846597,40.10965716026676,0.0874561108639911,29.181332817536816,39.771802331439154,2025-05-26 SP14,E_RAKE-1,Rake Lane,E_RAKE-1,E_RAKE,DIESEL,Conrad Energy (Trading) Ltd,599,0.0,0.9999999999999991,45,BMU
BMU ID,marginal_bmu_id,E_RDFRB-1_BID,BID,0.0,,,,,0,0.0,0.0,0.1390227409923853,82.36037528752148,600,317,0.0718864433550563,29.382295397846597,40.10965716026676,0.0874561108639911,29.181332817536816,39.771802331439154,2025-05-26 SP14,E_RDFRB-1,Redfield Road B,E_RDFRB-1,E_RDFRB,DIESEL,Conrad Energy (Trading) Ltd,600,0.0,0.9999999999999991,45,BMU
BMU ID,marginal_bmu_id,E_RDFRB-1_OFFER,OFFER,0.0,,,,,0,0.0,0.0,0.1390227409923853,82.36037528752148,601,284,0.0718864433550563,29.382295397846597,40.10965716026676,0.0874561108639911,29.181332817536816,39.771802331439154,2025-05-26 SP14,E_RDFRB-1,Redfield Road B,E_RDFRB-1,E_RDFRB,DIESEL,Conrad Energy (Trading) Ltd,601,0.0,0.9999999999999991,45,BMU
BMU ID,marginal_bmu_id,E_RDFRD-1_BID,BID,0.0,,,,,0,0.0,0.0,0.1390227409923853,82.36037528752148,602,318,0.0718864433550563,29.382295397846597,40.10965716026676,0.0874561108639911,29.181332817536816,39.771802331439154,2025-05-26 SP14,E_RDFRD-1,Redfield Road,E_RDFRD-1,E_RDFRD,DIESEL,Conrad Energy (Trading) Ltd,602,0.0,0.9999999999999991,45,BMU
BMU ID,marginal_bmu_id,E_RDFRD-1_OFFER,OFFER,0.0,0.0,0.0,0.0,0.0,2,0.3611111111111111,0.0,0.1390227409923853,82.36037528752148,603,285,0.0718864433550563,29.382295397846597,40.10965716026676,0.0874561108639911,29.181332817536816,39.771802331439154,2025-05-26 SP14,E_RDFRD-1,Redfield Road,E_RDFRD-1,E_RDFRD,DIESEL,Conrad Energy (Trading) Ltd,603,0.0,0.9999999999999991,45,BMU
BMU ID,marginal_bmu_id,E_RDSCR-1_BID,BID,0.0,,,,,0,0.0,0.0,0.1390227409923853,82.36037528752148,604,319,0.0718864433550563,29.382295397846597,40.10965716026676,0.0874561108639911,29.181332817536816,39.771802331439154,2025-05-26 SP14,E_RDSCR-1,Redscar,E_RDSCR-1,E_RDSCR,DIESEL,Conrad Energy (Trading) Ltd,604,0.0,0.9999999999999991,45,BMU
BMU ID,marginal_bmu_id,E_RDSCR-1_OFFER,OFFER,0.0,0.0,0.0,0.0,0.0,1,0.25,0.0,0.1390227409923853,82.36037528752148,605,286,0.0718864433550563,29.382295397846597,40.10965716026676,0.0874561108639911,29.181332817536816,39.771802331439154,2025-05-26 SP14,E_RDSCR-1,Redscar,E_RDSCR-1,E_RDSCR,DIESEL,Conrad Energy (Trading) Ltd,605,0.0,0.9999999999999991,45,BMU
BMU ID,marginal_bmu_id,E_RHEI-1_BID,BID,0.0,,,,,0,0.0,0.0,0.1390227409923853,82.36037528752148,606,320,0.0718864433550563,29.382295397846597,40.10965716026676,0.0874561108639911,29.181332817536816,39.771802331439154,2025-05-26 SP14,E_RHEI-1,E_RHEI-1,E_RHEI-1,E_RHEI,NPSHYD,Statkraft Markets Gmbh,606,0.0,0.9999999999999991,45,BMU
BMU ID,marginal_bmu_id,E_RHEI-1_OFFER,OFFER,0.0,0.0,0.0,0.0,0.0,3,3.0,0.0,0.1390227409923853,82.36037528752148,607,287,0.0718864433550563,29.382295397846597,40.10965716026676,0.0874561108639911,29.181332817536816,39.771802331439154,2025-05-26 SP14,E_RHEI-1,E_RHEI-1,E_RHEI-1,E_RHEI,NPSHYD,Statkraft Markets Gmbh,607,0.0,0.9999999999999991,45,BMU
BMU ID,marginal_bmu_id,E_ROARB-1_BID,BID,0.0,0.0,0.0,0.0,0.0,4,3.333333333333333,0.0,0.1390227409923853,82.36037528752148,608,321,0.0718864433550563,29.382295397846597,40.10965716026676,0.0874561108639911,29.181332817536816,39.771802331439154,2025-05-26 SP14,E_ROARB-1,Roaring Hill BESS,E_ROARB-1,E_ROARB,BATTERY,Tesla Motors Limited,608,0.0,0.9999999999999991,45,BMU
BMU ID,marginal_bmu_id,E_ROARB-1_OFFER,OFFER,0.0,0.0,0.0,0.0,0.0,2,1.3333333333333333,0.0,0.1390227409923853,82.36037528752148,609,288,0.0718864433550563,29.382295397846597,40.10965716026676,0.0874561108639911,29.181332817536816,39.771802331439154,2025-05-26 SP14,E_ROARB-1,Roaring Hill BESS,E_ROARB-1,E_ROARB,BATTERY,Tesla Motors Limited,609,0.0,0.9999999999999991,45,BMU
BMU ID,marginal_bmu_id,E_ROOSB-1_BID,BID,0.0,,,,,0,0.0,0.0,0.1390227409923853,82.36037528752148,610,322,0.0718864433550563,29.382295397846597,40.10965716026676,0.0874561108639911,29.181332817536816,39.771802331439154,2025-05-26 SP14,E_ROOSB-1,Roosecote BESS,E_ROOSB-1,E_ROOSB,BATTERY,CBS ENERGY STORAGE ASSETS LTD,610,0.0,0.9999999999999991,45,BMU
BMU ID,marginal_bmu_id,E_ROOSB-1_OFFER,OFFER,0.0,0.0,0.0,0.0,0.0,1,1.0,0.0,0.1390227409923853,82.36037528752148,611,289,0.0718864433550563,29.382295397846597,40.10965716026676,0.0874561108639911,29.181332817536816,39.771802331439154,2025-05-26 SP14,E_ROOSB-1,Roosecote BESS,E_ROOSB-1,E_ROOSB,BATTERY,CBS ENERGY STORAGE ASSETS LTD,611,0.0,0.9999999999999991,45,BMU
BMU ID,marginal_bmu_id,E_SEVINGTN_BID,BID,0.0,,,,,0,0.0,0.0,0.1390227409923853,82.36037528752148,612,323,0.0718864433550563,29.382295397846597,40.10965716026676,0.0874561108639911,29.181332817536816,39.771802331439154,2025-05-26 SP14,E_SEVINGTN,Sevington District Energy,E_SEVINGTN,E_SEVINGTN,GAS,UK Power Reserve Limited,612,0.0,0.9999999999999991,45,BMU
BMU ID,marginal_bmu_id,E_SEVINGTN_OFFER,OFFER,0.0,,,,,0,0.0,0.0,0.1390227409923853,82.36037528752148,613,290,0.0718864433550563,29.382295397846597,40.10965716026676,0.0874561108639911,29.181332817536816,39.771802331439154,2025-05-26 SP14,E_SEVINGTN,Sevington District Energy,E_SEVINGTN,E_SEVINGTN,GAS,UK Power Reserve Limited,613,0.0,0.9999999999999991,45,BMU
BMU ID,marginal_bmu_id,E_SHILB-1_BID,BID,0.0,,,,,0,0.0,0.0,0.1390227409923853,82.36037528752148,614,324,0.0718864433550563,29.382295397846597,40.10965716026676,0.0874561108639911,29.181332817536816,39.771802331439154,2025-05-26 SP14,E_SHILB-1,Shilton Lane BESS,E_SHILB-1,E_SHILB,OTHER,Octopus Energy Trading Limited,614,0.0,0.9999999999999991,45,BMU
BMU ID,marginal_bmu_id,E_SKELB-1_BID,BID,0.0,0.0,0.0,0.0,0.0,4,1.3333333333333333,0.0,0.1390227409923853,82.36037528752148,615,325,0.0718864433550563,29.382295397846597,40.10965716026676,0.0874561108639911,29.181332817536816,39.771802331439154,2025-05-26 SP14,E_SKELB-1,Skelmersdale Battery,E_SKELB-1,E_SKELB,BATTERY,Tesla Motors Limited,615,0.0,0.9999999999999991,45,BMU
BMU ID,marginal_bmu_id,E_SKELB-1_OFFER,OFFER,0.0,0.0,0.0,0.0,0.0,3,2.25,0.0,0.1390227409923853,82.36037528752148,616,291,0.0718864433550563,29.382295397846597,40.10965716026676,0.0874561108639911,29.181332817536816,39.771802331439154,2025-05-26 SP14,E_SKELB-1,Skelmersdale Battery,E_SKELB-1,E_SKELB,BATTERY,Tesla Motors Limited,616,0.0,0.9999999999999991,45,BMU
BMU ID,marginal_bmu_id,E_SOLUTIA_OFFER,OFFER,0.0,,,,,0,0.0,0.0,0.1390227409923853,82.36037528752148,617,292,0.0718864433550563,29.382295397846597,40.10965716026676,0.0874561108639911,29.181332817536816,39.771802331439154,2025-05-26 SP14,E_SOLUTIA,Solutia Power Station,E_SOLUTIA,E_SOLUTIA,GAS,UK Power Reserve Limited,617,0.0,0.9999999999999991,45,BMU
BMU ID,marginal_bmu_id,E_SUDME-1_BID,BID,0.0,,,,,0,0.0,0.0,0.1390227409923853,82.36037528752148,618,326,0.0718864433550563,29.382295397846597,40.10965716026676,0.0874561108639911,29.181332817536816,39.771802331439154,2025-05-26 SP14,E_SUDME-1,Sudmeadow,E_SUDME-1,E_SUDME,DIESEL,Conrad Energy (Trading) Ltd,618,0.0,0.9999999999999991,45,BMU
BMU ID,marginal_bmu_id,E_SUDME-1_OFFER,OFFER,0.0,0.0,0.0,0.0,0.0,1,1.0,0.0,0.1390227409923853,82.36037528752148,619,293,0.0718864433550563,29.382295397846597,40.10965716026676,0.0874561108639911,29.181332817536816,39.771802331439154,2025-05-26 SP14,E_SUDME-1,Sudmeadow,E_SUDME-1,E_SUDME,DIESEL,Conrad Energy (Trading) Ltd,619,0.0,0.9999999999999991,45,BMU
BMU ID,marginal_bmu_id,E_TDRVE-1_BID,BID,0.0,,,,,0,0.0,0.0,0.1390227409923853,82.36037528752148,620,327,0.0718864433550563,29.382295397846597,40.10965716026676,0.0874561108639911,29.181332817536816,39.771802331439154,2025-05-26 SP14,E_TDRVE-1,The Drove,E_TDRVE-1,E_TDRVE,OTHER,Conrad Energy (Trading) Ltd,620,0.0,0.9999999999999991,45,BMU
BMU ID,marginal_bmu_id,E_TDRVE-1_OFFER,OFFER,0.0,,,,,0,0.0,0.0,0.1390227409923853,82.36037528752148,621,294,0.0718864433550563,29.382295397846597,40.10965716026676,0.0874561108639911,29.181332817536816,39.771802331439154,2025-05-26 SP14,E_TDRVE-1,The Drove,E_TDRVE-1,E_TDRVE,OTHER,Conrad Energy (Trading) Ltd,621,0.0,0.9999999999999991,45,BMU
BMU ID,marginal_bmu_id,E_THMRB-1_OFFER,OFFER,0.0,,,,,0,0.0,0.0,0.1390227409923853,82.36037528752148,622,295,0.0718864433550563,29.382295397846597,40.10965716026676,0.0874561108639911,29.181332817536816,39.771802331439154,2025-05-26 SP14,E_THMRB-1,Thame Road  BESS,E_THMRB-1,E_THMRB,BATTERY,Tesla Motors Limited,622,0.0,0.9999999999999991,45,BMU
BMU ID,marginal_bmu_id,E_THRNL-1_OFFER,OFFER,0.0,,,,,0,0.0,0.0,0.1390227409923853,82.36037528752148,623,296,0.0718864433550563,29.382295397846597,40.10965716026676,0.0874561108639911,29.181332817536816,39.771802331439154,2025-05-26 SP14,E_THRNL-1,THORNHILL PS,E_THRNL-1,E_THRNL,OCGT,Whitetower Energy Limited,623,0.0,0.9999999999999991,45,BMU
BMU ID,marginal_bmu_id,E_TLYMW-1_OFFER,OFFER,0.0,,,,,0,0.0,0.0,0.1390227409923853,82.36037528752148,624,297,0.0718864433550563,29.382295397846597,40.10965716026676,0.0874561108639911,29.181332817536816,39.771802331439154,2025-05-26 SP14,E_TLYMW-1,Tullymurdoch Wind Farm,E_TLYMW-1,E_TLYMW,WIND,EDF Energy Customers Limited,624,0.0,0.9999999999999991,45,BMU
BMU ID,marginal_bmu_id,E_TOLLB-1_BID,BID,0.0,,,,,0,0.0,0.0,0.1390227409923853,82.36037528752148,625,328,0.0718864433550563,29.382295397846597,40.10965716026676,0.0874561108639911,29.181332817536816,39.771802331439154,2025-05-26 SP14,E_TOLLB-1,Tollgate Energy Storage,E_TOLLB-1,E_TOLLB,BATTERY,Tollgate Energy Storage Ltd,625,0.0,0.9999999999999991,45,BMU
BMU ID,marginal_bmu_id,E_TOLLB-1_OFFER,OFFER,0.0,,,,,0,0.0,0.0,0.1390227409923853,82.36037528752148,626,298,0.0718864433550563,29.382295397846597,40.10965716026676,0.0874561108639911,29.181332817536816,39.771802331439154,2025-05-26 SP14,E_TOLLB-1,Tollgate Energy Storage,E_TOLLB-1,E_TOLLB,BATTERY,Tollgate Energy Storage Ltd,626,0.0,0.9999999999999991,45,BMU
BMU ID,marginal_bmu_id,E_TRFPK-1_BID,BID,0.0,,,,,0,0.0,0.0,0.1390227409923853,82.36037528752148,627,329,0.0718864433550563,29.382295397846597,40.10965716026676,0.0874561108639911,29.181332817536816,39.771802331439154,2025-05-26 SP14,E_TRFPK-1,Trafalgar Park,E_TRFPK-1,E_TRFPK,DIESEL,Conrad Energy (Trading) Ltd,627,0.0,0.9999999999999991,45,BMU
BMU ID,marginal_bmu_id,E_TRFPK-1_OFFER,OFFER,0.0,0.0,0.0,0.0,0.0,4,1.7833333333333332,0.0,0.1390227409923853,82.36037528752148,628,299,0.0718864433550563,29.382295397846597,40.10965716026676,0.0874561108639911,29.181332817536816,39.771802331439154,2025-05-26 SP14,E_TRFPK-1,Trafalgar Park,E_TRFPK-1,E_TRFPK,DIESEL,Conrad Energy (Trading) Ltd,628,0.0,0.9999999999999991,45,BMU
BMU ID,marginal_bmu_id,E_VKING-2_OFFER,OFFER,0.0,,,,,0,0.0,0.0,0.1390227409923853,82.36037528752148,629,300,0.0718864433550563,29.382295397846597,40.10965716026676,0.0874561108639911,29.181332817536816,39.771802331439154,2025-05-26 SP14,E_VKING-2,Viking,E_VKING-2,E_VKING,OCGT,Whitetower Energy Limited,629,0.0,0.9999999999999991,45,BMU
BMU ID,marginal_bmu_id,E_WTRLN-1_OFFER,OFFER,0.0,,,,,0,0.0,0.0,0.1390227409923853,82.36037528752148,630,301,0.0718864433550563,29.382295397846597,40.10965716026676,0.0874561108639911,29.181332817536816,39.771802331439154,2025-05-26 SP14,E_WTRLN-1,Water Lane,E_WTRLN-1,E_WTRLN,DIESEL,Conrad Energy (Trading) Ltd,630,0.0,0.9999999999999991,45,BMU
BMU ID,marginal_bmu_id,I_I2D-BKWE1_BID,BID,0.0,,,,,0,0.0,0.0,0.1390227409923853,82.36037528752148,631,330,0.0718864433550563,29.382295397846597,40.10965716026676,0.0874561108639911,29.181332817536816,39.771802331439154,2025-05-26 SP14,I_I2D-BKWE1,—,I_I2D-BKWE1,I_I2D-BKWE,IFA2,BKW Energie AG,631,0.0,0.9999999999999991,45,BMU
BMU ID,marginal_bmu_id,I_I2D-COPN1_BID,BID,0.0,,,,,0,0.0,0.0,0.1390227409923853,82.36037528752148,632,331,0.0718864433550563,29.382295397846597,40.10965716026676,0.0874561108639911,29.181332817536816,39.771802331439154,2025-05-26 SP14,I_I2D-COPN1,—,I_I2D-COPN1,I_I2D-COPN,IFA2,Copenhagen Energy Trading A/S,632,0.0,0.9999999999999991,45,BMU
BMU ID,marginal_bmu_id,I_I2D-DARE1_BID,BID,0.0,0.0,0.0,0.0,0.0,1,1.0,0.0,0.1390227409923853,82.36037528752148,633,332,0.0718864433550563,29.382295397846597,40.10965716026676,0.0874561108639911,29.181332817536816,39.771802331439154,2025-05-26 SP14,I_I2D-DARE1,—,I_I2D-DARE1,I_I2D-DARE,IFA2,Dare Power Ltd,633,0.0,0.9999999999999991,45,BMU
BMU ID,marginal_bmu_id,I_I2D-DMCC1_BID,BID,0.0,,,,,0,0.0,0.0,0.1390227409923853,82.36037528752148,634,333,0.0718864433550563,29.382295397846597,40.10965716026676,0.0874561108639911,29.181332817536816,39.771802331439154,2025-05-26 SP14,I_I2D-DMCC1,—,I_I2D-DMCC1,I_I2D-DMCC,IFA2,Cobblestone Energy DMCC,634,0.0,0.9999999999999991,45,BMU
BMU ID,marginal_bmu_id,I_I2D-DVAL1_BID,BID,0.0,,,,,0,0.0,0.0,0.1390227409923853,82.36037528752148,635,334,0.0718864433550563,29.382295397846597,40.10965716026676,0.0874561108639911,29.181332817536816,39.771802331439154,2025-05-26 SP14,I_I2D-DVAL1,—,I_I2D-DVAL1,I_I2D-DVAL,IFA2,DVALIN ApS,635,0.0,0.9999999999999991,45,BMU
BMU ID,marginal_bmu_id,I_I2D-EDFT1_BID,BID,0.0,,,,,0,0.0,0.0,0.1390227409923853,82.36037528752148,636,335,0.0718864433550563,29.382295397846597,40.10965716026676,0.0874561108639911,29.181332817536816,39.771802331439154,2025-05-26 SP14,I_I2D-EDFT1,—,I_I2D-EDFT1,I_I2D-EDFT,IFA2,EDF TRADING LIMITED,636,0.0,0.9999999999999991,45,BMU
BMU ID,marginal_bmu_id,I_I2D-HELI1_BID,BID,0.0,,,,,0,0.0,0.0,0.1390227409923853,82.36037528752148,637,336,0.0718864433550563,29.382295397846597,40.10965716026676,0.0874561108639911,29.181332817536816,39.771802331439154,2025-05-26 SP14,I_I2D-HELI1,—,I_I2D-HELI1,I_I2D-HELI,IFA2,Helios Power Trading A/S,637,0.0,0.9999999999999991,45,BMU
BMU ID,marginal_bmu_id,I_I2D-INCM1_BID,BID,0.0,0.0,0.0,0.0,0.0,1,1.0,0.0,0.1390227409923853,82.36037528752148,638,337,0.0718864433550563,29.382295397846597,40.10965716026676,0.0874561108639911,29.181332817536816,39.771802331439154,2025-05-26 SP14,I_I2D-INCM1,—,I_I2D-INCM1,I_I2D-INCM,IFA2,IN COMMODITIES A/S,638,0.0,0.9999999999999991,45,BMU
BMU ID,marginal_bmu_id,I_I2D-MFTE1_BID,BID,0.0,,,,,0,0.0,0.0,0.1390227409923853,82.36037528752148,639,338,0.0718864433550563,29.382295397846597,40.10965716026676,0.0874561108639911,29.181332817536816,39.771802331439154,2025-05-26 SP14,I_I2D-MFTE1,—,I_I2D-MFTE1,I_I2D-MFTE,IFA2,MFT Energy A/S,639,0.0,0.9999999999999991,45,BMU
BMU ID,marginal_bmu_id,I_I2D-NITR1_BID,BID,0.0,,,,,0,0.0,0.0,0.1390227409923853,82.36037528752148,640,339,0.0718864433550563,29.382295397846597,40.10965716026676,0.0874561108639911,29.181332817536816,39.771802331439154,2025-05-26 SP14,I_I2D-NITR1,—,I_I2D-NITR1,I_I2D-NITR,IFA2,Nitor Energy A/S,640,0.0,0.9999999999999991,45,BMU
BMU ID,marginal_bmu_id,I_I2D-NORL1_BID,BID,0.0,,,,,0,0.0,0.0,0.1390227409923853,82.36037528752148,641,340,0.0718864433550563,29.382295397846597,40.10965716026676,0.0874561108639911,29.181332817536816,39.771802331439154,2025-05-26 SP14,I_I2D-NORL1,—,I_I2D-NORL1,I_I2D-NORL,IFA2,Norlys Energy Trading A/S,641,0.0,0.9999999999999991,45,BMU
BMU ID,marginal_bmu_id,I_I2D-NTPL1_BID,BID,0.0,,,,,0,0.0,0.0,0.1390227409923853,82.36037528752148,642,341,0.0718864433550563,29.382295397846597,40.10965716026676,0.0874561108639911,29.181332817536816,39.771802331439154,2025-05-26 SP14,I_I2D-NTPL1,—,I_I2D-NTPL1,I_I2D-NTPL,IFA2,Northpool BV,642,0.0,0.9999999999999991,45,BMU
BMU ID,marginal_bmu_id,I_I2D-OPMX1_BID,BID,0.0,,,,,0,0.0,0.0,0.1390227409923853,82.36037528752148,643,342,0.0718864433550563,29.382295397846597,40.10965716026676,0.0874561108639911,29.181332817536816,39.771802331439154,2025-05-26 SP14,I_I2D-OPMX1,—,I_I2D-OPMX1,I_I2D-OPMX,IFA2,Optimax Energy GmbH,643,0.0,0.9999999999999991,45,BMU
BMU ID,marginal_bmu_id,I_I2D-OUTL1_BID,BID,0.0,,,,,0,0.0,0.0,0.1390227409923853,82.36037528752148,644,343,0.0718864433550563,29.382295397846597,40.10965716026676,0.0874561108639911,29.181332817536816,39.771802331439154,2025-05-26 SP14,I_I2D-OUTL1,—,I_I2D-OUTL1,I_I2D-OUTL,IFA2,Outlook Energy Ltd,644,0.0,0.9999999999999991,45,BMU
BMU ID,marginal_bmu_id,I_I2D-SETL1_BID,BID,0.0,,,,,0,0.0,0.0,0.1390227409923853,82.36037528752148,645,344,0.0718864433550563,29.382295397846597,40.10965716026676,0.0874561108639911,29.181332817536816,39.771802331439154,2025-05-26 SP14,I_I2D-SETL1,—,I_I2D-SETL1,I_I2D-SETL,IFA2,Shell Energy Europe Limited,645,0.0,0.9999999999999991,45,BMU
BMU ID,marginal_bmu_id,I_I2D-XNON1_BID,BID,0.0,,,,,0,0.0,0.0,0.1390227409923853,82.36037528752148,646,345,0.0718864433550563,29.382295397846597,40.10965716026676,0.0874561108639911,29.181332817536816,39.771802331439154,2025-05-26 SP14,I_I2D-XNON1,—,I_I2D-XNON1,I_I2D-XNON,IFA2,XENON CAPITAL MARKETS LTD,646,0.0,0.9999999999999991,45,BMU
BMU ID,marginal_bmu_id,I_I2G-BKWE1_OFFER,OFFER,0.0,,,,,0,0.0,0.0,0.1390227409923853,82.36037528752148,647,302,0.0718864433550563,29.382295397846597,40.10965716026676,0.0874561108639911,29.181332817536816,39.771802331439154,2025-05-26 SP14,I_I2G-BKWE1,—,I_I2G-BKWE1,I_I2G-BKWE,IFA2,BKW Energie AG,647,0.0,0.9999999999999991,45,BMU
BMU ID,marginal_bmu_id,I_I2G-DSKC1_OFFER,OFFER,0.0,,,,,0,0.0,0.0,0.1390227409923853,82.36037528752148,648,303,0.0718864433550563,29.382295397846597,40.10965716026676,0.0874561108639911,29.181332817536816,39.771802331439154,2025-05-26 SP14,I_I2G-DSKC1,—,I_I2G-DSKC1,I_I2G-DSKC,IFA2,Danske Commodities A/S,648,0.0,0.9999999999999991,45,BMU
BMU ID,marginal_bmu_id,I_I2G-DVAL1_OFFER,OFFER,0.0,,,,,0,0.0,0.0,0.1390227409923853,82.36037528752148,649,304,0.0718864433550563,29.382295397846597,40.10965716026676,0.0874561108639911,29.181332817536816,39.771802331439154,2025-05-26 SP14,I_I2G-DVAL1,—,I_I2G-DVAL1,I_I2G-DVAL,IFA2,DVALIN ApS,649,0.0,0.9999999999999991,45,BMU
BMU ID,marginal_bmu_id,I_I2G-EDMK1_OFFER,OFFER,0.0,,,,,0,0.0,0.0,0.1390227409923853,82.36037528752148,650,305,0.0718864433550563,29.382295397846597,40.10965716026676,0.0874561108639911,29.181332817536816,39.771802331439154,2025-05-26 SP14,I_I2G-EDMK1,—,I_I2G-EDMK1,I_I2G-EDMK,IFA2,Mind Energy A/S,650,0.0,0.9999999999999991,45,BMU
BMU ID,marginal_bmu_id,I_I2G-HELI1_OFFER,OFFER,0.0,,,,,0,0.0,0.0,0.1390227409923853,82.36037528752148,651,306,0.0718864433550563,29.382295397846597,40.10965716026676,0.0874561108639911,29.181332817536816,39.771802331439154,2025-05-26 SP14,I_I2G-HELI1,—,I_I2G-HELI1,I_I2G-HELI,IFA2,Helios Power Trading A/S,651,0.0,0.9999999999999991,45,BMU
BMU ID,marginal_bmu_id,I_I2G-INCM1_OFFER,OFFER,0.0,,,,,0,0.0,0.0,0.1390227409923853,82.36037528752148,652,307,0.0718864433550563,29.382295397846597,40.10965716026676,0.0874561108639911,29.181332817536816,39.771802331439154,2025-05-26 SP14,I_I2G-INCM1,—,I_I2G-INCM1,I_I2G-INCM,IFA2,IN COMMODITIES A/S,652,0.0,0.9999999999999991,45,BMU
BMU ID,marginal_bmu_id,I_I2G-MFTE1_OFFER,OFFER,0.0,,,,,0,0.0,0.0,0.1390227409923853,82.36037528752148,653,308,0.0718864433550563,29.382295397846597,40.10965716026676,0.0874561108639911,29.181332817536816,39.771802331439154,2025-05-26 SP14,I_I2G-MFTE1,—,I_I2G-MFTE1,I_I2G-MFTE,IFA2,MFT Energy A/S,653,0.0,0.9999999999999991,45,BMU
BMU ID,marginal_bmu_id,I_I2G-NEAS1_OFFER,OFFER,0.0,,,,,0,0.0,0.0,0.1390227409923853,82.36037528752148,654,309,0.0718864433550563,29.382295397846597,40.10965716026676,0.0874561108639911,29.181332817536816,39.771802331439154,2025-05-26 SP14,I_I2G-NEAS1,—,I_I2G-NEAS1,I_I2G-NEAS,IFA2,Centrica Energy Trading A/S,654,0.0,0.9999999999999991,45,BMU
BMU ID,marginal_bmu_id,I_I2G-NITR1_OFFER,OFFER,0.0,,,,,0,0.0,0.0,0.1390227409923853,82.36037528752148,655,310,0.0718864433550563,29.382295397846597,40.10965716026676,0.0874561108639911,29.181332817536816,39.771802331439154,2025-05-26 SP14,I_I2G-NITR1,—,I_I2G-NITR1,I_I2G-NITR,IFA2,Nitor Energy A/S,655,0.0,0.9999999999999991,45,BMU
BMU ID,marginal_bmu_id,I_I2G-NORL1_OFFER,OFFER,0.0,,,,,0,0.0,0.0,0.1390227409923853,82.36037528752148,656,311,0.0718864433550563,29.382295397846597,40.10965716026676,0.0874561108639911,29.181332817536816,39.771802331439154,2025-05-26 SP14,I_I2G-NORL1,—,I_I2G-NORL1,I_I2G-NORL,IFA2,Norlys Energy Trading A/S,656,0.0,0.9999999999999991,45,BMU
BMU ID,marginal_bmu_id,I_IBD-BKWE1_BID,BID,0.0,,,,,0,0.0,0.0,0.1390227409923853,82.36037528752148,657,346,0.0718864433550563,29.382295397846597,40.10965716026676,0.0874561108639911,29.181332817536816,39.771802331439154,2025-05-26 SP14,I_IBD-BKWE1,—,I_IBD-BKWE1,I_IBD-BKWE,BritNed,BKW Energie AG,657,0.0,0.9999999999999991,45,BMU
BMU ID,marginal_bmu_id,I_IBD-CBST1_BID,BID,0.0,,,,,0,0.0,0.0,0.1390227409923853,82.36037528752148,658,347,0.0718864433550563,29.382295397846597,40.10965716026676,0.0874561108639911,29.181332817536816,39.771802331439154,2025-05-26 SP14,I_IBD-CBST1,—,I_IBD-CBST1,I_IBD-CBST,BritNed,Cobblestone Energy,658,0.0,0.9999999999999991,45,BMU
BMU ID,marginal_bmu_id,I_IBD-COPN1_BID,BID,0.0,,,,,0,0.0,0.0,0.1390227409923853,82.36037528752148,659,348,0.0718864433550563,29.382295397846597,40.10965716026676,0.0874561108639911,29.181332817536816,39.771802331439154,2025-05-26 SP14,I_IBD-COPN1,—,I_IBD-COPN1,I_IBD-COPN,BritNed,Copenhagen Energy Trading A/S,659,0.0,0.9999999999999991,45,BMU
BMU ID,marginal_bmu_id,I_IBD-DVAL1_BID,BID,0.0,,,,,0,0.0,0.0,0.1390227409923853,82.36037528752148,660,349,0.0718864433550563,29.382295397846597,40.10965716026676,0.0874561108639911,29.181332817536816,39.771802331439154,2025-05-26 SP14,I_IBD-DVAL1,—,I_IBD-DVAL1,I_IBD-DVAL,BritNed,DVALIN ApS,660,0.0,0.9999999999999991,45,BMU
BMU ID,marginal_bmu_id,I_IBD-EDFT1_BID,BID,0.0,0.0,0.0,0.0,0.0,1,1.0,0.0,0.1390227409923853,82.36037528752148,661,350,0.0718864433550563,29.382295397846597,40.10965716026676,0.0874561108639911,29.181332817536816,39.771802331439154,2025-05-26 SP14,I_IBD-EDFT1,—,I_IBD-EDFT1,I_IBD-EDFT,BritNed,EDF TRADING LIMITED,661,0.0,0.9999999999999991,45,BMU
BMU ID,marginal_bmu_id,I_IBD-EDMK1_BID,BID,0.0,0.0,0.0,0.0,0.0,2,1.5,0.0,0.1390227409923853,82.36037528752148,662,351,0.0718864433550563,29.382295397846597,40.10965716026676,0.0874561108639911,29.181332817536816,39.771802331439154,2025-05-26 SP14,I_IBD-EDMK1,—,I_IBD-EDMK1,I_IBD-EDMK,BritNed,Mind Energy A/S,662,0.0,0.9999999999999991,45,BMU
BMU ID,marginal_bmu_id,I_IBD-ELTR1_BID,BID,0.0,,,,,0,0.0,0.0,0.1390227409923853,82.36037528752148,663,352,0.0718864433550563,29.382295397846597,40.10965716026676,0.0874561108639911,29.181332817536816,39.771802331439154,2025-05-26 SP14,I_IBD-ELTR1,—,I_IBD-ELTR1,I_IBD-ELTR,BritNed,ElectroRoute Energy Trading,663,0.0,0.9999999999999991,45,BMU
BMU ID,marginal_bmu_id,I_IBD-HELI1_BID,BID,0.0,,,,,0,0.0,0.0,0.1390227409923853,82.36037528752148,664,353,0.0718864433550563,29.382295397846597,40.10965716026676,0.0874561108639911,29.181332817536816,39.771802331439154,2025-05-26 SP14,I_IBD-HELI1,—,I_IBD-HELI1,I_IBD-HELI,BritNed,Helios Power Trading A/S,664,0.0,0.9999999999999991,45,BMU
BMU ID,marginal_bmu_id,I_IBD-IDCE1_BID,BID,0.0,,,,,0,0.0,0.0,0.1390227409923853,82.36037528752148,665,354,0.0718864433550563,29.382295397846597,40.10965716026676,0.0874561108639911,29.181332817536816,39.771802331439154,2025-05-26 SP14,I_IBD-IDCE1,—,I_IBD-IDCE1,I_IBD-IDCE,BritNed,DC Energy Trading V.O.F.,665,0.0,0.9999999999999991,45,BMU
BMU ID,marginal_bmu_id,I_IBD-NITR1_BID,BID,0.0,,,,,0,0.0,0.0,0.1390227409923853,82.36037528752148,666,355,0.0718864433550563,29.382295397846597,40.10965716026676,0.0874561108639911,29.181332817536816,39.771802331439154,2025-05-26 SP14,I_IBD-NITR1,—,I_IBD-NITR1,I_IBD-NITR,BritNed,Nitor Energy A/S,666,0.0,0.9999999999999991,45,BMU
BMU ID,marginal_bmu_id,I_IBD-NORL1_BID,BID,0.0,0.0,0.0,0.0,0.0,2,2.0,0.0,0.1390227409923853,82.36037528752148,667,356,0.0718864433550563,29.382295397846597,40.10965716026676,0.0874561108639911,29.181332817536816,39.771802331439154,2025-05-26 SP14,I_IBD-NORL1,—,I_IBD-NORL1,I_IBD-NORL,BritNed,Norlys Energy Trading A/S,667,0.0,0.9999999999999991,45,BMU
BMU ID,marginal_bmu_id,I_IBD-NTPL1_BID,BID,0.0,0.0,0.0,0.0,0.0,2,2.0,0.0,0.1390227409923853,82.36037528752148,668,357,0.0718864433550563,29.382295397846597,40.10965716026676,0.0874561108639911,29.181332817536816,39.771802331439154,2025-05-26 SP14,I_IBD-NTPL1,—,I_IBD-NTPL1,I_IBD-NTPL,BritNed,Northpool BV,668,0.0,0.9999999999999991,45,BMU
BMU ID,marginal_bmu_id,I_IBD-OPMX1_BID,BID,0.0,,,,,0,0.0,0.0,0.1390227409923853,82.36037528752148,669,358,0.0718864433550563,29.382295397846597,40.10965716026676,0.0874561108639911,29.181332817536816,39.771802331439154,2025-05-26 SP14,I_IBD-OPMX1,—,I_IBD-OPMX1,I_IBD-OPMX,BritNed,Optimax Energy GmbH,669,0.0,0.9999999999999991,45,BMU
BMU ID,marginal_bmu_id,I_IBD-OUTL1_BID,BID,0.0,,,,,0,0.0,0.0,0.1390227409923853,82.36037528752148,670,359,0.0718864433550563,29.382295397846597,40.10965716026676,0.0874561108639911,29.181332817536816,39.771802331439154,2025-05-26 SP14,I_IBD-OUTL1,—,I_IBD-OUTL1,I_IBD-OUTL,BritNed,Outlook Energy Ltd,670,0.0,0.9999999999999991,45,BMU
BMU ID,marginal_bmu_id,I_IBD-PWMR1_BID,BID,0.0,,,,,0,0.0,0.0,0.1390227409923853,82.36037528752148,671,360,0.0718864433550563,29.382295397846597,40.10965716026676,0.0874561108639911,29.181332817536816,39.771802331439154,2025-05-26 SP14,I_IBD-PWMR1,—,I_IBD-PWMR1,I_IBD-PWMR,BritNed,PowerMart ApS,671,0.0,0.9999999999999991,45,BMU
BMU ID,marginal_bmu_id,I_IBD-TRLS1_BID,BID,0.0,,,,,0,0.0,0.0,0.1390227409923853,82.36037528752148,672,361,0.0718864433550563,29.382295397846597,40.10965716026676,0.0874561108639911,29.181332817536816,39.771802331439154,2025-05-26 SP14,I_IBD-TRLS1,—,I_IBD-TRLS1,I_IBD-TRLS,BritNed,Engelhart CTP Renewables GmbH,672,0.0,0.9999999999999991,45,BMU
BMU ID,marginal_bmu_id,I_IBD-VETR1_BID,BID,0.0,,,,,0,0.0,0.0,0.1390227409923853,82.36037528752148,673,362,0.0718864433550563,29.382295397846597,40.10965716026676,0.0874561108639911,29.181332817536816,39.771802331439154,2025-05-26 SP14,I_IBD-VETR1,—,I_IBD-VETR1,I_IBD-VETR,BritNed,Vattenfall Energy Trading,673,0.0,0.9999999999999991,45,BMU
BMU ID,marginal_bmu_id,I_IBG-BKWE1_OFFER,OFFER,0.0,,,,,0,0.0,0.0,0.1390227409923853,82.36037528752148,674,312,0.0718864433550563,29.382295397846597,40.10965716026676,0.0874561108639911,29.181332817536816,39.771802331439154,2025-05-26 SP14,I_IBG-BKWE1,—,I_IBG-BKWE1,I_IBG-BKWE,BritNed,BKW Energie AG,674,0.0,0.9999999999999991,45,BMU
BMU ID,marginal_bmu_id,I_IBG-CACM1_OFFER,OFFER,0.0,,,,,0,0.0,0.0,0.1390227409923853,82.36037528752148,675,313,0.0718864433550563,29.382295397846597,40.10965716026676,0.0874561108639911,29.181332817536816,39.771802331439154,2025-05-26 SP14,I_IBG-CACM1,—,I_IBG-CACM1,I_IBG-CACM,BritNed,C A Commodities A/S,675,0.0,0.9999999999999991,45,BMU
BMU ID,marginal_bmu_id,I_IBG-COPN1_OFFER,OFFER,0.0,,,,,0,0.0,0.0,0.1390227409923853,82.36037528752148,676,314,0.0718864433550563,29.382295397846597,40.10965716026676,0.0874561108639911,29.181332817536816,39.771802331439154,2025-05-26 SP14,I_IBG-COPN1,—,I_IBG-COPN1,I_IBG-COPN,BritNed,Copenhagen Energy Trading A/S,676,0.0,0.9999999999999991,45,BMU
BMU ID,marginal_bmu_id,I_IBG-DARE1_OFFER,OFFER,0.0,,,,,0,0.0,0.0,0.1390227409923853,82.36037528752148,677,315,0.0718864433550563,29.382295397846597,40.10965716026676,0.0874561108639911,29.181332817536816,39.771802331439154,2025-05-26 SP14,I_IBG-DARE1,—,I_IBG-DARE1,I_IBG-DARE,BritNed,Dare Power Ltd,677,0.0,0.9999999999999991,45,BMU
BMU ID,marginal_bmu_id,I_IBG-DMCC1_OFFER,OFFER,0.0,0.0,0.0,0.0,0.0,1,1.0,0.0,0.1390227409923853,82.36037528752148,678,316,0.0718864433550563,29.382295397846597,40.10965716026676,0.0874561108639911,29.181332817536816,39.771802331439154,2025-05-26 SP14,I_IBG-DMCC1,—,I_IBG-DMCC1,I_IBG-DMCC,BritNed,Cobblestone Energy DMCC,678,0.0,0.9999999999999991,45,BMU
BMU ID,marginal_bmu_id,I_IBG-DSKC1_OFFER,OFFER,0.0,,,,,0,0.0,0.0,0.1390227409923853,82.36037528752148,679,317,0.0718864433550563,29.382295397846597,40.10965716026676,0.0874561108639911,29.181332817536816,39.771802331439154,2025-05-26 SP14,I_IBG-DSKC1,—,I_IBG-DSKC1,I_IBG-DSKC,BritNed,Danske Commodities A/S,679,0.0,0.9999999999999991,45,BMU
BMU ID,marginal_bmu_id,I_IBG-DVAL1_OFFER,OFFER,0.0,,,,,0,0.0,0.0,0.1390227409923853,82.36037528752148,680,318,0.0718864433550563,29.382295397846597,40.10965716026676,0.0874561108639911,29.181332817536816,39.771802331439154,2025-05-26 SP14,I_IBG-DVAL1,—,I_IBG-DVAL1,I_IBG-DVAL,BritNed,DVALIN ApS,680,0.0,0.9999999999999991,45,BMU
BMU ID,marginal_bmu_id,I_IBG-EDFT1_OFFER,OFFER,0.0,0.0,0.0,0.0,0.0,1,1.0,0.0,0.1390227409923853,82.36037528752148,681,319,0.0718864433550563,29.382295397846597,40.10965716026676,0.0874561108639911,29.181332817536816,39.771802331439154,2025-05-26 SP14,I_IBG-EDFT1,—,I_IBG-EDFT1,I_IBG-EDFT,BritNed,EDF TRADING LIMITED,681,0.0,0.9999999999999991,45,BMU
BMU ID,marginal_bmu_id,I_IBG-EDMK1_OFFER,OFFER,0.0,,,,,0,0.0,0.0,0.1390227409923853,82.36037528752148,682,320,0.0718864433550563,29.382295397846597,40.10965716026676,0.0874561108639911,29.181332817536816,39.771802331439154,2025-05-26 SP14,I_IBG-EDMK1,—,I_IBG-EDMK1,I_IBG-EDMK,BritNed,Mind Energy A/S,682,0.0,0.9999999999999991,45,BMU
BMU ID,marginal_bmu_id,I_IBG-ELEE1_OFFER,OFFER,0.0,,,,,0,0.0,0.0,0.1390227409923853,82.36037528752148,683,321,0.0718864433550563,29.382295397846597,40.10965716026676,0.0874561108639911,29.181332817536816,39.771802331439154,2025-05-26 SP14,I_IBG-ELEE1,—,I_IBG-ELEE1,I_IBG-ELEE,BritNed,Electrabel SA,683,0.0,0.9999999999999991,45,BMU
BMU ID,marginal_bmu_id,I_IBG-ELTR1_OFFER,OFFER,0.0,,,,,0,0.0,0.0,0.1390227409923853,82.36037528752148,684,322,0.0718864433550563,29.382295397846597,40.10965716026676,0.0874561108639911,29.181332817536816,39.771802331439154,2025-05-26 SP14,I_IBG-ELTR1,—,I_IBG-ELTR1,I_IBG-ELTR,BritNed,ElectroRoute Energy Trading,684,0.0,0.9999999999999991,45,BMU
BMU ID,marginal_bmu_id,I_IBG-EZCO1_OFFER,OFFER,0.0,,,,,0,0.0,0.0,0.1390227409923853,82.36037528752148,685,323,0.0718864433550563,29.382295397846597,40.10965716026676,0.0874561108639911,29.181332817536816,39.771802331439154,2025-05-26 SP14,I_IBG-EZCO1,—,I_IBG-EZCO1,I_IBG-EZCO,BritNed,ENZEE Commodities A/S,685,0.0,0.9999999999999991,45,BMU
BMU ID,marginal_bmu_id,I_IBG-HELI1_OFFER,OFFER,0.0,,,,,0,0.0,0.0,0.1390227409923853,82.36037528752148,686,324,0.0718864433550563,29.382295397846597,40.10965716026676,0.0874561108639911,29.181332817536816,39.771802331439154,2025-05-26 SP14,I_IBG-HELI1,—,I_IBG-HELI1,I_IBG-HELI,BritNed,Helios Power Trading A/S,686,0.0,0.9999999999999991,45,BMU
BMU ID,marginal_bmu_id,I_IBG-IDCE1_OFFER,OFFER,0.0,,,,,0,0.0,0.0,0.1390227409923853,82.36037528752148,687,325,0.0718864433550563,29.382295397846597,40.10965716026676,0.0874561108639911,29.181332817536816,39.771802331439154,2025-05-26 SP14,I_IBG-IDCE1,—,I_IBG-IDCE1,I_IBG-IDCE,BritNed,DC Energy Trading V.O.F.,687,0.0,0.9999999999999991,45,BMU
BMU ID,marginal_bmu_id,I_IBG-MFTE1_OFFER,OFFER,0.0,0.0,0.0,0.0,0.0,1,1.0,0.0,0.1390227409923853,82.36037528752148,688,326,0.0718864433550563,29.382295397846597,40.10965716026676,0.0874561108639911,29.181332817536816,39.771802331439154,2025-05-26 SP14,I_IBG-MFTE1,—,I_IBG-MFTE1,I_IBG-MFTE,BritNed,MFT Energy A/S,688,0.0,0.9999999999999991,45,BMU
BMU ID,marginal_bmu_id,I_IBG-NEAS1_OFFER,OFFER,0.0,0.0,0.0,0.0,0.0,1,1.0,0.0,0.1390227409923853,82.36037528752148,689,327,0.0718864433550563,29.382295397846597,40.10965716026676,0.0874561108639911,29.181332817536816,39.771802331439154,2025-05-26 SP14,I_IBG-NEAS1,—,I_IBG-NEAS1,I_IBG-NEAS,BritNed,Centrica Energy Trading A/S,689,0.0,0.9999999999999991,45,BMU
BMU ID,marginal_bmu_id,I_IBG-NITR1_OFFER,OFFER,0.0,,,,,0,0.0,0.0,0.1390227409923853,82.36037528752148,690,328,0.0718864433550563,29.382295397846597,40.10965716026676,0.0874561108639911,29.181332817536816,39.771802331439154,2025-05-26 SP14,I_IBG-NITR1,—,I_IBG-NITR1,I_IBG-NITR,BritNed,Nitor Energy A/S,690,0.0,0.9999999999999991,45,BMU
BMU ID,marginal_bmu_id,I_IBG-NORL1_OFFER,OFFER,0.0,,,,,0,0.0,0.0,0.1390227409923853,82.36037528752148,691,329,0.0718864433550563,29.382295397846597,40.10965716026676,0.0874561108639911,29.181332817536816,39.771802331439154,2025-05-26 SP14,I_IBG-NORL1,—,I_IBG-NORL1,I_IBG-NORL,BritNed,Norlys Energy Trading A/S,691,0.0,0.9999999999999991,45,BMU
BMU ID,marginal_bmu_id,I_IBG-NTPL1_OFFER,OFFER,0.0,,,,,0,0.0,0.0,0.1390227409923853,82.36037528752148,692,330,0.0718864433550563,29.382295397846597,40.10965716026676,0.0874561108639911,29.181332817536816,39.771802331439154,2025-05-26 SP14,I_IBG-NTPL1,—,I_IBG-NTPL1,I_IBG-NTPL,BritNed,Northpool BV,692,0.0,0.9999999999999991,45,BMU
BMU ID,marginal_bmu_id,I_IBG-OPMX1_OFFER,OFFER,0.0,,,,,0,0.0,0.0,0.1390227409923853,82.36037528752148,693,331,0.0718864433550563,29.382295397846597,40.10965716026676,0.0874561108639911,29.181332817536816,39.771802331439154,2025-05-26 SP14,I_IBG-OPMX1,—,I_IBG-OPMX1,I_IBG-OPMX,BritNed,Optimax Energy GmbH,693,0.0,0.9999999999999991,45,BMU
BMU ID,marginal_bmu_id,I_IBG-OUTL1_OFFER,OFFER,0.0,,,,,0,0.0,0.0,0.1390227409923853,82.36037528752148,694,332,0.0718864433550563,29.382295397846597,40.10965716026676,0.0874561108639911,29.181332817536816,39.771802331439154,2025-05-26 SP14,I_IBG-OUTL1,—,I_IBG-OUTL1,I_IBG-OUTL,BritNed,Outlook Energy Ltd,694,0.0,0.9999999999999991,45,BMU
BMU ID,marginal_bmu_id,I_IBG-PWMR1_OFFER,OFFER,0.0,,,,,0,0.0,0.0,0.1390227409923853,82.36037528752148,695,333,0.0718864433550563,29.382295397846597,40.10965716026676,0.0874561108639911,29.181332817536816,39.771802331439154,2025-05-26 SP14,I_IBG-PWMR1,—,I_IBG-PWMR1,I_IBG-PWMR,BritNed,PowerMart ApS,695,0.0,0.9999999999999991,45,BMU
BMU ID,marginal_bmu_id,I_IBG-VETR1_OFFER,OFFER,0.0,,,,,0,0.0,0.0,0.1390227409923853,82.36037528752148,696,334,0.0718864433550563,29.382295397846597,40.10965716026676,0.0874561108639911,29.181332817536816,39.771802331439154,2025-05-26 SP14,I_IBG-VETR1,—,I_IBG-VETR1,I_IBG-VETR,BritNed,Vattenfall Energy Trading,696,0.0,0.9999999999999991,45,BMU
BMU ID,marginal_bmu_id,I_IBG-XNON1_OFFER,OFFER,0.0,0.0,0.0,0.0,0.0,1,1.0,0.0,0.1390227409923853,82.36037528752148,697,335,0.0718864433550563,29.382295397846597,40.10965716026676,0.0874561108639911,29.181332817536816,39.771802331439154,2025-05-26 SP14,I_IBG-XNON1,—,I_IBG-XNON1,I_IBG-XNON,BritNed,XENON CAPITAL MARKETS LTD,697,0.0,0.9999999999999991,45,BMU
BMU ID,marginal_bmu_id,I_IFD-BKWE1_BID,BID,0.0,,,,,0,0.0,0.0,0.1390227409923853,82.36037528752148,698,363,0.0718864433550563,29.382295397846597,40.10965716026676,0.0874561108639911,29.181332817536816,39.771802331439154,2025-05-26 SP14,I_IFD-BKWE1,—,I_IFD-BKWE1,I_IFD-BKWE,IFA,BKW Energie AG,698,0.0,0.9999999999999991,45,BMU
BMU ID,marginal_bmu_id,I_IFD-CBST1_BID,BID,0.0,,,,,0,0.0,0.0,0.1390227409923853,82.36037528752148,699,364,0.0718864433550563,29.382295397846597,40.10965716026676,0.0874561108639911,29.181332817536816,39.771802331439154,2025-05-26 SP14,I_IFD-CBST1,—,I_IFD-CBST1,I_IFD-CBST,IFA,Cobblestone Energy,699,0.0,0.9999999999999991,45,BMU
BMU ID,marginal_bmu_id,I_IFD-COPN1_BID,BID,0.0,,,,,0,0.0,0.0,0.1390227409923853,82.36037528752148,700,365,0.0718864433550563,29.382295397846597,40.10965716026676,0.0874561108639911,29.181332817536816,39.771802331439154,2025-05-26 SP14,I_IFD-COPN1,—,I_IFD-COPN1,I_IFD-COPN,IFA,Copenhagen Energy Trading A/S,700,0.0,0.9999999999999991,45,BMU
BMU ID,marginal_bmu_id,I_IFD-DMCC1_BID,BID,0.0,,,,,0,0.0,0.0,0.1390227409923853,82.36037528752148,701,366,0.0718864433550563,29.382295397846597,40.10965716026676,0.0874561108639911,29.181332817536816,39.771802331439154,2025-05-26 SP14,I_IFD-DMCC1,—,I_IFD-DMCC1,I_IFD-DMCC,IFA,Cobblestone Energy DMCC,701,0.0,0.9999999999999991,45,BMU
BMU ID,marginal_bmu_id,I_IFD-DSKC1_BID,BID,0.0,0.0,0.0,0.0,0.0,3,2.5,0.0,0.1390227409923853,82.36037528752148,702,367,0.0718864433550563,29.382295397846597,40.10965716026676,0.0874561108639911,29.181332817536816,39.771802331439154,2025-05-26 SP14,I_IFD-DSKC1,—,I_IFD-DSKC1,I_IFD-DSKC,IFA,Danske Commodities A/S,702,0.0,0.9999999999999991,45,BMU
BMU ID,marginal_bmu_id,I_IFD-ELEE1_BID,BID,0.0,,,,,0,0.0,0.0,0.1390227409923853,82.36037528752148,703,368,0.0718864433550563,29.382295397846597,40.10965716026676,0.0874561108639911,29.181332817536816,39.771802331439154,2025-05-26 SP14,I_IFD-ELEE1,—,I_IFD-ELEE1,I_IFD-ELEE,IFA,Electrabel SA,703,0.0,0.9999999999999991,45,BMU
BMU ID,marginal_bmu_id,I_IFD-EZCO1_BID,BID,0.0,,,,,0,0.0,0.0,0.1390227409923853,82.36037528752148,704,369,0.0718864433550563,29.382295397846597,40.10965716026676,0.0874561108639911,29.181332817536816,39.771802331439154,2025-05-26 SP14,I_IFD-EZCO1,—,I_IFD-EZCO1,I_IFD-EZCO,IFA,ENZEE Commodities A/S,704,0.0,0.9999999999999991,45,BMU
BMU ID,marginal_bmu_id,I_IFD-HELI1_BID,BID,0.0,0.0,0.0,0.0,0.0,1,1.0,0.0,0.1390227409923853,82.36037528752148,705,370,0.0718864433550563,29.382295397846597,40.10965716026676,0.0874561108639911,29.181332817536816,39.771802331439154,2025-05-26 SP14,I_IFD-HELI1,—,I_IFD-HELI1,I_IFD-HELI,IFA,Helios Power Trading A/S,705,0.0,0.9999999999999991,45,BMU
BMU ID,marginal_bmu_id,I_IFD-INCM1_BID,BID,0.0,,,,,0,0.0,0.0,0.1390227409923853,82.36037528752148,706,371,0.0718864433550563,29.382295397846597,40.10965716026676,0.0874561108639911,29.181332817536816,39.771802331439154,2025-05-26 SP14,I_IFD-INCM1,—,I_IFD-INCM1,I_IFD-INCM,IFA,IN COMMODITIES A/S,706,0.0,0.9999999999999991,45,BMU
BMU ID,marginal_bmu_id,I_IFD-MFTE1_BID,BID,0.0,,,,,0,0.0,0.0,0.1390227409923853,82.36037528752148,707,372,0.0718864433550563,29.382295397846597,40.10965716026676,0.0874561108639911,29.181332817536816,39.771802331439154,2025-05-26 SP14,I_IFD-MFTE1,—,I_IFD-MFTE1,I_IFD-MFTE,IFA,MFT Energy A/S,707,0.0,0.9999999999999991,45,BMU
BMU ID,marginal_bmu_id,I_IFD-NEAS1_BID,BID,0.0,0.0,0.0,0.0,0.0,1,1.0,0.0,0.1390227409923853,82.36037528752148,708,373,0.0718864433550563,29.382295397846597,40.10965716026676,0.0874561108639911,29.181332817536816,39.771802331439154,2025-05-26 SP14,I_IFD-NEAS1,—,I_IFD-NEAS1,I_IFD-NEAS,IFA,Centrica Energy Trading A/S,708,0.0,0.9999999999999991,45,BMU
BMU ID,marginal_bmu_id,I_IFD-OPMX1_BID,BID,0.0,,,,,0,0.0,0.0,0.1390227409923853,82.36037528752148,709,374,0.0718864433550563,29.382295397846597,40.10965716026676,0.0874561108639911,29.181332817536816,39.771802331439154,2025-05-26 SP14,I_IFD-OPMX1,—,I_IFD-OPMX1,I_IFD-OPMX,IFA,Optimax Energy GmbH,709,0.0,0.9999999999999991,45,BMU
BMU ID,marginal_bmu_id,I_IFD-OUTL1_BID,BID,0.0,,,,,0,0.0,0.0,0.1390227409923853,82.36037528752148,710,375,0.0718864433550563,29.382295397846597,40.10965716026676,0.0874561108639911,29.181332817536816,39.771802331439154,2025-05-26 SP14,I_IFD-OUTL1,—,I_IFD-OUTL1,I_IFD-OUTL,IFA,Outlook Energy Ltd,710,0.0,0.9999999999999991,45,BMU
BMU ID,marginal_bmu_id,I_IFD-TRLS1_BID,BID,0.0,,,,,0,0.0,0.0,0.1390227409923853,82.36037528752148,711,376,0.0718864433550563,29.382295397846597,40.10965716026676,0.0874561108639911,29.181332817536816,39.771802331439154,2025-05-26 SP14,I_IFD-TRLS1,—,I_IFD-TRLS1,I_IFD-TRLS,IFA,Engelhart CTP Renewables GmbH,711,0.0,0.9999999999999991,45,BMU
BMU ID,marginal_bmu_id,I_IFD-VOLT1_BID,BID,0.0,,,,,0,0.0,0.0,0.1390227409923853,82.36037528752148,712,377,0.0718864433550563,29.382295397846597,40.10965716026676,0.0874561108639911,29.181332817536816,39.771802331439154,2025-05-26 SP14,I_IFD-VOLT1,—,I_IFD-VOLT1,I_IFD-VOLT,IFA,Volta Energy DAC,712,0.0,0.9999999999999991,45,BMU
BMU ID,marginal_bmu_id,I_IFD-XNON1_BID,BID,0.0,,,,,0,0.0,0.0,0.1390227409923853,82.36037528752148,713,378,0.0718864433550563,29.382295397846597,40.10965716026676,0.0874561108639911,29.181332817536816,39.771802331439154,2025-05-26 SP14,I_IFD-XNON1,—,I_IFD-XNON1,I_IFD-XNON,IFA,XENON CAPITAL MARKETS LTD,713,0.0,0.9999999999999991,45,BMU
BMU ID,marginal_bmu_id,I_IFG-COPN1_OFFER,OFFER,0.0,,,,,0,0.0,0.0,0.1390227409923853,82.36037528752148,714,336,0.0718864433550563,29.382295397846597,40.10965716026676,0.0874561108639911,29.181332817536816,39.771802331439154,2025-05-26 SP14,I_IFG-COPN1,—,I_IFG-COPN1,I_IFG-COPN,IFA,Copenhagen Energy Trading A/S,714,0.0,0.9999999999999991,45,BMU
BMU ID,marginal_bmu_id,I_IFG-DVAL1_OFFER,OFFER,0.0,,,,,0,0.0,0.0,0.1390227409923853,82.36037528752148,715,337,0.0718864433550563,29.382295397846597,40.10965716026676,0.0874561108639911,29.181332817536816,39.771802331439154,2025-05-26 SP14,I_IFG-DVAL1,—,I_IFG-DVAL1,I_IFG-DVAL,IFA,DVALIN ApS,715,0.0,0.9999999999999991,45,BMU
BMU ID,marginal_bmu_id,I_IFG-EDMK1_OFFER,OFFER,0.0,,,,,0,0.0,0.0,0.1390227409923853,82.36037528752148,716,338,0.0718864433550563,29.382295397846597,40.10965716026676,0.0874561108639911,29.181332817536816,39.771802331439154,2025-05-26 SP14,I_IFG-EDMK1,—,I_IFG-EDMK1,I_IFG-EDMK,IFA,Mind Energy A/S,716,0.0,0.9999999999999991,45,BMU
BMU ID,marginal_bmu_id,I_IFG-ENTC1_OFFER,OFFER,0.0,,,,,0,0.0,0.0,0.1390227409923853,82.36037528752148,717,339,0.0718864433550563,29.382295397846597,40.10965716026676,0.0874561108639911,29.181332817536816,39.771802331439154,2025-05-26 SP14,I_IFG-ENTC1,—,I_IFG-ENTC1,I_IFG-ENTC,IFA,Energetech Europe BV,717,0.0,0.9999999999999991,45,BMU
BMU ID,marginal_bmu_id,I_IFG-INCM1_OFFER,OFFER,0.0,0.0,0.0,0.0,0.0,1,1.0,0.0,0.1390227409923853,82.36037528752148,718,340,0.0718864433550563,29.382295397846597,40.10965716026676,0.0874561108639911,29.181332817536816,39.771802331439154,2025-05-26 SP14,I_IFG-INCM1,—,I_IFG-INCM1,I_IFG-INCM,IFA,IN COMMODITIES A/S,718,0.0,0.9999999999999991,45,BMU
BMU ID,marginal_bmu_id,I_IFG-MFTE1_OFFER,OFFER,0.0,,,,,0,0.0,0.0,0.1390227409923853,82.36037528752148,719,341,0.0718864433550563,29.382295397846597,40.10965716026676,0.0874561108639911,29.181332817536816,39.771802331439154,2025-05-26 SP14,I_IFG-MFTE1,—,I_IFG-MFTE1,I_IFG-MFTE,IFA,MFT Energy A/S,719,0.0,0.9999999999999991,45,BMU
BMU ID,marginal_bmu_id,I_IFG-NEAS1_OFFER,OFFER,0.0,,,,,0,0.0,0.0,0.1390227409923853,82.36037528752148,720,342,0.0718864433550563,29.382295397846597,40.10965716026676,0.0874561108639911,29.181332817536816,39.771802331439154,2025-05-26 SP14,I_IFG-NEAS1,—,I_IFG-NEAS1,I_IFG-NEAS,IFA,Centrica Energy Trading A/S,720,0.0,0.9999999999999991,45,BMU
BMU ID,marginal_bmu_id,I_IFG-NITR1_OFFER,OFFER,0.0,,,,,0,0.0,0.0,0.1390227409923853,82.36037528752148,721,343,0.0718864433550563,29.382295397846597,40.10965716026676,0.0874561108639911,29.181332817536816,39.771802331439154,2025-05-26 SP14,I_IFG-NITR1,—,I_IFG-NITR1,I_IFG-NITR,IFA,Nitor Energy A/S,721,0.0,0.9999999999999991,45,BMU
BMU ID,marginal_bmu_id,I_IFG-NORL1_OFFER,OFFER,0.0,,,,,0,0.0,0.0,0.1390227409923853,82.36037528752148,722,344,0.0718864433550563,29.382295397846597,40.10965716026676,0.0874561108639911,29.181332817536816,39.771802331439154,2025-05-26 SP14,I_IFG-NORL1,—,I_IFG-NORL1,I_IFG-NORL,IFA,Norlys Energy Trading A/S,722,0.0,0.9999999999999991,45,BMU
BMU ID,marginal_bmu_id,I_IFG-NTPL1_OFFER,OFFER,0.0,0.0,0.0,0.0,0.0,1,1.0,0.0,0.1390227409923853,82.36037528752148,723,345,0.0718864433550563,29.382295397846597,40.10965716026676,0.0874561108639911,29.181332817536816,39.771802331439154,2025-05-26 SP14,I_IFG-NTPL1,—,I_IFG-NTPL1,I_IFG-NTPL,IFA,Northpool BV,723,0.0,0.9999999999999991,45,BMU
BMU ID,marginal_bmu_id,I_IFG-OPMX1_OFFER,OFFER,0.0,,,,,0,0.0,0.0,0.1390227409923853,82.36037528752148,724,346,0.0718864433550563,29.382295397846597,40.10965716026676,0.0874561108639911,29.181332817536816,39.771802331439154,2025-05-26 SP14,I_IFG-OPMX1,—,I_IFG-OPMX1,I_IFG-OPMX,IFA,Optimax Energy GmbH,724,0.0,0.9999999999999991,45,BMU
BMU ID,marginal_bmu_id,I_IFG-OUTL1_OFFER,OFFER,0.0,,,,,0,0.0,0.0,0.1390227409923853,82.36037528752148,725,347,0.0718864433550563,29.382295397846597,40.10965716026676,0.0874561108639911,29.181332817536816,39.771802331439154,2025-05-26 SP14,I_IFG-OUTL1,—,I_IFG-OUTL1,I_IFG-OUTL,IFA,Outlook Energy Ltd,725,0.0,0.9999999999999991,45,BMU
BMU ID,marginal_bmu_id,I_IFG-TRLS1_OFFER,OFFER,0.0,,,,,0,0.0,0.0,0.1390227409923853,82.36037528752148,726,348,0.0718864433550563,29.382295397846597,40.10965716026676,0.0874561108639911,29.181332817536816,39.771802331439154,2025-05-26 SP14,I_IFG-TRLS1,—,I_IFG-TRLS1,I_IFG-TRLS,IFA,Engelhart CTP Renewables GmbH,726,0.0,0.9999999999999991,45,BMU
BMU ID,marginal_bmu_id,I_ILD-DSKC1_BID,BID,0.0,,,,,0,0.0,0.0,0.1390227409923853,82.36037528752148,727,379,0.0718864433550563,29.382295397846597,40.10965716026676,0.0874561108639911,29.181332817536816,39.771802331439154,2025-05-26 SP14,I_ILD-DSKC1,—,I_ILD-DSKC1,I_ILD-DSKC,Eleclink,Danske Commodities A/S,727,0.0,0.9999999999999991,45,BMU
BMU ID,marginal_bmu_id,I_ILD-EDFT1_BID,BID,0.0,,,,,0,0.0,0.0,0.1390227409923853,82.36037528752148,728,380,0.0718864433550563,29.382295397846597,40.10965716026676,0.0874561108639911,29.181332817536816,39.771802331439154,2025-05-26 SP14,I_ILD-EDFT1,—,I_ILD-EDFT1,I_ILD-EDFT,Eleclink,EDF TRADING LIMITED,728,0.0,0.9999999999999991,45,BMU
BMU ID,marginal_bmu_id,I_ILD-EDMK1_BID,BID,0.0,,,,,0,0.0,0.0,0.1390227409923853,82.36037528752148,729,381,0.0718864433550563,29.382295397846597,40.10965716026676,0.0874561108639911,29.181332817536816,39.771802331439154,2025-05-26 SP14,I_ILD-EDMK1,—,I_ILD-EDMK1,I_ILD-EDMK,Eleclink,Mind Energy A/S,729,0.0,0.9999999999999991,45,BMU
BMU ID,marginal_bmu_id,I_ILD-HELI1_BID,BID,0.0,,,,,0,0.0,0.0,0.1390227409923853,82.36037528752148,730,382,0.0718864433550563,29.382295397846597,40.10965716026676,0.0874561108639911,29.181332817536816,39.771802331439154,2025-05-26 SP14,I_ILD-HELI1,—,I_ILD-HELI1,I_ILD-HELI,Eleclink,Helios Power Trading A/S,730,0.0,0.9999999999999991,45,BMU
BMU ID,marginal_bmu_id,I_ILD-INCM1_BID,BID,0.0,,,,,0,0.0,0.0,0.1390227409923853,82.36037528752148,731,383,0.0718864433550563,29.382295397846597,40.10965716026676,0.0874561108639911,29.181332817536816,39.771802331439154,2025-05-26 SP14,I_ILD-INCM1,—,I_ILD-INCM1,I_ILD-INCM,Eleclink,IN COMMODITIES A/S,731,0.0,0.9999999999999991,45,BMU
BMU ID,marginal_bmu_id,I_ILD-MFTE1_BID,BID,0.0,,,,,0,0.0,0.0,0.1390227409923853,82.36037528752148,732,384,0.0718864433550563,29.382295397846597,40.10965716026676,0.0874561108639911,29.181332817536816,39.771802331439154,2025-05-26 SP14,I_ILD-MFTE1,—,I_ILD-MFTE1,I_ILD-MFTE,Eleclink,MFT Energy A/S,732,0.0,0.9999999999999991,45,BMU
BMU ID,marginal_bmu_id,I_ILD-NEAS1_BID,BID,0.0,,,,,0,0.0,0.0,0.1390227409923853,82.36037528752148,733,385,0.0718864433550563,29.382295397846597,40.10965716026676,0.0874561108639911,29.181332817536816,39.771802331439154,2025-05-26 SP14,I_ILD-NEAS1,—,I_ILD-NEAS1,I_ILD-NEAS,Eleclink,Centrica Energy Trading A/S,733,0.0,0.9999999999999991,45,BMU
BMU ID,marginal_bmu_id,I_ILD-NTPL1_BID,BID,0.0,,,,,0,0.0,0.0,0.1390227409923853,82.36037528752148,734,386,0.0718864433550563,29.382295397846597,40.10965716026676,0.0874561108639911,29.181332817536816,39.771802331439154,2025-05-26 SP14,I_ILD-NTPL1,—,I_ILD-NTPL1,I_ILD-NTPL,Eleclink,Northpool BV,734,0.0,0.9999999999999991,45,BMU
BMU ID,marginal_bmu_id,I_ILD-OUTL1_BID,BID,0.0,,,,,0,0.0,0.0,0.1390227409923853,82.36037528752148,735,387,0.0718864433550563,29.382295397846597,40.10965716026676,0.0874561108639911,29.181332817536816,39.771802331439154,2025-05-26 SP14,I_ILD-OUTL1,—,I_ILD-OUTL1,I_ILD-OUTL,Eleclink,Outlook Energy Ltd,735,0.0,0.9999999999999991,45,BMU
BMU ID,marginal_bmu_id,I_ILG-BKWE1_OFFER,OFFER,0.0,,,,,0,0.0,0.0,0.1390227409923853,82.36037528752148,736,349,0.0718864433550563,29.382295397846597,40.10965716026676,0.0874561108639911,29.181332817536816,39.771802331439154,2025-05-26 SP14,I_ILG-BKWE1,—,I_ILG-BKWE1,I_ILG-BKWE,Eleclink,BKW Energie AG,736,0.0,0.9999999999999991,45,BMU
BMU ID,marginal_bmu_id,I_ILG-DMCC1_OFFER,OFFER,0.0,,,,,0,0.0,0.0,0.1390227409923853,82.36037528752148,737,350,0.0718864433550563,29.382295397846597,40.10965716026676,0.0874561108639911,29.181332817536816,39.771802331439154,2025-05-26 SP14,I_ILG-DMCC1,—,I_ILG-DMCC1,I_ILG-DMCC,Eleclink,Cobblestone Energy DMCC,737,0.0,0.9999999999999991,45,BMU
BMU ID,marginal_bmu_id,I_ILG-DSKC1_OFFER,OFFER,0.0,,,,,0,0.0,0.0,0.1390227409923853,82.36037528752148,738,351,0.0718864433550563,29.382295397846597,40.10965716026676,0.0874561108639911,29.181332817536816,39.771802331439154,2025-05-26 SP14,I_ILG-DSKC1,—,I_ILG-DSKC1,I_ILG-DSKC,Eleclink,Danske Commodities A/S,738,0.0,0.9999999999999991,45,BMU
BMU ID,marginal_bmu_id,I_ILG-EDFT1_OFFER,OFFER,0.0,,,,,0,0.0,0.0,0.1390227409923853,82.36037528752148,739,352,0.0718864433550563,29.382295397846597,40.10965716026676,0.0874561108639911,29.181332817536816,39.771802331439154,2025-05-26 SP14,I_ILG-EDFT1,—,I_ILG-EDFT1,I_ILG-EDFT,Eleclink,EDF TRADING LIMITED,739,0.0,0.9999999999999991,45,BMU
BMU ID,marginal_bmu_id,I_ILG-INCM1_OFFER,OFFER,0.0,,,,,0,0.0,0.0,0.1390227409923853,82.36037528752148,740,353,0.0718864433550563,29.382295397846597,40.10965716026676,0.0874561108639911,29.181332817536816,39.771802331439154,2025-05-26 SP14,I_ILG-INCM1,—,I_ILG-INCM1,I_ILG-INCM,Eleclink,IN COMMODITIES A/S,740,0.0,0.9999999999999991,45,BMU
BMU ID,marginal_bmu_id,I_ILG-NITR1_OFFER,OFFER,0.0,,,,,0,0.0,0.0,0.1390227409923853,82.36037528752148,741,354,0.0718864433550563,29.382295397846597,40.10965716026676,0.0874561108639911,29.181332817536816,39.771802331439154,2025-05-26 SP14,I_ILG-NITR1,—,I_ILG-NITR1,I_ILG-NITR,Eleclink,Nitor Energy A/S,741,0.0,0.9999999999999991,45,BMU
BMU ID,marginal_bmu_id,I_ILG-NTPL1_OFFER,OFFER,0.0,,,,,0,0.0,0.0,0.1390227409923853,82.36037528752148,742,355,0.0718864433550563,29.382295397846597,40.10965716026676,0.0874561108639911,29.181332817536816,39.771802331439154,2025-05-26 SP14,I_ILG-NTPL1,—,I_ILG-NTPL1,I_ILG-NTPL,Eleclink,Northpool BV,742,0.0,0.9999999999999991,45,BMU
BMU ID,marginal_bmu_id,I_ILG-OUTL1_OFFER,OFFER,0.0,,,,,0,0.0,0.0,0.1390227409923853,82.36037528752148,743,356,0.0718864433550563,29.382295397846597,40.10965716026676,0.0874561108639911,29.181332817536816,39.771802331439154,2025-05-26 SP14,I_ILG-OUTL1,—,I_ILG-OUTL1,I_ILG-OUTL,Eleclink,Outlook Energy Ltd,743,0.0,0.9999999999999991,45,BMU
BMU ID,marginal_bmu_id,I_IND-CBST1_BID,BID,0.0,,,,,0,0.0,0.0,0.1390227409923853,82.36037528752148,744,388,0.0718864433550563,29.382295397846597,40.10965716026676,0.0874561108639911,29.181332817536816,39.771802331439154,2025-05-26 SP14,I_IND-CBST1,—,I_IND-CBST1,I_IND-CBST,NEMO,Cobblestone Energy,744,0.0,0.9999999999999991,45,BMU
BMU ID,marginal_bmu_id,I_IND-COPN1_BID,BID,0.0,,,,,0,0.0,0.0,0.1390227409923853,82.36037528752148,745,389,0.0718864433550563,29.382295397846597,40.10965716026676,0.0874561108639911,29.181332817536816,39.771802331439154,2025-05-26 SP14,I_IND-COPN1,—,I_IND-COPN1,I_IND-COPN,NEMO,Copenhagen Energy Trading A/S,745,0.0,0.9999999999999991,45,BMU
BMU ID,marginal_bmu_id,I_IND-DMCC1_BID,BID,0.0,,,,,0,0.0,0.0,0.1390227409923853,82.36037528752148,746,390,0.0718864433550563,29.382295397846597,40.10965716026676,0.0874561108639911,29.181332817536816,39.771802331439154,2025-05-26 SP14,I_IND-DMCC1,—,I_IND-DMCC1,I_IND-DMCC,NEMO,Cobblestone Energy DMCC,746,0.0,0.9999999999999991,45,BMU
BMU ID,marginal_bmu_id,I_IND-DVAL1_BID,BID,0.0,,,,,0,0.0,0.0,0.1390227409923853,82.36037528752148,747,391,0.0718864433550563,29.382295397846597,40.10965716026676,0.0874561108639911,29.181332817536816,39.771802331439154,2025-05-26 SP14,I_IND-DVAL1,—,I_IND-DVAL1,I_IND-DVAL,NEMO,DVALIN ApS,747,0.0,0.9999999999999991,45,BMU
BMU ID,marginal_bmu_id,I_IND-EDFT1_BID,BID,0.0,0.0,0.0,0.0,0.0,1,1.0,0.0,0.1390227409923853,82.36037528752148,748,392,0.0718864433550563,29.382295397846597,40.10965716026676,0.0874561108639911,29.181332817536816,39.771802331439154,2025-05-26 SP14,I_IND-EDFT1,—,I_IND-EDFT1,I_IND-EDFT,NEMO,EDF TRADING LIMITED,748,0.0,0.9999999999999991,45,BMU
BMU ID,marginal_bmu_id,I_IND-ELEE1_BID,BID,0.0,,,,,0,0.0,0.0,0.1390227409923853,82.36037528752148,749,393,0.0718864433550563,29.382295397846597,40.10965716026676,0.0874561108639911,29.181332817536816,39.771802331439154,2025-05-26 SP14,I_IND-ELEE1,—,I_IND-ELEE1,I_IND-ELEE,NEMO,Electrabel SA,749,0.0,0.9999999999999991,45,BMU
BMU ID,marginal_bmu_id,I_IND-HELI1_BID,BID,0.0,,,,,0,0.0,0.0,0.1390227409923853,82.36037528752148,750,394,0.0718864433550563,29.382295397846597,40.10965716026676,0.0874561108639911,29.181332817536816,39.771802331439154,2025-05-26 SP14,I_IND-HELI1,—,I_IND-HELI1,I_IND-HELI,NEMO,Helios Power Trading A/S,750,0.0,0.9999999999999991,45,BMU
BMU ID,marginal_bmu_id,I_IND-INCM1_BID,BID,0.0,0.0,0.0,0.0,0.0,1,1.0,0.0,0.1390227409923853,82.36037528752148,751,395,0.0718864433550563,29.382295397846597,40.10965716026676,0.0874561108639911,29.181332817536816,39.771802331439154,2025-05-26 SP14,I_IND-INCM1,—,I_IND-INCM1,I_IND-INCM,NEMO,IN COMMODITIES A/S,751,0.0,0.9999999999999991,45,BMU
BMU ID,marginal_bmu_id,I_IND-NEAS1_BID,BID,0.0,0.0,0.0,0.0,0.0,1,1.0,0.0,0.1390227409923853,82.36037528752148,752,396,0.0718864433550563,29.382295397846597,40.10965716026676,0.0874561108639911,29.181332817536816,39.771802331439154,2025-05-26 SP14,I_IND-NEAS1,—,I_IND-NEAS1,I_IND-NEAS,NEMO,Centrica Energy Trading A/S,752,0.0,0.9999999999999991,45,BMU
BMU ID,marginal_bmu_id,I_IND-NITR1_BID,BID,0.0,0.0,0.0,0.0,0.0,2,1.5,0.0,0.1390227409923853,82.36037528752148,753,397,0.0718864433550563,29.382295397846597,40.10965716026676,0.0874561108639911,29.181332817536816,39.771802331439154,2025-05-26 SP14,I_IND-NITR1,—,I_IND-NITR1,I_IND-NITR,NEMO,Nitor Energy A/S,753,0.0,0.9999999999999991,45,BMU
BMU ID,marginal_bmu_id,I_IND-NORL1_BID,BID,0.0,,,,,0,0.0,0.0,0.1390227409923853,82.36037528752148,754,398,0.0718864433550563,29.382295397846597,40.10965716026676,0.0874561108639911,29.181332817536816,39.771802331439154,2025-05-26 SP14,I_IND-NORL1,—,I_IND-NORL1,I_IND-NORL,NEMO,Norlys Energy Trading A/S,754,0.0,0.9999999999999991,45,BMU
BMU ID,marginal_bmu_id,I_IND-OUTL1_BID,BID,0.0,,,,,0,0.0,0.0,0.1390227409923853,82.36037528752148,755,399,0.0718864433550563,29.382295397846597,40.10965716026676,0.0874561108639911,29.181332817536816,39.771802331439154,2025-05-26 SP14,I_IND-OUTL1,—,I_IND-OUTL1,I_IND-OUTL,NEMO,Outlook Energy Ltd,755,0.0,0.9999999999999991,45,BMU
BMU ID,marginal_bmu_id,I_IND-PWMR1_BID,BID,0.0,0.0,0.0,0.0,0.0,1,1.0,0.0,0.1390227409923853,82.36037528752148,756,400,0.0718864433550563,29.382295397846597,40.10965716026676,0.0874561108639911,29.181332817536816,39.771802331439154,2025-05-26 SP14,I_IND-PWMR1,—,I_IND-PWMR1,I_IND-PWMR,NEMO,PowerMart ApS,756,0.0,0.9999999999999991,45,BMU
BMU ID,marginal_bmu_id,I_IND-SETL1_BID,BID,0.0,,,,,0,0.0,0.0,0.1390227409923853,82.36037528752148,757,401,0.0718864433550563,29.382295397846597,40.10965716026676,0.0874561108639911,29.181332817536816,39.771802331439154,2025-05-26 SP14,I_IND-SETL1,—,I_IND-SETL1,I_IND-SETL,NEMO,Shell Energy Europe Limited,757,0.0,0.9999999999999991,45,BMU
BMU ID,marginal_bmu_id,I_IND-TRLS1_BID,BID,0.0,,,,,0,0.0,0.0,0.1390227409923853,82.36037528752148,758,402,0.0718864433550563,29.382295397846597,40.10965716026676,0.0874561108639911,29.181332817536816,39.771802331439154,2025-05-26 SP14,I_IND-TRLS1,—,I_IND-TRLS1,I_IND-TRLS,NEMO,Engelhart CTP Renewables GmbH,758,0.0,0.9999999999999991,45,BMU
BMU ID,marginal_bmu_id,I_ING-CBST1_OFFER,OFFER,0.0,,,,,0,0.0,0.0,0.1390227409923853,82.36037528752148,759,357,0.0718864433550563,29.382295397846597,40.10965716026676,0.0874561108639911,29.181332817536816,39.771802331439154,2025-05-26 SP14,I_ING-CBST1,—,I_ING-CBST1,I_ING-CBST,NEMO,Cobblestone Energy,759,0.0,0.9999999999999991,45,BMU
BMU ID,marginal_bmu_id,I_ING-COPN1_OFFER,OFFER,0.0,,,,,0,0.0,0.0,0.1390227409923853,82.36037528752148,760,358,0.0718864433550563,29.382295397846597,40.10965716026676,0.0874561108639911,29.181332817536816,39.771802331439154,2025-05-26 SP14,I_ING-COPN1,—,I_ING-COPN1,I_ING-COPN,NEMO,Copenhagen Energy Trading A/S,760,0.0,0.9999999999999991,45,BMU
BMU ID,marginal_bmu_id,I_ING-DMCC1_OFFER,OFFER,0.0,,,,,0,0.0,0.0,0.1390227409923853,82.36037528752148,761,359,0.0718864433550563,29.382295397846597,40.10965716026676,0.0874561108639911,29.181332817536816,39.771802331439154,2025-05-26 SP14,I_ING-DMCC1,—,I_ING-DMCC1,I_ING-DMCC,NEMO,Cobblestone Energy DMCC,761,0.0,0.9999999999999991,45,BMU
BMU ID,marginal_bmu_id,I_ING-DSKC1_OFFER,OFFER,0.0,,,,,0,0.0,0.0,0.1390227409923853,82.36037528752148,762,360,0.0718864433550563,29.382295397846597,40.10965716026676,0.0874561108639911,29.181332817536816,39.771802331439154,2025-05-26 SP14,I_ING-DSKC1,—,I_ING-DSKC1,I_ING-DSKC,NEMO,Danske Commodities A/S,762,0.0,0.9999999999999991,45,BMU
BMU ID,marginal_bmu_id,I_ING-DVAL1_OFFER,OFFER,0.0,0.0,0.0,0.0,0.0,1,1.0,0.0,0.1390227409923853,82.36037528752148,763,361,0.0718864433550563,29.382295397846597,40.10965716026676,0.0874561108639911,29.181332817536816,39.771802331439154,2025-05-26 SP14,I_ING-DVAL1,—,I_ING-DVAL1,I_ING-DVAL,NEMO,DVALIN ApS,763,0.0,0.9999999999999991,45,BMU
BMU ID,marginal_bmu_id,I_ING-EDFT1_OFFER,OFFER,0.0,,,,,0,0.0,0.0,0.1390227409923853,82.36037528752148,764,362,0.0718864433550563,29.382295397846597,40.10965716026676,0.0874561108639911,29.181332817536816,39.771802331439154,2025-05-26 SP14,I_ING-EDFT1,—,I_ING-EDFT1,I_ING-EDFT,NEMO,EDF TRADING LIMITED,764,0.0,0.9999999999999991,45,BMU
BMU ID,marginal_bmu_id,I_ING-EDMK1_OFFER,OFFER,0.0,0.0,0.0,0.0,0.0,1,1.0,0.0,0.1390227409923853,82.36037528752148,765,363,0.0718864433550563,29.382295397846597,40.10965716026676,0.0874561108639911,29.181332817536816,39.771802331439154,2025-05-26 SP14,I_ING-EDMK1,—,I_ING-EDMK1,I_ING-EDMK,NEMO,Mind Energy A/S,765,0.0,0.9999999999999991,45,BMU
BMU ID,marginal_bmu_id,I_ING-ELEE1_OFFER,OFFER,0.0,0.0,0.0,0.0,0.0,1,1.0,0.0,0.1390227409923853,82.36037528752148,766,364,0.0718864433550563,29.382295397846597,40.10965716026676,0.0874561108639911,29.181332817536816,39.771802331439154,2025-05-26 SP14,I_ING-ELEE1,—,I_ING-ELEE1,I_ING-ELEE,NEMO,Electrabel SA,766,0.0,0.9999999999999991,45,BMU
BMU ID,marginal_bmu_id,I_ING-ELTR1_OFFER,OFFER,0.0,,,,,0,0.0,0.0,0.1390227409923853,82.36037528752148,767,365,0.0718864433550563,29.382295397846597,40.10965716026676,0.0874561108639911,29.181332817536816,39.771802331439154,2025-05-26 SP14,I_ING-ELTR1,—,I_ING-ELTR1,I_ING-ELTR,NEMO,ElectroRoute Energy Trading,767,0.0,0.9999999999999991,45,BMU
BMU ID,marginal_bmu_id,I_ING-HELI1_OFFER,OFFER,0.0,,,,,0,0.0,0.0,0.1390227409923853,82.36037528752148,768,366,0.0718864433550563,29.382295397846597,40.10965716026676,0.0874561108639911,29.181332817536816,39.771802331439154,2025-05-26 SP14,I_ING-HELI1,—,I_ING-HELI1,I_ING-HELI,NEMO,Helios Power Trading A/S,768,0.0,0.9999999999999991,45,BMU
BMU ID,marginal_bmu_id,I_ING-INCM1_OFFER,OFFER,0.0,,,,,0,0.0,0.0,0.1390227409923853,82.36037528752148,769,367,0.0718864433550563,29.382295397846597,40.10965716026676,0.0874561108639911,29.181332817536816,39.771802331439154,2025-05-26 SP14,I_ING-INCM1,—,I_ING-INCM1,I_ING-INCM,NEMO,IN COMMODITIES A/S,769,0.0,0.9999999999999991,45,BMU
BMU ID,marginal_bmu_id,I_ING-MFTE1_OFFER,OFFER,0.0,,,,,0,0.0,0.0,0.1390227409923853,82.36037528752148,770,368,0.0718864433550563,29.382295397846597,40.10965716026676,0.0874561108639911,29.181332817536816,39.771802331439154,2025-05-26 SP14,I_ING-MFTE1,—,I_ING-MFTE1,I_ING-MFTE,NEMO,MFT Energy A/S,770,0.0,0.9999999999999991,45,BMU
BMU ID,marginal_bmu_id,I_ING-NEAS1_OFFER,OFFER,0.0,0.0,0.0,0.0,0.0,1,1.0,0.0,0.1390227409923853,82.36037528752148,771,369,0.0718864433550563,29.382295397846597,40.10965716026676,0.0874561108639911,29.181332817536816,39.771802331439154,2025-05-26 SP14,I_ING-NEAS1,—,I_ING-NEAS1,I_ING-NEAS,NEMO,Centrica Energy Trading A/S,771,0.0,0.9999999999999991,45,BMU
BMU ID,marginal_bmu_id,I_ING-NITR1_OFFER,OFFER,0.0,0.0,0.0,0.0,0.0,1,1.0,0.0,0.1390227409923853,82.36037528752148,772,370,0.0718864433550563,29.382295397846597,40.10965716026676,0.0874561108639911,29.181332817536816,39.771802331439154,2025-05-26 SP14,I_ING-NITR1,—,I_ING-NITR1,I_ING-NITR,NEMO,Nitor Energy A/S,772,0.0,0.9999999999999991,45,BMU
BMU ID,marginal_bmu_id,I_ING-NTPL1_OFFER,OFFER,0.0,,,,,0,0.0,0.0,0.1390227409923853,82.36037528752148,773,371,0.0718864433550563,29.382295397846597,40.10965716026676,0.0874561108639911,29.181332817536816,39.771802331439154,2025-05-26 SP14,I_ING-NTPL1,—,I_ING-NTPL1,I_ING-NTPL,NEMO,Northpool BV,773,0.0,0.9999999999999991,45,BMU
BMU ID,marginal_bmu_id,I_ING-OUTL1_OFFER,OFFER,0.0,,,,,0,0.0,0.0,0.1390227409923853,82.36037528752148,774,372,0.0718864433550563,29.382295397846597,40.10965716026676,0.0874561108639911,29.181332817536816,39.771802331439154,2025-05-26 SP14,I_ING-OUTL1,—,I_ING-OUTL1,I_ING-OUTL,NEMO,Outlook Energy Ltd,774,0.0,0.9999999999999991,45,BMU
BMU ID,marginal_bmu_id,I_ING-PWMR1_OFFER,OFFER,0.0,,,,,0,0.0,0.0,0.1390227409923853,82.36037528752148,775,373,0.0718864433550563,29.382295397846597,40.10965716026676,0.0874561108639911,29.181332817536816,39.771802331439154,2025-05-26 SP14,I_ING-PWMR1,—,I_ING-PWMR1,I_ING-PWMR,NEMO,PowerMart ApS,775,0.0,0.9999999999999991,45,BMU
BMU ID,marginal_bmu_id,I_ING-TRLS1_OFFER,OFFER,0.0,,,,,0,0.0,0.0,0.1390227409923853,82.36037528752148,776,374,0.0718864433550563,29.382295397846597,40.10965716026676,0.0874561108639911,29.181332817536816,39.771802331439154,2025-05-26 SP14,I_ING-TRLS1,—,I_ING-TRLS1,I_ING-TRLS,NEMO,Engelhart CTP Renewables GmbH,776,0.0,0.9999999999999991,45,BMU
BMU ID,marginal_bmu_id,I_IVD-COPN1_BID,BID,0.0,,,,,0,0.0,0.0,0.1390227409923853,82.36037528752148,777,403,0.0718864433550563,29.382295397846597,40.10965716026676,0.0874561108639911,29.181332817536816,39.771802331439154,2025-05-26 SP14,I_IVD-COPN1,—,I_IVD-COPN1,I_IVD-COPN,Viking,Copenhagen Energy Trading A/S,777,0.0,0.9999999999999991,45,BMU
BMU ID,marginal_bmu_id,I_IVD-DSKC1_BID,BID,0.0,0.0,0.0,0.0,0.0,1,1.0,0.0,0.1390227409923853,82.36037528752148,778,404,0.0718864433550563,29.382295397846597,40.10965716026676,0.0874561108639911,29.181332817536816,39.771802331439154,2025-05-26 SP14,I_IVD-DSKC1,—,I_IVD-DSKC1,I_IVD-DSKC,Viking,Danske Commodities A/S,778,0.0,0.9999999999999991,45,BMU
BMU ID,marginal_bmu_id,I_IVD-EDMK1_BID,BID,0.0,,,,,0,0.0,0.0,0.1390227409923853,82.36037528752148,779,405,0.0718864433550563,29.382295397846597,40.10965716026676,0.0874561108639911,29.181332817536816,39.771802331439154,2025-05-26 SP14,I_IVD-EDMK1,—,I_IVD-EDMK1,I_IVD-EDMK,Viking,Mind Energy A/S,779,0.0,0.9999999999999991,45,BMU
BMU ID,marginal_bmu_id,I_IVD-EZCO1_BID,BID,0.0,,,,,0,0.0,0.0,0.1390227409923853,82.36037528752148,780,406,0.0718864433550563,29.382295397846597,40.10965716026676,0.0874561108639911,29.181332817536816,39.771802331439154,2025-05-26 SP14,I_IVD-EZCO1,—,I_IVD-EZCO1,I_IVD-EZCO,Viking,ENZEE Commodities A/S,780,0.0,0.9999999999999991,45,BMU
BMU ID,marginal_bmu_id,I_IVD-HELI1_BID,BID,0.0,,,,,0,0.0,0.0,0.1390227409923853,82.36037528752148,781,407,0.0718864433550563,29.382295397846597,40.10965716026676,0.0874561108639911,29.181332817536816,39.771802331439154,2025-05-26 SP14,I_IVD-HELI1,—,I_IVD-HELI1,I_IVD-HELI,Viking,Helios Power Trading A/S,781,0.0,0.9999999999999991,45,BMU
BMU ID,marginal_bmu_id,I_IVD-INCM1_BID,BID,0.0,,,,,0,0.0,0.0,0.1390227409923853,82.36037528752148,782,408,0.0718864433550563,29.382295397846597,40.10965716026676,0.0874561108639911,29.181332817536816,39.771802331439154,2025-05-26 SP14,I_IVD-INCM1,—,I_IVD-INCM1,I_IVD-INCM,Viking,IN COMMODITIES A/S,782,0.0,0.9999999999999991,45,BMU
BMU ID,marginal_bmu_id,I_IVD-MFTE1_BID,BID,0.0,,,,,0,0.0,0.0,0.1390227409923853,82.36037528752148,783,409,0.0718864433550563,29.382295397846597,40.10965716026676,0.0874561108639911,29.181332817536816,39.771802331439154,2025-05-26 SP14,I_IVD-MFTE1,—,I_IVD-MFTE1,I_IVD-MFTE,Viking,MFT Energy A/S,783,0.0,0.9999999999999991,45,BMU
BMU ID,marginal_bmu_id,I_IVD-NITR1_BID,BID,0.0,,,,,0,0.0,0.0,0.1390227409923853,82.36037528752148,784,410,0.0718864433550563,29.382295397846597,40.10965716026676,0.0874561108639911,29.181332817536816,39.771802331439154,2025-05-26 SP14,I_IVD-NITR1,—,I_IVD-NITR1,I_IVD-NITR,Viking,Nitor Energy A/S,784,0.0,0.9999999999999991,45,BMU
BMU ID,marginal_bmu_id,I_IVD-NORL1_BID,BID,0.0,,,,,0,0.0,0.0,0.1390227409923853,82.36037528752148,785,411,0.0718864433550563,29.382295397846597,40.10965716026676,0.0874561108639911,29.181332817536816,39.771802331439154,2025-05-26 SP14,I_IVD-NORL1,—,I_IVD-NORL1,I_IVD-NORL,Viking,Norlys Energy Trading A/S,785,0.0,0.9999999999999991,45,BMU
BMU ID,marginal_bmu_id,I_IVD-PWMR1_BID,BID,0.0,,,,,0,0.0,0.0,0.1390227409923853,82.36037528752148,786,412,0.0718864433550563,29.382295397846597,40.10965716026676,0.0874561108639911,29.181332817536816,39.771802331439154,2025-05-26 SP14,I_IVD-PWMR1,—,I_IVD-PWMR1,I_IVD-PWMR,Viking,PowerMart ApS,786,0.0,0.9999999999999991,45,BMU
BMU ID,marginal_bmu_id,I_IVG-CACM1_OFFER,OFFER,0.0,,,,,0,0.0,0.0,0.1390227409923853,82.36037528752148,787,375,0.0718864433550563,29.382295397846597,40.10965716026676,0.0874561108639911,29.181332817536816,39.771802331439154,2025-05-26 SP14,I_IVG-CACM1,—,I_IVG-CACM1,I_IVG-CACM,Viking,C A Commodities A/S,787,0.0,0.9999999999999991,45,BMU
BMU ID,marginal_bmu_id,I_IVG-DSKC1_OFFER,OFFER,0.0,0.0,0.0,0.0,0.0,2,2.0,0.0,0.1390227409923853,82.36037528752148,788,376,0.0718864433550563,29.382295397846597,40.10965716026676,0.0874561108639911,29.181332817536816,39.771802331439154,2025-05-26 SP14,I_IVG-DSKC1,—,I_IVG-DSKC1,I_IVG-DSKC,Viking,Danske Commodities A/S,788,0.0,0.9999999999999991,45,BMU
BMU ID,marginal_bmu_id,I_IVG-EDMK1_OFFER,OFFER,0.0,,,,,0,0.0,0.0,0.1390227409923853,82.36037528752148,789,377,0.0718864433550563,29.382295397846597,40.10965716026676,0.0874561108639911,29.181332817536816,39.771802331439154,2025-05-26 SP14,I_IVG-EDMK1,—,I_IVG-EDMK1,I_IVG-EDMK,Viking,Mind Energy A/S,789,0.0,0.9999999999999991,45,BMU
BMU ID,marginal_bmu_id,I_IVG-EZCO1_OFFER,OFFER,0.0,,,,,0,0.0,0.0,0.1390227409923853,82.36037528752148,790,378,0.0718864433550563,29.382295397846597,40.10965716026676,0.0874561108639911,29.181332817536816,39.771802331439154,2025-05-26 SP14,I_IVG-EZCO1,—,I_IVG-EZCO1,I_IVG-EZCO,Viking,ENZEE Commodities A/S,790,0.0,0.9999999999999991,45,BMU
BMU ID,marginal_bmu_id,I_IVG-NEAS1_OFFER,OFFER,0.0,,,,,0,0.0,0.0,0.1390227409923853,82.36037528752148,791,379,0.0718864433550563,29.382295397846597,40.10965716026676,0.0874561108639911,29.181332817536816,39.771802331439154,2025-05-26 SP14,I_IVG-NEAS1,—,I_IVG-NEAS1,I_IVG-NEAS,Viking,Centrica Energy Trading A/S,791,0.0,0.9999999999999991,45,BMU
BMU ID,marginal_bmu_id,I_IVG-NITR1_OFFER,OFFER,0.0,,,,,0,0.0,0.0,0.1390227409923853,82.36037528752148,792,380,0.0718864433550563,29.382295397846597,40.10965716026676,0.0874561108639911,29.181332817536816,39.771802331439154,2025-05-26 SP14,I_IVG-NITR1,—,I_IVG-NITR1,I_IVG-NITR,Viking,Nitor Energy A/S,792,0.0,0.9999999999999991,45,BMU
BMU ID,marginal_bmu_id,I_IVG-NORL1_OFFER,OFFER,0.0,0.0,0.0,0.0,0.0,1,1.0,0.0,0.1390227409923853,82.36037528752148,793,381,0.0718864433550563,29.382295397846597,40.10965716026676,0.0874561108639911,29.181332817536816,39.771802331439154,2025-05-26 SP14,I_IVG-NORL1,—,I_IVG-NORL1,I_IVG-NORL,Viking,Norlys Energy Trading A/S,793,0.0,0.9999999999999991,45,BMU
BMU ID,marginal_bmu_id,I_IVG-NTPL1_OFFER,OFFER,0.0,0.0,0.0,0.0,0.0,1,1.0,0.0,0.1390227409923853,82.36037528752148,794,382,0.0718864433550563,29.382295397846597,40.10965716026676,0.0874561108639911,29.181332817536816,39.771802331439154,2025-05-26 SP14,I_IVG-NTPL1,—,I_IVG-NTPL1,I_IVG-NTPL,Viking,Northpool BV,794,0.0,0.9999999999999991,45,BMU
BMU ID,marginal_bmu_id,I_IVG-OPMX1_OFFER,OFFER,0.0,,,,,0,0.0,0.0,0.1390227409923853,82.36037528752148,795,383,0.0718864433550563,29.382295397846597,40.10965716026676,0.0874561108639911,29.181332817536816,39.771802331439154,2025-05-26 SP14,I_IVG-OPMX1,—,I_IVG-OPMX1,I_IVG-OPMX,Viking,Optimax Energy GmbH,795,0.0,0.9999999999999991,45,BMU
BMU ID,marginal_bmu_id,I_IVG-OUTL1_OFFER,OFFER,0.0,,,,,0,0.0,0.0,0.1390227409923853,82.36037528752148,796,384,0.0718864433550563,29.382295397846597,40.10965716026676,0.0874561108639911,29.181332817536816,39.771802331439154,2025-05-26 SP14,I_IVG-OUTL1,—,I_IVG-OUTL1,I_IVG-OUTL,Viking,Outlook Energy Ltd,796,0.0,0.9999999999999991,45,BMU
BMU ID,marginal_bmu_id,I_IVG-PWMR1_OFFER,OFFER,0.0,,,,,0,0.0,0.0,0.1390227409923853,82.36037528752148,797,385,0.0718864433550563,29.382295397846597,40.10965716026676,0.0874561108639911,29.181332817536816,39.771802331439154,2025-05-26 SP14,I_IVG-PWMR1,—,I_IVG-PWMR1,I_IVG-PWMR,Viking,PowerMart ApS,797,0.0,0.9999999999999991,45,BMU
BMU ID,marginal_bmu_id,M_CAS-BEU01_BID,BID,0.0,,,,,0,0.0,0.0,0.1390227409923853,82.36037528752148,798,413,0.0718864433550563,29.382295397846597,40.10965716026676,0.0874561108639911,29.181332817536816,39.771802331439154,2025-05-26 SP14,M_CAS-BEU01,Beauly Cascade,M_CAS-BEU01,M_CAS-BEU,NPSHYD,SSE Generation Ltd,798,0.0,0.9999999999999991,45,BMU
BMU ID,marginal_bmu_id,M_CAS-CON01_BID,BID,0.0,0.0,0.0,0.0,0.0,3,3.0,0.0,0.1390227409923853,82.36037528752148,799,414,0.0718864433550563,29.382295397846597,40.10965716026676,0.0874561108639911,29.181332817536816,39.771802331439154,2025-05-26 SP14,M_CAS-CON01,Conon Cascade,M_CAS-CON01,M_CAS-CON,NPSHYD,SSE Generation Ltd,799,0.0,0.9999999999999991,45,BMU
BMU ID,marginal_bmu_id,M_CAS-GAR01_BID,BID,0.0,,,,,0,0.0,0.0,0.1390227409923853,82.36037528752148,800,415,0.0718864433550563,29.382295397846597,40.10965716026676,0.0874561108639911,29.181332817536816,39.771802331439154,2025-05-26 SP14,M_CAS-GAR01,Garry Cascade,M_CAS-GAR01,M_CAS-GAR,NPSHYD,SSE Generation Ltd,800,0.0,0.9999999999999991,45,BMU
BMU ID,marginal_bmu_id,M_CAS-GAR01_OFFER,OFFER,0.0,0.0,0.0,0.0,0.0,1,0.5,0.0,0.1390227409923853,82.36037528752148,801,386,0.0718864433550563,29.382295397846597,40.10965716026676,0.0874561108639911,29.181332817536816,39.771802331439154,2025-05-26 SP14,M_CAS-GAR01,Garry Cascade,M_CAS-GAR01,M_CAS-GAR,NPSHYD,SSE Generation Ltd,801,0.0,0.9999999999999991,45,BMU
BMU ID,marginal_bmu_id,M_CAS-KIL01_BID,BID,0.0,0.0,0.0,0.0,0.0,2,2.0,0.0,0.1390227409923853,82.36037528752148,802,416,0.0718864433550563,29.382295397846597,40.10965716026676,0.0874561108639911,29.181332817536816,39.771802331439154,2025-05-26 SP14,M_CAS-KIL01,Killin Cascade,M_CAS-KIL01,M_CAS-KIL,NPSHYD,SSE Generation Ltd,802,0.0,0.9999999999999991,45,BMU
BMU ID,marginal_bmu_id,M_CAS-KIL01_OFFER,OFFER,0.0,0.0,0.0,0.0,0.0,1,1.0,0.0,0.1390227409923853,82.36037528752148,803,387,0.0718864433550563,29.382295397846597,40.10965716026676,0.0874561108639911,29.181332817536816,39.771802331439154,2025-05-26 SP14,M_CAS-KIL01,Killin Cascade,M_CAS-KIL01,M_CAS-KIL,NPSHYD,SSE Generation Ltd,803,0.0,0.9999999999999991,45,BMU
BMU ID,marginal_bmu_id,M_CAS-MOR01_BID,BID,0.0,,,,,0,0.0,0.0,0.1390227409923853,82.36037528752148,804,417,0.0718864433550563,29.382295397846597,40.10965716026676,0.0874561108639911,29.181332817536816,39.771802331439154,2025-05-26 SP14,M_CAS-MOR01,Moriston Cascade,M_CAS-MOR01,M_CAS-MOR,NPSHYD,SSE Generation Ltd,804,0.0,0.9999999999999991,45,BMU
BMU ID,marginal_bmu_id,M_SLOY-1_BID,BID,0.0,0.0,0.0,0.0,0.0,1,0.3333333333333333,0.0,0.1390227409923853,82.36037528752148,805,418,0.0718864433550563,29.382295397846597,40.10965716026676,0.0874561108639911,29.181332817536816,39.771802331439154,2025-05-26 SP14,M_SLOY-1,Sloy G1,M_SLOY-1,M_SLOY,NPSHYD,SSE Generation Ltd,805,0.0,0.9999999999999991,45,BMU
BMU ID,marginal_bmu_id,M_SLOY-1_OFFER,OFFER,0.0,0.0,0.0,0.0,0.0,3,0.9761904761904762,0.0,0.1390227409923853,82.36037528752148,806,388,0.0718864433550563,29.382295397846597,40.10965716026676,0.0874561108639911,29.181332817536816,39.771802331439154,2025-05-26 SP14,M_SLOY-1,Sloy G1,M_SLOY-1,M_SLOY,NPSHYD,SSE Generation Ltd,806,0.0,0.9999999999999991,45,BMU
BMU ID,marginal_bmu_id,M_SLOY-4_BID,BID,0.0,,,,,0,0.0,0.0,0.1390227409923853,82.36037528752148,807,419,0.0718864433550563,29.382295397846597,40.10965716026676,0.0874561108639911,29.181332817536816,39.771802331439154,2025-05-26 SP14,M_SLOY-4,Sloy G4,M_SLOY-4,M_SLOY,NPSHYD,SSE Generation Ltd,807,0.0,0.9999999999999991,45,BMU
BMU ID,marginal_bmu_id,M_SLOY-4_OFFER,OFFER,0.0,0.0,0.0,0.0,0.0,1,0.2,0.0,0.1390227409923853,82.36037528752148,808,389,0.0718864433550563,29.382295397846597,40.10965716026676,0.0874561108639911,29.181332817536816,39.771802331439154,2025-05-26 SP14,M_SLOY-4,Sloy G4,M_SLOY-4,M_SLOY,NPSHYD,SSE Generation Ltd,808,0.0,0.9999999999999991,45,BMU
BMU ID,marginal_bmu_id,T_ABRBO-1_BID,BID,0.0,,,,,0,0.0,0.0,0.1390227409923853,82.36037528752148,809,420,0.0718864433550563,29.382295397846597,40.10965716026676,0.0874561108639911,29.181332817536816,39.771802331439154,2025-05-26 SP14,T_ABRBO-1,ABRBO-1,T_ABRBO-1,T_ABRBO,WIND,Aberdeen Offshore Wind Farm,809,0.0,0.9999999999999991,45,BMU
BMU ID,marginal_bmu_id,T_ACHRW-1_BID,BID,0.0,,,,,0,0.0,0.0,0.1390227409923853,82.36037528752148,810,421,0.0718864433550563,29.382295397846597,40.10965716026676,0.0874561108639911,29.181332817536816,39.771802331439154,2025-05-26 SP14,T_ACHRW-1,AChruach Wind Farm,T_ACHRW-1,T_ACHRW,WIND,Mobius Renewables Gen. (GB2,810,0.0,0.9999999999999991,45,BMU
BMU ID,marginal_bmu_id,T_AKGLW-3_OFFER,OFFER,0.0,0.0,0.0,0.0,0.0,1,1.0,0.0,0.1390227409923853,82.36037528752148,811,390,0.0718864433550563,29.382295397846597,40.10965716026676,0.0874561108639911,29.181332817536816,39.771802331439154,2025-05-26 SP14,T_AKGLW-3,AIKENGALL2A-W,T_AKGLW-3,T_AKGLW,WIND,AIK2A Sustainable Energy Ltd,811,0.0,0.9999999999999991,45,BMU
BMU ID,marginal_bmu_id,T_ARCHW-1_BID,BID,0.0,,,,,0,0.0,0.0,0.1390227409923853,82.36037528752148,812,422,0.0718864433550563,29.382295397846597,40.10965716026676,0.0874561108639911,29.181332817536816,39.771802331439154,2025-05-26 SP14,T_ARCHW-1,Arecleoch,T_ARCHW-1,T_ARCHW,WIND,SP Renewables (UK) Limited,812,0.0,0.9999999999999991,45,BMU
BMU ID,marginal_bmu_id,T_BEATO-1_BID,BID,0.0,0.0,0.0,0.0,0.0,1,0.25,0.0,0.1390227409923853,82.36037528752148,813,423,0.0718864433550563,29.382295397846597,40.10965716026676,0.0874561108639911,29.181332817536816,39.771802331439154,2025-05-26 SP14,T_BEATO-1,Beatrice Offshore WF 1,T_BEATO-1,T_BEATO,WIND,Beatrice Offshore Windfarm Ltd,813,0.0,0.9999999999999991,45,BMU
BMU ID,marginal_bmu_id,T_BEATO-2_BID,BID,0.0,0.0,0.0,0.0,0.0,1,0.5,0.0,0.1390227409923853,82.36037528752148,814,424,0.0718864433550563,29.382295397846597,40.10965716026676,0.0874561108639911,29.181332817536816,39.771802331439154,2025-05-26 SP14,T_BEATO-2,Beatrice Offshore WF 2,T_BEATO-2,T_BEATO,WIND,Beatrice Offshore Windfarm Ltd,814,0.0,0.9999999999999991,45,BMU
BMU ID,marginal_bmu_id,T_BEATO-3_BID,BID,0.0,,,,,0,0.0,0.0,0.1390227409923853,82.36037528752148,815,425,0.0718864433550563,29.382295397846597,40.10965716026676,0.0874561108639911,29.181332817536816,39.771802331439154,2025-05-26 SP14,T_BEATO-3,Beatrice Offshore WF 3,T_BEATO-3,T_BEATO,WIND,Beatrice Offshore Windfarm Ltd,815,0.0,0.9999999999999991,45,BMU
BMU ID,marginal_bmu_id,T_BHLAW-1_BID,BID,0.0,0.0,0.0,0.0,0.0,1,1.0,0.0,0.1390227409923853,82.36037528752148,816,426,0.0718864433550563,29.382295397846597,40.10965716026676,0.0874561108639911,29.181332817536816,39.771802331439154,2025-05-26 SP14,T_BHLAW-1,Bhlaraidh Windfarm 1,T_BHLAW-1,T_BHLAW,WIND,SSE Generation Ltd,816,0.0,0.9999999999999991,45,BMU
BMU ID,marginal_bmu_id,T_BLHLB-1_BID,BID,0.0,0.0,0.0,0.0,0.0,3,2.5,0.0,0.1390227409923853,82.36037528752148,817,427,0.0718864433550563,29.382295397846597,40.10965716026676,0.0874561108639911,29.181332817536816,39.771802331439154,2025-05-26 SP14,T_BLHLB-1,T_BLHLB-1,T_BLHLB-1,T_BLHLB_B,BATTERY,ZENOBE BLACKHILLOCK LIMITED,817,0.0,0.9999999999999991,45,BMU
BMU ID,marginal_bmu_id,T_BLHLB-1_OFFER,OFFER,0.0,,,,,0,0.0,0.0,0.1390227409923853,82.36037528752148,818,391,0.0718864433550563,29.382295397846597,40.10965716026676,0.0874561108639911,29.181332817536816,39.771802331439154,2025-05-26 SP14,T_BLHLB-1,T_BLHLB-1,T_BLHLB-1,T_BLHLB_B,BATTERY,ZENOBE BLACKHILLOCK LIMITED,818,0.0,0.9999999999999991,45,BMU
BMU ID,marginal_bmu_id,T_BLHLB-2_BID,BID,0.0,0.0,0.0,0.0,0.0,2,0.8333333333333333,0.0,0.1390227409923853,82.36037528752148,819,428,0.0718864433550563,29.382295397846597,40.10965716026676,0.0874561108639911,29.181332817536816,39.771802331439154,2025-05-26 SP14,T_BLHLB-2,T_BLHLB-2,T_BLHLB-2,T_BLHLB_B,BATTERY,ZENOBE BLACKHILLOCK LIMITED,819,0.0,0.9999999999999991,45,BMU
BMU ID,marginal_bmu_id,T_BLHLB-2_OFFER,OFFER,0.0,0.0,0.0,0.0,0.0,1,0.5,0.0,0.1390227409923853,82.36037528752148,820,392,0.0718864433550563,29.382295397846597,40.10965716026676,0.0874561108639911,29.181332817536816,39.771802331439154,2025-05-26 SP14,T_BLHLB-2,T_BLHLB-2,T_BLHLB-2,T_BLHLB_B,BATTERY,ZENOBE BLACKHILLOCK LIMITED,820,0.0,0.9999999999999991,45,BMU
BMU ID,marginal_bmu_id,T_BLHLB-3_BID,BID,0.0,0.0,0.0,0.0,0.0,2,0.8333333333333333,0.0,0.1390227409923853,82.36037528752148,821,429,0.0718864433550563,29.382295397846597,40.10965716026676,0.0874561108639911,29.181332817536816,39.771802331439154,2025-05-26 SP14,T_BLHLB-3,T_BLHLB-3,T_BLHLB-3,T_BLHLB_B,BATTERY,ZENOBE BLACKHILLOCK LIMITED,821,0.0,0.9999999999999991,45,BMU
BMU ID,marginal_bmu_id,T_BLHLB-3_OFFER,OFFER,0.0,,,,,0,0.0,0.0,0.1390227409923853,82.36037528752148,822,393,0.0718864433550563,29.382295397846597,40.10965716026676,0.0874561108639911,29.181332817536816,39.771802331439154,2025-05-26 SP14,T_BLHLB-3,T_BLHLB-3,T_BLHLB-3,T_BLHLB_B,BATTERY,ZENOBE BLACKHILLOCK LIMITED,822,0.0,0.9999999999999991,45,BMU
BMU ID,marginal_bmu_id,T_BLHLB-4_BID,BID,0.0,,,,,0,0.0,0.0,0.1390227409923853,82.36037528752148,823,430,0.0718864433550563,29.382295397846597,40.10965716026676,0.0874561108639911,29.181332817536816,39.771802331439154,2025-05-26 SP14,T_BLHLB-4,T_BLHLB-4,T_BLHLB-4,T_BLHLB_OTH,OTHER,ZENOBE BLACKHILLOCK LIMITED,823,0.0,0.9999999999999991,45,BMU
BMU ID,marginal_bmu_id,T_BLHLB-4_OFFER,OFFER,0.0,,,,,0,0.0,0.0,0.1390227409923853,82.36037528752148,824,394,0.0718864433550563,29.382295397846597,40.10965716026676,0.0874561108639911,29.181332817536816,39.771802331439154,2025-05-26 SP14,T_BLHLB-4,T_BLHLB-4,T_BLHLB-4,T_BLHLB_OTH,OTHER,ZENOBE BLACKHILLOCK LIMITED,824,0.0,0.9999999999999991,45,BMU
BMU ID,marginal_bmu_id,T_BLKWW-1_BID,BID,0.0,,,,,0,0.0,0.0,0.1390227409923853,82.36037528752148,825,431,0.0718864433550563,29.382295397846597,40.10965716026676,0.0874561108639911,29.181332817536816,39.771802331439154,2025-05-26 SP14,T_BLKWW-1,Blackcraig Windfarm,T_BLKWW-1,T_BLKWW,WIND,Blackcraig Wind Farm Limited,825,0.0,0.9999999999999991,45,BMU
BMU ID,marginal_bmu_id,T_BLLA-1_BID,BID,0.0,,,,,0,0.0,0.0,0.1390227409923853,82.36037528752148,826,432,0.0718864433550563,29.382295397846597,40.10965716026676,0.0874561108639911,29.181332817536816,39.771802331439154,2025-05-26 SP14,T_BLLA-1,T_BLLA-1,T_BLLA-1,T_BLLA,WIND,SP Renewables (UK) Limited,826,0.0,0.9999999999999991,45,BMU
BMU ID,marginal_bmu_id,T_BLLA-2_BID,BID,0.0,,,,,0,0.0,0.0,0.1390227409923853,82.36037528752148,827,433,0.0718864433550563,29.382295397846597,40.10965716026676,0.0874561108639911,29.181332817536816,39.771802331439154,2025-05-26 SP14,T_BLLA-2,Black Law Windfarm Extension,T_BLLA-2,T_BLLA,WIND,SP Renewables (UK) Limited,827,0.0,0.9999999999999991,45,BMU
BMU ID,marginal_bmu_id,T_BOWLW-1_BID,BID,0.0,,,,,0,0.0,0.0,0.1390227409923853,82.36037528752148,828,434,0.0718864433550563,29.382295397846597,40.10965716026676,0.0874561108639911,29.181332817536816,39.771802331439154,2025-05-26 SP14,T_BOWLW-1,Barrow Offshore Wind,T_BOWLW-1,T_BOWLW,WIND,Barrow Offshore Wind Limited,828,0.0,0.9999999999999991,45,BMU
BMU ID,marginal_bmu_id,T_BRCHS-1_BID,BID,0.0,,,,,0,0.0,0.0,0.1390227409923853,82.36037528752148,829,435,0.0718864433550563,29.382295397846597,40.10965716026676,0.0874561108639911,29.181332817536816,39.771802331439154,2025-05-26 SP14,T_BRCHS-1,T_BRCHS-1,T_BRCHS-1,T_BRCHS,SOLAR,Burwell 11 Solar Ltd,829,0.0,0.9999999999999991,45,BMU
BMU ID,marginal_bmu_id,T_BREDB-1_BID,BID,0.0,0.0,0.0,0.0,0.0,1,1.0,0.0,0.1390227409923853,82.36037528752148,830,436,0.0718864433550563,29.382295397846597,40.10965716026676,0.0874561108639911,29.181332817536816,39.771802331439154,2025-05-26 SP14,T_BREDB-1,BREDBURY BESS,T_BREDB-1,T_BREDB,BATTERY,Pivoted Power LLP,830,0.0,0.9999999999999991,45,BMU
BMU ID,marginal_bmu_id,T_BREDB-1_OFFER,OFFER,0.0,0.0,0.0,0.0,0.0,1,1.0,0.0,0.1390227409923853,82.36037528752148,831,395,0.0718864433550563,29.382295397846597,40.10965716026676,0.0874561108639911,29.181332817536816,39.771802331439154,2025-05-26 SP14,T_BREDB-1,BREDBURY BESS,T_BREDB-1,T_BREDB,BATTERY,Pivoted Power LLP,831,0.0,0.9999999999999991,45,BMU
BMU ID,marginal_bmu_id,T_BROCW-1_BID,BID,0.0,,,,,0,0.0,0.0,0.1390227409923853,82.36037528752148,832,437,0.0718864433550563,29.382295397846597,40.10965716026676,0.0874561108639911,29.181332817536816,39.771802331439154,2025-05-26 SP14,T_BROCW-1,Broken Cross WF,T_BROCW-1,T_BROCW,WIND,Smartestenergy Limited,832,0.0,0.9999999999999991,45,BMU
BMU ID,marginal_bmu_id,T_BURWS-1_BID,BID,0.0,,,,,0,0.0,0.0,0.1390227409923853,82.36037528752148,833,438,0.0718864433550563,29.382295397846597,40.10965716026676,0.0874561108639911,29.181332817536816,39.771802331439154,2025-05-26 SP14,T_BURWS-1,Beechgreen Energy Farm,T_BURWS-1,T_BURWS,SOLAR,EDF Energy Customers Limited,833,0.0,0.9999999999999991,45,BMU
BMU ID,marginal_bmu_id,T_BUSTB-1_OFFER,OFFER,0.0,0.0,0.0,0.0,0.0,5,1.7444444444444445,0.0,0.1390227409923853,82.36037528752148,834,396,0.0718864433550563,29.382295397846597,40.10965716026676,0.0874561108639911,29.181332817536816,39.771802331439154,2025-05-26 SP14,T_BUSTB-1,Pivot Power Bustleholme,T_BUSTB-1,T_BUSTB,BATTERY,Pivoted Power LLP,834,0.0,0.9999999999999991,45,BMU
BMU ID,marginal_bmu_id,T_CARR-1_BID,BID,0.0,0.0,0.0,0.0,0.0,11,8.166666666666666,0.0,0.1390227409923853,82.36037528752148,835,439,0.0718864433550563,29.382295397846597,40.10965716026676,0.0874561108639911,29.181332817536816,39.771802331439154,2025-05-26 SP14,T_CARR-1,Carrington Power Ltd - Unit 1,T_CARR-1,T_CARR,CCGT,Carrington Power Ltd,835,0.0,0.9999999999999991,45,BMU
BMU ID,marginal_bmu_id,T_CARR-2_BID,BID,0.0,0.0,0.0,0.0,0.0,8,5.833333333333333,0.0,0.1390227409923853,82.36037528752148,836,440,0.0718864433550563,29.382295397846597,40.10965716026676,0.0874561108639911,29.181332817536816,39.771802331439154,2025-05-26 SP14,T_CARR-2,Carrington Power Ltd - Unit 2,T_CARR-2,T_CARR,CCGT,Carrington Power Ltd,836,0.0,0.9999999999999991,45,BMU
BMU ID,marginal_bmu_id,T_CGTHW-1_BID,BID,0.0,0.0,0.0,0.0,0.0,1,1.0,0.0,0.1390227409923853,82.36037528752148,837,441,0.0718864433550563,29.382295397846597,40.10965716026676,0.0874561108639911,29.181332817536816,39.771802331439154,2025-05-26 SP14,T_CGTHW-1,Corriegarth WF,T_CGTHW-1,T_CGTHW,WIND,Corriegarth Wind Energy LTD,837,0.0,0.9999999999999991,45,BMU
BMU ID,marginal_bmu_id,T_CGTHW-1_OFFER,OFFER,0.0,,,,,0,0.0,0.0,0.1390227409923853,82.36037528752148,838,397,0.0718864433550563,29.382295397846597,40.10965716026676,0.0874561108639911,29.181332817536816,39.771802331439154,2025-05-26 SP14,T_CGTHW-1,Corriegarth WF,T_CGTHW-1,T_CGTHW,WIND,Corriegarth Wind Energy LTD,838,0.0,0.9999999999999991,45,BMU
BMU ID,marginal_bmu_id,T_CLDCW-1_OFFER,OFFER,0.0,,,,,0,0.0,0.0,0.1390227409923853,82.36037528752148,839,398,0.0718864433550563,29.382295397846597,40.10965716026676,0.0874561108639911,29.181332817536816,39.771802331439154,2025-05-26 SP14,T_CLDCW-1,Clyde Central,T_CLDCW-1,T_CLDCW,WIND,Clyde Windfarm (Scotland) Ltd,839,0.0,0.9999999999999991,45,BMU
BMU ID,marginal_bmu_id,T_CLDNW-1_OFFER,OFFER,0.0,,,,,0,0.0,0.0,0.1390227409923853,82.36037528752148,840,399,0.0718864433550563,29.382295397846597,40.10965716026676,0.0874561108639911,29.181332817536816,39.771802331439154,2025-05-26 SP14,T_CLDNW-1,Clyde North,T_CLDNW-1,T_CLDNW,WIND,Clyde Windfarm (Scotland) Ltd,840,0.0,0.9999999999999991,45,BMU
BMU ID,marginal_bmu_id,T_CLVHS-2_BID,BID,0.0,,,,,0,0.0,0.0,0.1390227409923853,82.36037528752148,841,442,0.0718864433550563,29.382295397846597,40.10965716026676,0.0874561108639911,29.181332817536816,39.771802331439154,2025-05-26 SP14,T_CLVHS-2,Cleve Hill Solar 2,T_CLVHS-2,T_CLVHS,SOLAR,Cleve Hill Solar Park,841,0.0,0.9999999999999991,45,BMU
BMU ID,marginal_bmu_id,T_CNQPS-1_BID,BID,0.0,0.0,0.0,0.0,0.0,2,0.5833333333333333,0.0,0.1390227409923853,82.36037528752148,842,443,0.0718864433550563,29.382295397846597,40.10965716026676,0.0874561108639911,29.181332817536816,39.771802331439154,2025-05-26 SP14,T_CNQPS-1,T_CNQPS-1,T_CNQPS-1,T_CNQPS,CCGT,Uniper UK Limited,842,0.0,0.9999999999999991,45,BMU
BMU ID,marginal_bmu_id,T_CNQPS-2_BID,BID,0.0,0.0,0.0,0.0,0.0,12,9.742857142857142,0.0,0.1390227409923853,82.36037528752148,843,444,0.0718864433550563,29.382295397846597,40.10965716026676,0.0874561108639911,29.181332817536816,39.771802331439154,2025-05-26 SP14,T_CNQPS-2,T_CNQPS-2,T_CNQPS-2,T_CNQPS,CCGT,Uniper UK Limited,843,0.0,0.9999999999999991,45,BMU
BMU ID,marginal_bmu_id,T_CNQPS-3_BID,BID,0.0,0.0,0.0,0.0,0.0,4,2.25,0.0,0.1390227409923853,82.36037528752148,844,445,0.0718864433550563,29.382295397846597,40.10965716026676,0.0874561108639911,29.181332817536816,39.771802331439154,2025-05-26 SP14,T_CNQPS-3,T_CNQPS-3,T_CNQPS-3,T_CNQPS,CCGT,Uniper UK Limited,844,0.0,0.9999999999999991,45,BMU
BMU ID,marginal_bmu_id,T_CNQPS-4_BID,BID,0.0,,,,,0,0.0,0.0,0.1390227409923853,82.36037528752148,845,446,0.0718864433550563,29.382295397846597,40.10965716026676,0.0874561108639911,29.181332817536816,39.771802331439154,2025-05-26 SP14,T_CNQPS-4,T_CNQPS-4,T_CNQPS-4,T_CNQPS,CCGT,Uniper UK Limited,845,0.0,0.9999999999999991,45,BMU
BMU ID,marginal_bmu_id,T_COSO-1_BID,BID,0.0,0.0,0.0,0.0,0.0,4,3.1666666666666665,0.0,0.1390227409923853,82.36037528752148,846,447,0.0718864433550563,29.382295397846597,40.10965716026676,0.0874561108639911,29.181332817536816,39.771802331439154,2025-05-26 SP14,T_COSO-1,Coryton Power Station,T_COSO-1,T_COSO,CCGT,Coryton Energy Company Ltd,846,0.0,0.9999999999999991,45,BMU
BMU ID,marginal_bmu_id,T_COVNB-1_BID,BID,0.0,0.0,0.0,0.0,0.0,8,3.8666666666666663,0.0,0.1390227409923853,82.36037528752148,847,448,0.0718864433550563,29.382295397846597,40.10965716026676,0.0874561108639911,29.181332817536816,39.771802331439154,2025-05-26 SP14,T_COVNB-1,Pivot Power Coventry,T_COVNB-1,T_COVNB,OTHER,Pivoted Power LLP,847,0.0,0.9999999999999991,45,BMU
BMU ID,marginal_bmu_id,T_COVNB-1_OFFER,OFFER,0.0,0.0,0.0,0.0,0.0,3,2.2,0.0,0.1390227409923853,82.36037528752148,848,400,0.0718864433550563,29.382295397846597,40.10965716026676,0.0874561108639911,29.181332817536816,39.771802331439154,2025-05-26 SP14,T_COVNB-1,Pivot Power Coventry,T_COVNB-1,T_COVNB,OTHER,Pivoted Power LLP,848,0.0,0.9999999999999991,45,BMU
BMU ID,marginal_bmu_id,T_COWB-1_BID,BID,0.0,0.0,0.0,0.0,0.0,8,7.333333333333333,0.0,0.1390227409923853,82.36037528752148,849,449,0.0718864433550563,29.382295397846597,40.10965716026676,0.0874561108639911,29.181332817536816,39.771802331439154,2025-05-26 SP14,T_COWB-1,Cowley,T_COWB-1,T_COWB,OTHER,Pivoted Power LLP,849,0.0,0.9999999999999991,45,BMU
BMU ID,marginal_bmu_id,T_COWB-1_OFFER,OFFER,0.0,0.0,0.0,0.0,0.0,2,1.1,0.0,0.1390227409923853,82.36037528752148,850,401,0.0718864433550563,29.382295397846597,40.10965716026676,0.0874561108639911,29.181332817536816,39.771802331439154,2025-05-26 SP14,T_COWB-1,Cowley,T_COWB-1,T_COWB,OTHER,Pivoted Power LLP,850,0.0,0.9999999999999991,45,BMU
BMU ID,marginal_bmu_id,T_CRDEW-2_BID,BID,0.0,0.0,0.0,0.0,0.0,1,0.5,0.0,0.1390227409923853,82.36037528752148,851,450,0.0718864433550563,29.382295397846597,40.10965716026676,0.0874561108639911,29.181332817536816,39.771802331439154,2025-05-26 SP14,T_CRDEW-2,Crossdykes WF-2,T_CRDEW-2,T_CRDEW,WIND,EDF Energy Customers Limited,851,0.0,0.9999999999999991,45,BMU
BMU ID,marginal_bmu_id,T_CREAW-1_BID,BID,0.0,,,,,0,0.0,0.0,0.1390227409923853,82.36037528752148,852,451,0.0718864433550563,29.382295397846597,40.10965716026676,0.0874561108639911,29.181332817536816,39.771802331439154,2025-05-26 SP14,T_CREAW-1,Creag Riabhach Wind Farm,T_CREAW-1,T_CREAW,WIND,Creag Riabhach Wind Farm Ltd,852,0.0,0.9999999999999991,45,BMU
BMU ID,marginal_bmu_id,T_CRMLW-1_BID,BID,0.0,,,,,0,0.0,0.0,0.1390227409923853,82.36037528752148,853,452,0.0718864433550563,29.382295397846597,40.10965716026676,0.0874561108639911,29.181332817536816,39.771802331439154,2025-05-26 SP14,T_CRMLW-1,Corriemoillie,T_CRMLW-1,T_CRMLW,WIND,EDF Energy Customers Limited,853,0.0,0.9999999999999991,45,BMU
BMU ID,marginal_bmu_id,T_CRUA-3_BID,BID,0.0,0.0,0.0,0.0,0.0,1,0.3333333333333333,0.0,0.1390227409923853,82.36037528752148,854,453,0.0718864433550563,29.382295397846597,40.10965716026676,0.0874561108639911,29.181332817536816,39.771802331439154,2025-05-26 SP14,T_CRUA-3,T_CRUA-3,T_CRUA-3,T_CRUA,PS,Drax Pumped Storage Limited,854,0.0,0.9999999999999991,45,BMU
BMU ID,marginal_bmu_id,T_CUMHW-1_BID,BID,0.0,,,,,0,0.0,0.0,0.1390227409923853,82.36037528752148,855,454,0.0718864433550563,29.382295397846597,40.10965716026676,0.0874561108639911,29.181332817536816,39.771802331439154,2025-05-26 SP14,T_CUMHW-1,Cumberhead wind energy limited,T_CUMHW-1,T_CUMHW,WIND,Uniper UK Limited,855,0.0,0.9999999999999991,45,BMU
BMU ID,marginal_bmu_id,T_CUMHW-1_OFFER,OFFER,0.0,,,,,0,0.0,0.0,0.1390227409923853,82.36037528752148,856,402,0.0718864433550563,29.382295397846597,40.10965716026676,0.0874561108639911,29.181332817536816,39.771802331439154,2025-05-26 SP14,T_CUMHW-1,Cumberhead wind energy limited,T_CUMHW-1,T_CUMHW,WIND,Uniper UK Limited,856,0.0,0.9999999999999991,45,BMU
BMU ID,marginal_bmu_id,T_DALQW-1_BID,BID,0.0,,,,,0,0.0,0.0,0.1390227409923853,82.36037528752148,857,455,0.0718864433550563,29.382295397846597,40.10965716026676,0.0874561108639911,29.181332817536816,39.771802331439154,2025-05-26 SP14,T_DALQW-1,Dalquhandy  Wind Farm,T_DALQW-1,T_DALQW,WIND,Statkraft Markets Gmbh,857,0.0,0.9999999999999991,45,BMU
BMU ID,marginal_bmu_id,T_DAMC-1_BID,BID,0.0,0.0,0.0,0.0,0.0,2,2.0,0.0,0.1390227409923853,82.36037528752148,858,456,0.0718864433550563,29.382295397846597,40.10965716026676,0.0874561108639911,29.181332817536816,39.771802331439154,2025-05-26 SP14,T_DAMC-1,Damhead Creek Ltd.,T_DAMC-1,T_DAMC,CCGT,VPI Power Limited,858,0.0,0.9999999999999991,45,BMU
BMU ID,marginal_bmu_id,T_DDGNO-1_BID,BID,0.0,,,,,0,0.0,0.0,0.1390227409923853,82.36037528752148,859,457,0.0718864433550563,29.382295397846597,40.10965716026676,0.0874561108639911,29.181332817536816,39.771802331439154,2025-05-26 SP14,T_DDGNO-1,Dudgeon Generator BMU 1,T_DDGNO-1,T_DDGNO,WIND,Dudgeon Offshore Wind Ltd,859,0.0,0.9999999999999991,45,BMU
BMU ID,marginal_bmu_id,T_DDGNO-2_BID,BID,0.0,,,,,0,0.0,0.0,0.1390227409923853,82.36037528752148,860,458,0.0718864433550563,29.382295397846597,40.10965716026676,0.0874561108639911,29.181332817536816,39.771802331439154,2025-05-26 SP14,T_DDGNO-2,Dudgeon Generator BMU 2,T_DDGNO-2,T_DDGNO,WIND,Dudgeon Offshore Wind Ltd,860,0.0,0.9999999999999991,45,BMU
BMU ID,marginal_bmu_id,T_DDGNO-3_BID,BID,0.0,,,,,0,0.0,0.0,0.1390227409923853,82.36037528752148,861,459,0.0718864433550563,29.382295397846597,40.10965716026676,0.0874561108639911,29.181332817536816,39.771802331439154,2025-05-26 SP14,T_DDGNO-3,Dudgeon Generator BMU 3,T_DDGNO-3,T_DDGNO,WIND,Dudgeon Offshore Wind Ltd,861,0.0,0.9999999999999991,45,BMU
BMU ID,marginal_bmu_id,T_DDGNO-4_BID,BID,0.0,,,,,0,0.0,0.0,0.1390227409923853,82.36037528752148,862,460,0.0718864433550563,29.382295397846597,40.10965716026676,0.0874561108639911,29.181332817536816,39.771802331439154,2025-05-26 SP14,T_DDGNO-4,Dudgeon Generator BMU 4,T_DDGNO-4,T_DDGNO,WIND,Dudgeon Offshore Wind Ltd,862,0.0,0.9999999999999991,45,BMU
BMU ID,marginal_bmu_id,T_DIDCB5_BID,BID,0.0,0.0,0.0,0.0,0.0,4,3.333333333333333,0.0,0.1390227409923853,82.36037528752148,863,461,0.0718864433550563,29.382295397846597,40.10965716026676,0.0874561108639911,29.181332817536816,39.771802331439154,2025-05-26 SP14,T_DIDCB5,Didcot B main unit 5,T_DIDCB5,T_DIDCB,CCGT,RWE Generation UK plc,863,0.0,0.9999999999999991,45,BMU
BMU ID,marginal_bmu_id,T_DIDCB6_BID,BID,0.0,0.0,0.0,0.0,0.0,8,6.166666666666666,0.0,0.1390227409923853,82.36037528752148,864,462,0.0718864433550563,29.382295397846597,40.10965716026676,0.0874561108639911,29.181332817536816,39.771802331439154,2025-05-26 SP14,T_DIDCB6,Didcot B main unit 6,T_DIDCB6,T_DIDCB,CCGT,RWE Generation UK plc,864,0.0,0.9999999999999991,45,BMU
BMU ID,marginal_bmu_id,T_DINO-1_BID,BID,0.0,0.0,0.0,0.0,0.0,6,4.833333333333334,0.0,0.1390227409923853,82.36037528752148,865,463,0.0718864433550563,29.382295397846597,40.10965716026676,0.0874561108639911,29.181332817536816,39.771802331439154,2025-05-26 SP14,T_DINO-1,Dinorwig 1,T_DINO-1,T_DINO,PS,First Hydro Company,865,0.0,0.9999999999999991,45,BMU
BMU ID,marginal_bmu_id,T_DINO-2_BID,BID,0.0,0.0,0.0,0.0,0.0,2,2.0,0.0,0.1390227409923853,82.36037528752148,866,464,0.0718864433550563,29.382295397846597,40.10965716026676,0.0874561108639911,29.181332817536816,39.771802331439154,2025-05-26 SP14,T_DINO-2,Dinorwig 2,T_DINO-2,T_DINO,PS,First Hydro Company,866,0.0,0.9999999999999991,45,BMU
BMU ID,marginal_bmu_id,T_DINO-5_BID,BID,0.0,0.0,0.0,0.0,0.0,2,1.5,0.0,0.1390227409923853,82.36037528752148,867,465,0.0718864433550563,29.382295397846597,40.10965716026676,0.0874561108639911,29.181332817536816,39.771802331439154,2025-05-26 SP14,T_DINO-5,Dinorwig 5,T_DINO-5,T_DINO,PS,First Hydro Company,867,0.0,0.9999999999999991,45,BMU
BMU ID,marginal_bmu_id,T_DINO-6_BID,BID,0.0,0.0,0.0,0.0,0.0,9,5.616666666666666,0.0,0.1390227409923853,82.36037528752148,868,466,0.0718864433550563,29.382295397846597,40.10965716026676,0.0874561108639911,29.181332817536816,39.771802331439154,2025-05-26 SP14,T_DINO-6,Dinorwig 6,T_DINO-6,T_DINO,PS,First Hydro Company,868,0.0,0.9999999999999991,45,BMU
BMU ID,marginal_bmu_id,T_DNLWW-1_BID,BID,0.0,,,,,0,0.0,0.0,0.1390227409923853,82.36037528752148,869,467,0.0718864433550563,29.382295397846597,40.10965716026676,0.0874561108639911,29.181332817536816,39.771802331439154,2025-05-26 SP14,T_DNLWW-1,Dunlaw Extension,T_DNLWW-1,T_DNLWW,WIND,SP Renewables (UK) Limited,869,0.0,0.9999999999999991,45,BMU
BMU ID,marginal_bmu_id,T_DOREW-2_BID,BID,0.0,0.0,0.0,0.0,0.0,1,0.5,0.0,0.1390227409923853,82.36037528752148,870,468,0.0718864433550563,29.382295397846597,40.10965716026676,0.0874561108639911,29.181332817536816,39.771802331439154,2025-05-26 SP14,T_DOREW-2,Dorenell Wind Farm Two,T_DOREW-2,T_DOREW,WIND,Dorenell Windfarm Limited,870,0.0,0.9999999999999991,45,BMU
BMU ID,marginal_bmu_id,T_DRAXX-1_OFFER,OFFER,0.0,0.0,0.0,0.0,0.0,1,1.0,0.0,0.1390227409923853,82.36037528752148,871,403,0.0718864433550563,29.382295397846597,40.10965716026676,0.0874561108639911,29.181332817536816,39.771802331439154,2025-05-26 SP14,T_DRAXX-1,T_DRAXX-1,T_DRAXX-1,T_DRAXX,BIOMASS,Drax Power Ltd,871,0.0,0.9999999999999991,45,BMU
BMU ID,marginal_bmu_id,T_DRAXX-4_OFFER,OFFER,0.0,0.0,0.0,0.0,0.0,4,3.333333333333333,0.0,0.1390227409923853,82.36037528752148,872,404,0.0718864433550563,29.382295397846597,40.10965716026676,0.0874561108639911,29.181332817536816,39.771802331439154,2025-05-26 SP14,T_DRAXX-4,T_DRAXX-4,T_DRAXX-4,T_DRAXX,BIOMASS,Drax Power Ltd,872,0.0,0.9999999999999991,45,BMU
BMU ID,marginal_bmu_id,T_DUNGW-1_BID,BID,0.0,,,,,0,0.0,0.0,0.1390227409923853,82.36037528752148,873,469,0.0718864433550563,29.382295397846597,40.10965716026676,0.0874561108639911,29.181332817536816,39.771802331439154,2025-05-26 SP14,T_DUNGW-1,Dunmglass Windfarm 1,T_DUNGW-1,T_DUNGW,WIND,Dunmaglass Wind Farm Limited,873,0.0,0.9999999999999991,45,BMU
BMU ID,marginal_bmu_id,T_EDINW-1_BID,BID,0.0,,,,,0,0.0,0.0,0.1390227409923853,82.36037528752148,874,470,0.0718864433550563,29.382295397846597,40.10965716026676,0.0874561108639911,29.181332817536816,39.771802331439154,2025-05-26 SP14,T_EDINW-1,Edinbane Windfarm,T_EDINW-1,T_EDINW,WIND,Vattenfall Wind Power Ltd,874,0.0,0.9999999999999991,45,BMU
BMU ID,marginal_bmu_id,T_EECL-1_OFFER,OFFER,0.0,0.0,0.0,0.0,0.0,1,1.0,0.0,0.1390227409923853,82.36037528752148,875,405,0.0718864433550563,29.382295397846597,40.10965716026676,0.0874561108639911,29.181332817536816,39.771802331439154,2025-05-26 SP14,T_EECL-1,Enfield Energy Centre Ltd BMU1,T_EECL-1,T_EECL,CCGT,Uniper UK Limited,875,0.0,0.9999999999999991,45,BMU
BMU ID,marginal_bmu_id,T_ERRO-1_BID,BID,0.0,0.0,0.0,0.0,0.0,3,0.8095238095238095,0.0,0.1390227409923853,82.36037528752148,876,471,0.0718864433550563,29.382295397846597,40.10965716026676,0.0874561108639911,29.181332817536816,39.771802331439154,2025-05-26 SP14,T_ERRO-1,Errochty G1,T_ERRO-1,T_ERRO,NPSHYD,SSE Generation Ltd,876,0.0,0.9999999999999991,45,BMU
BMU ID,marginal_bmu_id,T_ERRO-1_OFFER,OFFER,0.0,0.0,0.0,0.0,0.0,3,0.7857142857142857,0.0,0.1390227409923853,82.36037528752148,877,406,0.0718864433550563,29.382295397846597,40.10965716026676,0.0874561108639911,29.181332817536816,39.771802331439154,2025-05-26 SP14,T_ERRO-1,Errochty G1,T_ERRO-1,T_ERRO,NPSHYD,SSE Generation Ltd,877,0.0,0.9999999999999991,45,BMU
BMU ID,marginal_bmu_id,T_ERRO-2_BID,BID,0.0,,,,,0,0.0,0.0,0.1390227409923853,82.36037528752148,878,472,0.0718864433550563,29.382295397846597,40.10965716026676,0.0874561108639911,29.181332817536816,39.771802331439154,2025-05-26 SP14,T_ERRO-2,Errochty G2,T_ERRO-2,T_ERRO,NPSHYD,SSE Generation Ltd,878,0.0,0.9999999999999991,45,BMU
BMU ID,marginal_bmu_id,T_ERRO-2_OFFER,OFFER,0.0,,,,,0,0.0,0.0,0.1390227409923853,82.36037528752148,879,407,0.0718864433550563,29.382295397846597,40.10965716026676,0.0874561108639911,29.181332817536816,39.771802331439154,2025-05-26 SP14,T_ERRO-2,Errochty G2,T_ERRO-2,T_ERRO,NPSHYD,SSE Generation Ltd,879,0.0,0.9999999999999991,45,BMU
BMU ID,marginal_bmu_id,T_ERRO-3_BID,BID,0.0,,,,,0,0.0,0.0,0.1390227409923853,82.36037528752148,880,473,0.0718864433550563,29.382295397846597,40.10965716026676,0.0874561108639911,29.181332817536816,39.771802331439154,2025-05-26 SP14,T_ERRO-3,Errochty G3,T_ERRO-3,T_ERRO,NPSHYD,SSE Generation Ltd,880,0.0,0.9999999999999991,45,BMU
BMU ID,marginal_bmu_id,T_ERRO-3_OFFER,OFFER,0.0,0.0,0.0,0.0,0.0,3,0.5095238095238095,0.0,0.1390227409923853,82.36037528752148,881,408,0.0718864433550563,29.382295397846597,40.10965716026676,0.0874561108639911,29.181332817536816,39.771802331439154,2025-05-26 SP14,T_ERRO-3,Errochty G3,T_ERRO-3,T_ERRO,NPSHYD,SSE Generation Ltd,881,0.0,0.9999999999999991,45,BMU
BMU ID,marginal_bmu_id,T_FARR-1_BID,BID,0.0,,,,,0,0.0,0.0,0.1390227409923853,82.36037528752148,882,474,0.0718864433550563,29.382295397846597,40.10965716026676,0.0874561108639911,29.181332817536816,39.771802331439154,2025-05-26 SP14,T_FARR-1,Farr Unit 1,T_FARR-1,T_FARR,WIND,Smartestenergy Limited,882,0.0,0.9999999999999991,45,BMU
BMU ID,marginal_bmu_id,T_FARR-2_BID,BID,0.0,,,,,0,0.0,0.0,0.1390227409923853,82.36037528752148,883,475,0.0718864433550563,29.382295397846597,40.10965716026676,0.0874561108639911,29.181332817536816,39.771802331439154,2025-05-26 SP14,T_FARR-2,Farr Unit 2,T_FARR-2,T_FARR,WIND,Smartestenergy Limited,883,0.0,0.9999999999999991,45,BMU
BMU ID,marginal_bmu_id,T_FASN-1_BID,BID,0.0,0.0,0.0,0.0,0.0,1,1.0,0.0,0.1390227409923853,82.36037528752148,884,476,0.0718864433550563,29.382295397846597,40.10965716026676,0.0874561108639911,29.181332817536816,39.771802331439154,2025-05-26 SP14,T_FASN-1,Fasnakyle G1,T_FASN-1,T_FASN,NPSHYD,SSE Generation Ltd,884,0.0,0.9999999999999991,45,BMU
BMU ID,marginal_bmu_id,T_FASN-1_OFFER,OFFER,0.0,,,,,0,0.0,0.0,0.1390227409923853,82.36037528752148,885,409,0.0718864433550563,29.382295397846597,40.10965716026676,0.0874561108639911,29.181332817536816,39.771802331439154,2025-05-26 SP14,T_FASN-1,Fasnakyle G1,T_FASN-1,T_FASN,NPSHYD,SSE Generation Ltd,885,0.0,0.9999999999999991,45,BMU
BMU ID,marginal_bmu_id,T_FASN-2_BID,BID,0.0,,,,,0,0.0,0.0,0.1390227409923853,82.36037528752148,886,477,0.0718864433550563,29.382295397846597,40.10965716026676,0.0874561108639911,29.181332817536816,39.771802331439154,2025-05-26 SP14,T_FASN-2,Fasnakyle  G2,T_FASN-2,T_FASN,NPSHYD,SSE Generation Ltd,886,0.0,0.9999999999999991,45,BMU
BMU ID,marginal_bmu_id,T_FASN-2_OFFER,OFFER,0.0,,,,,0,0.0,0.0,0.1390227409923853,82.36037528752148,887,410,0.0718864433550563,29.382295397846597,40.10965716026676,0.0874561108639911,29.181332817536816,39.771802331439154,2025-05-26 SP14,T_FASN-2,Fasnakyle  G2,T_FASN-2,T_FASN,NPSHYD,SSE Generation Ltd,887,0.0,0.9999999999999991,45,BMU
BMU ID,marginal_bmu_id,T_FFES-1_BID,BID,0.0,0.0,0.0,0.0,0.0,5,3.1666666666666665,0.0,0.1390227409923853,82.36037528752148,888,478,0.0718864433550563,29.382295397846597,40.10965716026676,0.0874561108639911,29.181332817536816,39.771802331439154,2025-05-26 SP14,T_FFES-1,Ffestioniog 1,T_FFES-1,T_FFES,PS,First Hydro Company,888,0.0,0.9999999999999991,45,BMU
BMU ID,marginal_bmu_id,T_FFES-4_BID,BID,0.0,,,,,0,0.0,0.0,0.1390227409923853,82.36037528752148,889,479,0.0718864433550563,29.382295397846597,40.10965716026676,0.0874561108639911,29.181332817536816,39.771802331439154,2025-05-26 SP14,T_FFES-4,Ffestioniog 4,T_FFES-4,T_FFES,PS,First Hydro Company,889,0.0,0.9999999999999991,45,BMU
BMU ID,marginal_bmu_id,T_FINL-1_BID,BID,0.0,0.0,0.0,0.0,0.0,1,1.0,0.0,0.1390227409923853,82.36037528752148,890,480,0.0718864433550563,29.382295397846597,40.10965716026676,0.0874561108639911,29.181332817536816,39.771802331439154,2025-05-26 SP14,T_FINL-1,Finlarig,T_FINL-1,T_FINL,NPSHYD,SSE Generation Ltd,890,0.0,0.9999999999999991,45,BMU
BMU ID,marginal_bmu_id,T_FINL-1_OFFER,OFFER,0.0,,,,,0,0.0,0.0,0.1390227409923853,82.36037528752148,891,411,0.0718864433550563,29.382295397846597,40.10965716026676,0.0874561108639911,29.181332817536816,39.771802331439154,2025-05-26 SP14,T_FINL-1,Finlarig,T_FINL-1,T_FINL,NPSHYD,SSE Generation Ltd,891,0.0,0.9999999999999991,45,BMU
BMU ID,marginal_bmu_id,T_FOYE-1_BID,BID,0.0,0.0,0.0,0.0,0.0,2,2.0,0.0,0.1390227409923853,82.36037528752148,892,481,0.0718864433550563,29.382295397846597,40.10965716026676,0.0874561108639911,29.181332817536816,39.771802331439154,2025-05-26 SP14,T_FOYE-1,Foyers G1,T_FOYE-1,T_FOYE,PS,SSE Generation Ltd,892,0.0,0.9999999999999991,45,BMU
BMU ID,marginal_bmu_id,T_FOYE-2_BID,BID,0.0,0.0,0.0,0.0,0.0,6,5.0,0.0,0.1390227409923853,82.36037528752148,893,482,0.0718864433550563,29.382295397846597,40.10965716026676,0.0874561108639911,29.181332817536816,39.771802331439154,2025-05-26 SP14,T_FOYE-2,Foyers G2,T_FOYE-2,T_FOYE,PS,SSE Generation Ltd,893,0.0,0.9999999999999991,45,BMU
BMU ID,marginal_bmu_id,T_GANW-11_BID,BID,0.0,,,,,0,0.0,0.0,0.1390227409923853,82.36037528752148,894,483,0.0718864433550563,29.382295397846597,40.10965716026676,0.0874561108639911,29.181332817536816,39.771802331439154,2025-05-26 SP14,T_GANW-11,Galloper OSP 11,T_GANW-11,T_GANW,WIND,Galloper Offshore WindFarm Ltd,894,0.0,0.9999999999999991,45,BMU
BMU ID,marginal_bmu_id,T_GANW-13_BID,BID,0.0,,,,,0,0.0,0.0,0.1390227409923853,82.36037528752148,895,484,0.0718864433550563,29.382295397846597,40.10965716026676,0.0874561108639911,29.181332817536816,39.771802331439154,2025-05-26 SP14,T_GANW-13,Galloper OSP 13,T_GANW-13,T_GANW,WIND,Galloper Offshore WindFarm Ltd,895,0.0,0.9999999999999991,45,BMU
BMU ID,marginal_bmu_id,T_GANW-22_BID,BID,0.0,,,,,0,0.0,0.0,0.1390227409923853,82.36037528752148,896,485,0.0718864433550563,29.382295397846597,40.10965716026676,0.0874561108639911,29.181332817536816,39.771802331439154,2025-05-26 SP14,T_GANW-22,Galloper OSP 22,T_GANW-22,T_GANW,WIND,Galloper Offshore WindFarm Ltd,896,0.0,0.9999999999999991,45,BMU
BMU ID,marginal_bmu_id,T_GANW-24_BID,BID,0.0,,,,,0,0.0,0.0,0.1390227409923853,82.36037528752148,897,486,0.0718864433550563,29.382295397846597,40.10965716026676,0.0874561108639911,29.181332817536816,39.771802331439154,2025-05-26 SP14,T_GANW-24,Galloper OSP 24,T_GANW-24,T_GANW,WIND,Galloper Offshore WindFarm Ltd,897,0.0,0.9999999999999991,45,BMU
BMU ID,marginal_bmu_id,T_GLNDO-1_BID,BID,0.0,0.0,0.0,0.0,0.0,2,2.0,0.0,0.1390227409923853,82.36037528752148,898,487,0.0718864433550563,29.382295397846597,40.10965716026676,0.0874561108639911,29.181332817536816,39.771802331439154,2025-05-26 SP14,T_GLNDO-1,Glendoe Generator 1,T_GLNDO-1,T_GLNDO,NPSHYD,SSE Generation Ltd,898,0.0,0.9999999999999991,45,BMU
BMU ID,marginal_bmu_id,T_GLNKW-1_BID,BID,0.0,,,,,0,0.0,0.0,0.1390227409923853,82.36037528752148,899,488,0.0718864433550563,29.382295397846597,40.10965716026676,0.0874561108639911,29.181332817536816,39.771802331439154,2025-05-26 SP14,T_GLNKW-1,GLEN KYLLACHY WINDFARM,T_GLNKW-1,T_GLNKW,WIND,EDF Energy Customers Limited,899,0.0,0.9999999999999991,45,BMU
BMU ID,marginal_bmu_id,T_GNAPW-1_BID,BID,0.0,,,,,0,0.0,0.0,0.1390227409923853,82.36037528752148,900,489,0.0718864433550563,29.382295397846597,40.10965716026676,0.0874561108639911,29.181332817536816,39.771802331439154,2025-05-26 SP14,T_GNAPW-1,Glen App Windfarm,T_GNAPW-1,T_GNAPW,WIND,SP Renewables (UK) Limited,900,0.0,0.9999999999999991,45,BMU
BMU ID,marginal_bmu_id,T_GNFSW-1_BID,BID,0.0,0.0,0.0,0.0,0.0,1,0.5,0.0,0.1390227409923853,82.36037528752148,901,490,0.0718864433550563,29.382295397846597,40.10965716026676,0.0874561108639911,29.181332817536816,39.771802331439154,2025-05-26 SP14,T_GNFSW-1,Gunfleet Sands 1,T_GNFSW-1,T_GNFSW,WIND,Gunfleet Sands Limited,901,0.0,0.9999999999999991,45,BMU
BMU ID,marginal_bmu_id,T_GNFSW-2_BID,BID,0.0,,,,,0,0.0,0.0,0.1390227409923853,82.36037528752148,902,491,0.0718864433550563,29.382295397846597,40.10965716026676,0.0874561108639911,29.181332817536816,39.771802331439154,2025-05-26 SP14,T_GNFSW-2,Gunfleet Sands 2,T_GNFSW-2,T_GNFSW,WIND,Gunfleet Sands II Limited,902,0.0,0.9999999999999991,45,BMU
BMU ID,marginal_bmu_id,T_GORDW-1_OFFER,OFFER,0.0,,,,,0,0.0,0.0,0.1390227409923853,82.36037528752148,903,412,0.0718864433550563,29.382295397846597,40.10965716026676,0.0874561108639911,29.181332817536816,39.771802331439154,2025-05-26 SP14,T_GORDW-1,Gordon Bush,T_GORDW-1,T_GORDW,WIND,SSE Generation Ltd,903,0.0,0.9999999999999991,45,BMU
BMU ID,marginal_bmu_id,T_GORDW-2_BID,BID,0.0,,,,,0,0.0,0.0,0.1390227409923853,82.36037528752148,904,492,0.0718864433550563,29.382295397846597,40.10965716026676,0.0874561108639911,29.181332817536816,39.771802331439154,2025-05-26 SP14,T_GORDW-2,Gordonbush WF Extension,T_GORDW-2,T_GORDW,WIND,SSE Generation Ltd,904,0.0,0.9999999999999991,45,BMU
BMU ID,marginal_bmu_id,T_GRAI-6_OFFER,OFFER,0.0,0.0,0.0,0.0,0.0,6,3.6666666666666665,0.0,0.1390227409923853,82.36037528752148,905,413,0.0718864433550563,29.382295397846597,40.10965716026676,0.0874561108639911,29.181332817536816,39.771802331439154,2025-05-26 SP14,T_GRAI-6,T_GRAI-6,T_GRAI-6,T_GRAI,CCGT,Uniper UK Limited,905,0.0,0.9999999999999991,45,BMU
BMU ID,marginal_bmu_id,T_GRAI-7_OFFER,OFFER,0.0,0.0,0.0,0.0,0.0,8,6.166666666666666,0.0,0.1390227409923853,82.36037528752148,906,414,0.0718864433550563,29.382295397846597,40.10965716026676,0.0874561108639911,29.181332817536816,39.771802331439154,2025-05-26 SP14,T_GRAI-7,T_GRAI-7,T_GRAI-7,T_GRAI,CCGT,Uniper UK Limited,906,0.0,0.9999999999999991,45,BMU
BMU ID,marginal_bmu_id,T_GRGBW-1_BID,BID,0.0,,,,,0,0.0,0.0,0.1390227409923853,82.36037528752148,907,493,0.0718864433550563,29.382295397846597,40.10965716026676,0.0874561108639911,29.181332817536816,39.771802331439154,2025-05-26 SP14,T_GRGBW-1,Greater Gabbard Module 1,T_GRGBW-1,T_GRGBW,WIND,Greater Gabbard Offshore Winds,907,0.0,0.9999999999999991,45,BMU
BMU ID,marginal_bmu_id,T_GRGBW-2_BID,BID,0.0,,,,,0,0.0,0.0,0.1390227409923853,82.36037528752148,908,494,0.0718864433550563,29.382295397846597,40.10965716026676,0.0874561108639911,29.181332817536816,39.771802331439154,2025-05-26 SP14,T_GRGBW-2,Greater Gabbard Module 2,T_GRGBW-2,T_GRGBW,WIND,Greater Gabbard Offshore Winds,908,0.0,0.9999999999999991,45,BMU
BMU ID,marginal_bmu_id,T_GRGBW-3_BID,BID,0.0,,,,,0,0.0,0.0,0.1390227409923853,82.36037528752148,909,495,0.0718864433550563,29.382295397846597,40.10965716026676,0.0874561108639911,29.181332817536816,39.771802331439154,2025-05-26 SP14,T_GRGBW-3,Greater Gabbard Module 3,T_GRGBW-3,T_GRGBW,WIND,Greater Gabbard Offshore Winds,909,0.0,0.9999999999999991,45,BMU
BMU ID,marginal_bmu_id,T_GRIFW-1_BID,BID,0.0,0.0,0.0,0.0,0.0,1,1.0,0.0,0.1390227409923853,82.36037528752148,910,496,0.0718864433550563,29.382295397846597,40.10965716026676,0.0874561108639911,29.181332817536816,39.771802331439154,2025-05-26 SP14,T_GRIFW-1,Griffin Wind Farm 1,T_GRIFW-1,T_GRIFW,WIND,Griffin Wind Farm Ltd,910,0.0,0.9999999999999991,45,BMU
BMU ID,marginal_bmu_id,T_GRIFW-2_BID,BID,0.0,,,,,0,0.0,0.0,0.1390227409923853,82.36037528752148,911,497,0.0718864433550563,29.382295397846597,40.10965716026676,0.0874561108639911,29.181332817536816,39.771802331439154,2025-05-26 SP14,T_GRIFW-2,Griffin Wind Farm 2,T_GRIFW-2,T_GRIFW,WIND,Griffin Wind Farm Ltd,911,0.0,0.9999999999999991,45,BMU
BMU ID,marginal_bmu_id,T_GYMR-15_BID,BID,0.0,,,,,0,0.0,0.0,0.1390227409923853,82.36037528752148,912,498,0.0718864433550563,29.382295397846597,40.10965716026676,0.0874561108639911,29.181332817536816,39.771802331439154,2025-05-26 SP14,T_GYMR-15,GyM OSPE 15,T_GYMR-15,T_GYMR,WIND,Gwynt y Mor Offshore Wind Farm,912,0.0,0.9999999999999991,45,BMU
BMU ID,marginal_bmu_id,T_GYMR-17_BID,BID,0.0,,,,,0,0.0,0.0,0.1390227409923853,82.36037528752148,913,499,0.0718864433550563,29.382295397846597,40.10965716026676,0.0874561108639911,29.181332817536816,39.771802331439154,2025-05-26 SP14,T_GYMR-17,GyM OSPE 17,T_GYMR-17,T_GYMR,WIND,Gwynt y Mor Offshore Wind Farm,913,0.0,0.9999999999999991,45,BMU
BMU ID,marginal_bmu_id,T_GYMR-26_BID,BID,0.0,0.0,0.0,0.0,0.0,3,1.25,0.0,0.1390227409923853,82.36037528752148,914,500,0.0718864433550563,29.382295397846597,40.10965716026676,0.0874561108639911,29.181332817536816,39.771802331439154,2025-05-26 SP14,T_GYMR-26,GyM OSPW 26,T_GYMR-26,T_GYMR,WIND,Gwynt y Mor Offshore Wind Farm,914,0.0,0.9999999999999991,45,BMU
BMU ID,marginal_bmu_id,T_GYMR-26_OFFER,OFFER,0.0,,,,,0,0.0,0.0,0.1390227409923853,82.36037528752148,915,415,0.0718864433550563,29.382295397846597,40.10965716026676,0.0874561108639911,29.181332817536816,39.771802331439154,2025-05-26 SP14,T_GYMR-26,GyM OSPW 26,T_GYMR-26,T_GYMR,WIND,Gwynt y Mor Offshore Wind Farm,915,0.0,0.9999999999999991,45,BMU
BMU ID,marginal_bmu_id,T_GYMR-28_BID,BID,0.0,0.0,0.0,0.0,0.0,1,0.5,0.0,0.1390227409923853,82.36037528752148,916,501,0.0718864433550563,29.382295397846597,40.10965716026676,0.0874561108639911,29.181332817536816,39.771802331439154,2025-05-26 SP14,T_GYMR-28,GyM OSPW 28,T_GYMR-28,T_GYMR,WIND,Gwynt y Mor Offshore Wind Farm,916,0.0,0.9999999999999991,45,BMU
BMU ID,marginal_bmu_id,T_HADHW-1_BID,BID,0.0,,,,,0,0.0,0.0,0.1390227409923853,82.36037528752148,917,502,0.0718864433550563,29.382295397846597,40.10965716026676,0.0874561108639911,29.181332817536816,39.771802331439154,2025-05-26 SP14,T_HADHW-1,Hadyard Hill Wind Farm,T_HADHW-1,T_HADHW,WIND,SSE Renewables Wind Farms,917,0.0,0.9999999999999991,45,BMU
BMU ID,marginal_bmu_id,T_HALSW-1_BID,BID,0.0,,,,,0,0.0,0.0,0.1390227409923853,82.36037528752148,918,503,0.0718864433550563,29.382295397846597,40.10965716026676,0.0874561108639911,29.181332817536816,39.771802331439154,2025-05-26 SP14,T_HALSW-1,Halsary Windfarm,T_HALSW-1,T_HALSW,WIND,SP Renewables (UK) Limited,918,0.0,0.9999999999999991,45,BMU
BMU ID,marginal_bmu_id,T_HMGTO-1_BID,BID,0.0,,,,,0,0.0,0.0,0.1390227409923853,82.36037528752148,919,504,0.0718864433550563,29.382295397846597,40.10965716026676,0.0874561108639911,29.181332817536816,39.771802331439154,2025-05-26 SP14,T_HMGTO-1,Humber Offshore Wind Farm BMU1,T_HMGTO-1,T_HMGTO,WIND,RWE Renewables UK Humber Wind,919,0.0,0.9999999999999991,45,BMU
BMU ID,marginal_bmu_id,T_HMGTO-2_BID,BID,0.0,,,,,0,0.0,0.0,0.1390227409923853,82.36037528752148,920,505,0.0718864433550563,29.382295397846597,40.10965716026676,0.0874561108639911,29.181332817536816,39.771802331439154,2025-05-26 SP14,T_HMGTO-2,Humber Offshore Wind Farm BMU2,T_HMGTO-2,T_HMGTO,WIND,RWE Renewables UK Humber Wind,920,0.0,0.9999999999999991,45,BMU
BMU ID,marginal_bmu_id,T_HOWAO-1_OFFER,OFFER,0.0,,,,,0,0.0,0.0,0.1390227409923853,82.36037528752148,921,416,0.0718864433550563,29.382295397846597,40.10965716026676,0.0874561108639911,29.181332817536816,39.771802331439154,2025-05-26 SP14,T_HOWAO-1,HORNSEA_1A,T_HOWAO-1,T_HOWAO,WIND,Hornsea 1 Limited,921,0.0,0.9999999999999991,45,BMU
BMU ID,marginal_bmu_id,T_HOWAO-2_OFFER,OFFER,0.0,,,,,0,0.0,0.0,0.1390227409923853,82.36037528752148,922,417,0.0718864433550563,29.382295397846597,40.10965716026676,0.0874561108639911,29.181332817536816,39.771802331439154,2025-05-26 SP14,T_HOWAO-2,HORNSEA_1B,T_HOWAO-2,T_HOWAO,WIND,Hornsea 1 Limited,922,0.0,0.9999999999999991,45,BMU
BMU ID,marginal_bmu_id,T_HOWBO-1_OFFER,OFFER,0.0,,,,,0,0.0,0.0,0.1390227409923853,82.36037528752148,923,418,0.0718864433550563,29.382295397846597,40.10965716026676,0.0874561108639911,29.181332817536816,39.771802331439154,2025-05-26 SP14,T_HOWBO-1,HORNSEA_WF_2A,T_HOWBO-1,T_HOWBO,WIND,Breesea Limited,923,0.0,0.9999999999999991,45,BMU
BMU ID,marginal_bmu_id,T_HOWBO-2_OFFER,OFFER,0.0,,,,,0,0.0,0.0,0.1390227409923853,82.36037528752148,924,419,0.0718864433550563,29.382295397846597,40.10965716026676,0.0874561108639911,29.181332817536816,39.771802331439154,2025-05-26 SP14,T_HOWBO-2,HORNSEA_WF_2B,T_HOWBO-2,T_HOWBO,WIND,Sonningmay Wind Limited,924,0.0,0.9999999999999991,45,BMU
BMU ID,marginal_bmu_id,T_HOWBO-3_OFFER,OFFER,0.0,,,,,0,0.0,0.0,0.1390227409923853,82.36037528752148,925,420,0.0718864433550563,29.382295397846597,40.10965716026676,0.0874561108639911,29.181332817536816,39.771802331439154,2025-05-26 SP14,T_HOWBO-3,HORNSEA_WF_2C,T_HOWBO-3,T_HOWBO,WIND,Soundmark Wind Limited,925,0.0,0.9999999999999991,45,BMU
BMU ID,marginal_bmu_id,T_HRSTB-1_BID,BID,0.0,,,,,0,0.0,0.0,0.1390227409923853,82.36037528752148,926,506,0.0718864433550563,29.382295397846597,40.10965716026676,0.0874561108639911,29.181332817536816,39.771802331439154,2025-05-26 SP14,T_HRSTB-1,T_HRSTB-1,T_HRSTB-1,T_HRSTB,BATTERY,SP Renewables (UK) Limited,926,0.0,0.9999999999999991,45,BMU
BMU ID,marginal_bmu_id,T_HRSTB-1_OFFER,OFFER,0.0,,,,,0,0.0,0.0,0.1390227409923853,82.36037528752148,927,421,0.0718864433550563,29.382295397846597,40.10965716026676,0.0874561108639911,29.181332817536816,39.771802331439154,2025-05-26 SP14,T_HRSTB-1,T_HRSTB-1,T_HRSTB-1,T_HRSTB,BATTERY,SP Renewables (UK) Limited,927,0.0,0.9999999999999991,45,BMU
BMU ID,marginal_bmu_id,T_HUMR-2_BID,BID,0.0,,,,,0,0.0,0.0,0.1390227409923853,82.36037528752148,928,507,0.0718864433550563,29.382295397846597,40.10965716026676,0.0874561108639911,29.181332817536816,39.771802331439154,2025-05-26 SP14,T_HUMR-2,HUMR-2,T_HUMR-2,T_HUMR_OTH,OTHER,VPI Immingham Energy Park A,928,0.0,0.9999999999999991,45,BMU
BMU ID,marginal_bmu_id,T_HUMR-2_OFFER,OFFER,0.0,0.0,0.0,0.0,0.0,1,1.0,0.0,0.1390227409923853,82.36037528752148,929,422,0.0718864433550563,29.382295397846597,40.10965716026676,0.0874561108639911,29.181332817536816,39.771802331439154,2025-05-26 SP14,T_HUMR-2,HUMR-2,T_HUMR-2,T_HUMR_OTH,OTHER,VPI Immingham Energy Park A,929,0.0,0.9999999999999991,45,BMU
BMU ID,marginal_bmu_id,T_KEAD-1_BID,BID,0.0,0.0,0.0,0.0,0.0,2,1.25,0.0,0.1390227409923853,82.36037528752148,930,508,0.0718864433550563,29.382295397846597,40.10965716026676,0.0874561108639911,29.181332817536816,39.771802331439154,2025-05-26 SP14,T_KEAD-1,KGL CCGT 1,T_KEAD-1,T_KEAD,CCGT,Keadby Generation Limited,930,0.0,0.9999999999999991,45,BMU
BMU ID,marginal_bmu_id,T_KEAD-2_OFFER,OFFER,0.0,0.0,0.0,0.0,0.0,5,5.0,0.0,0.1390227409923853,82.36037528752148,931,423,0.0718864433550563,29.382295397846597,40.10965716026676,0.0874561108639911,29.181332817536816,39.771802331439154,2025-05-26 SP14,T_KEAD-2,Keadby-2 Main,T_KEAD-2,T_KEAD,CCGT,Keadby Generation Limited,931,0.0,0.9999999999999991,45,BMU
BMU ID,marginal_bmu_id,T_KEMB-1_BID,BID,0.0,0.0,0.0,0.0,0.0,8,5.5,0.0,0.1390227409923853,82.36037528752148,932,509,0.0718864433550563,29.382295397846597,40.10965716026676,0.0874561108639911,29.181332817536816,39.771802331439154,2025-05-26 SP14,T_KEMB-1,Pivot Power Kemsley,T_KEMB-1,T_KEMB,LOAD RESPONSE,EDF Energy Customers Limited,932,0.0,0.9999999999999991,45,BMU
BMU ID,marginal_bmu_id,T_KEMB-1_OFFER,OFFER,0.0,0.0,0.0,0.0,0.0,6,3.7666666666666666,0.0,0.1390227409923853,82.36037528752148,933,424,0.0718864433550563,29.382295397846597,40.10965716026676,0.0874561108639911,29.181332817536816,39.771802331439154,2025-05-26 SP14,T_KEMB-1,Pivot Power Kemsley,T_KEMB-1,T_KEMB,LOAD RESPONSE,EDF Energy Customers Limited,933,0.0,0.9999999999999991,45,BMU
BMU ID,marginal_bmu_id,T_KENNW-1_OFFER,OFFER,0.0,,,,,0,0.0,0.0,0.1390227409923853,82.36037528752148,934,425,0.0718864433550563,29.382295397846597,40.10965716026676,0.0874561108639911,29.181332817536816,39.771802331439154,2025-05-26 SP14,T_KENNW-1,Kennoxhead Wind Farm,T_KENNW-1,T_KENNW,WIND,Kennoxhead Wind Farm Limited,934,0.0,0.9999999999999991,45,BMU
BMU ID,marginal_bmu_id,T_KILBW-1_BID,BID,0.0,,,,,0,0.0,0.0,0.1390227409923853,82.36037528752148,935,510,0.0718864433550563,29.382295397846597,40.10965716026676,0.0874561108639911,29.181332817536816,39.771802331439154,2025-05-26 SP14,T_KILBW-1,KILBW,T_KILBW-1,T_KILBW,WIND,Kilbraur Wind Energy Ltd,935,0.0,0.9999999999999991,45,BMU
BMU ID,marginal_bmu_id,T_KILLPG-2_BID,BID,0.0,,,,,0,0.0,0.0,0.1390227409923853,82.36037528752148,936,511,0.0718864433550563,29.382295397846597,40.10965716026676,0.0874561108639911,29.181332817536816,39.771802331439154,2025-05-26 SP14,T_KILLPG-2,T_KILLPG-2,T_KILLPG-2,T_KILLPG,CCGT,Uniper UK Limited,936,0.0,0.9999999999999991,45,BMU
BMU ID,marginal_bmu_id,T_KILSB-1_BID,BID,0.0,,,,,0,0.0,0.0,0.1390227409923853,82.36037528752148,937,512,0.0718864433550563,29.382295397846597,40.10965716026676,0.0874561108639911,29.181332817536816,39.771802331439154,2025-05-26 SP14,T_KILSB-1,T_KILSB-1,T_KILSB-1,T_KILSB,BATTERY,ZENOBE KILMARNOCK SOUTH LTD,937,0.0,0.9999999999999991,45,BMU
BMU ID,marginal_bmu_id,T_KILSB-1_OFFER,OFFER,0.0,,,,,0,0.0,0.0,0.1390227409923853,82.36037528752148,938,426,0.0718864433550563,29.382295397846597,40.10965716026676,0.0874561108639911,29.181332817536816,39.771802331439154,2025-05-26 SP14,T_KILSB-1,T_KILSB-1,T_KILSB-1,T_KILSB,BATTERY,ZENOBE KILMARNOCK SOUTH LTD,938,0.0,0.9999999999999991,45,BMU
BMU ID,marginal_bmu_id,T_KILSB-2_BID,BID,0.0,,,,,0,0.0,0.0,0.1390227409923853,82.36037528752148,939,513,0.0718864433550563,29.382295397846597,40.10965716026676,0.0874561108639911,29.181332817536816,39.771802331439154,2025-05-26 SP14,T_KILSB-2,T_KILSB-2,T_KILSB-2,T_KILSB,BATTERY,ZENOBE KILMARNOCK SOUTH LTD,939,0.0,0.9999999999999991,45,BMU
BMU ID,marginal_bmu_id,T_KILSB-3_BID,BID,0.0,,,,,0,0.0,0.0,0.1390227409923853,82.36037528752148,940,514,0.0718864433550563,29.382295397846597,40.10965716026676,0.0874561108639911,29.181332817536816,39.771802331439154,2025-05-26 SP14,T_KILSB-3,T_KILSB-3,T_KILSB-3,T_KILSB,BATTERY,ZENOBE KILMARNOCK SOUTH LTD,940,0.0,0.9999999999999991,45,BMU
BMU ID,marginal_bmu_id,T_KILSB-3_OFFER,OFFER,0.0,0.0,0.0,0.0,0.0,1,0.5,0.0,0.1390227409923853,82.36037528752148,941,427,0.0718864433550563,29.382295397846597,40.10965716026676,0.0874561108639911,29.181332817536816,39.771802331439154,2025-05-26 SP14,T_KILSB-3,T_KILSB-3,T_KILSB-3,T_KILSB,BATTERY,ZENOBE KILMARNOCK SOUTH LTD,941,0.0,0.9999999999999991,45,BMU
BMU ID,marginal_bmu_id,T_KILSB-5_BID,BID,0.0,,,,,0,0.0,0.0,0.1390227409923853,82.36037528752148,942,515,0.0718864433550563,29.382295397846597,40.10965716026676,0.0874561108639911,29.181332817536816,39.771802331439154,2025-05-26 SP14,T_KILSB-5,T_KILSB-5,T_KILSB-5,T_KILSB,BATTERY,ZENOBE KILMARNOCK SOUTH LTD,942,0.0,0.9999999999999991,45,BMU
BMU ID,marginal_bmu_id,T_KILSB-5_OFFER,OFFER,0.0,,,,,0,0.0,0.0,0.1390227409923853,82.36037528752148,943,428,0.0718864433550563,29.382295397846597,40.10965716026676,0.0874561108639911,29.181332817536816,39.771802331439154,2025-05-26 SP14,T_KILSB-5,T_KILSB-5,T_KILSB-5,T_KILSB,BATTERY,ZENOBE KILMARNOCK SOUTH LTD,943,0.0,0.9999999999999991,45,BMU
BMU ID,marginal_bmu_id,T_KILSB-6_BID,BID,0.0,,,,,0,0.0,0.0,0.1390227409923853,82.36037528752148,944,516,0.0718864433550563,29.382295397846597,40.10965716026676,0.0874561108639911,29.181332817536816,39.771802331439154,2025-05-26 SP14,T_KILSB-6,T_KILSB-6,T_KILSB-6,T_KILSB,BATTERY,ZENOBE KILMARNOCK SOUTH LTD,944,0.0,0.9999999999999991,45,BMU
BMU ID,marginal_bmu_id,T_KILSB-6_OFFER,OFFER,0.0,,,,,0,0.0,0.0,0.1390227409923853,82.36037528752148,945,429,0.0718864433550563,29.382295397846597,40.10965716026676,0.0874561108639911,29.181332817536816,39.771802331439154,2025-05-26 SP14,T_KILSB-6,T_KILSB-6,T_KILSB-6,T_KILSB,BATTERY,ZENOBE KILMARNOCK SOUTH LTD,945,0.0,0.9999999999999991,45,BMU
BMU ID,marginal_bmu_id,T_KYPEW-1_BID,BID,0.0,0.0,0.0,0.0,0.0,1,1.0,0.0,0.1390227409923853,82.36037528752148,946,517,0.0718864433550563,29.382295397846597,40.10965716026676,0.0874561108639911,29.181332817536816,39.771802331439154,2025-05-26 SP14,T_KYPEW-1,KYPE MUIR EXT WIND FARM,T_KYPEW-1,T_KYPEW,WIND,Kype Extension Wind Farm Ltd,946,0.0,0.9999999999999991,45,BMU
BMU ID,marginal_bmu_id,T_LAGA-1_BID,BID,0.0,0.0,0.0,0.0,0.0,3,2.333333333333333,0.0,0.1390227409923853,82.36037528752148,947,518,0.0718864433550563,29.382295397846597,40.10965716026676,0.0874561108639911,29.181332817536816,39.771802331439154,2025-05-26 SP14,T_LAGA-1,Langage Power Station,T_LAGA-1,T_LAGA,CCGT,EP UK INVESTMENTS LIMITED,947,0.0,0.9999999999999991,45,BMU
BMU ID,marginal_bmu_id,T_LARKB-1_BID,BID,0.0,0.0,0.0,0.0,0.0,2,1.5,0.0,0.1390227409923853,82.36037528752148,948,519,0.0718864433550563,29.382295397846597,40.10965716026676,0.0874561108639911,29.181332817536816,39.771802331439154,2025-05-26 SP14,T_LARKB-1,Larks Green Battery Storage,T_LARKB-1,T_LARKB,OTHER,EDF Energy Customers Limited,948,0.0,0.9999999999999991,45,BMU
BMU ID,marginal_bmu_id,T_LARKB-1_OFFER,OFFER,0.0,0.0,0.0,0.0,0.0,3,2.5,0.0,0.1390227409923853,82.36037528752148,949,430,0.0718864433550563,29.382295397846597,40.10965716026676,0.0874561108639911,29.181332817536816,39.771802331439154,2025-05-26 SP14,T_LARKB-1,Larks Green Battery Storage,T_LARKB-1,T_LARKB,OTHER,EDF Energy Customers Limited,949,0.0,0.9999999999999991,45,BMU
BMU ID,marginal_bmu_id,T_LARKS-1_BID,BID,0.0,,,,,0,0.0,0.0,0.1390227409923853,82.36037528752148,950,520,0.0718864433550563,29.382295397846597,40.10965716026676,0.0874561108639911,29.181332817536816,39.771802331439154,2025-05-26 SP14,T_LARKS-1,Larks Green Solar,T_LARKS-1,T_LARKS,OTHER,Iron Acton Green Limited,950,0.0,0.9999999999999991,45,BMU
BMU ID,marginal_bmu_id,T_LARYW-1_BID,BID,0.0,,,,,0,0.0,0.0,0.1390227409923853,82.36037528752148,951,521,0.0718864433550563,29.382295397846597,40.10965716026676,0.0874561108639911,29.181332817536816,39.771802331439154,2025-05-26 SP14,T_LARYW-1,London Array BMU1,T_LARYW-1,T_LARYW,WIND,London Array Limited,951,0.0,0.9999999999999991,45,BMU
BMU ID,marginal_bmu_id,T_LARYW-2_BID,BID,0.0,,,,,0,0.0,0.0,0.1390227409923853,82.36037528752148,952,522,0.0718864433550563,29.382295397846597,40.10965716026676,0.0874561108639911,29.181332817536816,39.771802331439154,2025-05-26 SP14,T_LARYW-2,London Array BMU2,T_LARYW-2,T_LARYW,WIND,London Array Limited,952,0.0,0.9999999999999991,45,BMU
BMU ID,marginal_bmu_id,T_LARYW-3_BID,BID,0.0,,,,,0,0.0,0.0,0.1390227409923853,82.36037528752148,953,523,0.0718864433550563,29.382295397846597,40.10965716026676,0.0874561108639911,29.181332817536816,39.771802331439154,2025-05-26 SP14,T_LARYW-3,London Array BMU3,T_LARYW-3,T_LARYW,WIND,London Array Limited,953,0.0,0.9999999999999991,45,BMU
BMU ID,marginal_bmu_id,T_LARYW-4_BID,BID,0.0,,,,,0,0.0,0.0,0.1390227409923853,82.36037528752148,954,524,0.0718864433550563,29.382295397846597,40.10965716026676,0.0874561108639911,29.181332817536816,39.771802331439154,2025-05-26 SP14,T_LARYW-4,London Array BMU4,T_LARYW-4,T_LARYW,WIND,London Array Limited,954,0.0,0.9999999999999991,45,BMU
BMU ID,marginal_bmu_id,T_LBAR-1_BID,BID,0.0,0.0,0.0,0.0,0.0,4,1.8666666666666667,0.0,0.1390227409923853,82.36037528752148,955,525,0.0718864433550563,29.382295397846597,40.10965716026676,0.0874561108639911,29.181332817536816,39.771802331439154,2025-05-26 SP14,T_LBAR-1,Little Barford main unit 1,T_LBAR-1,T_LBAR,CCGT,RWE Generation UK plc,955,0.0,0.9999999999999991,45,BMU
BMU ID,marginal_bmu_id,T_LCLTW-1_BID,BID,0.0,,,,,0,0.0,0.0,0.1390227409923853,82.36037528752148,956,526,0.0718864433550563,29.382295397846597,40.10965716026676,0.0874561108639911,29.181332817536816,39.771802331439154,2025-05-26 SP14,T_LCLTW-1,Lochluichart Windfarm,T_LCLTW-1,T_LCLTW,WIND,Eneco Energy Trade,956,0.0,0.9999999999999991,45,BMU
BMU ID,marginal_bmu_id,T_LKSDB-1_OFFER,OFFER,0.0,0.0,0.0,0.0,0.0,2,1.5,0.0,0.1390227409923853,82.36037528752148,957,431,0.0718864433550563,29.382295397846597,40.10965716026676,0.0874561108639911,29.181332817536816,39.771802331439154,2025-05-26 SP14,T_LKSDB-1,Lakeside  BESS,T_LKSDB-1,T_LKSDB,OTHER,Lakeside Energy Storage Ltd,957,0.0,0.9999999999999991,45,BMU
BMU ID,marginal_bmu_id,T_LNCSW-1_BID,BID,0.0,,,,,0,0.0,0.0,0.1390227409923853,82.36037528752148,958,527,0.0718864433550563,29.382295397846597,40.10965716026676,0.0874561108639911,29.181332817536816,39.771802331439154,2025-05-26 SP14,T_LNCSW-1,Lincs wind farm offshore BMU1,T_LNCSW-1,T_LNCSW,WIND,Lincs Wind Farm Ltd,958,0.0,0.9999999999999991,45,BMU
BMU ID,marginal_bmu_id,T_LNCSW-2_BID,BID,0.0,,,,,0,0.0,0.0,0.1390227409923853,82.36037528752148,959,528,0.0718864433550563,29.382295397846597,40.10965716026676,0.0874561108639911,29.181332817536816,39.771802331439154,2025-05-26 SP14,T_LNCSW-2,Lincs wind farm offshore BMU2,T_LNCSW-2,T_LNCSW,WIND,Lincs Wind Farm Ltd,959,0.0,0.9999999999999991,45,BMU
BMU ID,marginal_bmu_id,T_MEDP-1_BID,BID,0.0,0.0,0.0,0.0,0.0,3,3.0,0.0,0.1390227409923853,82.36037528752148,960,529,0.0718864433550563,29.382295397846597,40.10965716026676,0.0874561108639911,29.181332817536816,39.771802331439154,2025-05-26 SP14,T_MEDP-1,Medway Power,T_MEDP-1,T_MEDP,CCGT,Medway Power Ltd,960,0.0,0.9999999999999991,45,BMU
BMU ID,marginal_bmu_id,T_MILWW-1_BID,BID,0.0,,,,,0,0.0,0.0,0.1390227409923853,82.36037528752148,961,530,0.0718864433550563,29.382295397846597,40.10965716026676,0.0874561108639911,29.181332817536816,39.771802331439154,2025-05-26 SP14,T_MILWW-1,MILWW,T_MILWW-1,T_MILWW,WIND,Millennium Wind Energy Ltd,961,0.0,0.9999999999999991,45,BMU
BMU ID,marginal_bmu_id,T_MKFRB-1_BID,BID,0.0,,,,,0,0.0,0.0,0.1390227409923853,82.36037528752148,962,531,0.0718864433550563,29.382295397846597,40.10965716026676,0.0874561108639911,29.181332817536816,39.771802331439154,2025-05-26 SP14,T_MKFRB-1,Monk Fryston,T_MKFRB-1,T_MKFRB,BATTERY,HD777FRY Ltd,962,0.0,0.9999999999999991,45,BMU
BMU ID,marginal_bmu_id,T_MKFRB-1_OFFER,OFFER,0.0,,,,,0,0.0,0.0,0.1390227409923853,82.36037528752148,963,432,0.0718864433550563,29.382295397846597,40.10965716026676,0.0874561108639911,29.181332817536816,39.771802331439154,2025-05-26 SP14,T_MKFRB-1,Monk Fryston,T_MKFRB-1,T_MKFRB,BATTERY,HD777FRY Ltd,963,0.0,0.9999999999999991,45,BMU
BMU ID,marginal_bmu_id,T_MKHLW-1_BID,BID,0.0,,,,,0,0.0,0.0,0.1390227409923853,82.36037528752148,964,532,0.0718864433550563,29.382295397846597,40.10965716026676,0.0874561108639911,29.181332817536816,39.771802331439154,2025-05-26 SP14,T_MKHLW-1,Mark Hill,T_MKHLW-1,T_MKHLW,WIND,SP Renewables (UK) Limited,964,0.0,0.9999999999999991,45,BMU
BMU ID,marginal_bmu_id,T_MOWEO-1_OFFER,OFFER,0.0,,,,,0,0.0,0.0,0.1390227409923853,82.36037528752148,965,433,0.0718864433550563,29.382295397846597,40.10965716026676,0.0874561108639911,29.181332817536816,39.771802331439154,2025-05-26 SP14,T_MOWEO-1,Moray East OWF1,T_MOWEO-1,T_MOWEO,WIND,Moray Offshore Wind East Ltd,965,0.0,0.9999999999999991,45,BMU
BMU ID,marginal_bmu_id,T_MOWEO-2_OFFER,OFFER,0.0,,,,,0,0.0,0.0,0.1390227409923853,82.36037528752148,966,434,0.0718864433550563,29.382295397846597,40.10965716026676,0.0874561108639911,29.181332817536816,39.771802331439154,2025-05-26 SP14,T_MOWEO-2,Moray East OWF2,T_MOWEO-2,T_MOWEO,WIND,Moray Offshore Wind East Ltd,966,0.0,0.9999999999999991,45,BMU
BMU ID,marginal_bmu_id,T_MOWWO-1_BID,BID,0.0,,,,,0,0.0,0.0,0.1390227409923853,82.36037528752148,967,533,0.0718864433550563,29.382295397846597,40.10965716026676,0.0874561108639911,29.181332817536816,39.771802331439154,2025-05-26 SP14,T_MOWWO-1,Moray West OWF1,T_MOWWO-1,T_MOWWO,WIND,Moray Offshore Wind West Ltd,967,0.0,0.9999999999999991,45,BMU
BMU ID,marginal_bmu_id,T_MOWWO-2_BID,BID,0.0,,,,,0,0.0,0.0,0.1390227409923853,82.36037528752148,968,534,0.0718864433550563,29.382295397846597,40.10965716026676,0.0874561108639911,29.181332817536816,39.771802331439154,2025-05-26 SP14,T_MOWWO-2,Moray West OWF2,T_MOWWO-2,T_MOWWO,WIND,Moray Offshore Wind West Ltd,968,0.0,0.9999999999999991,45,BMU
BMU ID,marginal_bmu_id,T_MOWWO-3_BID,BID,0.0,,,,,0,0.0,0.0,0.1390227409923853,82.36037528752148,969,535,0.0718864433550563,29.382295397846597,40.10965716026676,0.0874561108639911,29.181332817536816,39.771802331439154,2025-05-26 SP14,T_MOWWO-3,Moray West OWF3,T_MOWWO-3,T_MOWWO,WIND,Moray Offshore Wind West Ltd,969,0.0,0.9999999999999991,45,BMU
BMU ID,marginal_bmu_id,T_MOWWO-3_OFFER,OFFER,0.0,,,,,0,0.0,0.0,0.1390227409923853,82.36037528752148,970,435,0.0718864433550563,29.382295397846597,40.10965716026676,0.0874561108639911,29.181332817536816,39.771802331439154,2025-05-26 SP14,T_MOWWO-3,Moray West OWF3,T_MOWWO-3,T_MOWWO,WIND,Moray Offshore Wind West Ltd,970,0.0,0.9999999999999991,45,BMU
BMU ID,marginal_bmu_id,T_MYGPW-1_BID,BID,0.0,0.0,0.0,0.0,0.0,1,1.0,0.0,0.1390227409923853,82.36037528752148,971,536,0.0718864433550563,29.382295397846597,40.10965716026676,0.0874561108639911,29.181332817536816,39.771802331439154,2025-05-26 SP14,T_MYGPW-1,Minnygap Wind Farm,T_MYGPW-1,T_MYGPW,WIND,Minnygap Energy Limited,971,0.0,0.9999999999999991,45,BMU
BMU ID,marginal_bmu_id,T_NANT-1_BID,BID,0.0,,,,,0,0.0,0.0,0.1390227409923853,82.36037528752148,972,537,0.0718864433550563,29.382295397846597,40.10965716026676,0.0874561108639911,29.181332817536816,39.771802331439154,2025-05-26 SP14,T_NANT-1,Nant,T_NANT-1,T_NANT,NPSHYD,SSE Generation Ltd,972,0.0,0.9999999999999991,45,BMU
BMU ID,marginal_bmu_id,T_NANT-1_OFFER,OFFER,0.0,,,,,0,0.0,0.0,0.1390227409923853,82.36037528752148,973,436,0.0718864433550563,29.382295397846597,40.10965716026676,0.0874561108639911,29.181332817536816,39.771802331439154,2025-05-26 SP14,T_NANT-1,Nant,T_NANT-1,T_NANT,NPSHYD,SSE Generation Ltd,973,0.0,0.9999999999999991,45,BMU
BMU ID,marginal_bmu_id,T_NNGAO-2_OFFER,OFFER,0.0,,,,,0,0.0,0.0,0.1390227409923853,82.36037528752148,974,437,0.0718864433550563,29.382295397846597,40.10965716026676,0.0874561108639911,29.181332817536816,39.771802331439154,2025-05-26 SP14,T_NNGAO-2,Neart Na Gaiothe WF 2,T_NNGAO-2,T_NNGAO,WIND,Neart Na Gaoithe Offshore Wind,974,0.0,0.9999999999999991,45,BMU
BMU ID,marginal_bmu_id,T_NTRVB-1_BID,BID,0.0,0.0,0.0,0.0,0.0,4,4.0,0.0,0.1390227409923853,82.36037528752148,975,538,0.0718864433550563,29.382295397846597,40.10965716026676,0.0874561108639911,29.181332817536816,39.771802331439154,2025-05-26 SP14,T_NTRVB-1,Native River,T_NTRVB-1,T_NTRVB,BATTERY,Arenko Cleantech Limited,975,0.0,0.9999999999999991,45,BMU
BMU ID,marginal_bmu_id,T_NTRVB-1_OFFER,OFFER,0.0,0.0,0.0,0.0,0.0,1,1.0,0.0,0.1390227409923853,82.36037528752148,976,438,0.0718864433550563,29.382295397846597,40.10965716026676,0.0874561108639911,29.181332817536816,39.771802331439154,2025-05-26 SP14,T_NTRVB-1,Native River,T_NTRVB-1,T_NTRVB,BATTERY,Arenko Cleantech Limited,976,0.0,0.9999999999999991,45,BMU
BMU ID,marginal_bmu_id,T_NURSB-1_OFFER,OFFER,0.0,0.0,0.0,0.0,0.0,4,2.291666666666667,0.0,0.1390227409923853,82.36037528752148,977,439,0.0718864433550563,29.382295397846597,40.10965716026676,0.0874561108639911,29.181332817536816,39.771802331439154,2025-05-26 SP14,T_NURSB-1,Nursling Battery Storage,T_NURSB-1,T_NURSB,BATTERY,EDF Energy Customers Limited,977,0.0,0.9999999999999991,45,BMU
BMU ID,marginal_bmu_id,T_OCHLB-1_BID,BID,0.0,0.0,0.0,0.0,0.0,3,1.8333333333333333,0.0,0.1390227409923853,82.36037528752148,978,539,0.0718864433550563,29.382295397846597,40.10965716026676,0.0874561108639911,29.181332817536816,39.771802331439154,2025-05-26 SP14,T_OCHLB-1,Ocker Hill,T_OCHLB-1,T_OCHLB,BATTERY,HD143OCK Ltd,978,0.0,0.9999999999999991,45,BMU
BMU ID,marginal_bmu_id,T_OCHLB-1_OFFER,OFFER,0.0,0.0,0.0,0.0,0.0,3,3.0,0.0,0.1390227409923853,82.36037528752148,979,440,0.0718864433550563,29.382295397846597,40.10965716026676,0.0874561108639911,29.181332817536816,39.771802331439154,2025-05-26 SP14,T_OCHLB-1,Ocker Hill,T_OCHLB-1,T_OCHLB,BATTERY,HD143OCK Ltd,979,0.0,0.9999999999999991,45,BMU
BMU ID,marginal_bmu_id,T_PEHE-1_BID,BID,0.0,0.0,0.0,0.0,0.0,3,3.0,0.0,0.1390227409923853,82.36037528752148,980,540,0.0718864433550563,29.382295397846597,40.10965716026676,0.0874561108639911,29.181332817536816,39.771802331439154,2025-05-26 SP14,T_PEHE-1,Peterhead Block 1,T_PEHE-1,T_PEHE,CCGT,SSE Thermal Generation,980,0.0,0.9999999999999991,45,BMU
BMU ID,marginal_bmu_id,T_PEHE-1_OFFER,OFFER,0.0,,,,,0,0.0,0.0,0.1390227409923853,82.36037528752148,981,441,0.0718864433550563,29.382295397846597,40.10965716026676,0.0874561108639911,29.181332817536816,39.771802331439154,2025-05-26 SP14,T_PEHE-1,Peterhead Block 1,T_PEHE-1,T_PEHE,CCGT,SSE Thermal Generation,981,0.0,0.9999999999999991,45,BMU
BMU ID,marginal_bmu_id,T_PEMB-11_BID,BID,0.0,0.0,0.0,0.0,0.0,1,0.25,0.0,0.1390227409923853,82.36037528752148,982,541,0.0718864433550563,29.382295397846597,40.10965716026676,0.0874561108639911,29.181332817536816,39.771802331439154,2025-05-26 SP14,T_PEMB-11,Pembroke Unit 11,T_PEMB-11,T_PEMB,CCGT,RWE Generation UK plc,982,0.0,0.9999999999999991,45,BMU
BMU ID,marginal_bmu_id,T_PEMB-11_OFFER,OFFER,0.0,0.0,0.0,0.0,0.0,2,1.5,0.0,0.1390227409923853,82.36037528752148,983,442,0.0718864433550563,29.382295397846597,40.10965716026676,0.0874561108639911,29.181332817536816,39.771802331439154,2025-05-26 SP14,T_PEMB-11,Pembroke Unit 11,T_PEMB-11,T_PEMB,CCGT,RWE Generation UK plc,983,0.0,0.9999999999999991,45,BMU
BMU ID,marginal_bmu_id,T_PEMB-21_BID,BID,0.0,0.0,0.0,0.0,0.0,19,10.433333333333334,0.0,0.1390227409923853,82.36037528752148,984,542,0.0718864433550563,29.382295397846597,40.10965716026676,0.0874561108639911,29.181332817536816,39.771802331439154,2025-05-26 SP14,T_PEMB-21,Pembroke Unit 21,T_PEMB-21,T_PEMB,CCGT,RWE Generation UK plc,984,0.0,0.9999999999999991,45,BMU
BMU ID,marginal_bmu_id,T_PEMB-41_OFFER,OFFER,0.0,0.0,0.0,0.0,0.0,2,1.5,0.0,0.1390227409923853,82.36037528752148,985,443,0.0718864433550563,29.382295397846597,40.10965716026676,0.0874561108639911,29.181332817536816,39.771802331439154,2025-05-26 SP14,T_PEMB-41,Pembroke Unit 41,T_PEMB-41,T_PEMB,CCGT,RWE Generation UK plc,985,0.0,0.9999999999999991,45,BMU
BMU ID,marginal_bmu_id,T_PEMB-51_OFFER,OFFER,0.0,0.0,0.0,0.0,0.0,3,2.5,0.0,0.1390227409923853,82.36037528752148,986,444,0.0718864433550563,29.382295397846597,40.10965716026676,0.0874561108639911,29.181332817536816,39.771802331439154,2025-05-26 SP14,T_PEMB-51,Pembroke Unit 51,T_PEMB-51,T_PEMB,CCGT,RWE Generation UK plc,986,0.0,0.9999999999999991,45,BMU
BMU ID,marginal_bmu_id,T_PINFB-1_OFFER,OFFER,0.0,0.0,0.0,0.0,0.0,4,3.125,0.0,0.1390227409923853,82.36037528752148,987,445,0.0718864433550563,29.382295397846597,40.10965716026676,0.0874561108639911,29.181332817536816,39.771802331439154,2025-05-26 SP14,T_PINFB-1,T_PINFB-1,T_PINFB-1,T_PINFB_B,BATTERY,Zenobe Capenhurst Limited,987,0.0,0.9999999999999991,45,BMU
BMU ID,marginal_bmu_id,T_PINFB-2_BID,BID,0.0,0.0,0.0,0.0,0.0,5,2.3666666666666667,0.0,0.1390227409923853,82.36037528752148,988,543,0.0718864433550563,29.382295397846597,40.10965716026676,0.0874561108639911,29.181332817536816,39.771802331439154,2025-05-26 SP14,T_PINFB-2,T_PINFB-2,T_PINFB-2,T_PINFB_OTH,OTHER,Zenobe Capenhurst Limited,988,0.0,0.9999999999999991,45,BMU
BMU ID,marginal_bmu_id,T_PINFB-2_OFFER,OFFER,0.0,0.0,0.0,0.0,0.0,5,1.1325757575757576,0.0,0.1390227409923853,82.36037528752148,989,446,0.0718864433550563,29.382295397846597,40.10965716026676,0.0874561108639911,29.181332817536816,39.771802331439154,2025-05-26 SP14,T_PINFB-2,T_PINFB-2,T_PINFB-2,T_PINFB_OTH,OTHER,Zenobe Capenhurst Limited,989,0.0,0.9999999999999991,45,BMU
BMU ID,marginal_bmu_id,T_PINFB-3_BID,BID,0.0,0.0,0.0,0.0,0.0,7,3.993589743589744,0.0,0.1390227409923853,82.36037528752148,990,544,0.0718864433550563,29.382295397846597,40.10965716026676,0.0874561108639911,29.181332817536816,39.771802331439154,2025-05-26 SP14,T_PINFB-3,T_PINFB-3,T_PINFB-3,T_PINFB_OTH,OTHER,Zenobe Capenhurst Limited,990,0.0,0.9999999999999991,45,BMU
BMU ID,marginal_bmu_id,T_PINFB-3_OFFER,OFFER,0.0,0.0,0.0,0.0,0.0,3,0.425,0.0,0.1390227409923853,82.36037528752148,991,447,0.0718864433550563,29.382295397846597,40.10965716026676,0.0874561108639911,29.181332817536816,39.771802331439154,2025-05-26 SP14,T_PINFB-3,T_PINFB-3,T_PINFB-3,T_PINFB_OTH,OTHER,Zenobe Capenhurst Limited,991,0.0,0.9999999999999991,45,BMU
BMU ID,marginal_bmu_id,T_PINFB-4_OFFER,OFFER,0.0,0.0,0.0,0.0,0.0,4,0.577020202020202,0.0,0.1390227409923853,82.36037528752148,992,448,0.0718864433550563,29.382295397846597,40.10965716026676,0.0874561108639911,29.181332817536816,39.771802331439154,2025-05-26 SP14,T_PINFB-4,T_PINFB-4,T_PINFB-4,T_PINFB_B,BATTERY,Zenobe Capenhurst Limited,992,0.0,0.9999999999999991,45,BMU
BMU ID,marginal_bmu_id,T_PNYCB-1_BID,BID,0.0,0.0,0.0,0.0,0.0,2,2.0,0.0,0.1390227409923853,82.36037528752148,993,545,0.0718864433550563,29.382295397846597,40.10965716026676,0.0874561108639911,29.181332817536816,39.771802331439154,2025-05-26 SP14,T_PNYCB-1,Pen y Cymoedd Battery,T_PNYCB-1,T_PNYCB,BATTERY,Arenko Cleantech Limited,993,0.0,0.9999999999999991,45,BMU
BMU ID,marginal_bmu_id,T_PNYCB-1_OFFER,OFFER,0.0,,,,,0,0.0,0.0,0.1390227409923853,82.36037528752148,994,449,0.0718864433550563,29.382295397846597,40.10965716026676,0.0874561108639911,29.181332817536816,39.771802331439154,2025-05-26 SP14,T_PNYCB-1,Pen y Cymoedd Battery,T_PNYCB-1,T_PNYCB,BATTERY,Arenko Cleantech Limited,994,0.0,0.9999999999999991,45,BMU
BMU ID,marginal_bmu_id,T_RATS-1_BID,BID,0.0,,,,,0,0.0,0.0,0.1390227409923853,82.36037528752148,995,546,0.0718864433550563,29.382295397846597,40.10965716026676,0.0874561108639911,29.181332817536816,39.771802331439154,2025-05-26 SP14,T_RATS-1,T_RATS-1,T_RATS-1,T_RATS,COAL,Uniper UK Limited,995,0.0,0.9999999999999991,45,BMU
BMU ID,marginal_bmu_id,T_RATS-1_OFFER,OFFER,0.0,,,,,0,0.0,0.0,0.1390227409923853,82.36037528752148,996,450,0.0718864433550563,29.382295397846597,40.10965716026676,0.0874561108639911,29.181332817536816,39.771802331439154,2025-05-26 SP14,T_RATS-1,T_RATS-1,T_RATS-1,T_RATS,COAL,Uniper UK Limited,996,0.0,0.9999999999999991,45,BMU
BMU ID,marginal_bmu_id,T_RATS-2_BID,BID,0.0,,,,,0,0.0,0.0,0.1390227409923853,82.36037528752148,997,547,0.0718864433550563,29.382295397846597,40.10965716026676,0.0874561108639911,29.181332817536816,39.771802331439154,2025-05-26 SP14,T_RATS-2,T_RATS-2,T_RATS-2,T_RATS,COAL,Uniper UK Limited,997,0.0,0.9999999999999991,45,BMU
BMU ID,marginal_bmu_id,T_RATS-3_BID,BID,0.0,0.0,0.0,0.0,0.0,5,2.0,0.0,0.1390227409923853,82.36037528752148,998,548,0.0718864433550563,29.382295397846597,40.10965716026676,0.0874561108639911,29.181332817536816,39.771802331439154,2025-05-26 SP14,T_RATS-3,T_RATS-3,T_RATS-3,T_RATS,COAL,Uniper UK Limited,998,0.0,0.9999999999999991,45,BMU
BMU ID,marginal_bmu_id,T_RATS-4_BID,BID,0.0,0.0,0.0,0.0,0.0,4,1.753968253968254,0.0,0.1390227409923853,82.36037528752148,999,549,0.0718864433550563,29.382295397846597,40.10965716026676,0.0874561108639911,29.181332817536816,39.771802331439154,2025-05-26 SP14,T_RATS-4,T_RATS-4,T_RATS-4,T_RATS,COAL,Uniper UK Limited,999,0.0,0.9999999999999991,45,BMU
BMU ID,marginal_bmu_id,T_RICHB-1_BID,BID,0.0,0.0,0.0,0.0,0.0,2,1.2,0.0,0.1390227409923853,82.36037528752148,1000,550,0.0718864433550563,29.382295397846597,40.10965716026676,0.0874561108639911,29.181332817536816,39.771802331439154,2025-05-26 SP14,T_RICHB-1,Richborough Energy Park 1,T_RICHB-1,T_RICHB,OTHER,Limejump Energy Limited,1000,0.0,0.9999999999999991,45,BMU
BMU ID,marginal_bmu_id,T_RICHB-1_OFFER,OFFER,0.0,0.0,0.0,0.0,0.0,1,0.1111111111111111,0.0,0.1390227409923853,82.36037528752148,1001,451,0.0718864433550563,29.382295397846597,40.10965716026676,0.0874561108639911,29.181332817536816,39.771802331439154,2025-05-26 SP14,T_RICHB-1,Richborough Energy Park 1,T_RICHB-1,T_RICHB,OTHER,Limejump Energy Limited,1001,0.0,0.9999999999999991,45,BMU
BMU ID,marginal_bmu_id,T_RICHB-2_OFFER,OFFER,0.0,0.0,0.0,0.0,0.0,1,0.25,0.0,0.1390227409923853,82.36037528752148,1002,452,0.0718864433550563,29.382295397846597,40.10965716026676,0.0874561108639911,29.181332817536816,39.771802331439154,2025-05-26 SP14,T_RICHB-2,Richborough Energy Park 2,T_RICHB-2,T_RICHB,OTHER,Limejump Energy Limited,1002,0.0,0.9999999999999991,45,BMU
BMU ID,marginal_bmu_id,T_RMPNO-1_BID,BID,0.0,0.0,0.0,0.0,0.0,1,0.5,0.0,0.1390227409923853,82.36037528752148,1003,551,0.0718864433550563,29.382295397846597,40.10965716026676,0.0874561108639911,29.181332817536816,39.771802331439154,2025-05-26 SP14,T_RMPNO-1,Rampion Offshore Wind BMU 1,T_RMPNO-1,T_RMPNO,WIND,Rampion Offshore Windfarm Ltd,1003,0.0,0.9999999999999991,45,BMU
BMU ID,marginal_bmu_id,T_ROCK-1_BID,BID,0.0,0.0,0.0,0.0,0.0,10,7.416666666666666,0.0,0.1390227409923853,82.36037528752148,1004,552,0.0718864433550563,29.382295397846597,40.10965716026676,0.0874561108639911,29.181332817536816,39.771802331439154,2025-05-26 SP14,T_ROCK-1,Rocksavage Power Station,T_ROCK-1,T_ROCK,CCGT,Rocksavage Power Company Ltd,1004,0.0,0.9999999999999991,45,BMU
BMU ID,marginal_bmu_id,T_RRWW-1_BID,BID,0.0,,,,,0,0.0,0.0,0.1390227409923853,82.36037528752148,1005,553,0.0718864433550563,29.382295397846597,40.10965716026676,0.0874561108639911,29.181332817536816,39.771802331439154,2025-05-26 SP14,T_RRWW-1,T_RRWW-1,T_RRWW-1,T_RRWW,WIND,RWE Renewables UK Robin Rigg,1005,0.0,0.9999999999999991,45,BMU
BMU ID,marginal_bmu_id,T_RYHPS-1_BID,BID,0.0,,,,,0,0.0,0.0,0.1390227409923853,82.36037528752148,1006,554,0.0718864433550563,29.382295397846597,40.10965716026676,0.0874561108639911,29.181332817536816,39.771802331439154,2025-05-26 SP14,T_RYHPS-1,T_RYHPS-1,T_RYHPS-1,T_RYHPS,CCGT,VPI Power Limited,1006,0.0,0.9999999999999991,45,BMU
BMU ID,marginal_bmu_id,T_SAKNW-1_BID,BID,0.0,0.0,0.0,0.0,0.0,1,1.0,0.0,0.1390227409923853,82.36037528752148,1007,555,0.0718864433550563,29.382295397846597,40.10965716026676,0.0874561108639911,29.181332817536816,39.771802331439154,2025-05-26 SP14,T_SAKNW-1,Sandy Knowe Wind Farm,T_SAKNW-1,T_SAKNW,WIND,Sandy Knowe Wind Farm Ltd,1007,0.0,0.9999999999999991,45,BMU
BMU ID,marginal_bmu_id,T_SCCL-1_BID,BID,0.0,0.0,0.0,0.0,0.0,4,4.0,0.0,0.1390227409923853,82.36037528752148,1008,556,0.0718864433550563,29.382295397846597,40.10965716026676,0.0874561108639911,29.181332817536816,39.771802331439154,2025-05-26 SP14,T_SCCL-1,Unit 1,T_SCCL-1,T_SCCL,CCGT,SCCL,1008,0.0,0.9999999999999991,45,BMU
BMU ID,marginal_bmu_id,T_SCCL-2_BID,BID,0.0,0.0,0.0,0.0,0.0,1,1.0,0.0,0.1390227409923853,82.36037528752148,1009,557,0.0718864433550563,29.382295397846597,40.10965716026676,0.0874561108639911,29.181332817536816,39.771802331439154,2025-05-26 SP14,T_SCCL-2,Unit 2,T_SCCL-2,T_SCCL,CCGT,SCCL,1009,0.0,0.9999999999999991,45,BMU
BMU ID,marginal_bmu_id,T_SCCL-3_BID,BID,0.0,0.0,0.0,0.0,0.0,4,4.0,0.0,0.1390227409923853,82.36037528752148,1010,558,0.0718864433550563,29.382295397846597,40.10965716026676,0.0874561108639911,29.181332817536816,39.771802331439154,2025-05-26 SP14,T_SCCL-3,Unit 3,T_SCCL-3,T_SCCL,CCGT,SCCL,1010,0.0,0.9999999999999991,45,BMU
BMU ID,marginal_bmu_id,T_SEAB-2_BID,BID,0.0,0.0,0.0,0.0,0.0,7,6.5,0.0,0.1390227409923853,82.36037528752148,1011,559,0.0718864433550563,29.382295397846597,40.10965716026676,0.0874561108639911,29.181332817536816,39.771802331439154,2025-05-26 SP14,T_SEAB-2,Seabank Power Module 2,T_SEAB-2,T_SEAB,CCGT,Seabank Power Limited,1011,0.0,0.9999999999999991,45,BMU
BMU ID,marginal_bmu_id,T_SEEL-1_BID,BID,0.0,0.0,0.0,0.0,0.0,1,0.5,0.0,0.1390227409923853,82.36037528752148,1012,560,0.0718864433550563,29.382295397846597,40.10965716026676,0.0874561108639911,29.181332817536816,39.771802331439154,2025-05-26 SP14,T_SEEL-1,Spalding Energy Expansion Ltd,T_SEEL-1,T_SEEL,OCGT,Spalding Energy Expansion Ltd,1012,0.0,0.9999999999999991,45,BMU
BMU ID,marginal_bmu_id,T_SGRWO-1_OFFER,OFFER,0.0,,,,,0,0.0,0.0,0.1390227409923853,82.36037528752148,1013,453,0.0718864433550563,29.382295397846597,40.10965716026676,0.0874561108639911,29.181332817536816,39.771802331439154,2025-05-26 SP14,T_SGRWO-1,Seagreen1 Offshore WF 1,T_SGRWO-1,T_SGRWO,WIND,Seagreen Wind Energy Limited,1013,0.0,0.9999999999999991,45,BMU
BMU ID,marginal_bmu_id,T_SGRWO-2_BID,BID,0.0,0.0,0.0,0.0,0.0,1,0.1666666666666666,0.0,0.1390227409923853,82.36037528752148,1014,561,0.0718864433550563,29.382295397846597,40.10965716026676,0.0874561108639911,29.181332817536816,39.771802331439154,2025-05-26 SP14,T_SGRWO-2,Seagreen1 Offshore WF 2,T_SGRWO-2,T_SGRWO,WIND,Seagreen Wind Energy Limited,1014,0.0,0.9999999999999991,45,BMU
BMU ID,marginal_bmu_id,T_SGRWO-2_OFFER,OFFER,0.0,,,,,0,0.0,0.0,0.1390227409923853,82.36037528752148,1015,454,0.0718864433550563,29.382295397846597,40.10965716026676,0.0874561108639911,29.181332817536816,39.771802331439154,2025-05-26 SP14,T_SGRWO-2,Seagreen1 Offshore WF 2,T_SGRWO-2,T_SGRWO,WIND,Seagreen Wind Energy Limited,1015,0.0,0.9999999999999991,45,BMU
BMU ID,marginal_bmu_id,T_SGRWO-3_BID,BID,0.0,0.0,0.0,0.0,0.0,1,0.1666666666666666,0.0,0.1390227409923853,82.36037528752148,1016,562,0.0718864433550563,29.382295397846597,40.10965716026676,0.0874561108639911,29.181332817536816,39.771802331439154,2025-05-26 SP14,T_SGRWO-3,Seagreen1 Offshore WF 3,T_SGRWO-3,T_SGRWO,WIND,Seagreen Wind Energy Limited,1016,0.0,0.9999999999999991,45,BMU
BMU ID,marginal_bmu_id,T_SGRWO-4_BID,BID,0.0,0.0,0.0,0.0,0.0,4,1.75,0.0,0.1390227409923853,82.36037528752148,1017,563,0.0718864433550563,29.382295397846597,40.10965716026676,0.0874561108639911,29.181332817536816,39.771802331439154,2025-05-26 SP14,T_SGRWO-4,Seagreen1 Offshore WF 4,T_SGRWO-4,T_SGRWO,WIND,Seagreen Wind Energy Limited,1017,0.0,0.9999999999999991,45,BMU
BMU ID,marginal_bmu_id,T_SGRWO-5_BID,BID,0.0,0.0,0.0,0.0,0.0,1,0.3333333333333333,0.0,0.1390227409923853,82.36037528752148,1018,564,0.0718864433550563,29.382295397846597,40.10965716026676,0.0874561108639911,29.181332817536816,39.771802331439154,2025-05-26 SP14,T_SGRWO-5,Seagreen1 Offshore WF 5,T_SGRWO-5,T_SGRWO,WIND,Seagreen Wind Energy Limited,1018,0.0,0.9999999999999991,45,BMU
BMU ID,marginal_bmu_id,T_SGRWO-5_OFFER,OFFER,0.0,,,,,0,0.0,0.0,0.1390227409923853,82.36037528752148,1019,455,0.0718864433550563,29.382295397846597,40.10965716026676,0.0874561108639911,29.181332817536816,39.771802331439154,2025-05-26 SP14,T_SGRWO-5,Seagreen1 Offshore WF 5,T_SGRWO-5,T_SGRWO,WIND,Seagreen Wind Energy Limited,1019,0.0,0.9999999999999991,45,BMU
BMU ID,marginal_bmu_id,T_SGRWO-6_OFFER,OFFER,0.0,,,,,0,0.0,0.0,0.1390227409923853,82.36037528752148,1020,456,0.0718864433550563,29.382295397846597,40.10965716026676,0.0874561108639911,29.181332817536816,39.771802331439154,2025-05-26 SP14,T_SGRWO-6,Seagreen1 Offshore WF 6,T_SGRWO-6,T_SGRWO,WIND,Seagreen Wind Energy Limited,1020,0.0,0.9999999999999991,45,BMU
BMU ID,marginal_bmu_id,T_SHBA-1_BID,BID,0.0,0.0,0.0,0.0,0.0,11,10.5,0.0,0.1390227409923853,82.36037528752148,1021,565,0.0718864433550563,29.382295397846597,40.10965716026676,0.0874561108639911,29.181332817536816,39.771802331439154,2025-05-26 SP14,T_SHBA-1,SOUTH HUMBER BANK P/S PHASE 1,T_SHBA-1,T_SHBA,CCGT,EP UK INVESTMENTS LIMITED,1021,0.0,0.9999999999999991,45,BMU
BMU ID,marginal_bmu_id,T_SHBA-2_BID,BID,0.0,0.0,0.0,0.0,0.0,4,3.5,0.0,0.1390227409923853,82.36037528752148,1022,566,0.0718864433550563,29.382295397846597,40.10965716026676,0.0874561108639911,29.181332817536816,39.771802331439154,2025-05-26 SP14,T_SHBA-2,SOUTH HUMBER BANK P/S PHASE 2,T_SHBA-2,T_SHBA,CCGT,EP UK INVESTMENTS LIMITED,1022,0.0,0.9999999999999991,45,BMU
BMU ID,marginal_bmu_id,T_SHRSW-1_BID,BID,0.0,0.0,0.0,0.0,0.0,2,2.0,0.0,0.1390227409923853,82.36037528752148,1023,567,0.0718864433550563,29.382295397846597,40.10965716026676,0.0874561108639911,29.181332817536816,39.771802331439154,2025-05-26 SP14,T_SHRSW-1,Sheringham Shoal Unit 1,T_SHRSW-1,T_SHRSW,WIND,Scira Offshore Energy Limited,1023,0.0,0.9999999999999991,45,BMU
BMU ID,marginal_bmu_id,T_SHRSW-2_BID,BID,0.0,0.0,0.0,0.0,0.0,1,0.5,0.0,0.1390227409923853,82.36037528752148,1024,568,0.0718864433550563,29.382295397846597,40.10965716026676,0.0874561108639911,29.181332817536816,39.771802331439154,2025-05-26 SP14,T_SHRSW-2,Sheringham Shoal Unit 2,T_SHRSW-2,T_SHRSW,WIND,Scira Offshore Energy Limited,1024,0.0,0.9999999999999991,45,BMU
BMU ID,marginal_bmu_id,T_SLOY-2_BID,BID,0.0,,,,,0,0.0,0.0,0.1390227409923853,82.36037528752148,1025,569,0.0718864433550563,29.382295397846597,40.10965716026676,0.0874561108639911,29.181332817536816,39.771802331439154,2025-05-26 SP14,T_SLOY-2,Sloy G2,T_SLOY-2,T_SLOY,NPSHYD,SSE Generation Ltd,1025,0.0,0.9999999999999991,45,BMU
BMU ID,marginal_bmu_id,T_SLOY-3_BID,BID,0.0,0.0,0.0,0.0,0.0,1,0.3333333333333333,0.0,0.1390227409923853,82.36037528752148,1026,570,0.0718864433550563,29.382295397846597,40.10965716026676,0.0874561108639911,29.181332817536816,39.771802331439154,2025-05-26 SP14,T_SLOY-3,Sloy G3,T_SLOY-3,T_SLOY,NPSHYD,SSE Generation Ltd,1026,0.0,0.9999999999999991,45,BMU
BMU ID,marginal_bmu_id,T_SLOY-3_OFFER,OFFER,0.0,0.0,0.0,0.0,0.0,6,1.0083333333333333,0.0,0.1390227409923853,82.36037528752148,1027,457,0.0718864433550563,29.382295397846597,40.10965716026676,0.0874561108639911,29.181332817536816,39.771802331439154,2025-05-26 SP14,T_SLOY-3,Sloy G3,T_SLOY-3,T_SLOY,NPSHYD,SSE Generation Ltd,1027,0.0,0.9999999999999991,45,BMU
BMU ID,marginal_bmu_id,T_SPLN-1_BID,BID,0.0,0.0,0.0,0.0,0.0,14,11.125,0.0,0.1390227409923853,82.36037528752148,1028,571,0.0718864433550563,29.382295397846597,40.10965716026676,0.0874561108639911,29.181332817536816,39.771802331439154,2025-05-26 SP14,T_SPLN-1,Spalding Power Station,T_SPLN-1,T_SPLN,CCGT,Spalding Energy Company Ltd,1028,0.0,0.9999999999999991,45,BMU
BMU ID,marginal_bmu_id,T_STAY-1_BID,BID,0.0,0.0,0.0,0.0,0.0,10,5.86025641025641,0.0,0.1390227409923853,82.36037528752148,1029,572,0.0718864433550563,29.382295397846597,40.10965716026676,0.0874561108639911,29.181332817536816,39.771802331439154,2025-05-26 SP14,T_STAY-1,Staythorpe Unit 1,T_STAY-1,T_STAY,CCGT,RWE Generation UK plc,1029,0.0,0.9999999999999991,45,BMU
BMU ID,marginal_bmu_id,T_STAY-2_BID,BID,0.0,0.0,0.0,0.0,0.0,16,8.783333333333331,0.0,0.1390227409923853,82.36037528752148,1030,573,0.0718864433550563,29.382295397846597,40.10965716026676,0.0874561108639911,29.181332817536816,39.771802331439154,2025-05-26 SP14,T_STAY-2,Staythorpe Unit 2,T_STAY-2,T_STAY,CCGT,RWE Generation UK plc,1030,0.0,0.9999999999999991,45,BMU
BMU ID,marginal_bmu_id,T_STAY-3_BID,BID,0.0,0.0,0.0,0.0,0.0,14,10.476190476190476,0.0,0.1390227409923853,82.36037528752148,1031,574,0.0718864433550563,29.382295397846597,40.10965716026676,0.0874561108639911,29.181332817536816,39.771802331439154,2025-05-26 SP14,T_STAY-3,Staythorpe Unit 3,T_STAY-3,T_STAY,CCGT,RWE Generation UK plc,1031,0.0,0.9999999999999991,45,BMU
BMU ID,marginal_bmu_id,T_STAY-4_BID,BID,0.0,0.0,0.0,0.0,0.0,19,10.483333333333334,0.0,0.1390227409923853,82.36037528752148,1032,575,0.0718864433550563,29.382295397846597,40.10965716026676,0.0874561108639911,29.181332817536816,39.771802331439154,2025-05-26 SP14,T_STAY-4,Staythorpe Unit 4,T_STAY-4,T_STAY,CCGT,RWE Generation UK plc,1032,0.0,0.9999999999999991,45,BMU
BMU ID,marginal_bmu_id,T_STLGW-1_BID,BID,0.0,,,,,0,0.0,0.0,0.1390227409923853,82.36037528752148,1033,576,0.0718864433550563,29.382295397846597,40.10965716026676,0.0874561108639911,29.181332817536816,39.771802331439154,2025-05-26 SP14,T_STLGW-1,Stronelairg Windfarm 1,T_STLGW-1,T_STLGW,WIND,Stronelairg Windfarm Limited,1033,0.0,0.9999999999999991,45,BMU
BMU ID,marginal_bmu_id,T_STLGW-2_BID,BID,0.0,,,,,0,0.0,0.0,0.1390227409923853,82.36037528752148,1034,577,0.0718864433550563,29.382295397846597,40.10965716026676,0.0874561108639911,29.181332817536816,39.771802331439154,2025-05-26 SP14,T_STLGW-2,Stronelairg Windfarm 2,T_STLGW-2,T_STLGW,WIND,Stronelairg Windfarm Limited,1034,0.0,0.9999999999999991,45,BMU
BMU ID,marginal_bmu_id,T_STLGW-3_BID,BID,0.0,,,,,0,0.0,0.0,0.1390227409923853,82.36037528752148,1035,578,0.0718864433550563,29.382295397846597,40.10965716026676,0.0874561108639911,29.181332817536816,39.771802331439154,2025-05-26 SP14,T_STLGW-3,Stronelairg Windfarm 3,T_STLGW-3,T_STLGW,WIND,Stronelairg Windfarm Limited,1035,0.0,0.9999999999999991,45,BMU
BMU ID,marginal_bmu_id,T_STRNW-1_BID,BID,0.0,,,,,0,0.0,0.0,0.1390227409923853,82.36037528752148,1036,579,0.0718864433550563,29.382295397846597,40.10965716026676,0.0874561108639911,29.181332817536816,39.771802331439154,2025-05-26 SP14,T_STRNW-1,Strathy North Wind Farm 1,T_STRNW-1,T_STRNW,WIND,Strathy Wind Farm Limited,1036,0.0,0.9999999999999991,45,BMU
BMU ID,marginal_bmu_id,T_SUNDB-1_OFFER,OFFER,0.0,0.0,0.0,0.0,0.0,1,1.0,0.0,0.1390227409923853,82.36037528752148,1037,458,0.0718864433550563,29.382295397846597,40.10965716026676,0.0874561108639911,29.181332817536816,39.771802331439154,2025-05-26 SP14,T_SUNDB-1,SUNDON BESS,T_SUNDB-1,T_SUNDB,BATTERY,Pivoted Power LLP,1037,0.0,0.9999999999999991,45,BMU
BMU ID,marginal_bmu_id,T_SUTB-1_BID,BID,0.0,,,,,0,0.0,0.0,0.1390227409923853,82.36037528752148,1038,580,0.0718864433550563,29.382295397846597,40.10965716026676,0.0874561108639911,29.181332817536816,39.771802331439154,2025-05-26 SP14,T_SUTB-1,BMUid for Sutton Bridge Power,T_SUTB-1,T_SUTB,CCGT,SUTTON BRIDGE POWER GENERATION,1038,0.0,0.9999999999999991,45,BMU
BMU ID,marginal_bmu_id,T_SUTB-1_OFFER,OFFER,0.0,0.0,0.0,0.0,0.0,2,1.5,0.0,0.1390227409923853,82.36037528752148,1039,459,0.0718864433550563,29.382295397846597,40.10965716026676,0.0874561108639911,29.181332817536816,39.771802331439154,2025-05-26 SP14,T_SUTB-1,BMUid for Sutton Bridge Power,T_SUTB-1,T_SUTB,CCGT,SUTTON BRIDGE POWER GENERATION,1039,0.0,0.9999999999999991,45,BMU
BMU ID,marginal_bmu_id,T_SUTBS-1_BID,BID,0.0,,,,,0,0.0,0.0,0.1390227409923853,82.36037528752148,1040,581,0.0718864433550563,29.382295397846597,40.10965716026676,0.0874561108639911,29.181332817536816,39.771802331439154,2025-05-26 SP14,T_SUTBS-1,Sutton Bridge Solar Farm,T_SUTBS-1,T_SUTBS,SOLAR,EDF Energy Customers Limited,1040,0.0,0.9999999999999991,45,BMU
BMU ID,marginal_bmu_id,T_SVRP-10_BID,BID,0.0,0.0,0.0,0.0,0.0,1,1.0,0.0,0.1390227409923853,82.36037528752148,1041,582,0.0718864433550563,29.382295397846597,40.10965716026676,0.0874561108639911,29.181332817536816,39.771802331439154,2025-05-26 SP14,T_SVRP-10,Dong Energy Severn Power Ut 10,T_SVRP-10,T_SVRP,CCGT,Severn Power Limited,1041,0.0,0.9999999999999991,45,BMU
BMU ID,marginal_bmu_id,T_SVRP-10_OFFER,OFFER,0.0,0.0,0.0,0.0,0.0,2,2.0,0.0,0.1390227409923853,82.36037528752148,1042,460,0.0718864433550563,29.382295397846597,40.10965716026676,0.0874561108639911,29.181332817536816,39.771802331439154,2025-05-26 SP14,T_SVRP-10,Dong Energy Severn Power Ut 10,T_SVRP-10,T_SVRP,CCGT,Severn Power Limited,1042,0.0,0.9999999999999991,45,BMU
BMU ID,marginal_bmu_id,T_SVRP-20_BID,BID,0.0,,,,,0,0.0,0.0,0.1390227409923853,82.36037528752148,1043,583,0.0718864433550563,29.382295397846597,40.10965716026676,0.0874561108639911,29.181332817536816,39.771802331439154,2025-05-26 SP14,T_SVRP-20,Dong Energy Severn Power Ut 20,T_SVRP-20,T_SVRP,CCGT,Severn Power Limited,1043,0.0,0.9999999999999991,45,BMU
BMU ID,marginal_bmu_id,T_SVRP-20_OFFER,OFFER,0.0,0.0,0.0,0.0,0.0,2,2.0,0.0,0.1390227409923853,82.36037528752148,1044,461,0.0718864433550563,29.382295397846597,40.10965716026676,0.0874561108639911,29.181332817536816,39.771802331439154,2025-05-26 SP14,T_SVRP-20,Dong Energy Severn Power Ut 20,T_SVRP-20,T_SVRP,CCGT,Severn Power Limited,1044,0.0,0.9999999999999991,45,BMU
BMU ID,marginal_bmu_id,T_SZJNB-1_BID,BID,0.0,0.0,0.0,0.0,0.0,3,2.333333333333333,0.0,0.1390227409923853,82.36037528752148,1045,584,0.0718864433550563,29.382295397846597,40.10965716026676,0.0874561108639911,29.181332817536816,39.771802331439154,2025-05-26 SP14,T_SZJNB-1,Sizing John,T_SZJNB-1,T_SZJNB,BATTERY,Arenko Cleantech Limited,1045,0.0,0.9999999999999991,45,BMU
BMU ID,marginal_bmu_id,T_SZJNB-1_OFFER,OFFER,0.0,,,,,0,0.0,0.0,0.1390227409923853,82.36037528752148,1046,462,0.0718864433550563,29.382295397846597,40.10965716026676,0.0874561108639911,29.181332817536816,39.771802331439154,2025-05-26 SP14,T_SZJNB-1,Sizing John,T_SZJNB-1,T_SZJNB,BATTERY,Arenko Cleantech Limited,1046,0.0,0.9999999999999991,45,BMU
BMU ID,marginal_bmu_id,T_TEBWB-1_BID,BID,0.0,,,,,0,0.0,0.0,0.1390227409923853,82.36037528752148,1047,585,0.0718864433550563,29.382295397846597,40.10965716026676,0.0874561108639911,29.181332817536816,39.771802331439154,2025-05-26 SP14,T_TEBWB-1,Tebworth BESS Power Park,T_TEBWB-1,T_TEBWB,BATTERY,Arenko Cleantech Limited,1047,0.0,0.9999999999999991,45,BMU
BMU ID,marginal_bmu_id,T_TEBWB-1_OFFER,OFFER,0.0,,,,,0,0.0,0.0,0.1390227409923853,82.36037528752148,1048,463,0.0718864433550563,29.382295397846597,40.10965716026676,0.0874561108639911,29.181332817536816,39.771802331439154,2025-05-26 SP14,T_TEBWB-1,Tebworth BESS Power Park,T_TEBWB-1,T_TEBWB,BATTERY,Arenko Cleantech Limited,1048,0.0,0.9999999999999991,45,BMU
BMU ID,marginal_bmu_id,T_THNTO-1_BID,BID,0.0,,,,,0,0.0,0.0,0.1390227409923853,82.36037528752148,1049,586,0.0718864433550563,29.382295397846597,40.10965716026676,0.0874561108639911,29.181332817536816,39.771802331439154,2025-05-26 SP14,T_THNTO-1,Thanet Offshore Wind Limited 1,T_THNTO-1,T_THNTO,WIND,Thanet Offshore Wind Limited,1049,0.0,0.9999999999999991,45,BMU
BMU ID,marginal_bmu_id,T_THNTO-2_BID,BID,0.0,,,,,0,0.0,0.0,0.1390227409923853,82.36037528752148,1050,587,0.0718864433550563,29.382295397846597,40.10965716026676,0.0874561108639911,29.181332817536816,39.771802331439154,2025-05-26 SP14,T_THNTO-2,Thanet Offshore Wind Limited 2,T_THNTO-2,T_THNTO,WIND,Thanet Offshore Wind Limited,1050,0.0,0.9999999999999991,45,BMU
BMU ID,marginal_bmu_id,T_THURB-1_BID,BID,0.0,0.0,0.0,0.0,0.0,2,1.5,0.0,0.1390227409923853,82.36037528752148,1051,588,0.0718864433550563,29.382295397846597,40.10965716026676,0.0874561108639911,29.181332817536816,39.771802331439154,2025-05-26 SP14,T_THURB-1,T_THURB-1,T_THURB-1,T_THURB,BATTERY,THURROCK STORAGE LIMITED,1051,0.0,0.9999999999999991,45,BMU
BMU ID,marginal_bmu_id,T_THURB-1_OFFER,OFFER,0.0,,,,,0,0.0,0.0,0.1390227409923853,82.36037528752148,1052,464,0.0718864433550563,29.382295397846597,40.10965716026676,0.0874561108639911,29.181332817536816,39.771802331439154,2025-05-26 SP14,T_THURB-1,T_THURB-1,T_THURB-1,T_THURB,BATTERY,THURROCK STORAGE LIMITED,1052,0.0,0.9999999999999991,45,BMU
BMU ID,marginal_bmu_id,T_THURB-2_BID,BID,0.0,0.0,0.0,0.0,0.0,1,1.0,0.0,0.1390227409923853,82.36037528752148,1053,589,0.0718864433550563,29.382295397846597,40.10965716026676,0.0874561108639911,29.181332817536816,39.771802331439154,2025-05-26 SP14,T_THURB-2,T_THURB-2,T_THURB-2,T_THURB,BATTERY,THURROCK STORAGE LIMITED,1053,0.0,0.9999999999999991,45,BMU
BMU ID,marginal_bmu_id,T_THURB-2_OFFER,OFFER,0.0,,,,,0,0.0,0.0,0.1390227409923853,82.36037528752148,1054,465,0.0718864433550563,29.382295397846597,40.10965716026676,0.0874561108639911,29.181332817536816,39.771802331439154,2025-05-26 SP14,T_THURB-2,T_THURB-2,T_THURB-2,T_THURB,BATTERY,THURROCK STORAGE LIMITED,1054,0.0,0.9999999999999991,45,BMU
BMU ID,marginal_bmu_id,T_THURB-3_BID,BID,0.0,0.0,0.0,0.0,0.0,1,1.0,0.0,0.1390227409923853,82.36037528752148,1055,590,0.0718864433550563,29.382295397846597,40.10965716026676,0.0874561108639911,29.181332817536816,39.771802331439154,2025-05-26 SP14,T_THURB-3,T_THURB-3,T_THURB-3,T_THURB,BATTERY,THURROCK STORAGE LIMITED,1055,0.0,0.9999999999999991,45,BMU
BMU ID,marginal_bmu_id,T_THURB-3_OFFER,OFFER,0.0,0.0,0.0,0.0,0.0,1,1.0,0.0,0.1390227409923853,82.36037528752148,1056,466,0.0718864433550563,29.382295397846597,40.10965716026676,0.0874561108639911,29.181332817536816,39.771802331439154,2025-05-26 SP14,T_THURB-3,T_THURB-3,T_THURB-3,T_THURB,BATTERY,THURROCK STORAGE LIMITED,1056,0.0,0.9999999999999991,45,BMU
BMU ID,marginal_bmu_id,T_TKNEW-1_OFFER,OFFER,0.0,0.0,0.0,0.0,0.0,1,0.5,0.0,0.1390227409923853,82.36037528752148,1057,467,0.0718864433550563,29.382295397846597,40.10965716026676,0.0874561108639911,29.181332817536816,39.771802331439154,2025-05-26 SP14,T_TKNEW-1,Triton Knoll OSP East 1,T_TKNEW-1,T_TKNEW,WIND,Triton Knoll Offshore Wind,1057,0.0,0.9999999999999991,45,BMU
BMU ID,marginal_bmu_id,T_TKNWW-1_OFFER,OFFER,0.0,,,,,0,0.0,0.0,0.1390227409923853,82.36037528752148,1058,468,0.0718864433550563,29.382295397846597,40.10965716026676,0.0874561108639911,29.181332817536816,39.771802331439154,2025-05-26 SP14,T_TKNWW-1,Triton Knoll OSP west 1,T_TKNWW-1,T_TKNWW,WIND,Triton Knoll Offshore Wind,1058,0.0,0.9999999999999991,45,BMU
BMU ID,marginal_bmu_id,T_TYLNB-1_BID,BID,0.0,0.0,0.0,0.0,0.0,3,2.5,0.0,0.1390227409923853,82.36037528752148,1059,591,0.0718864433550563,29.382295397846597,40.10965716026676,0.0874561108639911,29.181332817536816,39.771802331439154,2025-05-26 SP14,T_TYLNB-1,Tye Lane BESS,T_TYLNB-1,T_TYLNB,BATTERY,Pivoted Power LLP,1059,0.0,0.9999999999999991,45,BMU
BMU ID,marginal_bmu_id,T_TYLNB-1_OFFER,OFFER,0.0,0.0,0.0,0.0,0.0,1,1.0,0.0,0.1390227409923853,82.36037528752148,1060,469,0.0718864433550563,29.382295397846597,40.10965716026676,0.0874561108639911,29.181332817536816,39.771802331439154,2025-05-26 SP14,T_TYLNB-1,Tye Lane BESS,T_TYLNB-1,T_TYLNB,BATTERY,Pivoted Power LLP,1060,0.0,0.9999999999999991,45,BMU
BMU ID,marginal_bmu_id,T_VKNGW-1_BID,BID,0.0,0.0,0.0,0.0,0.0,1,1.0,0.0,0.1390227409923853,82.36037528752148,1061,592,0.0718864433550563,29.382295397846597,40.10965716026676,0.0874561108639911,29.181332817536816,39.771802331439154,2025-05-26 SP14,T_VKNGW-1,Viking Energy Windfarm BMU-1,T_VKNGW-1,T_VKNGW,WIND,Viking Energy Wind Farm LLP,1061,0.0,0.9999999999999991,45,BMU
BMU ID,marginal_bmu_id,T_VKNGW-2_BID,BID,0.0,,,,,0,0.0,0.0,0.1390227409923853,82.36037528752148,1062,593,0.0718864433550563,29.382295397846597,40.10965716026676,0.0874561108639911,29.181332817536816,39.771802331439154,2025-05-26 SP14,T_VKNGW-2,Viking Energy Windfarm BMU-2,T_VKNGW-2,T_VKNGW,WIND,Viking Energy Wind Farm LLP,1062,0.0,0.9999999999999991,45,BMU
BMU ID,marginal_bmu_id,T_VKNGW-3_BID,BID,0.0,,,,,0,0.0,0.0,0.1390227409923853,82.36037528752148,1063,594,0.0718864433550563,29.382295397846597,40.10965716026676,0.0874561108639911,29.181332817536816,39.771802331439154,2025-05-26 SP14,T_VKNGW-3,Viking Energy Windfarm BMU-3,T_VKNGW-3,T_VKNGW,WIND,Viking Energy Wind Farm LLP,1063,0.0,0.9999999999999991,45,BMU
BMU ID,marginal_bmu_id,T_VKNGW-3_OFFER,OFFER,0.0,,,,,0,0.0,0.0,0.1390227409923853,82.36037528752148,1064,470,0.0718864433550563,29.382295397846597,40.10965716026676,0.0874561108639911,29.181332817536816,39.771802331439154,2025-05-26 SP14,T_VKNGW-3,Viking Energy Windfarm BMU-3,T_VKNGW-3,T_VKNGW,WIND,Viking Energy Wind Farm LLP,1064,0.0,0.9999999999999991,45,BMU
BMU ID,marginal_bmu_id,T_VKNGW-4_BID,BID,0.0,,,,,0,0.0,0.0,0.1390227409923853,82.36037528752148,1065,595,0.0718864433550563,29.382295397846597,40.10965716026676,0.0874561108639911,29.181332817536816,39.771802331439154,2025-05-26 SP14,T_VKNGW-4,Viking Energy Windfarm BMU-4,T_VKNGW-4,T_VKNGW,WIND,Viking Energy Wind Farm LLP,1065,0.0,0.9999999999999991,45,BMU
BMU ID,marginal_bmu_id,T_WBURB-41_BID,BID,0.0,0.0,0.0,0.0,0.0,3,1.75,0.0,0.1390227409923853,82.36037528752148,1066,596,0.0718864433550563,29.382295397846597,40.10965716026676,0.0874561108639911,29.181332817536816,39.771802331439154,2025-05-26 SP14,T_WBURB-41,West Burton B Battery,T_WBURB-41,T_WBURB_B,BATTERY,West Burton B Limited,1066,0.0,0.9999999999999991,45,BMU
BMU ID,marginal_bmu_id,T_WBURB-41_OFFER,OFFER,0.0,,,,,0,0.0,0.0,0.1390227409923853,82.36037528752148,1067,471,0.0718864433550563,29.382295397846597,40.10965716026676,0.0874561108639911,29.181332817536816,39.771802331439154,2025-05-26 SP14,T_WBURB-41,West Burton B Battery,T_WBURB-41,T_WBURB_B,BATTERY,West Burton B Limited,1067,0.0,0.9999999999999991,45,BMU
BMU ID,marginal_bmu_id,T_WBURB-43_BID,BID,0.0,0.0,0.0,0.0,0.0,1,0.3333333333333333,0.0,0.1390227409923853,82.36037528752148,1068,597,0.0718864433550563,29.382295397846597,40.10965716026676,0.0874561108639911,29.181332817536816,39.771802331439154,2025-05-26 SP14,T_WBURB-43,West Burton B Battery,T_WBURB-43,T_WBURB_B,BATTERY,West Burton B Limited,1068,0.0,0.9999999999999991,45,BMU
BMU ID,marginal_bmu_id,T_WBURB-43_OFFER,OFFER,0.0,,,,,0,0.0,0.0,0.1390227409923853,82.36037528752148,1069,472,0.0718864433550563,29.382295397846597,40.10965716026676,0.0874561108639911,29.181332817536816,39.771802331439154,2025-05-26 SP14,T_WBURB-43,West Burton B Battery,T_WBURB-43,T_WBURB_B,BATTERY,West Burton B Limited,1069,0.0,0.9999999999999991,45,BMU
BMU ID,marginal_bmu_id,T_WDNSO-1_BID,BID,0.0,0.0,0.0,0.0,0.0,1,1.0,0.0,0.1390227409923853,82.36037528752148,1070,598,0.0718864433550563,29.382295397846597,40.10965716026676,0.0874561108639911,29.181332817536816,39.771802331439154,2025-05-26 SP14,T_WDNSO-1,West of Duddon Sands Offshore1,T_WDNSO-1,T_WDNSO,WIND,Morecambe Wind Limited,1070,0.0,0.9999999999999991,45,BMU
BMU ID,marginal_bmu_id,T_WDNSO-2_BID,BID,0.0,,,,,0,0.0,0.0,0.1390227409923853,82.36037528752148,1071,599,0.0718864433550563,29.382295397846597,40.10965716026676,0.0874561108639911,29.181332817536816,39.771802331439154,2025-05-26 SP14,T_WDNSO-2,West of Duddon Sands Offshore2,T_WDNSO-2,T_WDNSO,WIND,Morecambe Wind Limited,1071,0.0,0.9999999999999991,45,BMU
BMU ID,marginal_bmu_id,T_WHIHW-1_BID,BID,0.0,,,,,0,0.0,0.0,0.1390227409923853,82.36037528752148,1072,600,0.0718864433550563,29.382295397846597,40.10965716026676,0.0874561108639911,29.181332817536816,39.771802331439154,2025-05-26 SP14,T_WHIHW-1,Whiteside Hill WF,T_WHIHW-1,T_WHIHW,WIND,Whiteside Hill,1072,0.0,0.9999999999999991,45,BMU
BMU ID,marginal_bmu_id,T_WHLWB-1_BID,BID,0.0,0.0,0.0,0.0,0.0,1,1.0,0.0,0.1390227409923853,82.36037528752148,1073,601,0.0718864433550563,29.382295397846597,40.10965716026676,0.0874561108639911,29.181332817536816,39.771802331439154,2025-05-26 SP14,T_WHLWB-1,Whitelee 1 Battery,T_WHLWB-1,T_WHLWB,BATTERY,SP Renewables (UK) Limited,1073,0.0,0.9999999999999991,45,BMU
BMU ID,marginal_bmu_id,T_WHLWB-1_OFFER,OFFER,0.0,0.0,0.0,0.0,0.0,1,1.0,0.0,0.1390227409923853,82.36037528752148,1074,473,0.0718864433550563,29.382295397846597,40.10965716026676,0.0874561108639911,29.181332817536816,39.771802331439154,2025-05-26 SP14,T_WHLWB-1,Whitelee 1 Battery,T_WHLWB-1,T_WHLWB,BATTERY,SP Renewables (UK) Limited,1074,0.0,0.9999999999999991,45,BMU
BMU ID,marginal_bmu_id,T_WISHB-1_OFFER,OFFER,0.0,0.0,0.0,0.0,0.0,5,3.75,0.0,0.1390227409923853,82.36037528752148,1075,474,0.0718864433550563,29.382295397846597,40.10965716026676,0.0874561108639911,29.181332817536816,39.771802331439154,2025-05-26 SP14,T_WISHB-1,Wishaw BESS,T_WISHB-1,T_WISHB,BATTERY,Zenobe Wishaw Limited,1075,0.0,0.9999999999999991,45,BMU
BMU ID,marginal_bmu_id,T_WLNYO-2_BID,BID,0.0,0.0,0.0,0.0,0.0,2,1.0,0.0,0.1390227409923853,82.36037528752148,1076,602,0.0718864433550563,29.382295397846597,40.10965716026676,0.0874561108639911,29.181332817536816,39.771802331439154,2025-05-26 SP14,T_WLNYO-2,WALNEY_2,T_WLNYO-2,T_WLNYO,WIND,Walney Offshore Windfarms Ltd,1076,0.0,0.9999999999999991,45,BMU
BMU ID,marginal_bmu_id,T_WLNYO-3_BID,BID,0.0,,,,,0,0.0,0.0,0.1390227409923853,82.36037528752148,1077,603,0.0718864433550563,29.382295397846597,40.10965716026676,0.0874561108639911,29.181332817536816,39.771802331439154,2025-05-26 SP14,T_WLNYO-3,WALNEY_3,T_WLNYO-3,T_WLNYO,WIND,Walney Extension Ltd,1077,0.0,0.9999999999999991,45,BMU
BMU ID,marginal_bmu_id,T_WLNYW-1_BID,BID,0.0,,,,,0,0.0,0.0,0.1390227409923853,82.36037528752148,1078,604,0.0718864433550563,29.382295397846597,40.10965716026676,0.0874561108639911,29.181332817536816,39.771802331439154,2025-05-26 SP14,T_WLNYW-1,WALNEY_1,T_WLNYW-1,T_WLNYW,WIND,Walney Offshore Windfarms Ltd,1078,0.0,0.9999999999999991,45,BMU
BMU ID,marginal_bmu_id,T_WTMSO-1_BID,BID,0.0,0.0,0.0,0.0,0.0,1,1.0,0.0,0.1390227409923853,82.36037528752148,1079,605,0.0718864433550563,29.382295397846597,40.10965716026676,0.0874561108639911,29.181332817536816,39.771802331439154,2025-05-26 SP14,T_WTMSO-1,WESTERMOST_ROUGH,T_WTMSO-1,T_WTMSO,WIND,Westermost Rough Limited,1079,0.0,0.9999999999999991,45,BMU
BMU ID,marginal_bmu_id,V__AFEEL002_BID,BID,0.0,,,,,0,0.0,0.0,0.1390227409923853,82.36037528752148,1080,606,0.0718864433550563,29.382295397846597,40.10965716026676,0.0874561108639911,29.181332817536816,39.771802331439154,2025-05-26 SP14,V__AFEEL002,V__AFEEL002,V__AFEEL002,V__AFEEL,OTHER,EDF Energy Limited,1080,0.0,0.9999999999999991,45,BMU
BMU ID,marginal_bmu_id,V__AFEEL002_OFFER,OFFER,0.0,,,,,0,0.0,0.0,0.1390227409923853,82.36037528752148,1081,475,0.0718864433550563,29.382295397846597,40.10965716026676,0.0874561108639911,29.181332817536816,39.771802331439154,2025-05-26 SP14,V__AFEEL002,V__AFEEL002,V__AFEEL002,V__AFEEL,OTHER,EDF Energy Limited,1081,0.0,0.9999999999999991,45,BMU
BMU ID,marginal_bmu_id,V__AFLEX002_OFFER,OFFER,0.0,,,,,0,0.0,0.0,0.1390227409923853,82.36037528752148,1082,476,0.0718864433550563,29.382295397846597,40.10965716026676,0.0874561108639911,29.181332817536816,39.771802331439154,2025-05-26 SP14,V__AFLEX002,V__AFLEX002,V__AFLEX002,V__AFLEX,GAS,Flexitricity Limited,1082,0.0,0.9999999999999991,45,BMU
BMU ID,marginal_bmu_id,V__AZENO002_BID,BID,0.0,0.0,0.0,0.0,0.0,1,0.0909090909090909,0.0,0.1390227409923853,82.36037528752148,1083,607,0.0718864433550563,29.382295397846597,40.10965716026676,0.0874561108639911,29.181332817536816,39.771802331439154,2025-05-26 SP14,V__AZENO002,V__AZENO002,V__AZENO002,V__AZENO,OTHER,BESS Holdco 2 Limited,1083,0.0,0.9999999999999991,45,BMU
BMU ID,marginal_bmu_id,V__AZENO002_OFFER,OFFER,0.0,0.0,0.0,0.0,0.0,3,0.5409090909090909,0.0,0.1390227409923853,82.36037528752148,1084,477,0.0718864433550563,29.382295397846597,40.10965716026676,0.0874561108639911,29.181332817536816,39.771802331439154,2025-05-26 SP14,V__AZENO002,V__AZENO002,V__AZENO002,V__AZENO,OTHER,BESS Holdco 2 Limited,1084,0.0,0.9999999999999991,45,BMU
BMU ID,marginal_bmu_id,V__BCEND004_BID,BID,0.0,0.0,0.0,0.0,0.0,2,2.0,0.0,0.1390227409923853,82.36037528752148,1085,608,0.0718864433550563,29.382295397846597,40.10965716026676,0.0874561108639911,29.181332817536816,39.771802331439154,2025-05-26 SP14,V__BCEND004,V__BCEND004,V__BCEND004,V__BCEND,BATTERY,Centrica Business Solutions UK,1085,0.0,0.9999999999999991,45,BMU
BMU ID,marginal_bmu_id,V__BCEND004_OFFER,OFFER,0.0,0.0,0.0,0.0,0.0,1,1.0,0.0,0.1390227409923853,82.36037528752148,1086,478,0.0718864433550563,29.382295397846597,40.10965716026676,0.0874561108639911,29.181332817536816,39.771802331439154,2025-05-26 SP14,V__BCEND004,V__BCEND004,V__BCEND004,V__BCEND,BATTERY,Centrica Business Solutions UK,1086,0.0,0.9999999999999991,45,BMU
BMU ID,marginal_bmu_id,V__BEROV001_OFFER,OFFER,0.0,,,,,0,0.0,0.0,0.1390227409923853,82.36037528752148,1087,479,0.0718864433550563,29.382295397846597,40.10965716026676,0.0874561108639911,29.181332817536816,39.771802331439154,2025-05-26 SP14,V__BEROV001,V__BEROV001,V__BEROV001,V__BEROV,OTHER,Erova Energy Limited,1087,0.0,0.9999999999999991,45,BMU
BMU ID,marginal_bmu_id,V__DWELS001_BID,BID,0.0,,,,,0,0.0,0.0,0.1390227409923853,82.36037528752148,1088,609,0.0718864433550563,29.382295397846597,40.10965716026676,0.0874561108639911,29.181332817536816,39.771802331439154,2025-05-26 SP14,V__DWELS001,MANWEB 1,V__DWELS001,V__DWELS,OTHER,Welsh Power Group Limited,1088,0.0,0.9999999999999991,45,BMU
BMU ID,marginal_bmu_id,V__DWELS001_OFFER,OFFER,0.0,,,,,0,0.0,0.0,0.1390227409923853,82.36037528752148,1089,480,0.0718864433550563,29.382295397846597,40.10965716026676,0.0874561108639911,29.181332817536816,39.771802331439154,2025-05-26 SP14,V__DWELS001,MANWEB 1,V__DWELS001,V__DWELS,OTHER,Welsh Power Group Limited,1089,0.0,0.9999999999999991,45,BMU
BMU ID,marginal_bmu_id,V__EEXRG001_OFFER,OFFER,0.0,,,,,0,0.0,0.0,0.1390227409923853,82.36037528752148,1090,481,0.0718864433550563,29.382295397846597,40.10965716026676,0.0874561108639911,29.181332817536816,39.771802331439154,2025-05-26 SP14,V__EEXRG001,V__EEXRG001,V__EEXRG001,V__EEXRG,OTHER,Exergy Solutions Limited,1090,0.0,0.9999999999999991,45,BMU
BMU ID,marginal_bmu_id,V__EFEEL400_BID,BID,0.0,,,,,0,0.0,0.0,0.1390227409923853,82.36037528752148,1091,610,0.0718864433550563,29.382295397846597,40.10965716026676,0.0874561108639911,29.181332817536816,39.771802331439154,2025-05-26 SP14,V__EFEEL400,V__EFEEL400,V__EFEEL400,V__EFEEL,BATTERY,EDF Energy Limited,1091,0.0,0.9999999999999991,45,BMU
BMU ID,marginal_bmu_id,V__GDSKC001_BID,BID,0.0,,,,,0,0.0,0.0,0.1390227409923853,82.36037528752148,1092,611,0.0718864433550563,29.382295397846597,40.10965716026676,0.0874561108639911,29.181332817536816,39.771802331439154,2025-05-26 SP14,V__GDSKC001,V__GDSKC001,V__GDSKC001,V__GDSKC,OTHER,Danske Commodities A/S,1092,0.0,0.9999999999999991,45,BMU
BMU ID,marginal_bmu_id,V__GDSKC001_OFFER,OFFER,0.0,,,,,0,0.0,0.0,0.1390227409923853,82.36037528752148,1093,482,0.0718864433550563,29.382295397846597,40.10965716026676,0.0874561108639911,29.181332817536816,39.771802331439154,2025-05-26 SP14,V__GDSKC001,V__GDSKC001,V__GDSKC001,V__GDSKC,OTHER,Danske Commodities A/S,1093,0.0,0.9999999999999991,45,BMU
BMU ID,marginal_bmu_id,V__GHABI001_BID,BID,0.0,0.0,0.0,0.0,0.0,4,4.0,0.0,0.1390227409923853,82.36037528752148,1094,612,0.0718864433550563,29.382295397846597,40.10965716026676,0.0874561108639911,29.181332817536816,39.771802331439154,2025-05-26 SP14,V__GHABI001,Red Scar,V__GHABI001,V__GHABI,OTHER,Habitat Energy Limited,1094,0.0,0.9999999999999991,45,BMU
BMU ID,marginal_bmu_id,V__GHABI001_OFFER,OFFER,0.0,0.0,0.0,0.0,0.0,2,2.0,0.0,0.1390227409923853,82.36037528752148,1095,483,0.0718864433550563,29.382295397846597,40.10965716026676,0.0874561108639911,29.181332817536816,39.771802331439154,2025-05-26 SP14,V__GHABI001,Red Scar,V__GHABI001,V__GHABI,OTHER,Habitat Energy Limited,1095,0.0,0.9999999999999991,45,BMU
BMU ID,marginal_bmu_id,V__GWELS001_OFFER,OFFER,0.0,,,,,0,0.0,0.0,0.1390227409923853,82.36037528752148,1096,484,0.0718864433550563,29.382295397846597,40.10965716026676,0.0874561108639911,29.181332817536816,39.771802331439154,2025-05-26 SP14,V__GWELS001,Welsh Power North West 1,V__GWELS001,V__GWELS,OTHER,Welsh Power Group Limited,1096,0.0,0.9999999999999991,45,BMU
BMU ID,marginal_bmu_id,V__HDSKC001_BID,BID,0.0,,,,,0,0.0,0.0,0.1390227409923853,82.36037528752148,1097,613,0.0718864433550563,29.382295397846597,40.10965716026676,0.0874561108639911,29.181332817536816,39.771802331439154,2025-05-26 SP14,V__HDSKC001,V__HDSKC001,V__HDSKC001,V__HDSKC,BATTERY,Danske Commodities A/S,1097,0.0,0.9999999999999991,45,BMU
BMU ID,marginal_bmu_id,V__HDSKC001_OFFER,OFFER,0.0,,,,,0,0.0,0.0,0.1390227409923853,82.36037528752148,1098,485,0.0718864433550563,29.382295397846597,40.10965716026676,0.0874561108639911,29.181332817536816,39.771802331439154,2025-05-26 SP14,V__HDSKC001,V__HDSKC001,V__HDSKC001,V__HDSKC,BATTERY,Danske Commodities A/S,1098,0.0,0.9999999999999991,45,BMU
BMU ID,marginal_bmu_id,V__HFEEL002_BID,BID,0.0,,,,,0,0.0,0.0,0.1390227409923853,82.36037528752148,1099,614,0.0718864433550563,29.382295397846597,40.10965716026676,0.0874561108639911,29.181332817536816,39.771802331439154,2025-05-26 SP14,V__HFEEL002,V__HFEEL002,V__HFEEL002,V__HFEEL,BATTERY,EDF Energy Limited,1099,0.0,0.9999999999999991,45,BMU
BMU ID,marginal_bmu_id,V__HFEEL002_OFFER,OFFER,0.0,,,,,0,0.0,0.0,0.1390227409923853,82.36037528752148,1100,486,0.0718864433550563,29.382295397846597,40.10965716026676,0.0874561108639911,29.181332817536816,39.771802331439154,2025-05-26 SP14,V__HFEEL002,V__HFEEL002,V__HFEEL002,V__HFEEL,BATTERY,EDF Energy Limited,1100,0.0,0.9999999999999991,45,BMU
BMU ID,marginal_bmu_id,V__HFEEL400_OFFER,OFFER,0.0,,,,,0,0.0,0.0,0.1390227409923853,82.36037528752148,1101,487,0.0718864433550563,29.382295397846597,40.10965716026676,0.0874561108639911,29.181332817536816,39.771802331439154,2025-05-26 SP14,V__HFEEL400,V__HFEEL400,V__HFEEL400,V__HFEEL,BATTERY,EDF Energy Limited,1101,0.0,0.9999999999999991,45,BMU
BMU ID,marginal_bmu_id,V__HHABI001_BID,BID,0.0,,,,,0,0.0,0.0,0.1390227409923853,82.36037528752148,1102,615,0.0718864433550563,29.382295397846597,40.10965716026676,0.0874561108639911,29.181332817536816,39.771802331439154,2025-05-26 SP14,V__HHABI001,Roundponds,V__HHABI001,V__HHABI_OTH,OTHER,Habitat Energy Limited,1102,0.0,0.9999999999999991,45,BMU
BMU ID,marginal_bmu_id,V__HHABI001_OFFER,OFFER,0.0,,,,,0,0.0,0.0,0.1390227409923853,82.36037528752148,1103,488,0.0718864433550563,29.382295397846597,40.10965716026676,0.0874561108639911,29.181332817536816,39.771802331439154,2025-05-26 SP14,V__HHABI001,Roundponds,V__HHABI001,V__HHABI_OTH,OTHER,Habitat Energy Limited,1103,0.0,0.9999999999999991,45,BMU
BMU ID,marginal_bmu_id,V__HHABI008_BID,BID,0.0,,,,,0,0.0,0.0,0.1390227409923853,82.36037528752148,1104,616,0.0718864433550563,29.382295397846597,40.10965716026676,0.0874561108639911,29.181332817536816,39.771802331439154,2025-05-26 SP14,V__HHABI008,Melksham,V__HHABI008,V__HHABI_B,BATTERY,Habitat Energy Limited,1104,0.0,0.9999999999999991,45,BMU
BMU ID,marginal_bmu_id,V__HHABI008_OFFER,OFFER,0.0,,,,,0,0.0,0.0,0.1390227409923853,82.36037528752148,1105,489,0.0718864433550563,29.382295397846597,40.10965716026676,0.0874561108639911,29.181332817536816,39.771802331439154,2025-05-26 SP14,V__HHABI008,Melksham,V__HHABI008,V__HHABI_B,BATTERY,Habitat Energy Limited,1105,0.0,0.9999999999999991,45,BMU
BMU ID,marginal_bmu_id,V__HWELS001_BID,BID,0.0,,,,,0,0.0,0.0,0.1390227409923853,82.36037528752148,1106,617,0.0718864433550563,29.382295397846597,40.10965716026676,0.0874561108639911,29.181332817536816,39.771802331439154,2025-05-26 SP14,V__HWELS001,Welsh Power Southern 1,V__HWELS001,V__HWELS,OTHER,Welsh Power Group Limited,1106,0.0,0.9999999999999991,45,BMU
BMU ID,marginal_bmu_id,V__HWELS001_OFFER,OFFER,0.0,,,,,0,0.0,0.0,0.1390227409923853,82.36037528752148,1107,490,0.0718864433550563,29.382295397846597,40.10965716026676,0.0874561108639911,29.181332817536816,39.771802331439154,2025-05-26 SP14,V__HWELS001,Welsh Power Southern 1,V__HWELS001,V__HWELS,OTHER,Welsh Power Group Limited,1107,0.0,0.9999999999999991,45,BMU
BMU ID,marginal_bmu_id,V__HWELS002_BID,BID,0.0,,,,,0,0.0,0.0,0.1390227409923853,82.36037528752148,1108,618,0.0718864433550563,29.382295397846597,40.10965716026676,0.0874561108639911,29.181332817536816,39.771802331439154,2025-05-26 SP14,V__HWELS002,Welsh Power Southern 2,V__HWELS002,V__HWELS,OTHER,Welsh Power Group Limited,1108,0.0,0.9999999999999991,45,BMU
BMU ID,marginal_bmu_id,V__HWELS002_OFFER,OFFER,0.0,,,,,0,0.0,0.0,0.1390227409923853,82.36037528752148,1109,491,0.0718864433550563,29.382295397846597,40.10965716026676,0.0874561108639911,29.181332817536816,39.771802331439154,2025-05-26 SP14,V__HWELS002,Welsh Power Southern 2,V__HWELS002,V__HWELS,OTHER,Welsh Power Group Limited,1109,0.0,0.9999999999999991,45,BMU
BMU ID,marginal_bmu_id,V__HZENO004_BID,BID,0.0,,,,,0,0.0,0.0,0.1390227409923853,82.36037528752148,1110,619,0.0718864433550563,29.382295397846597,40.10965716026676,0.0874561108639911,29.181332817536816,39.771802331439154,2025-05-26 SP14,V__HZENO004,V__HZENO004,V__HZENO004,V__HZENO,BATTERY,BESS Holdco 2 Limited,1110,0.0,0.9999999999999991,45,BMU
BMU ID,marginal_bmu_id,V__HZENO004_OFFER,OFFER,0.0,0.0,0.0,0.0,0.0,2,2.0,0.0,0.1390227409923853,82.36037528752148,1111,492,0.0718864433550563,29.382295397846597,40.10965716026676,0.0874561108639911,29.181332817536816,39.771802331439154,2025-05-26 SP14,V__HZENO004,V__HZENO004,V__HZENO004,V__HZENO,BATTERY,BESS Holdco 2 Limited,1111,0.0,0.9999999999999991,45,BMU
BMU ID,marginal_bmu_id,V__JZENO001_BID,BID,0.0,0.0,0.0,0.0,0.0,4,1.9242424242424243,0.0,0.1390227409923853,82.36037528752148,1112,620,0.0718864433550563,29.382295397846597,40.10965716026676,0.0874561108639911,29.181332817536816,39.771802331439154,2025-05-26 SP14,V__JZENO001,V__JZENO001,V__JZENO001,V__JZENO,OTHER,BESS Holdco 2 Limited,1112,0.0,0.9999999999999991,45,BMU
BMU ID,marginal_bmu_id,V__JZENO001_OFFER,OFFER,0.0,0.0,0.0,0.0,0.0,5,1.5892857142857142,0.0,0.1390227409923853,82.36037528752148,1113,493,0.0718864433550563,29.382295397846597,40.10965716026676,0.0874561108639911,29.181332817536816,39.771802331439154,2025-05-26 SP14,V__JZENO001,V__JZENO001,V__JZENO001,V__JZENO,OTHER,BESS Holdco 2 Limited,1113,0.0,0.9999999999999991,45,BMU
BMU ID,marginal_bmu_id,V__KHABI007_BID,BID,0.0,,,,,0,0.0,0.0,0.1390227409923853,82.36037528752148,1114,621,0.0718864433550563,29.382295397846597,40.10965716026676,0.0874561108639911,29.181332817536816,39.771802331439154,2025-05-26 SP14,V__KHABI007,Hirwaun,V__KHABI007,V__KHABI,BATTERY,Habitat Energy Limited,1114,0.0,0.9999999999999991,45,BMU
BMU ID,marginal_bmu_id,V__KHABI007_OFFER,OFFER,0.0,,,,,0,0.0,0.0,0.1390227409923853,82.36037528752148,1115,494,0.0718864433550563,29.382295397846597,40.10965716026676,0.0874561108639911,29.181332817536816,39.771802331439154,2025-05-26 SP14,V__KHABI007,Hirwaun,V__KHABI007,V__KHABI,BATTERY,Habitat Energy Limited,1115,0.0,0.9999999999999991,45,BMU
BMU ID,marginal_bmu_id,V__KWELS001_BID,BID,0.0,,,,,0,0.0,0.0,0.1390227409923853,82.36037528752148,1116,622,0.0718864433550563,29.382295397846597,40.10965716026676,0.0874561108639911,29.181332817536816,39.771802331439154,2025-05-26 SP14,V__KWELS001,Welsh Power South Wales 1,V__KWELS001,V__KWELS,OTHER,Welsh Power Group Limited,1116,0.0,0.9999999999999991,45,BMU
BMU ID,marginal_bmu_id,V__KWELS001_OFFER,OFFER,0.0,,,,,0,0.0,0.0,0.1390227409923853,82.36037528752148,1117,495,0.0718864433550563,29.382295397846597,40.10965716026676,0.0874561108639911,29.181332817536816,39.771802331439154,2025-05-26 SP14,V__KWELS001,Welsh Power South Wales 1,V__KWELS001,V__KWELS,OTHER,Welsh Power Group Limited,1117,0.0,0.9999999999999991,45,BMU
BMU ID,marginal_bmu_id,V__KWELS002_BID,BID,0.0,,,,,0,0.0,0.0,0.1390227409923853,82.36037528752148,1118,623,0.0718864433550563,29.382295397846597,40.10965716026676,0.0874561108639911,29.181332817536816,39.771802331439154,2025-05-26 SP14,V__KWELS002,Welsh Power South Wales 2,V__KWELS002,V__KWELS,OTHER,Welsh Power Group Limited,1118,0.0,0.9999999999999991,45,BMU
BMU ID,marginal_bmu_id,V__KWELS002_OFFER,OFFER,0.0,,,,,0,0.0,0.0,0.1390227409923853,82.36037528752148,1119,496,0.0718864433550563,29.382295397846597,40.10965716026676,0.0874561108639911,29.181332817536816,39.771802331439154,2025-05-26 SP14,V__KWELS002,Welsh Power South Wales 2,V__KWELS002,V__KWELS,OTHER,Welsh Power Group Limited,1119,0.0,0.9999999999999991,45,BMU
BMU ID,marginal_bmu_id,V__LCEND005_BID,BID,0.0,0.0,0.0,0.0,0.0,6,4.666666666666666,0.0,0.1390227409923853,82.36037528752148,1120,624,0.0718864433550563,29.382295397846597,40.10965716026676,0.0874561108639911,29.181332817536816,39.771802331439154,2025-05-26 SP14,V__LCEND005,V__LCEND005,V__LCEND005,V__LCEND,BATTERY,Centrica Business Solutions UK,1120,0.0,0.9999999999999991,45,BMU
BMU ID,marginal_bmu_id,V__LCEND005_OFFER,OFFER,0.0,0.0,0.0,0.0,0.0,2,2.0,0.0,0.1390227409923853,82.36037528752148,1121,497,0.0718864433550563,29.382295397846597,40.10965716026676,0.0874561108639911,29.181332817536816,39.771802331439154,2025-05-26 SP14,V__LCEND005,V__LCEND005,V__LCEND005,V__LCEND,BATTERY,Centrica Business Solutions UK,1121,0.0,0.9999999999999991,45,BMU
BMU ID,marginal_bmu_id,V__LFLEX001_BID,BID,0.0,,,,,0,0.0,0.0,0.1390227409923853,82.36037528752148,1122,625,0.0718864433550563,29.382295397846597,40.10965716026676,0.0874561108639911,29.181332817536816,39.771802331439154,2025-05-26 SP14,V__LFLEX001,V__LFLEX001,V__LFLEX001,V__LFLEX,LOAD RESPONSE,Flexitricity Limited,1122,0.0,0.9999999999999991,45,BMU
BMU ID,marginal_bmu_id,V__LFLEX001_OFFER,OFFER,0.0,0.0,0.0,0.0,0.0,1,1.0,0.0,0.1390227409923853,82.36037528752148,1123,498,0.0718864433550563,29.382295397846597,40.10965716026676,0.0874561108639911,29.181332817536816,39.771802331439154,2025-05-26 SP14,V__LFLEX001,V__LFLEX001,V__LFLEX001,V__LFLEX,LOAD RESPONSE,Flexitricity Limited,1123,0.0,0.9999999999999991,45,BMU
BMU ID,marginal_bmu_id,V__MCEND001_BID,BID,0.0,0.0,0.0,0.0,0.0,1,0.5,0.0,0.1390227409923853,82.36037528752148,1124,626,0.0718864433550563,29.382295397846597,40.10965716026676,0.0874561108639911,29.181332817536816,39.771802331439154,2025-05-26 SP14,V__MCEND001,Brigg Battery,V__MCEND001,V__MCEND,BATTERY,Centrica Business Solutions UK,1124,0.0,0.9999999999999991,45,BMU
BMU ID,marginal_bmu_id,V__MCEND001_OFFER,OFFER,0.0,0.0,0.0,0.0,0.0,1,0.25,0.0,0.1390227409923853,82.36037528752148,1125,499,0.0718864433550563,29.382295397846597,40.10965716026676,0.0874561108639911,29.181332817536816,39.771802331439154,2025-05-26 SP14,V__MCEND001,Brigg Battery,V__MCEND001,V__MCEND,BATTERY,Centrica Business Solutions UK,1125,0.0,0.9999999999999991,45,BMU
BMU ID,marginal_bmu_id,V__MEROV001_OFFER,OFFER,0.0,,,,,0,0.0,0.0,0.1390227409923853,82.36037528752148,1126,500,0.0718864433550563,29.382295397846597,40.10965716026676,0.0874561108639911,29.181332817536816,39.771802331439154,2025-05-26 SP14,V__MEROV001,V__MEROV001,V__MEROV001,V__MEROV,GAS,Erova Energy Limited,1126,0.0,0.9999999999999991,45,BMU
BMU ID,marginal_bmu_id,V__NFLEX001_BID,BID,0.0,0.0,0.0,0.0,0.0,1,1.0,0.0,0.1390227409923853,82.36037528752148,1127,627,0.0718864433550563,29.382295397846597,40.10965716026676,0.0874561108639911,29.181332817536816,39.771802331439154,2025-05-26 SP14,V__NFLEX001,V__NFLEX001,V__NFLEX001,V__NFLEX,LOAD RESPONSE,Flexitricity Limited,1127,0.0,0.9999999999999991,45,BMU
BMU ID,marginal_bmu_id,V__NFLEX001_OFFER,OFFER,0.0,,,,,0,0.0,0.0,0.1390227409923853,82.36037528752148,1128,501,0.0718864433550563,29.382295397846597,40.10965716026676,0.0874561108639911,29.181332817536816,39.771802331439154,2025-05-26 SP14,V__NFLEX001,V__NFLEX001,V__NFLEX001,V__NFLEX,LOAD RESPONSE,Flexitricity Limited,1128,0.0,0.9999999999999991,45,BMU
BMU ID,marginal_bmu_id,V__NHABI005_BID,BID,0.0,0.0,0.0,0.0,0.0,1,1.0,0.0,0.1390227409923853,82.36037528752148,1129,628,0.0718864433550563,29.382295397846597,40.10965716026676,0.0874561108639911,29.181332817536816,39.771802331439154,2025-05-26 SP14,V__NHABI005,Camilla,V__NHABI005,V__NHABI,OTHER,Habitat Energy Limited,1129,0.0,0.9999999999999991,45,BMU
BMU ID,marginal_bmu_id,V__NHABI005_OFFER,OFFER,0.0,,,,,0,0.0,0.0,0.1390227409923853,82.36037528752148,1130,502,0.0718864433550563,29.382295397846597,40.10965716026676,0.0874561108639911,29.181332817536816,39.771802331439154,2025-05-26 SP14,V__NHABI005,Camilla,V__NHABI005,V__NHABI,OTHER,Habitat Energy Limited,1130,0.0,0.9999999999999991,45,BMU
BMU ID,marginal_bmu_id,V__PHABI004_BID,BID,0.0,0.0,0.0,0.0,0.0,1,1.0,0.0,0.1390227409923853,82.36037528752148,1131,629,0.0718864433550563,29.382295397846597,40.10965716026676,0.0874561108639911,29.181332817536816,39.771802331439154,2025-05-26 SP14,V__PHABI004,Fordtown,V__PHABI004,V__PHABI_OTH,OTHER,Habitat Energy Limited,1131,0.0,0.9999999999999991,45,BMU
BMU ID,marginal_bmu_id,V__PHABI004_OFFER,OFFER,0.0,,,,,0,0.0,0.0,0.1390227409923853,82.36037528752148,1132,503,0.0718864433550563,29.382295397846597,40.10965716026676,0.0874561108639911,29.181332817536816,39.771802331439154,2025-05-26 SP14,V__PHABI004,Fordtown,V__PHABI004,V__PHABI_OTH,OTHER,Habitat Energy Limited,1132,0.0,0.9999999999999991,45,BMU
BMU ID,marginal_bmu_id,V__PHABI011_BID,BID,0.0,,,,,0,0.0,0.0,0.1390227409923853,82.36037528752148,1133,630,0.0718864433550563,29.382295397846597,40.10965716026676,0.0874561108639911,29.181332817536816,39.771802331439154,2025-05-26 SP14,V__PHABI011,Braco,V__PHABI011,V__PHABI_B,BATTERY,Habitat Energy Limited,1133,0.0,0.9999999999999991,45,BMU
