tie_adjusted_rank,bmu_id,technology,plant_family,lead_party,registered_capacity_mw,marginal_occurrences,bid_weight,offer_weight,tie_adjusted_weight,share_all_sps_pct,bid_share_all_sps_pct,offer_share_all_sps_pct,dominant_side,dominant_side_share
1,T_HUMR-1,CCGT,T_HUMR_CC,VPI Immingham LLP,1283.0,1441,808.1666666666666,589.5,1397.6666666666665,2.757609238944571,1.5945202956883169,1.1630889432562543,Bid,0.5782256141187694
2,T_SEAB-1,CCGT,T_SEAB,Seabank Power Limited,830.0,1180,310.34166666666664,793.5364468864469,1103.8781135531135,2.1779617109011,0.6123069739299712,1.565654736971129,Offer,0.7188623790467656
3,T_MRWD-1,CCGT,T_MRWD,Marchwood Power Limited,920.0,1217,672.0130952380953,417.0833333333333,1089.0964285714285,2.148797309942839,1.3258880420607988,0.8229092678820402,Bid,0.6170372775159837
4,T_WBURB-3,CCGT,T_WBURB_CC,West Burton B Limited,470.0,1224,525.0832722832723,294.71666666666664,819.7999389499389,1.6174728493211643,1.0359941446674934,0.581478704653671,Bid,0.6405017216222756
5,T_GRAI-8,CCGT,T_GRAI,Uniper UK Limited,468.0,1463,587.4039793539794,206.65,794.0539793539793,1.5666758333083013,1.1589534751676651,0.4077223581406361,Bid,0.7397532090096384
6,T_DAMC-1,CCGT,T_DAMC,VPI Power Limited,820.0,838,131.27777777777777,650.15,781.4277777777777,1.5417642210121096,0.25901226773296854,1.2827519532791414,Offer,0.8320026731694833
7,E_SHOS-1,CCGT,E_SHOS,VPI Power Limited,460.0,896,557.536507936508,219.11666666666667,776.6531746031746,1.5323438848614448,1.1000246782742247,0.4323192065872202,Bid,0.717870635398326
8,T_COSO-1,CCGT,T_COSO,Coryton Energy Company Ltd,856.186,807,101.75,652.9833333333333,754.7333333333333,1.4890958356351773,0.200753689527267,1.2883421461079105,Offer,0.8651841710096281
9,T_SHBA-1,CCGT,T_SHBA,EP UK INVESTMENTS LIMITED,821.4,801,279.04007936507935,454.1166666666667,733.156746031746,1.4465250296577736,0.5505486531549983,0.8959763765027753,Offer,0.6193991518520423
10,T_WBURB-2,CCGT,T_WBURB_CC,West Burton B Limited,470.0,1068,523.3808913308914,179.36666666666667,702.747557997558,1.3865274208775118,1.0326353313291994,0.3538920895483124,Bid,0.7447637282756805
11,T_CRUA-1,PS,T_CRUA,Drax Pumped Storage Limited,123.0,775,125.84597069597069,549.6825757575757,675.5285464535464,1.332824059769447,0.2482952622049773,1.0845287975644695,Offer,0.8137073979232281
12,T_WBURB-1,CCGT,T_WBURB_CC,West Burton B Limited,470.0,1059,399.27335164835165,267.78333333333336,667.0566849816851,1.3161089988589794,0.7877700095658426,0.5283389892931366,Bid,0.5985598535142695
13,T_DINO-2,PS,T_DINO,First Hydro Company,320.0,685,115.77619047619048,531.6595238095238,647.4357142857142,1.2773966425020011,0.22842749285019034,1.0489691496518108,Offer,0.8211773185791567
14,T_KEAD-2,CCGT,T_KEAD,Keadby Generation Limited,890.0,730,497.95714285714286,146.58333333333334,644.5404761904762,1.2716843110063851,0.9824740408356539,0.2892102701707311,Bid,0.7725769928372743
15,T_DINO-1,PS,T_DINO,First Hydro Company,320.0,683,99.45,543.3705128205128,642.8205128205128,1.2682908073958503,0.1962157682897956,1.0720750391060547,Offer,0.8452911846828879
16,T_DINO-3,PS,T_DINO,First Hydro Company,320.0,709,226.897557997558,415.6595238095238,642.5570818070819,1.2677710555739126,0.44767097702935443,0.8201000785445581,Offer,0.6468834218440991
17,T_CARR-1,CCGT,T_CARR,Carrington Power Ltd,470.0,726,269.68333333333334,366.64444444444445,636.3277777777778,1.2554805812046756,0.5320877068371347,0.723392874367541,Offer,0.576188023293376
18,T_SPLN-1,CCGT,T_SPLN,Spalding Energy Company Ltd,950.0,704,308.6388999889,294.7492424242424,603.3881424131424,1.190490376476092,0.6089473995519297,0.5815429769241623,Bid,0.5115097203510732
19,T_CARR-2,CCGT,T_CARR,Carrington Power Ltd,470.0,675,279.30119047619047,313.95,593.2511904761905,1.1704900767030828,0.5510638277882378,0.6194262489148449,Offer,0.5292024778711338
20,T_GRAI-7,CCGT,T_GRAI,Uniper UK Limited,468.0,1061,422.71187978687976,153.95,576.6618797868798,1.137759213532633,0.8340144420071023,0.3037447715255307,Bid,0.7330324659974122
21,T_DRAXX-2,BIOMASS,T_DRAXX,Drax Power Ltd,669.4,863,447.699975024975,126.41666666666667,574.1166416916417,1.1327374352688062,0.8833161846440198,0.2494212506247863,Bid,0.7798066499271326
22,T_DINO-4,PS,T_DINO,First Hydro Company,320.0,621,184.3761904761905,387.8095238095238,572.1857142857143,1.1289276976673395,0.36377592628085886,0.7651517713864806,Offer,0.6777686232408725
23,T_DRAXX-3,BIOMASS,T_DRAXX,Drax Power Ltd,661.4,829,455.3571178821179,90.16666666666667,545.5237845487845,1.076323464108564,0.8984237982047942,0.1778996659037698,Bid,0.8347154253938798
24,T_ROCK-1,CCGT,T_ROCK,Rocksavage Power Company Ltd,810.0,568,140.39358974358976,384.3333333333333,524.7269230769231,1.0352910643929505,0.2769978489140355,0.758293215478915,Offer,0.7324444705060263
25,T_GRAI-6,CCGT,T_GRAI,Uniper UK Limited,468.0,973,378.88658008658007,143.83333333333334,522.7199134199134,1.0313312158075791,0.747546721029477,0.28378449477810225,Bid,0.7248367057755679
26,T_CDCL-1,CCGT,T_CDCL,Uniper UK Limited,445.0,822,381.1198162948163,134.1,515.2198162948163,1.0165334549262415,0.7519529166893227,0.26458053823691896,Bid,0.7397227440427757
27,T_DRAXX-1,BIOMASS,T_DRAXX,Drax Power Ltd,665.248,519,443.9166666666667,37.5,481.4166666666667,0.9498395285823272,0.8758516823192067,0.07398784626312051,Bid,0.9221048987363684
28,T_SHBA-2,CCGT,T_SHBA,EP UK INVESTMENTS LIMITED,580.0,493,142.91785714285714,316.6666666666667,459.58452380952383,0.9067645091340932,0.28197825180107555,0.6247862573330176,Offer,0.6890281335885673
29,T_SEAB-2,CCGT,T_SEAB,Seabank Power Limited,406.0,453,160.27777777777777,265.25,425.52777777777777,0.8395702347442541,0.3162295355097817,0.5233406992344725,Offer,0.6233435602846139
30,T_DINO-6,PS,T_DINO,First Hydro Company,320.0,448,133.11904761904762,266.3333333333333,399.45238095238096,0.7881232360357924,0.2626451101314964,0.5254781259042959,Offer,0.6667461405495618
31,T_RYHPS-1,CCGT,T_RYHPS,VPI Power Limited,720.98,409,15.0,369.53333333333336,384.53333333333336,0.7586878173256518,0.029595138505248204,0.7290926788204036,Offer,0.9609916782246879
32,E_DOLLB-1,BATTERY,E_DOLLB,Dollymans Storage Limited,102.0,426,215.9567821067821,162.76709956709956,378.7238816738817,0.7472257155589174,0.42608472517319484,0.3211409903857224,Bid,0.5702222451678979
33,T_DRAXX-4,BIOMASS,T_DRAXX,Drax Power Ltd,645.0,589,306.6821178821179,60.666666666666664,367.3487845487846,0.7247825438970574,0.6050866503869424,0.11969589351011495,Bid,0.8348526816518974
34,T_FFES-1,PS,T_FFES,First Hydro Company,91.033,391,42.92063492063492,316.75,359.67063492063494,0.7096334837831167,0.08468280901395889,0.6249506747691579,Offer,0.8806668358396681
35,T_CNQPS-2,CCGT,T_CNQPS,Uniper UK Limited,352.0,430,99.67420634920634,257.34285714285716,357.01706349206347,0.7043979628523074,0.19665812948703013,0.5077398333652774,Offer,0.7208138866689713
36,T_STAY-4,CCGT,T_STAY,RWE Generation UK plc,464.0,515,266.84963924963927,76.91666666666667,343.76630591630595,0.67825409580204,0.5264968022445727,0.1517572935574672,Bid,0.7762530377674857
37,T_STAY-2,CCGT,T_STAY,RWE Generation UK plc,464.0,545,258.2968253968254,81.41666666666667,339.7134920634921,0.670257856648039,0.5096220215389974,0.16063583510904164,Bid,0.7603372589880828
38,T_PEMB-51,CCGT,T_PEMB,RWE Generation UK plc,475.0,514,238.19722222222222,101.11666666666666,339.31388888888887,0.6694694358947378,0.46996531888213683,0.19950411701260093,Bid,0.7019966762993951
39,T_FOYE-1,PS,T_FOYE,SSE Generation Ltd,160.0,358,102.15,230.8373015873016,332.9873015873016,0.6569870207310031,0.20154289322074026,0.4554441275102628,Offer,0.6932315451277993
40,T_DIDCB5,CCGT,T_DIDCB,RWE Generation UK plc,770.0,384,186.88571428571427,139.33333333333334,326.2190476190476,0.643633193155725,0.36872723992919715,0.2749059532265278,Bid,0.5728841269377865
41,T_PEMB-41,CCGT,T_PEMB,RWE Generation UK plc,475.0,484,231.35476190476192,92.45,323.8047619047619,0.6388697851486898,0.4564650814946766,0.1824047036540131,Bid,0.7144884483595347
42,T_EECL-1,CCGT,T_EECL,Uniper UK Limited,444.0,580,262.83174603174604,59.26111111111111,322.09285714285716,0.6354921812462654,0.5185694618257163,0.11692271942054912,Bid,0.8160123399295777
43,T_PEMB-21,CCGT,T_PEMB,RWE Generation UK plc,475.0,551,224.98763736263737,92.95,317.93763736263736,0.6272938942519086,0.4439026859810539,0.1833912082708547,Bid,0.7076470694975258
44,T_STAY-3,CCGT,T_STAY,RWE Generation UK plc,464.0,476,250.1805305805306,60.0,310.18053058053056,0.6119890509441451,0.49360849692315245,0.11838055402099282,Bid,0.8065642615037617
45,T_DINO-5,PS,T_DINO,First Hydro Company,320.0,330,97.86666666666666,206.0,303.8666666666667,0.5995317391418725,0.19309183700313048,0.406439902138742,Offer,0.677928916191312
46,T_PEMB-31,CCGT,T_PEMB,RWE Generation UK plc,475.0,469,198.9424603174603,103.03333333333333,301.97579365079366,0.5958010292218326,0.39251531117800553,0.2032857180438271,Bid,0.6588026739239847
47,T_CNQPS-3,CCGT,T_CNQPS,Uniper UK Limited,352.0,380,64.33928571428571,236.68333333333334,301.02261904761906,0.5939204069284568,0.12694200480286819,0.4669784021255886,Offer,0.7862642816747674
48,T_FFES-2,PS,T_FFES,First Hydro Company,91.875,327,54.83015873015873,244.33333333333334,299.1634920634921,0.5902523322221847,0.10818040945891944,0.48207192276326527,Offer,0.8167217585542756
49,T_FOYE-2,PS,T_FOYE,SSE Generation Ltd,160.0,311,108.25,185.54166666666666,293.79166666666663,0.5796536711125141,0.21357824954620788,0.36607542156630624,Offer,0.6315416253013757
50,T_CNQPS-4,CCGT,T_CNQPS,Uniper UK Limited,352.0,342,50.103968253968254,243.66666666666666,293.7706349206349,0.579612175283393,0.09885559200924997,0.480756583274143,Offer,0.8294452804396044
51,T_CRUA-2,PS,T_CRUA,Drax Pumped Storage Limited,124.76,368,151.59107142857144,138.45833333333334,290.0494047619048,0.572270153819558,0.299090583672503,0.27317957014705496,Bid,0.5226387951149537
52,T_LAGA-1,CCGT,T_LAGA,EP UK INVESTMENTS LIMITED,905.0,308,117.30873015873016,168.5,285.80873015873016,0.5639032636704485,0.23145120779482709,0.3324520558756215,Offer,0.5895551192800158
53,T_DIDCB6,CCGT,T_DIDCB,RWE Generation UK plc,720.0,324,169.2213675213675,106.36666666666666,275.58803418803416,0.5437377361455965,0.33387532065615877,0.20986241548943782,Bid,0.6140374273503744
54,T_MEDP-1,CCGT,T_MEDP,Medway Power Ltd,750.0,302,111.77619047619048,156.66666666666666,268.4428571428571,0.529640235859161,0.2205354559154575,0.30910477994370344,Offer,0.5836127224025686
55,T_SCCL-1,CCGT,T_SCCL,SCCL,408.2,292,103.77738095238095,162.33333333333334,266.11071428571427,0.5250388964677497,0.20475373086650808,0.3202851656012417,Offer,0.6100217864923748
56,T_CNQPS-1,CCGT,T_CNQPS,Uniper UK Limited,351.162,333,67.64682539682539,193.75,261.3968253968254,0.5157383501634153,0.1334678111372926,0.3822705390261226,Offer,0.7412102258926402
57,T_STAY-1,CCGT,T_STAY,RWE Generation UK plc,464.0,408,195.71505439005438,61.166666666666664,256.88172105672106,0.5068300076093463,0.3861476094823897,0.12068239812695655,Bid,0.7618878197520301
58,E_PILLB-2,BATTERY,E_PILLB,BP Gas Marketing Limited,49.9,292,159.74563492063493,80.48809523809524,240.23373015873017,0.4739833678453362,0.31517961273900036,0.1588037551063358,Bid,0.6649592245647014
59,T_SCCL-2,CCGT,T_SCCL,SCCL,409.1,256,102.55757575757576,133.93333333333334,236.4909090909091,0.46659874731850115,0.2023470439538627,0.26425170336463844,Offer,0.5663360754465544
60,E_PILLB-1,BATTERY,E_PILLB,BP Gas Marketing Limited,49.9,285,162.52896825396826,68.8547619047619,231.38373015873015,0.45652223612723963,0.32067115510608524,0.1358510810211544,Bid,0.7024217655341314
61,T_COWB-1,OTHER,T_COWB,Pivoted Power LLP,50.431,330,152.07695915195916,78.71201298701298,230.78897213897216,0.45534877306245003,0.30004924463728033,0.15529952842516964,Bid,0.6589437863624797
62,T_PEMB-11,CCGT,T_PEMB,RWE Generation UK plc,475.0,411,164.13843101343102,61.53333333333333,225.67176434676435,0.4452524748377483,0.32384663999177454,0.12140583484597374,Bid,0.7273325995768705
63,T_CRUA-4,PS,T_CRUA,Drax Pumped Storage Limited,104.0,275,70.4968253968254,152.13333333333333,222.6301587301587,0.43925135887096267,0.1390908874532898,0.3001604714176729,Offer,0.6833455727699865
64,T_PNYCW-1,WIND,T_PNYCW,Pen y Cymoedd Wind Farm LTD,228.0,222,220.5,0.0,220.5,0.4350485360271486,0.4350485360271486,0.0,Bid,1.0
65,E_THMRB-1,BATTERY,E_THMRB,Tesla Motors Limited,49.5,276,117.22420634920636,96.22619047619048,213.45039682539684,0.42113960386985405,0.23128444153817054,0.18985516233168354,Bid,0.5491871090082637
66,E_CLAYB-1,BATTERY,E_CLAYB,Tesla Motors Limited,49.5,241,116.35555555555555,81.65119047619048,198.00674603174605,0.39066913825220195,0.22957058550145124,0.1610985527507507,Bid,0.5876342997773444
67,T_KEAD-1,CCGT,T_KEAD,Keadby Generation Limited,764.0,241,87.60952380952381,110.23333333333333,197.84285714285716,0.3903457839611261,0.17285439943477984,0.21749138452634625,Offer,0.5571762100753364
68,T_COVNB-1,OTHER,T_COVNB,Pivoted Power LLP,50.449,357,112.9231351981352,79.46583000333,192.3889652014652,0.37958520480124924,0.22279838844237868,0.15678681635887065,Bid,0.586952245831172
69,2__MSTAT001,BATTERY,2__MSTAT_B,Statkraft Markets Gmbh,50.0,234,107.62186147186146,83.53257575757576,191.15443722943724,0.37714946971319796,0.21233892643015836,0.16481054328303954,Bid,0.5630100092454877
70,T_KEMB-1,DSR,T_KEMB,EDF Energy Customers Limited,35.468,377,117.82324342324343,73.1192932067932,190.9425366300366,0.37673138787395755,0.23246634721656426,0.14426504065739326,Bid,0.6170612661940985
71,T_LBAR-1,CCGT,T_LBAR,RWE Generation UK plc,750.0,253,82.05992063492063,106.58333333333333,188.64325396825396,0.3721948819514126,0.1619049811280101,0.2102899008234025,Offer,0.5649994425523949
72,E_BURWB-1,OTHER,E_BURWB_OTH,Arenko Cleantech Limited,50.533,226,113.67424242424242,72.7,186.37424242424242,0.36771810122374404,0.2242803299349744,0.14343777128876964,Bid,0.6099246384352109
73,2__FBPGM001,BATTERY,2__FBPGM,BP Gas Marketing Limited,39.859,183,117.5,64.0,181.5,0.35810117591350327,0.2318285849577776,0.12627259095572568,Bid,0.6473829201101928
74,E_SKELB-1,BATTERY,E_SKELB,Tesla Motors Limited,49.9,239,107.68174603174603,71.88095238095238,179.5626984126984,0.3542788619933281,0.21245707921976564,0.14182178277356242,Bid,0.5996888384037057
75,2__HSTAT002,BATTERY,2__HSTAT,Statkraft Markets Gmbh,52.237,219,85.13416305916306,85.99209956709957,171.12626262626264,0.3376336962873148,0.16797048981762105,0.16966320646969374,Offer,0.5025067353624447
76,2__HIMPO002,DSR,2__HIMPO,SSE Energy Supply Limited,52.564,187,81.61666666666666,86.18015873015872,167.7968253968254,0.3310646858906665,0.16103043695577826,0.1700342489348882,Offer,0.5135982669895565
77,T_SCCL-3,CCGT,T_SCCL,SCCL,409.3,177,74.86666666666666,92.33333333333333,167.2,0.3298871438718333,0.14771262462841658,0.1821745192434167,Offer,0.5522328548644339
78,T_BUSTB-1,BATTERY,T_BUSTB,Pivoted Power LLP,52.237,315,97.78983793983794,68.73936896436896,166.5292069042069,0.32856366289994254,0.1929402532156853,0.1356234096842573,Bid,0.5872233451282206
79,2__FBPGM002,BATTERY,2__FBPGM,BP Gas Marketing Limited,59.642,164,113.16666666666667,50.0,163.16666666666669,0.3219293399626444,0.2232788782784837,0.09865046168416068,Bid,0.6935648621041879
80,2__HANGE003,DSR,2__HANGE_LR,Limejump Energy Limited,49.813,215,119.28809523809524,42.19503968253968,161.4831349206349,0.3186077162825249,0.23535651337324448,0.08325120290928041,Bid,0.7387031178006451
81,T_HOWBO-1,WIND,T_HOWBO,Breesea Limited,440.0,258,158.5,2.4,160.9,0.31745718569962905,0.31272196353878934,0.004735222160839713,Bid,0.9850839030453697
82,E_CLAYB-2,BATTERY,E_CLAYB,Tesla Motors Limited,49.5,189,96.58888888888889,58.101190476190474,154.69007936507936,0.30520495494649075,0.19057076964897973,0.114634185297511,Bid,0.6244026073639305
83,E_CHAPB-1,BATTERY,E_CHAPB,Tesla Motors Limited,50.169,199,84.23015873015873,70.00952380952381,154.23968253968255,0.3043163178511612,0.16618688092920592,0.13812943692195528,Bid,0.5460991448065781
84,E_BARNB-1,BATTERY,E_BARNB,EDF Energy Customers Limited,44.0,190,88.27424242424243,65.61666666666666,153.89090909090908,0.3036281846162676,0.1741658953994208,0.12946228921684685,Bid,0.5736157057340896
85,T_RATS-3,COAL,T_RATS,Uniper UK Limited,0.0,233,48.45836940836941,104.91666666666667,153.37503607503606,0.30261036239254213,0.09560881029194501,0.20700155210059717,Offer,0.6840530855056361
86,T_PEHE-1,CCGT,T_PEHE,SSE Thermal Generation,1200.0,164,128.52619047619046,23.333333333333332,151.8595238095238,0.29962024269892634,0.2535833605796513,0.04603688211927498,Bid,0.8463492262586036
87,E_ILMEB-1,BATTERY,E_ILMEB,Tesla Motors Limited,49.5,215,80.24007936507937,70.01547619047619,150.25555555555556,0.2964555985233122,0.15831441749877548,0.13814118102453674,Bid,0.5340240436927562
88,T_NURSB-1,BATTERY,T_NURSB,EDF Energy Customers Limited,48.0,320,96.04734154734155,54.153330003330005,150.20067155067156,0.29634731187489455,0.18950229174363023,0.1068450201312643,Bid,0.6394601339378106
89,T_CLDCW-1,WIND,T_CLDCW,Clyde Windfarm (Scotland) Ltd,200.0,150,149.0,0.5,149.5,0.29496488043564045,0.2939783758187988,0.000986504616841607,Bid,0.9966555183946488
90,T_GLNDO-1,NPSHYD,T_GLNDO,SSE Generation Ltd,100.0,213,25.92738095238095,123.10119047619048,149.02857142857144,0.2940347475111898,0.05115496202426989,0.24287978548691988,Offer,0.8260240925357873
91,T_LARKB-1,OTHER,T_LARKB,EDF Energy Customers Limited,52.0,175,81.88452380952381,64.8468253968254,146.7313492063492,0.289502306854923,0.16155892157194346,0.12794338528297963,Bid,0.558057458426073
92,E_LITRB-1,BATTERY,E_LITRB,Tesla Motors Limited,50.0,169,83.85952380952381,60.21666666666667,144.07619047619048,0.2842636541634253,0.1654556148084678,0.11880803935495753,Bid,0.582049841353781
93,E_HAWKB-1,BATTERY,E_HAWKB,Tesla Motors Limited,20.0,210,86.26626984126985,57.21071428571428,143.47698412698412,0.28308141450355956,0.17020414695223313,0.11287726755132642,Bid,0.6012551097737041
94,2__ASTAT005,BATTERY,2__ASTAT_B,Statkraft Markets Gmbh,51.313,176,60.89844877344877,80.18333333333334,141.0817821067821,0.27835565880116425,0.1201532017469986,0.1582024570541657,Offer,0.5683464734847488
95,E_BHOLB-1,BATTERY,E_BHOLB,Tesla Motors Limited,7.12,171,74.44126984126984,66.51428571428572,140.95555555555558,0.27810661265005837,0.14687331276392912,0.1312332998861292,Bid,0.528118736064503
96,T_WISHB-1,BATTERY,T_WISHB,Zenobe Wishaw Limited,51.0,166,82.3852564102564,52.791666666666664,135.17692307692306,0.2667053174116547,0.16254687161679507,0.10415844579485964,Bid,0.6094624328989549
97,2__HSTAT001,BATTERY,2__HSTAT,Statkraft Markets Gmbh,100.0,170,69.95281385281385,65.025,134.97781385281385,0.2663124730739757,0.13801754765372476,0.12829492542025098,Bid,0.5182541623402915
98,T_PINFB-1,BATTERY,T_PINFB_B,Zenobe Capenhurst Limited,27.08,274,98.4267538017538,35.16103202353202,133.58778582528583,0.26356993494058445,0.1941968940923246,0.06937304084825986,Bid,0.7367945594253823
99,2__HANGE004,BATTERY,2__HANGE_B,Limejump Energy Limited,49.335,177,101.6547619047619,29.72361111111111,131.37837301587302,0.25921074306659503,0.2005657838859638,0.058644959180631194,Bid,0.7737556766095746
100,E_FARNB-1,BATTERY,E_FARNB,Tesla Motors Limited,20.0,189,61.97579365079365,68.96785714285714,130.9436507936508,0.25835303210806326,0.12227881313786135,0.13607421897020192,Offer,0.5266987496136106
101,T_CRUA-3,PS,T_CRUA,Drax Pumped Storage Limited,101.48,161,52.3,77.75,130.05,0.25658985084050195,0.10318838292163207,0.15340146791886985,Offer,0.5978469819300268
102,T_SUNDB-1,BATTERY,T_SUNDB,Pivoted Power LLP,50.246,156,83.30833333333334,44.96230158730159,128.27063492063493,0.2530791471088212,0.16436811090942574,0.08871103619939545,Bid,0.6494731501475675
103,T_KILLPG-2,CCGT,T_KILLPG,Uniper UK Limited,316.0,130,1.0,125.0,126.0,0.24859916344408492,0.001973009233683214,0.2466261542104017,Offer,0.9920634920634921
104,E_ROARB-1,BATTERY,E_ROARB,Tesla Motors Limited,50.0,149,68.16785714285714,57.076190476190476,125.24404761904762,0.24710766241624105,0.13449581158325535,0.11261185083298571,Bid,0.5442802148186874
105,E_BROAB-1,BATTERY,E_BROAB,Tesla Motors Limited,11.0,164,73.26944444444445,51.29761904761905,124.5670634920635,0.24577196648264443,0.14456129043572813,0.10121067604691629,Bid,0.5881927564994951
106,2__MCMRO002,OTHER,2__MCMRO,BGI Trading Limited,36.844,149,66.57619047619048,53.80238095238095,120.37857142857143,0.2375080329661657,0.13135543855297624,0.10615259441318947,Bid,0.5530568246998556
107,T_RCBKO-1,WIND,T_RCBKO,Race Bank Wind Farm Ltd,284.0,160,119.5,0.0,119.5,0.23577460342514403,0.23577460342514403,0.0,Bid,1.0
108,T_TYLNB-1,BATTERY,T_TYLNB,Pivoted Power LLP,58.0,133,72.33333333333333,46.833333333333336,119.16666666666666,0.23511693368058295,0.14271433456975244,0.09240259911083051,Bid,0.606993006993007
109,T_FFES-4,PS,T_FFES,First Hydro Company,90.92,138,27.2,89.33333333333333,116.53333333333333,0.2299213426985505,0.053665851156183414,0.17625549154236705,Offer,0.7665903890160183
110,2__JSTAT002,BATTERY,2__JSTAT,Statkraft Markets Gmbh,6.305,150,76.87622655122655,39.31709956709957,116.19332611832613,0.22925050532382238,0.15167750483629264,0.07757300048752973,Bid,0.6616234264000603
111,E_CONTB-1,BATTERY,E_CONTB,Tesla Motors Limited,35.8,167,59.96071428571428,56.06071428571428,116.02142857142857,0.228911349876546,0.11830304294395526,0.11060830693259073,Bid,0.5168072400418642
112,T_TKNEW-1,WIND,T_TKNEW,Triton Knoll Offshore Wind,412.0,183,111.5,3.5,115.0,0.22689606187356956,0.21999052955567833,0.006905532317891248,Bid,0.9695652173913043
113,2__DUKPR001,OCGT,2__DUKPR,UK Power Reserve Limited,20.0,143,65.85238095238095,46.94444444444444,112.7968253968254,0.22254917803808974,0.1299273556790722,0.09262182235901753,Bid,0.5838141341363879
114,T_RATS-2,COAL,T_RATS,Uniper UK Limited,0.0,199,47.67189754689755,64.11666666666666,111.7885642135642,0.22055986941355102,0.09405709404722899,0.12650277536632204,Offer,0.5735530026503988
115,2__PLOND001,OTHER,2__PLOND,EDF Energy Customers Limited,52.0,220,67.62186147186148,43.298586136086136,110.92044760794761,0.21884706733475576,0.13341855708282985,0.08542851025192592,Bid,0.6096428830766482
116,2__GCMRO001,OTHER,2__GCMRO,BGI Trading Limited,16.379,148,61.80952380952381,48.68333333333333,110.49285714285713,0.21800342739889736,0.12195076120575292,0.09605266619314444,Bid,0.5593983666257246
117,T_LKSDB-1,OTHER,T_LKSDB,Lakeside Energy Storage Ltd,105.0,132,71.95,35.45,107.4,0.21190119169757715,0.14195801436350722,0.06994317733406993,Bid,0.6699255121042831
118,E_ARNKB-1,DSR,E_ARNKB_LR,Octopus Energy Trading Limited,41.66,119,53.50757575757576,52.4,105.90757575757576,0.20895662488670144,0.10557094104170105,0.1033856838450004,Bid,0.5052289732328074
119,T_RICHB-1,OTHER,T_RICHB,Limejump Energy Limited,49.9,140,76.2547619047619,29.15456349206349,105.4093253968254,0.20797357232425498,0.1504513493504102,0.057522222973844794,Bid,0.7234157093567593
120,T_TKNWW-1,WIND,T_TKNWW,Triton Knoll Offshore Wind,412.0,173,100.5,4.5,105.0,0.20716596953673744,0.19828742798516297,0.008878541551574462,Bid,0.9571428571428572
121,T_RICHB-2,OTHER,T_RICHB,Limejump Energy Limited,49.9,145,77.95476190476191,26.39623015873016,104.35099206349207,0.2058854708852736,0.15380546504767167,0.052080005837601924,Bid,0.7470438024904502
122,T_PINFB-3,OTHER,T_PINFB_OTH,Zenobe Capenhurst Limited,26.0,268,69.88782883782883,33.843896381396384,103.73172521922521,0.2046636516834212,0.13788933161910827,0.06677432006431297,Bid,0.6737363009255737
123,T_PINFB-4,BATTERY,T_PINFB_B,Zenobe Capenhurst Limited,26.0,270,62.86054501054501,37.06844544344544,99.92899045399045,0.19716082087836487,0.12402443574016457,0.0731363851382003,Bid,0.6290521371722194
124,E_KLYN-A-1,CCGT,E_KLYN-A,RWE Generation UK plc,392.0,148,65.35674603174603,34.5,99.85674603174603,0.1970182819661945,0.12894946340412364,0.06806881856207087,Bid,0.6545050647952027
125,T_PINFB-2,OTHER,T_PINFB_OTH,Zenobe Capenhurst Limited,26.0,245,69.55013042513042,30.26671384171384,99.81684426684426,0.19693955541560307,0.13722304953265413,0.05971650588294894,Bid,0.6967774921755625
126,2__MSTAT005,BATTERY,2__MSTAT_B,Statkraft Markets Gmbh,8.0,113,67.55119047619047,32.009523809523806,99.56071428571428,0.1964342085978105,0.13327912255581736,0.06315508604199314,Bid,0.6784924250576939
127,2__HANGE002,DSR,2__HANGE_LR,Limejump Energy Limited,50.0,148,67.73658008658009,31.818366355866356,99.55494644244645,0.19642282858978466,0.13364489796894502,0.06277793062083963,Bid,0.6803939182041464
128,2__MCMRO003,OTHER,2__MCMRO,BGI Trading Limited,50.0,115,64.58333333333333,32.666666666666664,97.25,0.19187514797569252,0.12742351300870755,0.06445163496698497,Bid,0.664095972579263
129,V__GHABI001,OTHER,V__GHABI,Habitat Energy Limited,0.0,117,60.61666666666667,34.19166666666666,94.80833333333334,0.1870577170967827,0.1195972430484308,0.06746047404835187,Bid,0.639360112507691
130,E_BLKPB-1,BATTERY,E_BLKPB,Conrad Energy (Trading) Ltd,25.3,100,55.976190476190474,37.53333333333333,93.50952380952381,0.18449515391351082,0.11044154067593417,0.07405361323757662,Bid,0.5986148597036207
131,T_RATS-4,COAL,T_RATS,Uniper UK Limited,0.0,165,46.871464646464645,43.25,90.12146464646464,0.17781048190053003,0.09247783254373106,0.08533264935679899,Bid,0.5200921315508531
132,E_GYAR-1,CCGT,E_GYAR,RWE Generation UK plc,420.0,121,66.10238095238095,22.916666666666668,89.01904761904763,0.17563540292606666,0.130420607987493,0.04521479493857365,Bid,0.7425644591847651
133,T_HOWBO-2,WIND,T_HOWBO,Sonningmay Wind Limited,440.0,156,88.5,0.4,88.9,0.1754005208744377,0.1746113171809644,0.0007892036934732855,Bid,0.9955005624296962
134,T_SVRP-20,CCGT,T_SVRP,Severn Power Limited,425.0,94,12.0,76.83333333333333,88.83333333333333,0.17526898692552545,0.023676110804198562,0.1515928761213269,Offer,0.8649155722326454
135,E_JAMBB-1,BATTERY,E_JAMBB_B,Tesla Motors Limited,30.0,108,51.575,36.06309523809524,87.63809523809525,0.1729107711271708,0.10175795122721175,0.07115281989995904,Bid,0.5884997826559444
136,2__ASTAT003,OTHER,2__ASTAT_OTH,Statkraft Markets Gmbh,42.0,127,23.30952380952381,60.40634263397421,83.71586644349802,0.16517217749881227,0.045989905708949196,0.1191822717898631,Offer,0.7215638468574413
137,T_CLDSW-1,WIND,T_CLDSW,Clyde Windfarm (Scotland) Ltd,150.0,83,83.0,0.0,83.0,0.16375976639570672,0.16375976639570672,0.0,Bid,1.0
138,T_NTRVB-1,BATTERY,T_NTRVB,Arenko Cleantech Limited,57.0,83,51.0,31.0,82.0,0.1617867571620235,0.10062347091784389,0.061163286244179625,Bid,0.6219512195121951
139,E_OLDHB-1,BATTERY,E_OLDHB,Field Oldham Ltd,20.0,83,59.0,22.0,81.0,0.1598137479283403,0.11640754478730961,0.0434062031410307,Bid,0.7283950617283951
140,2__LANGE002,DSR,2__LANGE,Limejump Energy Limited,50.0,133,55.94761904761905,25.010353535353534,80.95797258297259,0.15973082744647737,0.11038516898354322,0.04934565846293413,Bid,0.6910699127288444
141,2__HANGE005,OTHER,2__HANGE_OTH,Limejump Energy Limited,101.899,83,46.34285714285714,30.583333333333332,76.92619047619047,0.1517760841215975,0.09143488505811921,0.060341199063478276,Bid,0.6024327586740537
142,2__GCMRO002,OTHER,2__GCMRO,BGI Trading Limited,14.0,110,35.666666666666664,40.68333333333333,76.35,0.15063925499171335,0.07037066266803461,0.08026859232367874,Offer,0.5328530888452303
143,T_HOWBO-3,WIND,T_HOWBO,Soundmark Wind Limited,440.0,129,75.33333333333333,0.4,75.73333333333333,0.14942256596427536,0.1486333622708021,0.0007892036934732855,Bid,0.9947183098591549
144,2__ASTAT008,BATTERY,2__ASTAT_B,Statkraft Markets Gmbh,28.749,95,45.01273448773449,28.93452380952381,73.9472582972583,0.14589862342604826,0.08881054077763098,0.05708808264841728,Bid,0.6087140419295762
145,V__JZENO001,OTHER,V__JZENO,BESS Holdco 2 Limited,0.0,188,39.53502886002886,33.02475857475857,72.55978743478744,0.14316113060292684,0.07800297699476928,0.06515815360815755,Bid,0.5448614205982986
146,T_WHLWB-1,BATTERY,T_WHLWB,SP Renewables (UK) Limited,50.2,79,46.666666666666664,25.676190476190477,72.34285714285714,0.14273312513388275,0.09207376423854996,0.0506593608953328,Bid,0.6450763559768299
147,E_JAMBB-2,OTHER,E_JAMBB_OTH,Tesla Motors Limited,19.0,89,47.86785714285714,24.266666666666666,72.13452380952381,0.14232208154353213,0.09444372413948611,0.04787835740404598,Bid,0.6635915039691053
148,2__KSTAT006,BATTERY,2__KSTAT,Statkraft Markets Gmbh,21.032,94,46.65440115440116,25.416666666666668,72.07106782106783,0.14219688229237595,0.09204956426959426,0.05014731802278168,Bid,0.6473388360254478
149,2__CMRCY001,DSR,2__CMRCY,Octopus Energy Limited,2.3,75,32.0,40.0,72.0,0.1420566648251914,0.06313629547786284,0.07892036934732855,Offer,0.5555555555555556
150,T_SGRWO-6,WIND,T_SGRWO,Seagreen Wind Energy Limited,380.0,140,69.45,1.8333333333333333,71.28333333333333,0.14064267487438506,0.1370254912792992,0.003617183595085891,Bid,0.9742810381108254
151,2__GSTAT008,BATTERY,2__GSTAT_B,Statkraft Markets Gmbh,22.0,80,0.125,70.48168498168498,70.60668498168498,0.13930764142862634,0.0002466261542104017,0.13906101527441594,Offer,0.9982296293894491
152,2__JUKPR001,OCGT,2__JUKPR,UK Power Reserve Limited,50.0,91,29.191666666666666,39.18859649122807,68.38026315789473,0.13491489061221437,0.05759542787993581,0.07731946273227856,Offer,0.5730980648720071
153,T_BLHLB-1,BATTERY,T_BLHLB_B,ZENOBE BLACKHILLOCK LIMITED,50.0,106,47.0,21.25,68.25,0.13465788019887934,0.09273143398311104,0.04192644621576829,Bid,0.6886446886446886
154,2__DSTAT002,BATTERY,2__DSTAT,Statkraft Markets Gmbh,14.0,78,1.5,66.625,68.125,0.13441125404466892,0.0029595138505248203,0.1314517401941441,Offer,0.9779816513761468
155,2__MSTAT002,BATTERY,2__MSTAT_B,Statkraft Markets Gmbh,50.51,90,1.125,66.67851037851038,67.80351037851038,0.1337769520529366,0.0022196353878936154,0.13155731666504297,Offer,0.9834079387081918
156,E_ROOSB-1,BATTERY,E_ROOSB,CBS ENERGY STORAGE ASSETS LTD,49.0,89,46.43333333333333,19.375,65.80833333333334,0.1298404493199695,0.09161339541735722,0.03822705390261227,Bid,0.7055843991389135
157,T_AKGLW-3,WIND,T_AKGLW,AIK2A Sustainable Energy Ltd,163.4,66,63.333333333333336,2.0,65.33333333333334,0.12890326993396997,0.12495725146660354,0.003946018467366428,Bid,0.9693877551020407
158,2__GSTAT016,BATTERY,2__GSTAT_B,Statkraft Markets Gmbh,8.0,82,37.535353535353536,27.05952380952381,64.59487734487735,0.12744628945007763,0.0740575991148164,0.05338869033526125,Bid,0.5810887035971786
159,V__LCEND005,BATTERY,V__LCEND,Centrica Business Solutions UK,0.0,83,44.75757575757576,19.424242424242426,64.18181818181819,0.12663131990730445,0.08830711024697294,0.03832420966033152,Bid,0.6973559962228517
160,T_KLGLW-1,WIND,T_KLGLW,SP Renewables (UK) Limited,261.98,64,63.5,0.0,63.5,0.12528608633888408,0.12528608633888408,0.0,Bid,1.0
161,V__BCEND004,BATTERY,V__BCEND,Centrica Business Solutions UK,0.0,85,37.65,25.542929292929294,63.19292929292929,0.12468023299843993,0.074283797648173,0.05039643535026694,Bid,0.595794504563546
162,T_WHILW-1,WIND,T_WHILW,SP Renewables (UK) Limited,309.0,63,63.0,0.0,63.0,0.12429958172204246,0.12429958172204246,0.0,Bid,1.0
163,2__HSTAT004,BATTERY,2__HSTAT,Statkraft Markets Gmbh,20.0,89,33.64365079365079,29.194877344877344,62.83852813852813,0.12398099624837845,0.06637923367068659,0.05760176257769187,Bid,0.5353984536283702
164,T_RCBKO-2,WIND,T_RCBKO,Race Bank Wind Farm Ltd,290.0,103,62.5,0.0,62.5,0.12331307710520086,0.12331307710520086,0.0,Bid,1.0
165,E_CUPAB-1,OTHER,E_CUPAB,Octopus Energy Trading Limited,41.314,71,39.05238095238095,23.2020202020202,62.25440115440115,0.12282850831505238,0.07705070821636206,0.04577780009869031,Bid,0.6273031340470954
166,V__AZENO002,OTHER,V__AZENO,BESS Holdco 2 Limited,0.0,187,31.525876900876902,30.707893495393495,62.2337703962704,0.12278780363876253,0.06220084622539046,0.06058695741337206,Bid,0.5065718612280353
167,T_OCHLB-1,BATTERY,T_OCHLB,HD143OCK Ltd,58.0,84,40.78333333333333,21.366666666666667,62.15,0.12262252387341173,0.08046589324704706,0.04215663062636466,Bid,0.6562080986859747
168,2__FSTAT002,BATTERY,2__FSTAT,Statkraft Markets Gmbh,50.0,99,15.642857142857142,45.52771672771673,61.170573870573875,0.12069010707634337,0.030863501584044554,0.08982660549229882,Offer,0.7442748015417565
169,2__GSTAT005,BATTERY,2__GSTAT_B,Statkraft Markets Gmbh,20.0,72,27.77857142857143,33.245670995671,61.02424242424243,0.1204013937815532,0.05480737792710012,0.06559401585445308,Offer,0.5447944894513571
170,2__JSTAT001,BATTERY,2__JSTAT,Statkraft Markets Gmbh,22.0,61,0.0,59.833333333333336,59.833333333333336,0.11805171914871229,0.0,0.11805171914871229,Offer,1.0
171,T_PNYCB-1,BATTERY,T_PNYCB,Arenko Cleantech Limited,22.0,61,40.5,18.75,59.25,0.11690079709573041,0.07990687396417015,0.036993923131560254,Bid,0.6835443037974683
172,2__ESTAT001,BATTERY,2__ESTAT_B,Statkraft Markets Gmbh,20.475,63,3.0,55.676923076923075,58.676923076923075,0.11577011103488888,0.0059190277010496405,0.10985108333383924,Offer,0.9488725747246984
173,2__FFSEN007,OTHER,2__FFSEN,F & S Energy Ltd,22.826,63,39.916666666666664,18.083333333333332,58.0,0.11443453555362638,0.07875595191118827,0.03567858364243811,Bid,0.6882183908045977
174,2__HANGE001,DSR,2__HANGE_LR,Limejump Energy Limited,50.0,100,28.859523809523807,29.081461593961595,57.9409854034854,0.114318099209781,0.05694010695589102,0.057377992253889974,Offer,0.5019152054706377
175,2__GANGE001,DSR,2__GANGE,Limejump Energy Limited,50.0,65,29.80952380952381,27.86111111111111,57.670634920634924,0.11378469521078628,0.058814465727890085,0.0549702294828962,Bid,0.5168925892795706
176,T_SVRP-10,CCGT,T_SVRP,Severn Power Limited,425.0,58,20.0,35.75,55.75,0.10999526477783916,0.03946018467366427,0.07053508010417489,Offer,0.6412556053811659
177,2__MCNDL001,OCGT,2__MCNDL_OC,NEAS Energy Ltd.,51.433,82,9.333333333333334,45.95800865800866,55.291341991341994,0.10909032829165416,0.018414752847709995,0.09067557544394415,Offer,0.8311972001910384
178,2__HLOND002,BATTERY,2__HLOND,EDF Energy Customers Limited,53.123,61,36.75,18.5,55.25,0.10900876016099756,0.0725080893378581,0.03650067082313945,Bid,0.665158371040724
179,2__LSTAT001,BATTERY,2__LSTAT,Statkraft Markets Gmbh,20.423,67,2.1875,52.64087301587301,54.82837301587301,0.108176886228145,0.00431595769868203,0.10386092852946296,Offer,0.9601027738071544
180,2__FSTAT003,BATTERY,2__FSTAT,Statkraft Markets Gmbh,50.0,93,11.93452380952381,41.567435342435346,53.501959151959156,0.10555985942695753,0.02354692567580264,0.0820129337511549,Offer,0.7769329572469164
181,T_BLHLB-3,BATTERY,T_BLHLB_B,ZENOBE BLACKHILLOCK LIMITED,54.0,81,33.5,19.916666666666668,53.41666666666667,0.10539157656591167,0.06609580932838766,0.03929576723752401,Bid,0.6271450858034321
182,2__GLOND002,DSR,2__GLOND_LR,EDF Energy Customers Limited,0.0,154,26.208405483405482,26.814567377067377,53.02297286047286,0.1046148150510474,0.05170942601887278,0.05290538903217461,Offer,0.5057160308160858
183,V__NHABI005,OTHER,V__NHABI,Habitat Energy Limited,0.0,75,42.57136752136752,10.433333333333334,53.00470085470086,0.10457876421494132,0.08399370121017978,0.02058506300476153,Bid,0.8031621126976319
184,T_BLHLB-4,OTHER,T_BLHLB_OTH,ZENOBE BLACKHILLOCK LIMITED,54.42,80,35.833333333333336,16.75,52.583333333333336,0.103747402204509,0.07069949754031515,0.03304790466419383,Bid,0.6814580031695722
185,T_WBURB-41,BATTERY,T_WBURB_B,West Burton B Limited,31.0,91,38.204401154401154,13.703679653679654,51.90808080808081,0.10241512273711785,0.0753776362449711,0.02703748649214674,Bid,0.7360010341290382
186,T_SGRWO-1,WIND,T_SGRWO,Seagreen Wind Energy Limited,358.0,122,51.25,0.5,51.75,0.10210322784310631,0.1011167232262647,0.000986504616841607,Bid,0.9903381642512077
187,E_ALCOA-1,DIESEL,E_ALCOA,Conrad Energy (Trading) Ltd,40.5,78,1.6111111111111112,49.81666666666666,51.42777777777778,0.10146748042336393,0.0031787370987118443,0.09828874332465208,Offer,0.9686723560548773
188,2__GLOND001,DSR,2__GLOND_LR,EDF Energy Customers Limited,0.0,158,27.388997113997114,23.230873293373293,50.619870407370406,0.09987347172158947,0.0540387442072392,0.045834727514350276,Bid,0.5410720512237659
189,T_MOWEO-1,WIND,T_MOWEO,Moray Offshore Wind East Ltd,300.0,89,49.0,1.0,50.0,0.09865046168416068,0.09667745245047747,0.001973009233683214,Bid,0.98
190,T_FINL-1,NPSHYD,T_FINL,SSE Generation Ltd,85.794,72,39.52777777777778,10.116666666666667,49.644444444444446,0.0979489472899622,0.0779886705425337,0.019960276747428514,Bid,0.7962175470008952
191,E_CLAC-1,NPSHYD,E_CLAC,SSE Generation Ltd,43.38,91,26.571800421800422,21.90595238095238,48.4777528027528,0.09564705390804357,0.05242640758779974,0.043220646320243826,Bid,0.5481236007352953
192,T_BLHLB-2,BATTERY,T_BLHLB_B,ZENOBE BLACKHILLOCK LIMITED,50.42,82,25.75,22.583333333333332,48.33333333333333,0.09536211296135531,0.05080498776734275,0.044557125194012566,Bid,0.5327586206896552
193,2__ESTAT003,BATTERY,2__ESTAT_B,Statkraft Markets Gmbh,18.0,50,2.0,46.0,48.0,0.09470444321679425,0.003946018467366428,0.09075842474942783,Offer,0.9583333333333334
194,T_HOWAO-1,WIND,T_HOWAO,Hornsea 1 Limited,400.0,86,46.0,1.4,47.4,0.09352063767658432,0.09075842474942783,0.002762212927156499,Bid,0.9704641350210971
195,E_RHEI-1,NPSHYD,E_RHEI,Statkraft Markets Gmbh,50.0,47,13.0,34.0,47.0,0.09273143398311104,0.02564912003788178,0.06708231394522926,Offer,0.723404255319149
196,E_ARBRB-1,OTHER,E_ARBRB,Octopus Energy Trading Limited,34.511,54,30.30238095238095,16.09090909090909,46.39329004329004,0.09153438963635474,0.059786877421633945,0.0317475122147208,Bid,0.6531630096530231
197,2__FSTAT001,BATTERY,2__FSTAT,Statkraft Markets Gmbh,50.0,72,0.8333333333333333,45.547161172161175,46.38049450549451,0.09150914392213422,0.001644174361402678,0.08986496956073155,Offer,0.9820326768349869
198,2__GSTAT002,BATTERY,2__GSTAT_B,Statkraft Markets Gmbh,20.0,89,1.1111111111111112,44.83281440781441,45.943925518925525,0.0906477892804939,0.0021922324818702374,0.08845555679862366,Offer,0.9758159299937612
199,T_CLDNW-1,WIND,T_CLDNW,Clyde Windfarm (Scotland) Ltd,200.0,46,44.0,1.5,45.5,0.08977192013258622,0.0868124062820614,0.0029595138505248203,Bid,0.967032967032967
200,2__GSTAT001,BATTERY,2__GSTAT_B,Statkraft Markets Gmbh,20.0,88,0.75,44.49710012210012,45.24710012210012,0.0892729463382924,0.0014797569252624101,0.08779318941302999,Offer,0.9834243521026517
201,T_MOWEO-3,WIND,T_MOWEO,Moray Offshore Wind East Ltd,300.0,78,44.5,0.0,44.5,0.087798910898903,0.087798910898903,0.0,Bid,1.0
202,T_MOWEO-2,WIND,T_MOWEO,Moray Offshore Wind East Ltd,300.0,81,41.5,2.0,43.5,0.08582590166521979,0.08187988319785336,0.003946018467366428,Bid,0.9540229885057471
203,T_WBURB-43,BATTERY,T_WBURB_B,West Burton B Limited,31.0,85,33.10414862914863,10.342261904761905,43.44641053391054,0.08572016915379713,0.06531479091853175,0.020405378235265382,Bid,0.7619535934576316
204,I_IND-DSKC1,NEMO,I_IND-DSKC,Danske Commodities A/S,,44,43.0,0.0,43.0,0.08483939704837819,0.08483939704837819,0.0,Bid,1.0
205,T_KENNW-1,WIND,T_KENNW,Kennoxhead Wind Farm Limited,60.0,43,42.0,1.0,43.0,0.08483939704837819,0.08286638781469498,0.001973009233683214,Bid,0.9767441860465116
206,V__MCEND001,BATTERY,V__MCEND,Centrica Business Solutions UK,0.0,49,33.583333333333336,9.25,42.833333333333336,0.08451056217609766,0.06626022676452793,0.018250335411569726,Bid,0.7840466926070039
207,2__DSTAT001,BATTERY,2__DSTAT,Statkraft Markets Gmbh,20.0,49,1.0,41.5991452991453,42.5991452991453,0.08404850702222655,0.001973009233683214,0.08207549778854334,Offer,0.9765253506149556
208,T_FFES-3,PS,T_FFES,First Hydro Company,90.0,44,0.0,42.5,42.5,0.08385289243153658,0.0,0.08385289243153658,Offer,1.0
209,M_SLOY-1,NPSHYD,M_SLOY,SSE Generation Ltd,50.0,152,6.963034188034188,35.342374292374295,42.30540848040848,0.08346896156658606,0.013738130747443351,0.06973083081914272,Offer,0.8354103071417276
210,E_POTES-1,BATTERY,E_POTES,Arenko Cleantech Limited,35.0,52,20.632575757575758,21.666666666666668,42.29924242424242,0.08345679588083502,0.040708262484365404,0.04274853339646963,Offer,0.5122235157159488
211,T_EAAO-1,WIND,T_EAAO,East Anglia One Limited,358.0,58,42.0,0.0,42.0,0.08286638781469498,0.08286638781469498,0.0,Bid,1.0
212,E_BTUIW-3,WIND,E_BTUIW,SP Renewables (UK) Limited,52.0,42,41.0,1.0,42.0,0.08286638781469498,0.08089337858101175,0.001973009233683214,Bid,0.9761904761904762
213,2__LFLEX001,DSR,2__LFLEX,Flexitricity Limited,49.0,86,21.760714285714286,20.16190476190476,41.92261904761905,0.08271371448113617,0.0429340902172565,0.03977962426387965,Bid,0.5190685787306545
214,T_AKGLW-2,WIND,T_AKGLW,Aikengall 2 CWCL,63.84,44,41.833333333333336,0.0,41.833333333333336,0.08253755294241445,0.08253755294241445,0.0,Bid,1.0
215,T_SZJNB-1,BATTERY,T_SZJNB,Arenko Cleantech Limited,57.0,43,30.333333333333332,11.5,41.83333333333333,0.08253755294241442,0.059847946755057474,0.022689606187356957,Bid,0.7250996015936255
216,2__HSTAT007,BATTERY,2__HSTAT,Statkraft Markets Gmbh,40.0,48,26.257575757575758,15.125,41.38257575757576,0.08164820408329208,0.05180643942383348,0.029841764659458606,Bid,0.6345080091533181
217,2__GFSEN006,OTHER,2__GFSEN,F & S Energy Ltd,46.138,44,26.833333333333332,13.833333333333334,40.666666666666664,0.08023570883645069,0.05294241443716623,0.02729329439928446,Bid,0.6598360655737705
218,T_KILLPG-1,CCGT,T_KILLPG,Uniper UK Limited,311.0,45,0.0,40.5,40.5,0.07990687396417015,0.0,0.07990687396417015,Offer,1.0
219,I_IND-MFTE1,NEMO,I_IND-MFTE,MFT Energy A/S,,40,40.0,0.0,40.0,0.07892036934732855,0.07892036934732855,0.0,Bid,1.0
220,T_SEEL-1,OCGT,T_SEEL,Spalding Energy Expansion Ltd,300.0,40,5.5,34.0,39.5,0.07793386473048694,0.010851550785257675,0.06708231394522926,Offer,0.8607594936708861
221,T_SLOY-2,NPSHYD,T_SLOY,SSE Generation Ltd,41.0,146,6.463034188034188,31.93404095904096,38.39707514707515,0.0757577838116075,0.012751626130601745,0.06300615768100576,Offer,0.8316789973382516
222,2__BFSEN005,OTHER,2__BFSEN_OTH,F & S Energy Ltd,52.529,41,23.59090909090909,14.5,38.09090909090909,0.07515371535575151,0.0465450814673449,0.028608633888406596,Bid,0.6193317422434367
223,E_TOLLB-1,BATTERY,E_TOLLB,Tollgate Energy Storage Ltd,49.0,38,19.5,18.0,37.5,0.07398784626312051,0.03847368005682267,0.03551416620629785,Bid,0.52
224,2__GSTAT004,BATTERY,2__GSTAT_B,Statkraft Markets Gmbh,20.354,82,1.2361111111111112,35.84968262731421,37.08579373842532,0.07317061348438426,0.002438858636080639,0.07073175484830363,Offer,0.9666688781200238
225,T_DRSLW-1,WIND,T_DRSLW,SP Renewables (UK) Limited,70.9,47,36.61666666666667,0.0,36.61666666666667,0.07224502144003367,0.07224502144003367,0.0,Bid,1.0
226,E_RAKE-1,DIESEL,E_RAKE,Conrad Energy (Trading) Ltd,20.0,77,0.0,36.37533577533578,36.37533577533578,0.07176887336306484,0.0,0.07176887336306484,Offer,1.0
227,2__BUKPR001,OCGT,2__BUKPR,UK Power Reserve Limited,10.359,51,22.183333333333334,14.166666666666666,36.35,0.07171888564438482,0.04376792150053929,0.027950964143845524,Bid,0.6102705181109582
228,T_RATS-1,COAL,T_RATS,Uniper UK Limited,0.0,50,16.507575757575758,19.666666666666668,36.17424242424242,0.07137211432452534,0.03256959939542214,0.0388025149291032,Offer,0.5436649214659687
229,E_CRSSB-1,BATTERY,E_CRSSB,Arenko Cleantech Limited,20.0,36,21.0,15.0,36.0,0.0710283324125957,0.04143319390734749,0.029595138505248204,Bid,0.5833333333333334
230,T_FALGW-1,WIND,T_FALGW,Fallago Rig Wind Farm Limited,144.0,36,36.0,0.0,36.0,0.0710283324125957,0.0710283324125957,0.0,Bid,1.0
231,E_BROFB-1,BATTERY,E_BROFB,EDF Energy Customers Limited,52.0,54,26.174242424242426,8.566666666666666,34.74090909090909,0.06854413442291274,0.05164202198769321,0.01690211243521953,Bid,0.7534127087967203
232,2__MFLEX002,DSR,2__MFLEX,Flexitricity Limited,49.0,56,19.558333333333334,15.175,34.733333333333334,0.06852918738326362,0.03858877226212085,0.029940415121142767,Bid,0.5630998080614203
233,I_IFD-EDFT1,IFA,I_IFD-EDFT,EDF TRADING LIMITED,,36,34.5,0.0,34.5,0.06806881856207087,0.06806881856207087,0.0,Bid,1.0
234,2__AFLEX004,DSR,2__AFLEX,Flexitricity Limited,49.0,122,0.16666666666666666,33.98948449211607,34.156151158782734,0.06739040162335792,0.0003288348722805356,0.0670615667510774,Offer,0.9951204494355387
235,2__NHPOW002,NPSHYD,2__NHPOW,Drax Energy Solutions Limited,108.0,36,33.5,0.5,34.0,0.06708231394522926,0.06609580932838766,0.000986504616841607,Bid,0.9852941176470589
236,T_HOWAO-2,WIND,T_HOWAO,Hornsea 1 Limited,400.0,74,33.0,0.4,33.4,0.06589850840501933,0.06510930471154605,0.0007892036934732855,Bid,0.9880239520958084
237,2__LANGE001,DSR,2__LANGE,Limejump Energy Limited,65.0,80,21.686580086580086,11.508170995670996,33.19475108225108,0.06549355039509723,0.04278782275783302,0.02270572763726422,Bid,0.6533135323968643
238,2__AFLEX005,DSR,2__AFLEX,Flexitricity Limited,49.0,110,2.166666666666667,30.982341634973213,33.14900830163988,0.065403299466577,0.004274853339646964,0.061128446126930025,Offer,0.9346385675568013
239,T_SOKYW-1,WIND,T_SOKYW,South Kyle Wind Farm Limited,426.916,34,32.7,0.0,32.7,0.0645174019414411,0.0645174019414411,0.0,Bid,1.0
240,E_DBFRM-1,DIESEL,E_DBFRM,Conrad Energy (Trading) Ltd,20.0,69,1.6111111111111112,31.08291153291153,32.694022644022645,0.06450560856290476,0.0031787370987118443,0.061326871464192904,Offer,0.9507215392656594
241,2__GSTAT010,BATTERY,2__GSTAT_B,Statkraft Markets Gmbh,16.0,36,1.0625,31.5,32.5625,0.06424611317180964,0.0020963223107884144,0.06214979086102123,Offer,0.9673704414587332
242,2__AFLEX003,DSR,2__AFLEX,Flexitricity Limited,49.0,113,1.1666666666666667,31.355992983624564,32.52265965029123,0.06416750779396108,0.0023018441059637494,0.06186566368799733,Offer,0.9641275750749917
243,2__GSTAT009,BATTERY,2__GSTAT_B,Statkraft Markets Gmbh,16.45,38,21.102777777777778,11.125,32.227777777777774,0.06358570313664623,0.04163597541192048,0.02194972772472575,Bid,0.654800896397173
244,I_IBD-DSKC1,BritNed,I_IBD-DSKC,Danske Commodities A/S,,32,32.0,0.0,32.0,0.06313629547786284,0.06313629547786284,0.0,Bid,1.0
245,T_WHILW-2,WIND,T_WHILW,SP Renewables (UK) Limited,206.0,32,32.0,0.0,32.0,0.06313629547786284,0.06313629547786284,0.0,Bid,1.0
246,2__BFLEX004,DSR,2__BFLEX,Flexitricity Limited,49.0,65,17.792857142857144,13.869047619047619,31.661904761904765,0.06246923045123662,0.03510547143646347,0.027363759014773142,Bid,0.5619642051436307
247,2__EFLEX003,DSR,2__EFLEX,Flexitricity Limited,49.0,69,0.0,31.42979797979798,31.42979797979798,0.062011281626939425,0.0,0.062011281626939425,Offer,1.0
248,2__NFSEN007,OTHER,2__NFSEN,F & S Energy Ltd,30.674,36,16.09090909090909,15.2,31.29090909090909,0.06173725256670565,0.0317475122147208,0.02998974035198485,Bid,0.5142359093550262
249,T_HOWAO-3,WIND,T_HOWAO,Hornsea 1 Limited,400.0,62,31.0,0.0,31.0,0.061163286244179625,0.061163286244179625,0.0,Bid,1.0
250,I_IFD-NITR1,IFA,I_IFD-NITR,Nitor Energy A/S,,32,31.0,0.0,31.0,0.061163286244179625,0.061163286244179625,0.0,Bid,1.0
251,2__NLOND001,OCGT,2__NLOND_OC,EDF Energy Customers Limited,30.0,35,1.0,29.75,30.75,0.06067003393575882,0.001973009233683214,0.058697024702075606,Offer,0.967479674796748
252,T_SLOY-3,NPSHYD,T_SLOY,SSE Generation Ltd,41.46,116,8.629700854700854,22.04594572094572,30.675646575646574,0.06052333394295354,0.017026479470248705,0.043496854472704835,Offer,0.7186790885264671
253,T_EAAO-2,WIND,T_EAAO,East Anglia One Limited,367.0,46,30.0,0.0,30.0,0.05919027701049641,0.05919027701049641,0.0,Bid,1.0
254,T_CRYRW-2,WIND,T_CRYRW,Eneco Energy Trade,150.62,35,30.0,0.0,30.0,0.05919027701049641,0.05919027701049641,0.0,Bid,1.0
255,I_IVD-NEAS1,Viking,I_IVD-NEAS,Centrica Energy Trading A/S,,31,30.0,0.0,30.0,0.05919027701049641,0.05919027701049641,0.0,Bid,1.0
256,2__BBPGM001,BATTERY,2__BBPGM,BP Gas Marketing Limited,10.19,30,17.0,13.0,30.0,0.05919027701049641,0.03354115697261463,0.02564912003788178,Bid,0.5666666666666667
257,T_ERRO-1,NPSHYD,T_ERRO,SSE Generation Ltd,25.3,111,5.720238095238095,24.277813852813853,29.99805194805195,0.05918643348601521,0.01128608258077124,0.047900350905243964,Offer,0.8093130145536146
258,T_SGRWO-3,WIND,T_SGRWO,Seagreen Wind Energy Limited,374.618,93,29.95,0.0,29.95,0.05909162654881225,0.05909162654881225,0.0,Bid,1.0
259,M_CAS-KIL01,NPSHYD,M_CAS-KIL,SSE Generation Ltd,70.0,33,25.333333333333332,4.6,29.93333333333333,0.059058743061584186,0.049982900586641406,0.009075842474942782,Bid,0.846325167037862
260,T_WDRGW-1,WIND,T_WDRGW,Windy Rig Wind Farm Limited,42.8,45,29.333333333333332,0.0,29.333333333333332,0.05787493752137426,0.05787493752137426,0.0,Bid,1.0
261,T_DOUGW-1,WIND,T_DOUGW,Erova Energy Limited,45.0,33,29.116666666666667,0.0,29.116666666666667,0.05744745218740957,0.05744745218740957,0.0,Bid,1.0
262,E_RDFRB-1,DIESEL,E_RDFRB,Conrad Energy (Trading) Ltd,20.0,79,1.9444444444444444,27.133369408369408,29.07781385281385,0.05737079522692339,0.003836406843272915,0.053534388383650475,Offer,0.9331296206005432
263,T_KPMRW-1,WIND,T_KPMRW,OnPath Energy Limited,89.0,37,29.0,0.0,29.0,0.05721726777681319,0.05721726777681319,0.0,Bid,1.0
264,2__HSTAT003,BATTERY,2__HSTAT,Statkraft Markets Gmbh,20.475,29,1.0,27.5,28.5,0.05623076315997159,0.001973009233683214,0.05425775392628838,Offer,0.9649122807017544
265,2__DSTAT004,BATTERY,2__DSTAT,Statkraft Markets Gmbh,16.0,36,1.3053571428571429,27.076923076923077,28.38228021978022,0.0559985009466108,0.0025754816961114806,0.053423019250499325,Offer,0.954008024276097
266,V__PHABI004,OTHER,V__PHABI_OTH,Habitat Energy Limited,0.0,45,21.066666666666666,7.033333333333333,28.1,0.05544155946649831,0.0415647278562597,0.013876831610238604,Bid,0.7497034400948991
267,2__DSTAT003,BATTERY,2__DSTAT,Statkraft Markets Gmbh,20.447,34,1.6386904761904761,26.3,27.938690476190477,0.05512329428654107,0.003233151440672552,0.05189014284586852,Offer,0.9413469118179688
268,I_IBD-DMCC1,BritNed,I_IBD-DMCC,Cobblestone Energy DMCC,,31,27.833333333333332,0.0,27.833333333333332,0.05491542367084944,0.05491542367084944,0.0,Bid,1.0
269,E_NEWTB-1,BATTERY,E_NEWTB,EDF Energy Customers Limited,52.0,38,17.674242424242426,10.033333333333333,27.70757575757576,0.05466730281267414,0.03487144350138589,0.019795859311288244,Bid,0.6378848362224531
270,2__DSTAT006,BATTERY,2__DSTAT,Statkraft Markets Gmbh,14.0,42,0.22916666666666666,27.183333333333334,27.4125,0.0540851156183411,0.0004521479493857364,0.05363296766895536,Offer,0.9916400668794649
271,E_WTRLN-1,DIESEL,E_WTRLN,Conrad Energy (Trading) Ltd,20.0,32,0.0,27.083333333333332,27.083333333333332,0.05343566674558703,0.0,0.05343566674558703,Offer,1.0
272,E_RDFRD-1,DIESEL,E_RDFRD,Conrad Energy (Trading) Ltd,20.5,74,1.3333333333333333,25.675036075036076,27.008369408369408,0.053287762229440074,0.0026306789782442846,0.0506570832511958,Offer,0.9506325867669687
273,V__HHABI001,OTHER,V__HHABI_OTH,Habitat Energy Limited,0.0,32,15.59090909090909,11.416666666666666,27.007575757575758,0.053286196349095885,0.030761007597879194,0.022525188751216688,Bid,0.5772791023842917
274,2__MSTAT003,BATTERY,2__MSTAT_B,Statkraft Markets Gmbh,16.0,32,0.0,26.426923076923078,26.426923076923078,0.052140563248605235,0.0,0.052140563248605235,Offer,1.0
275,E_GOSHS-1,DIESEL,E_GOSHS,Conrad Energy (Trading) Ltd,20.0,41,0.0,26.227355977355977,26.227355977355977,0.05174681551841997,0.0,0.05174681551841997,Offer,1.0
276,2__FFSEN005,OTHER,2__FFSEN,F & S Energy Ltd,24.479,32,17.34090909090909,8.666666666666666,26.007575757575758,0.051313187115412676,0.034213773756824814,0.01709941335858785,Bid,0.6667637634721817
277,2__LSTAT003,BATTERY,2__LSTAT,Statkraft Markets Gmbh,20.0,28,3.0,22.9,25.9,0.05110093915239523,0.0059190277010496405,0.04518191145134559,Offer,0.8841698841698842
278,E_TRFPK-1,DIESEL,E_TRFPK,Conrad Energy (Trading) Ltd,14.0,44,1.9444444444444444,23.515079365079366,25.45952380952381,0.0502318755613681,0.003836406843272915,0.04639546871809518,Offer,0.9236260481935223
279,V__HDSKC001,BATTERY,V__HDSKC,Danske Commodities A/S,0.0,25,19.0,6.0,25.0,0.04932523084208034,0.037487175439981056,0.011838055402099281,Bid,0.76
280,T_ERRO-3,NPSHYD,T_ERRO,SSE Generation Ltd,25.66,96,3.636904761904762,21.299242424242426,24.93614718614719,0.049199248650752085,0.007175646677264545,0.04202360197348754,Offer,0.8541512955166877
281,T_THURB-1,BATTERY,T_THURB,THURROCK STORAGE LIMITED,100.0,31,16.708333333333332,8.0,24.708333333333332,0.0487497698155894,0.032965695946123696,0.01578407386946571,Bid,0.6762225969645869
282,2__GFLEX001,DSR,2__GFLEX_LR,Flexitricity Limited,49.0,79,2.25,22.32916703179861,24.57916703179861,0.048494923509980685,0.004439270775787231,0.04405565273419346,Offer,0.9084590622176445
283,E_NEWPB-1,BATTERY,E_NEWPB,Field Newport Ltd,20.933,25,21.5,3.0,24.5,0.048338726225238736,0.042419698524189094,0.0059190277010496405,Bid,0.8775510204081632
284,E_RDSCR-1,DIESEL,E_RDSCR,Conrad Energy (Trading) Ltd,40.0,61,0.5,23.99448051948052,24.49448051948052,0.04832783623920866,0.000986504616841607,0.047341331622367054,Offer,0.9795872380472674
285,2__KSTAT001,BATTERY,2__KSTAT,Statkraft Markets Gmbh,8.0,38,4.055357142857143,20.074310776942355,24.1296679197995,0.04760805761147403,0.008001257088740318,0.039606800522733715,Offer,0.8319348133452953
286,T_DOREW-1,WIND,T_DOREW,Dorenell Windfarm Limited,156.92,34,24.0,0.0,24.0,0.047352221608397124,0.047352221608397124,0.0,Bid,1.0
287,T_NNGAO-2,WIND,T_NNGAO,Neart Na Gaoithe Offshore Wind,224.0,33,23.0,1.0,24.0,0.047352221608397124,0.045379212374713915,0.001973009233683214,Bid,0.9583333333333334
288,2__GSTAT003,BATTERY,2__GSTAT_B,Statkraft Markets Gmbh,20.0,51,0.0,23.776630679262258,23.776630679262258,0.04691151187606001,0.0,0.04691151187606001,Offer,1.0
289,2__PFLEX001,OTHER,2__PFLEX,Flexitricity Limited,49.0,48,10.867857142857142,12.885714285714286,23.753571428571426,0.04686601576152519,0.02144238249320721,0.025423633268317983,Offer,0.5424748158171704
290,2__NSTAT002,BATTERY,2__NSTAT_B,Statkraft Markets Gmbh,20.0,46,0.125,23.421703296703296,23.546703296703296,0.04645786302719457,0.0002466261542104017,0.04621123687298417,Offer,0.9946914012367285
291,T_SGRWO-4,WIND,T_SGRWO,Seagreen Wind Energy Limited,140.0,70,23.5,0.0,23.5,0.04636571699155552,0.04636571699155552,0.0,Bid,1.0
292,E_LCHWT-1,DIESEL,E_LCHWT,Conrad Energy (Trading) Ltd,15.0,38,1.1111111111111112,22.23932178932179,23.3504329004329,0.04607061972305441,0.0021922324818702374,0.04387838724118418,Offer,0.9524158239014698
293,V__NFLEX001,DSR,V__NFLEX,Flexitricity Limited,0.0,46,13.376190476190477,9.661904761904761,23.038095238095238,0.04545437463123518,0.026391347321029275,0.019063027310205906,Bid,0.5806118230673832
294,2__NSTAT001,BATTERY,2__NSTAT_B,Statkraft Markets Gmbh,20.0,54,1.125,21.601959151959154,22.726959151959154,0.04484050026035663,0.0022196353878936154,0.04262086487246301,Offer,0.9504993170235438
295,I_IFD-DSKC1,IFA,I_IFD-DSKC,Danske Commodities A/S,,23,22.5,0.0,22.5,0.04439270775787231,0.04439270775787231,0.0,Bid,1.0
296,I_IND-NTPL1,NEMO,I_IND-NTPL,Northpool BV,,23,22.5,0.0,22.5,0.04439270775787231,0.04439270775787231,0.0,Bid,1.0
297,E_FASN-3,NPSHYD,E_FASN,SSE Generation Ltd,24.2,45,14.119047619047619,8.30952380952381,22.42857142857143,0.04425177852689494,0.027857011323193945,0.01639476720370099,Bid,0.6295116772823779
298,M_SLOY-4,NPSHYD,M_SLOY,SSE Generation Ltd,40.0,99,0.7713675213675213,21.638802863802862,22.41017038517038,0.04421547309835526,0.0015219152422214532,0.04269355785613381,Offer,0.9655795780170435
299,2__JSTAT003,BATTERY,2__JSTAT,Statkraft Markets Gmbh,22.0,24,5.0,17.316666666666666,22.316666666666666,0.04403098939836372,0.009865046168416068,0.03416594322994765,Offer,0.7759522031366691
300,2__EFLEX002,DSR,2__EFLEX,Flexitricity Limited,49.0,71,4.75,17.46318579081737,22.21318579081737,0.04382682067480343,0.009371793859995264,0.034455026814808165,Offer,0.786163045466284
301,2__LSTAT002,BATTERY,2__LSTAT,Statkraft Markets Gmbh,20.858,34,1.4166666666666667,20.783333333333335,22.200000000000003,0.04380080498776735,0.002795096414384553,0.041005708573382794,Offer,0.9361861861861861
302,E_LSTWY-1,DIESEL,E_LSTWY,Conrad Energy (Trading) Ltd,12.72,29,0.0,22.04090909090909,22.04090909090909,0.04348691715513592,0.0,0.04348691715513592,Offer,1.0
303,T_MIDMW-1,WIND,T_MIDMW,OnPath Energy Limited,51.0,30,22.0,0.0,22.0,0.0434062031410307,0.0434062031410307,0.0,Bid,1.0
304,2__GSTAT017,BATTERY,2__GSTAT_B,Statkraft Markets Gmbh,28.0,22,7.0,15.0,22.0,0.0434062031410307,0.013811064635782496,0.029595138505248204,Offer,0.6818181818181818
305,E_SUDME-1,DIESEL,E_SUDME,Conrad Energy (Trading) Ltd,40.0,55,3.611111111111111,18.06626984126984,21.67738095238095,0.04276967278111623,0.007124755566078272,0.03564491721503796,Offer,0.8334157101799476
306,E_SOLUTIA,GAS,E_SOLUTIA,UK Power Reserve Limited,15.8,27,0.0,21.366666666666667,21.366666666666667,0.04215663062636466,0.0,0.04215663062636466,Offer,1.0
307,V__HZENO004,BATTERY,V__HZENO,BESS Holdco 2 Limited,0.0,22,14.0,7.333333333333333,21.333333333333332,0.042090863651908554,0.02762212927156499,0.014468734380343564,Bid,0.65625
308,2__LECOT003,OTHER,2__LECOT,ECOTRICITY LIMITED,10.0,21,12.0,9.0,21.0,0.04143319390734749,0.023676110804198562,0.017757083103148923,Bid,0.5714285714285714
309,I_IBD-NEAS1,BritNed,I_IBD-NEAS,Centrica Energy Trading A/S,,21,21.0,0.0,21.0,0.04143319390734749,0.04143319390734749,0.0,Bid,1.0
310,I_IBG-INCM1,BritNed,I_IBG-INCM,IN COMMODITIES A/S,,21,0.0,21.0,21.0,0.04143319390734749,0.0,0.04143319390734749,Offer,1.0
311,E_MORFL-1,DIESEL,E_MORFL,Conrad Energy (Trading) Ltd,20.0,35,1.0,19.894022644022645,20.894022644022645,0.04122409960544283,0.001973009233683214,0.03925109037175962,Offer,0.9521394220233566
312,2__DLOND001,OCGT,2__DLOND,EDF Energy Customers Limited,24.0,25,0.0,20.833333333333332,20.833333333333332,0.04110435903506694,0.0,0.04110435903506694,Offer,1.0
313,T_SGRWO-2,WIND,T_SGRWO,Seagreen Wind Energy Limited,220.0,62,19.766666666666666,1.0,20.766666666666666,0.040972825086154734,0.03899981585247152,0.001973009233683214,Bid,0.9518459069020867
314,E_PETEM3,CCGT,E_PETEM,River Nene Power Limited,49.227,31,9.833333333333334,10.892857142857142,20.726190476190474,0.04089296518860089,0.0194012574645516,0.02149170772404929,Offer,0.5255600229753016
315,T_MKFRB-1,BATTERY,T_MKFRB,HD777FRY Ltd,57.0,33,10.0,10.616666666666667,20.616666666666667,0.040676873701102255,0.019730092336832136,0.02094678136427012,Offer,0.5149555375909458
316,I_IFD-NEAS1,IFA,I_IFD-NEAS,Centrica Energy Trading A/S,,21,20.5,0.0,20.5,0.04044668929050588,0.04044668929050588,0.0,Bid,1.0
317,E_ASHWW-1,WIND,E_ASHWW,Statkraft Markets Gmbh,35.0,21,20.333333333333332,0.0,20.333333333333332,0.040117854418225345,0.040117854418225345,0.0,Bid,1.0
318,T_FASN-1,NPSHYD,T_FASN,SSE Generation Ltd,23.04,43,12.23015873015873,8.00952380952381,20.23968253968254,0.03993308053761057,0.024130216104014543,0.015802864433596027,Bid,0.604266332052388
319,2__HFLEX001,DSR,2__HFLEX,Flexitricity Limited,49.0,72,0.0,20.10568218331376,20.10568218331376,0.03966869659717812,0.0,0.03966869659717812,Offer,1.0
320,T_MOWWO-4,WIND,T_MOWWO,Moray Offshore Wind West Ltd,287.0,24,20.083333333333332,0.0,20.083333333333332,0.03962460210980454,0.03962460210980454,0.0,Bid,1.0
321,T_NNGAO-1,WIND,T_NNGAO,Neart Na Gaoithe Offshore Wind,224.0,29,20.0,0.0,20.0,0.03946018467366427,0.03946018467366427,0.0,Bid,1.0
322,I_I2D-DSKC1,IFA2,I_I2D-DSKC,Danske Commodities A/S,,21,20.0,0.0,20.0,0.03946018467366427,0.03946018467366427,0.0,Bid,1.0
323,E_ASLVW-1,WIND,E_ASLVW,Npower Commercial Gas Limited,26.0,20,20.0,0.0,20.0,0.03946018467366427,0.03946018467366427,0.0,Bid,1.0
324,E_BURBO,WIND,E_BURBO,Orsted Burbo (UK) Limited,90.0,20,20.0,0.0,20.0,0.03946018467366427,0.03946018467366427,0.0,Bid,1.0
325,2__NFLEX002,BATTERY,2__NFLEX_B,Flexitricity Limited,49.0,36,2.0,17.968528693528693,19.968528693528693,0.03939809149540031,0.003946018467366428,0.03545207302803388,Offer,0.8998423954666149
326,T_THURB-2,BATTERY,T_THURB,THURROCK STORAGE LIMITED,100.0,24,11.642857142857142,8.125,19.767857142857142,0.03900216467298781,0.0229714646493117,0.01603070002367611,Bid,0.5889792231255646
327,2__EFLEX004,DSR,2__EFLEX,Flexitricity Limited,49.0,49,0.6666666666666666,18.974603174603175,19.641269841269843,0.038752406758089025,0.0013153394891221423,0.03743706726896689,Offer,0.9660578632616776
328,E_TDRVE-1,OTHER,E_TDRVE,Conrad Energy (Trading) Ltd,6.0,25,3.5,16.083333333333332,19.583333333333332,0.03863809749296293,0.006905532317891248,0.031732565175071684,Offer,0.8212765957446808
329,T_THURB-3,BATTERY,T_THURB,THURROCK STORAGE LIMITED,100.0,24,12.767857142857142,6.625,19.392857142857142,0.03826228621035661,0.025191100037205316,0.01307118617315129,Bid,0.6583793738489871
330,2__NHPOW001,NPSHYD,2__NHPOW,Drax Energy Solutions Limited,25.0,21,15.666666666666666,3.5,19.166666666666664,0.03781601031226159,0.030910477994370345,0.006905532317891248,Bid,0.8173913043478261
331,2__NFLEX004,DSR,2__NFLEX_LR,Flexitricity Limited,49.0,33,0.5,18.57408424908425,19.07408424908425,0.037633344347494775,0.000986504616841607,0.03664683973065316,Offer,0.9737864217505485
332,I_IVD-DSKC1,Viking,I_IVD-DSKC,Danske Commodities A/S,,19,19.0,0.0,19.0,0.037487175439981056,0.037487175439981056,0.0,Bid,1.0
333,I_IVD-NTPL1,Viking,I_IVD-NTPL,Northpool BV,,19,19.0,0.0,19.0,0.037487175439981056,0.037487175439981056,0.0,Bid,1.0
334,T_CRGHW-1,WIND,T_CRGHW,Statkraft Markets Gmbh,46.0,19,19.0,0.0,19.0,0.037487175439981056,0.037487175439981056,0.0,Bid,1.0
335,T_HUMR-2,OTHER,T_HUMR_OTH,VPI Immingham Energy Park A,50.0,19,1.0,18.0,19.0,0.037487175439981056,0.001973009233683214,0.03551416620629785,Offer,0.9473684210526315
336,T_ERRO-2,NPSHYD,T_ERRO,SSE Generation Ltd,25.26,70,6.936904761904762,11.8,18.73690476190476,0.03696808610588107,0.013686577148419149,0.02328150895746192,Offer,0.6297731749158143
337,2__BSTAT002,BATTERY,2__BSTAT_B,Statkraft Markets Gmbh,6.431,34,3.1625,15.432644110275689,18.59514411027569,0.03668839103124396,0.006239641701523163,0.0304487493297208,Offer,0.8299287178821916
338,T_NANT-1,NPSHYD,T_NANT,SSE Generation Ltd,20.0,45,3.0,15.585714285714285,18.585714285714285,0.03666978590031229,0.0059190277010496405,0.030750758199262655,Offer,0.8385857033051499
339,E_GRCRB-1,BATTERY,E_GRCRB,FIELD GERRARDS CROSS LTD,20.0,20,11.5,7.0,18.5,0.03650067082313945,0.022689606187356957,0.013811064635782496,Bid,0.6216216216216216
340,T_FASN-2,NPSHYD,T_FASN,SSE Generation Ltd,23.28,44,11.369047619047619,6.65,18.01904761904762,0.03555174733455848,0.02243123593056511,0.013120511403993371,Bid,0.630946088794926
341,T_SUTB-1,CCGT,T_SUTB,SUTTON BRIDGE POWER GENERATION,850.0,21,1.0,17.0,18.0,0.03551416620629785,0.001973009233683214,0.03354115697261463,Offer,0.9444444444444444
342,2__PMARB001,NPSHYD,2__PMARB,Marble Power Limited,80.0,18,18.0,0.0,18.0,0.03551416620629785,0.03551416620629785,0.0,Bid,1.0
343,I_IFD-MFTE1,IFA,I_IFD-MFTE,MFT Energy A/S,,18,18.0,0.0,18.0,0.03551416620629785,0.03551416620629785,0.0,Bid,1.0
344,2__NFLEX003,DSR,2__NFLEX_LR,Flexitricity Limited,49.0,37,0.6428571428571428,17.129347406978987,17.77220454983613,0.035064723679733505,0.0012683630787963514,0.03379636060093715,Offer,0.9638279459897917
345,E_ARNKB-2,BATTERY,E_ARNKB_B,Flexitricity Limited,49.0,40,11.96111111111111,5.751190476190476,17.712301587301585,0.03494653458152787,0.023599382667333104,0.011347151914194768,Bid,0.675299652738882
346,T_TEBWB-1,BATTERY,T_TEBWB,Arenko Cleantech Limited,39.9,18,12.5,5.0,17.5,0.03452766158945624,0.02466261542104017,0.009865046168416068,Bid,0.7142857142857143
347,T_WISTW-2,WIND,T_WISTW,BROCKLOCH RIG WINDFARM LTD,61.5,19,17.333333333333332,0.0,17.333333333333332,0.0341988267171757,0.0341988267171757,0.0,Bid,1.0
348,2__DSTAT005,BATTERY,2__DSTAT,Statkraft Markets Gmbh,16.0,21,0.0625,17.253846153846155,17.316346153846155,0.03416531085519327,0.00012331307710520086,0.034041997778088064,Offer,0.9963906935421178
349,T_WLNYO-4,WIND,T_WLNYO,Walney Extension Ltd,330.0,22,17.0,0.0,17.0,0.03354115697261463,0.03354115697261463,0.0,Bid,1.0
350,I_IBD-INCM1,BritNed,I_IBD-INCM,IN COMMODITIES A/S,,17,17.0,0.0,17.0,0.03354115697261463,0.03354115697261463,0.0,Bid,1.0
351,I_IBD-NTPL1,BritNed,I_IBD-NTPL,Northpool BV,,17,17.0,0.0,17.0,0.03354115697261463,0.03354115697261463,0.0,Bid,1.0
352,I_IBG-DSKC1,BritNed,I_IBG-DSKC,Danske Commodities A/S,,17,0.0,17.0,17.0,0.03354115697261463,0.0,0.03354115697261463,Offer,1.0
353,I_IVG-DSKC1,Viking,I_IVG-DSKC,Danske Commodities A/S,,17,0.0,17.0,17.0,0.03354115697261463,0.0,0.03354115697261463,Offer,1.0
354,2__NFLEX009,OTHER,2__NFLEX_OTH,Flexitricity Limited,49.0,32,12.626190476190477,4.269047619047619,16.895238095238096,0.033334460767181155,0.024911590395766865,0.00842287037141429,Bid,0.7473224351747464
355,2__NFLEX006,DSR,2__NFLEX_LR,Flexitricity Limited,49.0,70,1.5,15.023850126481705,16.523850126481705,0.03260170887554594,0.0029595138505248203,0.02964219502502112,Offer,0.9092221250787038
356,2__ECNDL001,GAS,2__ECNDL,NEAS Energy Ltd.,20.863,32,1.8333333333333333,14.642857142857142,16.476190476190474,0.032507675945447234,0.003617183595085891,0.02889049235036134,Offer,0.888728323699422
357,2__DSTAT007,BATTERY,2__DSTAT,Statkraft Markets Gmbh,30.0,17,8.25,8.0,16.25,0.03206140004735222,0.016277326177886513,0.01578407386946571,Bid,0.5076923076923077
358,2__KSTAT002,BATTERY,2__KSTAT,Statkraft Markets Gmbh,14.0,17,1.0625,15.0,16.0625,0.03169146081603662,0.0020963223107884144,0.029595138505248204,Offer,0.933852140077821
359,I_IND-NITR1,NEMO,I_IND-NITR,Nitor Energy A/S,,19,16.0,0.0,16.0,0.03156814773893142,0.03156814773893142,0.0,Bid,1.0
360,I_ING-DSKC1,NEMO,I_ING-DSKC,Danske Commodities A/S,,16,0.0,16.0,16.0,0.03156814773893142,0.0,0.03156814773893142,Offer,1.0
361,T_EDINW-1,WIND,T_EDINW,Vattenfall Wind Power Ltd,41.4,16,16.0,0.0,16.0,0.03156814773893142,0.03156814773893142,0.0,Bid,1.0
362,T_HRSTW-1,WIND,T_HRSTW,SP Renewables (UK) Limited,142.3,16,16.0,0.0,16.0,0.03156814773893142,0.03156814773893142,0.0,Bid,1.0
363,E_ABERDARE,OCGT,E_ABERDARE,UK Power Reserve Limited,15.4,20,0.125,15.7,15.825,0.031222871123036854,0.0002466261542104017,0.030976244968826453,Offer,0.9921011058451816
364,2__EFLEX001,DSR,2__EFLEX,Flexitricity Limited,49.0,34,7.544444444444444,8.267857142857142,15.812301587301587,0.031197817037529763,0.014885258551898912,0.016312558485630853,Offer,0.522874996863001
365,2__NFLEX005,DSR,2__NFLEX_LR,Flexitricity Limited,49.0,69,0.16666666666666666,15.460754888386468,15.627421555053134,0.030833047026779917,0.0003288348722805356,0.030504212154499385,Offer,0.9893349861920904
366,E_SEVINGTN,GAS,E_SEVINGTN,UK Power Reserve Limited,10.3,25,0.125,15.45,15.575,0.030729618814616052,0.0002466261542104017,0.03048299266040565,Offer,0.9919743178170144
367,T_TWSHW-1,WIND,T_TWSHW,Twentyshilling Limited,37.8,27,15.5,0.0,15.5,0.030581643122089813,0.030581643122089813,0.0,Bid,1.0
368,T_DOREW-2,WIND,T_DOREW,Dorenell Windfarm Limited,156.92,25,15.5,0.0,15.5,0.030581643122089813,0.030581643122089813,0.0,Bid,1.0
369,T_CRDEW-1,WIND,T_CRDEW,EDF Energy Customers Limited,24.0,24,15.5,0.0,15.5,0.030581643122089813,0.030581643122089813,0.0,Bid,1.0
370,T_CRDEW-2,WIND,T_CRDEW,EDF Energy Customers Limited,24.0,24,15.5,0.0,15.5,0.030581643122089813,0.030581643122089813,0.0,Bid,1.0
371,T_RMPNO-1,WIND,T_RMPNO,Rampion Offshore Windfarm Ltd,200.1,23,15.5,0.0,15.5,0.030581643122089813,0.030581643122089813,0.0,Bid,1.0
372,T_SGRWO-5,WIND,T_SGRWO,Seagreen Wind Energy Limited,300.0,60,15.083333333333332,0.3333333333333333,15.416666666666666,0.03041722568594954,0.02975955594138847,0.0006576697445610712,Bid,0.9783783783783784
373,2__BFLEX003,DSR,2__BFLEX,Flexitricity Limited,49.0,34,4.75,10.619444444444444,15.369444444444444,0.030324055805470058,0.009371793859995264,0.020952261945474792,Offer,0.6909452376649196
374,2__NFLEX007,DSR,2__NFLEX_LR,Flexitricity Limited,49.0,51,2.1666666666666665,13.123106425738005,15.28977309240467,0.03016686349223556,0.004274853339646963,0.025892010152588598,Offer,0.8582930790684541
375,2__KFLEX001,DSR,2__KFLEX,Flexitricity Limited,49.0,53,0.0,15.064448417079996,15.064448417079996,0.029722295827243304,0.0,0.029722295827243304,Offer,1.0
376,2__KSTAT003,BATTERY,2__KSTAT,Statkraft Markets Gmbh,16.0,16,0.0625,15.0,15.0625,0.029718451582353405,0.00012331307710520086,0.029595138505248204,Offer,0.995850622406639
377,I_IBD-MFTE1,BritNed,I_IBD-MFTE,MFT Energy A/S,,16,15.0,0.0,15.0,0.029595138505248204,0.029595138505248204,0.0,Bid,1.0
378,I_IND-NEAS1,NEMO,I_IND-NEAS,Centrica Energy Trading A/S,,16,15.0,0.0,15.0,0.029595138505248204,0.029595138505248204,0.0,Bid,1.0
379,I_IND-INCM1,NEMO,I_IND-INCM,IN COMMODITIES A/S,,15,15.0,0.0,15.0,0.029595138505248204,0.029595138505248204,0.0,Bid,1.0
380,V__DWELS002,OTHER,V__DWELS,Welsh Power Group Limited,0.0,16,0.0,14.625,14.625,0.028855260042617,0.0,0.028855260042617,Offer,1.0
381,E_DALSW-1,WIND,E_DALSW,Mobius Renewables Gen. (GB),30.0,17,14.5,0.0,14.5,0.028608633888406596,0.028608633888406596,0.0,Bid,1.0
382,E_GRGRW-1,WIND,E_GRGRW,Greengairs East Wind Farm Ltd,37.649,15,14.5,0.0,14.5,0.028608633888406596,0.028608633888406596,0.0,Bid,1.0
383,2__GFLEX008,BATTERY,2__GFLEX_B,Flexitricity Limited,49.0,32,6.4261904761904765,7.935714285714286,14.361904761904762,0.02833617070851701,0.012678933146930936,0.015657237561586074,Offer,0.5525530503978779
384,2__GSTAT006,BATTERY,2__GSTAT_B,Statkraft Markets Gmbh,6.302,25,4.267857142857142,10.043192918192918,14.31105006105006,0.02823583391415449,0.008420521550898,0.01981531236325649,Offer,0.7017788964016808
385,I_IVD-OUTL1,Viking,I_IVD-OUTL,Outlook Energy Ltd,,14,14.0,0.0,14.0,0.02762212927156499,0.02762212927156499,0.0,Bid,1.0
386,I_IVG-INCM1,Viking,I_IVG-INCM,IN COMMODITIES A/S,,14,0.0,14.0,14.0,0.02762212927156499,0.0,0.02762212927156499,Offer,1.0
387,T_BRBEO-1,WIND,T_BRBEO,Burbo Extension Limited,257.7,14,14.0,0.0,14.0,0.02762212927156499,0.02762212927156499,0.0,Bid,1.0
388,T_DALQW-1,WIND,T_DALQW,Statkraft Markets Gmbh,42.846,17,13.75,0.0,13.75,0.02712887696314419,0.02712887696314419,0.0,Bid,1.0
389,2__GFLEX002,DSR,2__GFLEX_LR,Flexitricity Limited,49.0,53,1.0,12.642781195412773,13.642781195412773,0.026917333271669116,0.001973009233683214,0.024944324037985903,Offer,0.92670116263858
390,V__KWELS001,OTHER,V__KWELS,Welsh Power Group Limited,0.0,21,0.8333333333333333,12.7,13.533333333333333,0.02670139162917949,0.001644174361402678,0.025057217267776814,Offer,0.938423645320197
391,E_MINSW-1,WIND,E_MINSW,Mobius Renewables Gen. (GB),38.123,16,13.5,0.0,13.5,0.026635624654723383,0.026635624654723383,0.0,Bid,1.0
392,2__GSMAE003,CCGT,2__GSMAE,Smartestenergy Limited,61.882,14,1.0,12.5,13.5,0.026635624654723383,0.001973009233683214,0.02466261542104017,Offer,0.9259259259259259
393,T_EWHLW-1,WIND,T_EWHLW,SP Renewables (UK) Limited,38.0,25,13.366666666666667,0.0,13.366666666666667,0.02637255675689896,0.02637255675689896,0.0,Bid,1.0
394,T_SHRSW-1,WIND,T_SHRSW,Scira Offshore Energy Limited,158.4,16,13.333333333333334,0.0,13.333333333333334,0.02630678978244285,0.02630678978244285,0.0,Bid,1.0
395,2__GLOND003,OCGT,2__GLOND_OC,EDF Energy Customers Limited,50.0,19,1.0,12.166666666666666,13.166666666666666,0.02597795491016231,0.001973009233683214,0.024004945676479095,Offer,0.9240506329113924
396,I_IFD-NORL1,IFA,I_IFD-NORL,Norlys Energy Trading A/S,,15,13.166666666666666,0.0,13.166666666666666,0.02597795491016231,0.02597795491016231,0.0,Bid,1.0
397,V__DWELS001,OTHER,V__DWELS,Welsh Power Group Limited,0.0,16,1.0,12.125,13.125,0.02589574619209218,0.001973009233683214,0.023922736958408967,Offer,0.9238095238095239
398,T_WLNYO-3,WIND,T_WLNYO,Walney Extension Ltd,330.0,18,13.0,0.0,13.0,0.02564912003788178,0.02564912003788178,0.0,Bid,1.0
399,I_IFD-NTPL1,IFA,I_IFD-NTPL,Northpool BV,,14,13.0,0.0,13.0,0.02564912003788178,0.02564912003788178,0.0,Bid,1.0
400,T_BREDB-1,BATTERY,T_BREDB,Pivoted Power LLP,49.9,14,8.0,5.0,13.0,0.02564912003788178,0.01578407386946571,0.009865046168416068,Bid,0.6153846153846154
401,I_IBG-NTPL1,BritNed,I_IBG-NTPL,Northpool BV,,13,0.0,13.0,13.0,0.02564912003788178,0.0,0.02564912003788178,Offer,1.0
402,2__NFLEX001,OTHER,2__NFLEX_OTH,Flexitricity Limited,50.406,24,7.934523809523809,4.95,12.88452380952381,0.02542128444780169,0.015654888741069784,0.009766395706731908,Bid,0.6158181650189412
403,T_SANQW-1,WIND,T_SANQW,SANQUHAR CWCL,32.08,15,12.833333333333334,0.0,12.833333333333334,0.025320285165601246,0.025320285165601246,0.0,Bid,1.0
404,2__GFSEN005,OTHER,2__GFSEN,F & S Energy Ltd,48.783,15,9.25,3.333333333333333,12.583333333333332,0.024827032857180437,0.018250335411569726,0.006576697445610712,Bid,0.7350993377483445
405,T_RMPNO-2,WIND,T_RMPNO,Rampion Offshore Windfarm Ltd,200.1,20,12.5,0.0,12.5,0.02466261542104017,0.02466261542104017,0.0,Bid,1.0
406,I_IND-EDFT1,NEMO,I_IND-EDFT,EDF TRADING LIMITED,,13,12.5,0.0,12.5,0.02466261542104017,0.02466261542104017,0.0,Bid,1.0
407,I_IVG-NEAS1,Viking,I_IVG-NEAS,Centrica Energy Trading A/S,,13,0.0,12.5,12.5,0.02466261542104017,0.0,0.02466261542104017,Offer,1.0
408,M_CAS-GAR01,NPSHYD,M_CAS-GAR,SSE Generation Ltd,40.0,15,11.333333333333334,1.1,12.433333333333334,0.024531081472127955,0.022360771315076425,0.0021703101570515354,Bid,0.9115281501340483
409,T_STLGW-2,WIND,T_STLGW,Stronelairg Windfarm Limited,108.0,16,12.166666666666666,0.0,12.166666666666666,0.024004945676479095,0.024004945676479095,0.0,Bid,1.0
410,2__GFLEX003,DSR,2__GFLEX_LR,Flexitricity Limited,49.0,39,3.75,8.351281028912608,12.101281028912608,0.023875939209440075,0.007398784626312051,0.016477154583128022,Offer,0.690115452154162
411,2__GLOND004,OCGT,2__GLOND_OC,EDF Energy Customers Limited,24.0,12,4.0,8.0,12.0,0.023676110804198562,0.007892036934732855,0.01578407386946571,Offer,0.6666666666666666
412,2__GSTAT012,BATTERY,2__GSTAT_B,Statkraft Markets Gmbh,16.0,12,2.0,10.0,12.0,0.023676110804198562,0.003946018467366428,0.019730092336832136,Offer,0.8333333333333334
413,E_BLARW-1,WIND,E_BLARW,Erova Energy Limited,35.0,12,12.0,0.0,12.0,0.023676110804198562,0.023676110804198562,0.0,Bid,1.0
414,I_I2D-EDFT1,IFA2,I_I2D-EDFT,EDF TRADING LIMITED,,12,12.0,0.0,12.0,0.023676110804198562,0.023676110804198562,0.0,Bid,1.0
415,I_IBG-NITR1,BritNed,I_IBG-NITR,Nitor Energy A/S,,12,0.0,12.0,12.0,0.023676110804198562,0.0,0.023676110804198562,Offer,1.0
416,I_ING-INCM1,NEMO,I_ING-INCM,IN COMMODITIES A/S,,12,0.0,12.0,12.0,0.023676110804198562,0.0,0.023676110804198562,Offer,1.0
417,I_ING-OUTL1,NEMO,I_ING-OUTL,Outlook Energy Ltd,,12,0.0,12.0,12.0,0.023676110804198562,0.0,0.023676110804198562,Offer,1.0
418,T_GLWSW-1,WIND,T_GLWSW,GALAWHISTLE WIND FARM,55.2,12,12.0,0.0,12.0,0.023676110804198562,0.023676110804198562,0.0,Bid,1.0
419,T_GORDW-2,WIND,T_GORDW,SSE Generation Ltd,58.733,12,12.0,0.0,12.0,0.023676110804198562,0.023676110804198562,0.0,Bid,1.0
420,T_KYPEW-1,WIND,T_KYPEW,Kype Extension Wind Farm Ltd,67.0,12,12.0,0.0,12.0,0.023676110804198562,0.023676110804198562,0.0,Bid,1.0
421,E_DERBY-1,OCGT,E_DERBY,Whitetower Energy Limited,56.084,16,0.0,11.95,11.95,0.023577460342514404,0.0,0.023577460342514404,Offer,1.0
422,T_SAKNW-1,WIND,T_SAKNW,Sandy Knowe Wind Farm Ltd,87.0,19,11.833333333333334,0.0,11.833333333333334,0.02334727593191803,0.02334727593191803,0.0,Bid,1.0
423,2__BFLEX001,DSR,2__BFLEX,Flexitricity Limited,49.0,36,7.8,3.892857142857143,11.692857142857143,0.02307011511099586,0.015389472022729066,0.007680643088266796,Bid,0.6670739156994502
424,2__KUKPR001,OTHER,2__KUKPR,UK Power Reserve Limited,10.2,21,3.125,8.473448773448773,11.598448773448773,0.02288384652641617,0.006165653855260043,0.01671819267115613,Offer,0.7305674180194023
425,E_BTUIW-2,WIND,E_BTUIW,SP Renewables (UK) Limited,43.7,13,11.5,0.0,11.5,0.022689606187356957,0.022689606187356957,0.0,Bid,1.0
426,I_IBG-NEAS1,BritNed,I_IBG-NEAS,Centrica Energy Trading A/S,,12,0.0,11.5,11.5,0.022689606187356957,0.0,0.022689606187356957,Offer,1.0
427,2__ESTAT004,BATTERY,2__ESTAT_B,Statkraft Markets Gmbh,12.603,14,1.0,10.35,11.35,0.022393654802304475,0.001973009233683214,0.020420645568621262,Offer,0.9118942731277533
428,E_BRIDGWTR,GAS,E_BRIDGWTR,UK Power Reserve Limited,10.18,22,2.458333333333333,8.767099567099567,11.2254329004329,0.02214788276464545,0.0048503143661379,0.017297568398507553,Offer,0.781003249038304
429,T_BEATO-4,WIND,T_BEATO,Beatrice Offshore Windfarm Ltd,165.526,23,11.166666666666666,0.0,11.166666666666666,0.022031936442795882,0.022031936442795882,0.0,Bid,1.0
430,2__DLOND002,OCGT,2__DLOND,EDF Energy Customers Limited,24.0,14,3.0,8.0,11.0,0.02170310157051535,0.0059190277010496405,0.01578407386946571,Offer,0.7272727272727273
431,2__KSTAT004,BATTERY,2__KSTAT,Statkraft Markets Gmbh,16.3,12,0.0,11.0,11.0,0.02170310157051535,0.0,0.02170310157051535,Offer,1.0
432,I_IND-ELEE1,NEMO,I_IND-ELEE,Electrabel SA,,12,11.0,0.0,11.0,0.02170310157051535,0.02170310157051535,0.0,Bid,1.0
433,I_IVD-INCM1,Viking,I_IVD-INCM,IN COMMODITIES A/S,,12,11.0,0.0,11.0,0.02170310157051535,0.02170310157051535,0.0,Bid,1.0
434,I_IFG-DSKC1,IFA,I_IFG-DSKC,Danske Commodities A/S,,11,0.0,11.0,11.0,0.02170310157051535,0.0,0.02170310157051535,Offer,1.0
435,I_IFD-INCM1,IFA,I_IFD-INCM,IN COMMODITIES A/S,,12,10.5,0.0,10.5,0.020716596953673744,0.020716596953673744,0.0,Bid,1.0
436,2__LUKPR001,OTHER,2__LUKPR,UK Power Reserve Limited,10.2,15,4.125,6.257575757575758,10.382575757575758,0.020484917839112455,0.008138663088943256,0.0123462547501692,Offer,0.6026997446187523
437,E_CHTRY-1,DIESEL,E_CHTRY,Conrad Energy (Trading) Ltd,20.0,14,1.0,9.333333333333334,10.333333333333334,0.020387762081393212,0.001973009233683214,0.018414752847709995,Offer,0.9032258064516129
438,2__HSTAT006,BATTERY,2__HSTAT,Statkraft Markets Gmbh,16.0,13,0.3053571428571429,10.0,10.305357142857144,0.020332564799260405,0.0006024724624282671,0.019730092336832136,Offer,0.9703690868133772
439,E_FDUN-1,OCGT,E_FDUN,Whitetower Energy Limited,99.0,14,0.0,10.2,10.2,0.020124694183568777,0.0,0.020124694183568777,Offer,1.0
440,2__NLOND002,OCGT,2__NLOND_OC,EDF Energy Customers Limited,30.0,11,0.0,10.166666666666666,10.166666666666666,0.020058927209112672,0.0,0.020058927209112672,Offer,1.0
441,2__BSTAT003,BATTERY,2__BSTAT_B,Statkraft Markets Gmbh,16.0,12,1.1625,9.0,10.1625,0.020050706337305657,0.002293623234156736,0.017757083103148923,Offer,0.8856088560885609
442,T_CRYRW-3,WIND,T_CRYRW,Eneco Energy Trade,13.8,14,10.0,0.0,10.0,0.019730092336832136,0.019730092336832136,0.0,Bid,1.0
443,T_GRIFW-2,WIND,T_GRIFW,Griffin Wind Farm Ltd,104.0,12,10.0,0.0,10.0,0.019730092336832136,0.019730092336832136,0.0,Bid,1.0
444,E_CORB-1,CCGT,E_CORB,EP UK INVESTMENTS LIMITED,240.0,10,2.0,8.0,10.0,0.019730092336832136,0.003946018467366428,0.01578407386946571,Offer,0.8
445,E_PETEM1,CCGT,E_PETEM,River Nene Power Limited,245.0,10,0.0,10.0,10.0,0.019730092336832136,0.0,0.019730092336832136,Offer,1.0
446,I_I2D-MFTE1,IFA2,I_I2D-MFTE,MFT Energy A/S,,10,10.0,0.0,10.0,0.019730092336832136,0.019730092336832136,0.0,Bid,1.0
447,I_IBG-MFTE1,BritNed,I_IBG-MFTE,MFT Energy A/S,,10,0.0,10.0,10.0,0.019730092336832136,0.0,0.019730092336832136,Offer,1.0
448,I_IBG-OUTL1,BritNed,I_IBG-OUTL,Outlook Energy Ltd,,10,0.0,10.0,10.0,0.019730092336832136,0.0,0.019730092336832136,Offer,1.0
449,I_IND-PWMR1,NEMO,I_IND-PWMR,PowerMart ApS,,10,10.0,0.0,10.0,0.019730092336832136,0.019730092336832136,0.0,Bid,1.0
450,I_ING-EDMK1,NEMO,I_ING-EDMK,Mind Energy A/S,,10,0.0,10.0,10.0,0.019730092336832136,0.0,0.019730092336832136,Offer,1.0
451,T_BDCHW-1,WIND,T_BDCHW,RWE Generation UK plc,270.0,10,10.0,0.0,10.0,0.019730092336832136,0.019730092336832136,0.0,Bid,1.0
452,T_BHLAW-1,WIND,T_BHLAW,SSE Generation Ltd,108.0,10,10.0,0.0,10.0,0.019730092336832136,0.019730092336832136,0.0,Bid,1.0
453,T_BROCW-1,WIND,T_BROCW,Smartestenergy Limited,48.0,10,10.0,0.0,10.0,0.019730092336832136,0.019730092336832136,0.0,Bid,1.0
454,T_CUMHW-1,WIND,T_CUMHW,Uniper UK Limited,52.0,10,9.0,1.0,10.0,0.019730092336832136,0.017757083103148923,0.001973009233683214,Bid,0.9
455,T_GORDW-1,WIND,T_GORDW,SSE Generation Ltd,86.764,10,9.0,1.0,10.0,0.019730092336832136,0.017757083103148923,0.001973009233683214,Bid,0.9
456,2__MCNDL002,OTHER,2__MCNDL_OTH,NEAS Energy Ltd.,48.528,17,2.0,7.75,9.75,0.019236840028411334,0.003946018467366428,0.015290821561044906,Offer,0.7948717948717948
457,2__NSTAT003,BATTERY,2__NSTAT_B,Statkraft Markets Gmbh,20.732,12,1.0,8.5,9.5,0.018743587719990528,0.001973009233683214,0.016770578486307315,Offer,0.8947368421052632
458,T_WHIHW-1,WIND,T_WHIHW,Whiteside Hill,27.52,10,9.5,0.0,9.5,0.018743587719990528,0.018743587719990528,0.0,Bid,1.0
459,2__NLOND003,DSR,2__NLOND_LR,EDF Energy Customers Limited,30.0,10,0.0,9.166666666666666,9.166666666666666,0.018085917975429456,0.0,0.018085917975429456,Offer,1.0
460,T_WLNYW-1,WIND,T_WLNYW,Walney Offshore Windfarms Ltd,182.0,14,9.0,0.0,9.0,0.017757083103148923,0.017757083103148923,0.0,Bid,1.0
461,2__NCPPR001,BATTERY,2__NCPPR,Octopus Energy Trading Limited,30.0,10,5.5,3.5,9.0,0.017757083103148923,0.010851550785257675,0.006905532317891248,Bid,0.6111111111111112
462,I_IBD-EDMK1,BritNed,I_IBD-EDMK,Mind Energy A/S,,10,9.0,0.0,9.0,0.017757083103148923,0.017757083103148923,0.0,Bid,1.0
463,2__BSTAT004,BATTERY,2__BSTAT_B,Statkraft Markets Gmbh,10.0,9,7.0,2.0,9.0,0.017757083103148923,0.013811064635782496,0.003946018467366428,Bid,0.7777777777777778
464,2__GSTAT015,BATTERY,2__GSTAT_B,Statkraft Markets Gmbh,16.0,9,0.0,9.0,9.0,0.017757083103148923,0.0,0.017757083103148923,Offer,1.0
465,I_IFD-COPN1,IFA,I_IFD-COPN,Copenhagen Energy Trading A/S,,9,9.0,0.0,9.0,0.017757083103148923,0.017757083103148923,0.0,Bid,1.0
466,I_IFD-XNON1,IFA,I_IFD-XNON,XENON CAPITAL MARKETS LTD,,9,9.0,0.0,9.0,0.017757083103148923,0.017757083103148923,0.0,Bid,1.0
467,I_ILD-EDFT1,Eleclink,I_ILD-EDFT,EDF TRADING LIMITED,,9,9.0,0.0,9.0,0.017757083103148923,0.017757083103148923,0.0,Bid,1.0
468,I_ILD-NEAS1,Eleclink,I_ILD-NEAS,Centrica Energy Trading A/S,,9,9.0,0.0,9.0,0.017757083103148923,0.017757083103148923,0.0,Bid,1.0
469,T_BEATO-3,WIND,T_BEATO,Beatrice Offshore Windfarm Ltd,166.0,20,8.833333333333334,0.0,8.833333333333334,0.017428248230868387,0.017428248230868387,0.0,Bid,1.0
470,M_CAS-CON01,NPSHYD,M_CAS-CON,SSE Generation Ltd,95.226,10,8.833333333333334,0.0,8.833333333333334,0.017428248230868387,0.017428248230868387,0.0,Bid,1.0
471,2__HSTAT005,BATTERY,2__HSTAT,Statkraft Markets Gmbh,16.0,12,0.3053571428571429,8.5,8.805357142857144,0.017373050948735584,0.0006024724624282671,0.016770578486307315,Offer,0.9653214358142364
472,T_GNFSW-1,WIND,T_GNFSW,Gunfleet Sands Limited,108.0,13,8.5,0.0,8.5,0.016770578486307315,0.016770578486307315,0.0,Bid,1.0
473,E_CROYD-2,OCGT,E_CROYD,Whitetower Energy Limited,50.0,14,0.0,8.241666666666667,8.241666666666667,0.016260884434272486,0.0,0.016260884434272486,Offer,1.0
474,T_BEATO-1,WIND,T_BEATO,Beatrice Offshore Windfarm Ltd,184.0,21,8.166666666666666,0.0,8.166666666666666,0.016112908741746243,0.016112908741746243,0.0,Bid,1.0
475,2__BFSEN006,BATTERY,2__BFSEN_B,F & S Energy Ltd,50.573,8,7.0,1.0,8.0,0.01578407386946571,0.013811064635782496,0.001973009233683214,Bid,0.875
476,I_IFD-HELI1,IFA,I_IFD-HELI,Helios Power Trading A/S,,8,8.0,0.0,8.0,0.01578407386946571,0.01578407386946571,0.0,Bid,1.0
477,I_ING-NEAS1,NEMO,I_ING-NEAS,Centrica Energy Trading A/S,,8,0.0,8.0,8.0,0.01578407386946571,0.0,0.01578407386946571,Offer,1.0
478,I_ING-OPMX1,NEMO,I_ING-OPMX,Optimax Energy GmbH,,8,0.0,8.0,8.0,0.01578407386946571,0.0,0.01578407386946571,Offer,1.0
479,T_HALSW-1,WIND,T_HALSW,SP Renewables (UK) Limited,30.0,8,8.0,0.0,8.0,0.01578407386946571,0.01578407386946571,0.0,Bid,1.0
480,V__HWELS002,OTHER,V__HWELS,Welsh Power Group Limited,0.0,12,0.5,7.333333333333333,7.833333333333333,0.015455238997185173,0.000986504616841607,0.014468734380343564,Offer,0.9361702127659575
481,E_HRHLW-1,WIND,E_HRHLW,SP Renewables (UK) Limited,30.0,17,7.533333333333333,0.0,7.533333333333333,0.01486333622708021,0.01486333622708021,0.0,Bid,1.0
482,T_THNTO-1,WIND,T_THNTO,Thanet Offshore Wind Limited,287.699,9,7.5,0.0,7.5,0.014797569252624102,0.014797569252624102,0.0,Bid,1.0
483,2__KSTAT005,BATTERY,2__KSTAT,Statkraft Markets Gmbh,16.0,8,1.0,6.5,7.5,0.014797569252624102,0.001973009233683214,0.01282456001894089,Offer,0.8666666666666667
484,2__ESTAT002,GAS,2__ESTAT_G,Statkraft Markets Gmbh,4.0,20,2.142857142857143,5.09478021978022,7.237637362637363,0.014279925346534139,0.004227876929321172,0.010052048417212966,Offer,0.7039286392104763
485,T_HRSTB-1,BATTERY,T_HRSTB,SP Renewables (UK) Limited,52.0,9,6.0,1.2,7.2,0.014205666482519138,0.011838055402099281,0.0023676110804198565,Bid,0.8333333333333333
486,V__HWELS001,OTHER,V__HWELS,Welsh Power Group Limited,0.0,13,0.8333333333333333,6.333333333333333,7.166666666666666,0.01413989950806303,0.001644174361402678,0.012495725146660351,Offer,0.8837209302325582
487,M_CAS-BEU01,NPSHYD,M_CAS-BEU,SSE Generation Ltd,93.514,9,7.166666666666666,0.0,7.166666666666666,0.01413989950806303,0.01413989950806303,0.0,Bid,1.0
488,V__KHABI007,BATTERY,V__KHABI,Habitat Energy Limited,0.0,10,7.033333333333333,0.08333333333333333,7.116666666666666,0.01404124904637887,0.013876831610238604,0.0001644174361402678,Bid,0.9882903981264637
489,V__HHABI008,BATTERY,V__HHABI_B,Habitat Energy Limited,0.0,17,3.833333333333333,3.25,7.083333333333333,0.013975482071922762,0.007563202062452318,0.006412280009470445,Bid,0.5411764705882353
490,2__MSTAT006,BATTERY,2__MSTAT_B,Statkraft Markets Gmbh,16.0,8,0.0,7.066666666666666,7.066666666666666,0.01394259858469471,0.0,0.01394259858469471,Offer,1.0
491,2__GFLEX004,GAS,2__GFLEX_G,Flexitricity Limited,49.0,10,6.0,1.0333333333333332,7.033333333333333,0.013876831610238604,0.011838055402099281,0.0020387762081393204,Bid,0.8530805687203792
492,I_IND-EDMK1,NEMO,I_IND-EDMK,Mind Energy A/S,,8,7.0,0.0,7.0,0.013811064635782496,0.013811064635782496,0.0,Bid,1.0
493,E_BRYBW-1,WIND,E_BRYBW,Statkraft Markets Gmbh,62.708,7,7.0,0.0,7.0,0.013811064635782496,0.013811064635782496,0.0,Bid,1.0
494,I_I2D-NEAS1,IFA2,I_I2D-NEAS,Centrica Energy Trading A/S,,7,7.0,0.0,7.0,0.013811064635782496,0.013811064635782496,0.0,Bid,1.0
495,I_I2D-NITR1,IFA2,I_I2D-NITR,Nitor Energy A/S,,7,7.0,0.0,7.0,0.013811064635782496,0.013811064635782496,0.0,Bid,1.0
496,I_I2G-DSKC1,IFA2,I_I2G-DSKC,Danske Commodities A/S,,7,0.0,7.0,7.0,0.013811064635782496,0.0,0.013811064635782496,Offer,1.0
497,I_IFD-EDMK1,IFA,I_IFD-EDMK,Mind Energy A/S,,7,7.0,0.0,7.0,0.013811064635782496,0.013811064635782496,0.0,Bid,1.0
498,I_IFG-INCM1,IFA,I_IFG-INCM,IN COMMODITIES A/S,,7,0.0,7.0,7.0,0.013811064635782496,0.0,0.013811064635782496,Offer,1.0
499,T_ARCHW-1,WIND,T_ARCHW,SP Renewables (UK) Limited,114.0,7,7.0,0.0,7.0,0.013811064635782496,0.013811064635782496,0.0,Bid,1.0
500,T_BEATO-2,WIND,T_BEATO,Beatrice Offshore Windfarm Ltd,166.0,19,6.833333333333333,0.0,6.833333333333333,0.013482229763501958,0.013482229763501958,0.0,Bid,1.0
501,T_VKNGW-1,WIND,T_VKNGW,Viking Energy Wind Farm LLP,121.8,10,6.75,0.0,6.75,0.013317812327361692,0.013317812327361692,0.0,Bid,1.0
502,T_MKHLW-1,WIND,T_MKHLW,SP Renewables (UK) Limited,53.0,8,6.5,0.0,6.5,0.01282456001894089,0.01282456001894089,0.0,Bid,1.0
503,2__BSTAT001,GAS,2__BSTAT_G,Statkraft Markets Gmbh,4.0,15,0.3053571428571429,6.119047619047619,6.4244047619047615,0.012675409916156502,0.0006024724624282671,0.012072937453728234,Offer,0.9524691929954601
504,T_SHRSW-2,WIND,T_SHRSW,Scira Offshore Energy Limited,158.4,9,6.333333333333333,0.0,6.333333333333333,0.012495725146660351,0.012495725146660351,0.0,Bid,1.0
505,I_IBD-NITR1,BritNed,I_IBD-NITR,Nitor Energy A/S,,7,6.166666666666667,0.0,6.166666666666667,0.012166890274379819,0.012166890274379819,0.0,Bid,1.0
506,2__GSTAT007,BATTERY,2__GSTAT_B,Statkraft Markets Gmbh,8.0,7,2.0,4.066666666666666,6.066666666666666,0.011969589351011495,0.003946018467366428,0.008023570883645068,Offer,0.6703296703296703
507,2__PFLEX002,OTHER,2__PFLEX,Flexitricity Limited,107.325,12,6.033333333333333,0.0,6.033333333333333,0.011903822376555389,0.011903822376555389,0.0,Bid,1.0
508,T_WLNYO-2,WIND,T_WLNYO,Walney Offshore Windfarms Ltd,183.6,11,6.0,0.0,6.0,0.011838055402099281,0.011838055402099281,0.0,Bid,1.0
509,E_BRDUW-1,WIND,E_BRDUW,Erova Energy Limited,74.0,9,6.0,0.0,6.0,0.011838055402099281,0.011838055402099281,0.0,Bid,1.0
510,T_GRIFW-1,WIND,T_GRIFW,Griffin Wind Farm Ltd,102.0,8,6.0,0.0,6.0,0.011838055402099281,0.011838055402099281,0.0,Bid,1.0
511,E_BURWB-2,DSR,E_BURWB_LR,EDF Energy Customers Limited,52.0,7,5.0,1.0,6.0,0.011838055402099281,0.009865046168416068,0.001973009233683214,Bid,0.8333333333333334
512,I_IBD-CBST1,BritNed,I_IBD-CBST,Cobblestone Energy,,7,6.0,0.0,6.0,0.011838055402099281,0.011838055402099281,0.0,Bid,1.0
513,I_IBD-EDFT1,BritNed,I_IBD-EDFT,EDF TRADING LIMITED,,7,6.0,0.0,6.0,0.011838055402099281,0.011838055402099281,0.0,Bid,1.0
514,I_ILD-DSKC1,Eleclink,I_ILD-DSKC,Danske Commodities A/S,,7,6.0,0.0,6.0,0.011838055402099281,0.011838055402099281,0.0,Bid,1.0
515,2__PSTAT002,WIND,2__PSTAT,Statkraft Markets Gmbh,76.0,6,6.0,0.0,6.0,0.011838055402099281,0.011838055402099281,0.0,Bid,1.0
516,E_ABRTW-1,WIND,E_ABRTW,Npower Commercial Gas Limited,36.0,6,6.0,0.0,6.0,0.011838055402099281,0.011838055402099281,0.0,Bid,1.0
517,E_CRGTW-1,WIND,E_CRGTW,British Gas Trading Ltd,4.7,6,6.0,0.0,6.0,0.011838055402099281,0.011838055402099281,0.0,Bid,1.0
518,I_I2D-BKWE1,IFA2,I_I2D-BKWE,BKW Energie AG,,6,6.0,0.0,6.0,0.011838055402099281,0.011838055402099281,0.0,Bid,1.0
519,I_I2D-INCM1,IFA2,I_I2D-INCM,IN COMMODITIES A/S,,6,6.0,0.0,6.0,0.011838055402099281,0.011838055402099281,0.0,Bid,1.0
520,I_I2D-OUTL1,IFA2,I_I2D-OUTL,Outlook Energy Ltd,,6,6.0,0.0,6.0,0.011838055402099281,0.011838055402099281,0.0,Bid,1.0
521,I_IFG-NORL1,IFA,I_IFG-NORL,Norlys Energy Trading A/S,,6,0.0,6.0,6.0,0.011838055402099281,0.0,0.011838055402099281,Offer,1.0
522,I_IFG-NTPL1,IFA,I_IFG-NTPL,Northpool BV,,6,0.0,6.0,6.0,0.011838055402099281,0.0,0.011838055402099281,Offer,1.0
523,I_IND-DMCC1,NEMO,I_IND-DMCC,Cobblestone Energy DMCC,,6,6.0,0.0,6.0,0.011838055402099281,0.011838055402099281,0.0,Bid,1.0
524,I_IND-NORL1,NEMO,I_IND-NORL,Norlys Energy Trading A/S,,6,6.0,0.0,6.0,0.011838055402099281,0.011838055402099281,0.0,Bid,1.0
525,I_ING-DVAL1,NEMO,I_ING-DVAL,DVALIN ApS,,6,0.0,6.0,6.0,0.011838055402099281,0.0,0.011838055402099281,Offer,1.0
526,I_ING-NITR1,NEMO,I_ING-NITR,Nitor Energy A/S,,6,0.0,6.0,6.0,0.011838055402099281,0.0,0.011838055402099281,Offer,1.0
527,I_IVD-NITR1,Viking,I_IVD-NITR,Nitor Energy A/S,,6,6.0,0.0,6.0,0.011838055402099281,0.011838055402099281,0.0,Bid,1.0
528,I_IVG-OUTL1,Viking,I_IVG-OUTL,Outlook Energy Ltd,,6,0.0,6.0,6.0,0.011838055402099281,0.0,0.011838055402099281,Offer,1.0
529,T_BOWLW-1,WIND,T_BOWLW,Barrow Offshore Wind Limited,90.0,6,6.0,0.0,6.0,0.011838055402099281,0.011838055402099281,0.0,Bid,1.0
530,T_BRCHS-1,SOLAR,T_BRCHS,Burwell 11 Solar Ltd,50.0,6,6.0,0.0,6.0,0.011838055402099281,0.011838055402099281,0.0,Bid,1.0
531,T_DUNGW-1,WIND,T_DUNGW,Dunmaglass Wind Farm Limited,100.0,6,6.0,0.0,6.0,0.011838055402099281,0.011838055402099281,0.0,Bid,1.0
532,T_WTMSO-1,WIND,T_WTMSO,Westermost Rough Limited,205.0,6,6.0,0.0,6.0,0.011838055402099281,0.011838055402099281,0.0,Bid,1.0
533,V__AFEEL002,OTHER,V__AFEEL,EDF Energy Limited,50.0,6,2.0,4.0,6.0,0.011838055402099281,0.003946018467366428,0.007892036934732855,Offer,0.6666666666666666
534,V__BEROV001,OTHER,V__BEROV,Erova Energy Limited,0.0,6,0.0,6.0,6.0,0.011838055402099281,0.0,0.011838055402099281,Offer,1.0
535,V__LFLEX001,DSR,V__LFLEX,Flexitricity Limited,3.738,12,3.033333333333333,2.9,5.933333333333334,0.011706521453187069,0.005984794675505748,0.005721726777681319,Bid,0.5112359550561797
536,2__MSTAT004,GAS,2__MSTAT_G,Statkraft Markets Gmbh,6.0,12,2.4720238095238094,3.3583333333333334,5.830357142857142,0.011503348478528021,0.004877325802075229,0.006626022676452792,Offer,0.5760081674323635
537,E_EXETR-2,OCGT,E_EXETR,Whitetower Energy Limited,50.0,11,0.0,5.666666666666666,5.666666666666666,0.01118038565753821,0.0,0.01118038565753821,Offer,1.0
538,E_MDLWH-1,DIESEL,E_MDLWH,Conrad Energy (Trading) Ltd,20.0,9,0.0,5.666666666666666,5.666666666666666,0.01118038565753821,0.0,0.01118038565753821,Offer,1.0
539,T_MOWWO-3,WIND,T_MOWWO,Moray Offshore Wind West Ltd,143.0,10,5.25,0.3333333333333333,5.583333333333333,0.011015968221397941,0.010358298476836872,0.0006576697445610712,Bid,0.9402985074626866
540,2__HLOND001,BATTERY,2__HLOND,EDF Energy Customers Limited,29.782,11,1.8678321678321679,3.7,5.567832167832168,0.01098538427873129,0.0036852501141034014,0.00730013416462789,Offer,0.6645315247425271
541,T_GNFSW-2,WIND,T_GNFSW,Gunfleet Sands II Limited,64.48,10,5.5,0.0,5.5,0.010851550785257675,0.010851550785257675,0.0,Bid,1.0
542,T_MILWW-1,WIND,T_MILWW,Millennium Wind Energy Ltd,65.0,7,5.5,0.0,5.5,0.010851550785257675,0.010851550785257675,0.0,Bid,1.0
543,T_KILSB-3,BATTERY,T_KILSB,ZENOBE KILMARNOCK SOUTH LTD,53.734,7,1.3333333333333333,4.0,5.333333333333333,0.010522715912977139,0.0026306789782442846,0.007892036934732855,Offer,0.75
544,V__AFLEX002,GAS,V__AFLEX,Flexitricity Limited,0.0,9,0.0,5.3,5.3,0.010456948938521032,0.0,0.010456948938521032,Offer,1.0
545,T_STLGW-3,WIND,T_STLGW,Stronelairg Windfarm Limited,108.0,8,5.166666666666666,0.0,5.166666666666666,0.010193881040696602,0.010193881040696602,0.0,Bid,1.0
546,2__JLOND003,OCGT,2__JLOND,EDF Energy Customers Limited,12.0,7,3.0,2.1666666666666665,5.166666666666666,0.010193881040696602,0.0059190277010496405,0.004274853339646963,Bid,0.5806451612903226
547,T_VKNGW-4,WIND,T_VKNGW,Viking Energy Wind Farm LLP,121.8,7,5.083333333333333,0.0,5.083333333333333,0.010029463604556336,0.010029463604556336,0.0,Bid,1.0
548,T_LARYW-1,WIND,T_LARYW,London Array Limited,171.0,10,5.0,0.0,5.0,0.009865046168416068,0.009865046168416068,0.0,Bid,1.0
549,T_GANW-11,WIND,T_GANW,Galloper Offshore WindFarm Ltd,88.0,9,5.0,0.0,5.0,0.009865046168416068,0.009865046168416068,0.0,Bid,1.0
550,T_GANW-22,WIND,T_GANW,Galloper Offshore WindFarm Ltd,385.82,9,5.0,0.0,5.0,0.009865046168416068,0.009865046168416068,0.0,Bid,1.0
551,T_GYMR-26,WIND,T_GYMR,Gwynt y Mor Offshore Wind Farm,148.0,8,4.0,1.0,5.0,0.009865046168416068,0.007892036934732855,0.001973009233683214,Bid,0.8
552,2__NSTAT004,DSR,2__NSTAT_LR,Statkraft Markets Gmbh,12.0,7,5.0,0.0,5.0,0.009865046168416068,0.009865046168416068,0.0,Bid,1.0
553,I_I2D-HELI1,IFA2,I_I2D-HELI,Helios Power Trading A/S,,5,5.0,0.0,5.0,0.009865046168416068,0.009865046168416068,0.0,Bid,1.0
554,I_I2D-OPMX1,IFA2,I_I2D-OPMX,Optimax Energy GmbH,,5,5.0,0.0,5.0,0.009865046168416068,0.009865046168416068,0.0,Bid,1.0
555,I_IBD-NORL1,BritNed,I_IBD-NORL,Norlys Energy Trading A/S,,5,5.0,0.0,5.0,0.009865046168416068,0.009865046168416068,0.0,Bid,1.0
556,I_IBD-OUTL1,BritNed,I_IBD-OUTL,Outlook Energy Ltd,,5,5.0,0.0,5.0,0.009865046168416068,0.009865046168416068,0.0,Bid,1.0
557,I_IBG-EDFT1,BritNed,I_IBG-EDFT,EDF TRADING LIMITED,,5,0.0,5.0,5.0,0.009865046168416068,0.0,0.009865046168416068,Offer,1.0
558,I_IBG-EDMK1,BritNed,I_IBG-EDMK,Mind Energy A/S,,5,0.0,5.0,5.0,0.009865046168416068,0.0,0.009865046168416068,Offer,1.0
559,I_IBG-HELI1,BritNed,I_IBG-HELI,Helios Power Trading A/S,,5,0.0,5.0,5.0,0.009865046168416068,0.0,0.009865046168416068,Offer,1.0
560,I_IBG-OPMX1,BritNed,I_IBG-OPMX,Optimax Energy GmbH,,5,0.0,5.0,5.0,0.009865046168416068,0.0,0.009865046168416068,Offer,1.0
561,I_IFG-NEAS1,IFA,I_IFG-NEAS,Centrica Energy Trading A/S,,5,0.0,5.0,5.0,0.009865046168416068,0.0,0.009865046168416068,Offer,1.0
562,I_ILG-DSKC1,Eleclink,I_ILG-DSKC,Danske Commodities A/S,,5,0.0,5.0,5.0,0.009865046168416068,0.0,0.009865046168416068,Offer,1.0
563,I_IND-TRLS1,NEMO,I_IND-TRLS,Engelhart CTP Renewables GmbH,,5,5.0,0.0,5.0,0.009865046168416068,0.009865046168416068,0.0,Bid,1.0
564,I_IVD-MFTE1,Viking,I_IVD-MFTE,MFT Energy A/S,,5,5.0,0.0,5.0,0.009865046168416068,0.009865046168416068,0.0,Bid,1.0
565,I_IVG-CACM1,Viking,I_IVG-CACM,C A Commodities A/S,,5,0.0,5.0,5.0,0.009865046168416068,0.0,0.009865046168416068,Offer,1.0
566,T_ACHRW-1,WIND,T_ACHRW,Mobius Renewables Gen. (GB2,42.6,5,5.0,0.0,5.0,0.009865046168416068,0.009865046168416068,0.0,Bid,1.0
567,T_BLLA-1,WIND,T_BLLA,SP Renewables (UK) Limited,118.0,5,5.0,0.0,5.0,0.009865046168416068,0.009865046168416068,0.0,Bid,1.0
568,T_HADHW-1,WIND,T_HADHW,SSE Renewables Wind Farms,130.0,5,5.0,0.0,5.0,0.009865046168416068,0.009865046168416068,0.0,Bid,1.0
569,T_RRWW-1,WIND,T_RRWW,RWE Renewables UK Robin Rigg,90.838,5,5.0,0.0,5.0,0.009865046168416068,0.009865046168416068,0.0,Bid,1.0
570,V__GDSKC001,OTHER,V__GDSKC,Danske Commodities A/S,0.0,5,4.0,1.0,5.0,0.009865046168416068,0.007892036934732855,0.001973009233683214,Bid,0.8
571,T_GRGBW-1,WIND,T_GRGBW,Greater Gabbard Offshore Winds,240.0,6,4.833333333333333,0.0,4.833333333333333,0.009536211296135532,0.009536211296135532,0.0,Bid,1.0
572,T_MOWWO-1,WIND,T_MOWWO,Moray Offshore Wind West Ltd,215.0,8,4.583333333333333,0.0,4.583333333333333,0.009042958987714728,0.009042958987714728,0.0,Bid,1.0
573,T_GYMR-28,WIND,T_GYMR,Gwynt y Mor Offshore Wind Farm,148.0,7,4.5,0.0,4.5,0.008878541551574462,0.008878541551574462,0.0,Bid,1.0
574,T_HMGTO-2,WIND,T_HMGTO,RWE Renewables UK Humber Wind,111.0,6,4.5,0.0,4.5,0.008878541551574462,0.008878541551574462,0.0,Bid,1.0
575,T_KILBW-1,WIND,T_KILBW,Kilbraur Wind Energy Ltd,68.51,6,4.5,0.0,4.5,0.008878541551574462,0.008878541551574462,0.0,Bid,1.0
576,T_CGTHW-1,WIND,T_CGTHW,Corriegarth Wind Energy LTD,69.0,5,3.5,1.0,4.5,0.008878541551574462,0.006905532317891248,0.001973009233683214,Bid,0.7777777777777778
577,T_FARR-1,WIND,T_FARR,Smartestenergy Limited,92.0,5,4.5,0.0,4.5,0.008878541551574462,0.008878541551574462,0.0,Bid,1.0
578,T_LARYW-2,WIND,T_LARYW,London Array Limited,171.0,10,4.333333333333333,0.0,4.333333333333333,0.008549706679293926,0.008549706679293926,0.0,Bid,1.0
579,V__KWELS002,OTHER,V__KWELS,Welsh Power Group Limited,0.0,9,0.8333333333333333,3.5,4.333333333333333,0.008549706679293926,0.001644174361402678,0.006905532317891248,Offer,0.8076923076923077
580,C__PSTAT011,WIND,C__PSTAT,Statkraft Markets Gmbh,45.267,7,4.333333333333333,0.0,4.333333333333333,0.008549706679293926,0.008549706679293926,0.0,Bid,1.0
581,T_KILSB-5,BATTERY,T_KILSB,ZENOBE KILMARNOCK SOUTH LTD,50.856,6,2.333333333333333,2.0,4.333333333333333,0.008549706679293926,0.004603688211927498,0.003946018467366428,Bid,0.5384615384615384
582,M_CAS-MOR01,NPSHYD,M_CAS-MOR,SSE Generation Ltd,74.0,5,4.333333333333333,0.0,4.333333333333333,0.008549706679293926,0.008549706679293926,0.0,Bid,1.0
583,T_GNAPW-1,WIND,T_GNAPW,SP Renewables (UK) Limited,22.0,13,4.033333333333333,0.0,4.033333333333333,0.007957803909188961,0.007957803909188961,0.0,Bid,1.0
584,E_PGEXTR,DIESEL,E_PGEXTR,Peak Gen Top Co Limited,20.439,6,0.0,4.0,4.0,0.007892036934732855,0.0,0.007892036934732855,Offer,1.0
585,2__JLOND002,OCGT,2__JLOND,EDF Energy Customers Limited,12.0,5,2.0,2.0,4.0,0.007892036934732855,0.003946018467366428,0.003946018467366428,Bid,0.5
586,2__GSTAT013,GAS,2__GSTAT_G,Statkraft Markets Gmbh,14.0,4,0.0,4.0,4.0,0.007892036934732855,0.0,0.007892036934732855,Offer,1.0
587,I_I2D-DARE1,IFA2,I_I2D-DARE,Dare Power Ltd,,4,4.0,0.0,4.0,0.007892036934732855,0.007892036934732855,0.0,Bid,1.0
588,I_I2D-XNON1,IFA2,I_I2D-XNON,XENON CAPITAL MARKETS LTD,,4,4.0,0.0,4.0,0.007892036934732855,0.007892036934732855,0.0,Bid,1.0
589,I_IBD-NEHO1,BritNed,I_IBD-NEHO,Nordic Energy House ApS,,4,4.0,0.0,4.0,0.007892036934732855,0.007892036934732855,0.0,Bid,1.0
590,I_IBG-ELTR1,BritNed,I_IBG-ELTR,ElectroRoute Energy Trading,,4,0.0,4.0,4.0,0.007892036934732855,0.0,0.007892036934732855,Offer,1.0
591,I_IBG-NORL1,BritNed,I_IBG-NORL,Norlys Energy Trading A/S,,4,0.0,4.0,4.0,0.007892036934732855,0.0,0.007892036934732855,Offer,1.0
592,I_IBG-VOLT1,BritNed,I_IBG-VOLT,Volta Energy DAC,,4,0.0,4.0,4.0,0.007892036934732855,0.0,0.007892036934732855,Offer,1.0
593,I_ILD-EDMK1,Eleclink,I_ILD-EDMK,Mind Energy A/S,,4,4.0,0.0,4.0,0.007892036934732855,0.007892036934732855,0.0,Bid,1.0
594,I_ILD-OUTL1,Eleclink,I_ILD-OUTL,Outlook Energy Ltd,,4,4.0,0.0,4.0,0.007892036934732855,0.007892036934732855,0.0,Bid,1.0
595,I_ING-MFTE1,NEMO,I_ING-MFTE,MFT Energy A/S,,4,0.0,4.0,4.0,0.007892036934732855,0.0,0.007892036934732855,Offer,1.0
596,I_ING-TRLS1,NEMO,I_ING-TRLS,Engelhart CTP Renewables GmbH,,4,0.0,4.0,4.0,0.007892036934732855,0.0,0.007892036934732855,Offer,1.0
597,I_IVD-NORL1,Viking,I_IVD-NORL,Norlys Energy Trading A/S,,4,4.0,0.0,4.0,0.007892036934732855,0.007892036934732855,0.0,Bid,1.0
598,I_IVG-MFTE1,Viking,I_IVG-MFTE,MFT Energy A/S,,4,0.0,4.0,4.0,0.007892036934732855,0.0,0.007892036934732855,Offer,1.0
599,T_LARYW-3,WIND,T_LARYW,London Array Limited,171.0,9,3.833333333333333,0.0,3.833333333333333,0.007563202062452318,0.007563202062452318,0.0,Bid,1.0
600,2__BFLEX002,DSR,2__BFLEX,Flexitricity Limited,49.0,12,2.1916666666666664,1.4666666666666668,3.658333333333333,0.007217925446557756,0.004324178570489043,0.0028937468760687137,Bid,0.5990888382687927
601,I_IFD-BKWE1,IFA,I_IFD-BKWE,BKW Energie AG,,4,3.5,0.0,3.5,0.006905532317891248,0.006905532317891248,0.0,Bid,1.0
602,T_KILSB-1,BATTERY,T_KILSB,ZENOBE KILMARNOCK SOUTH LTD,52.952,4,1.5,2.0,3.5,0.006905532317891248,0.0029595138505248203,0.003946018467366428,Offer,0.5714285714285714
603,T_WDNSO-1,WIND,T_WDNSO,Morecambe Wind Limited,197.0,4,3.5,0.0,3.5,0.006905532317891248,0.006905532317891248,0.0,Bid,1.0
604,2__PENEC002,WIND,2__PENEC,Eneco Energy Trade,70.167,6,3.3333333333333335,0.0,3.3333333333333335,0.006576697445610713,0.006576697445610713,0.0,Bid,1.0
605,T_VKNGW-2,WIND,T_VKNGW,Viking Energy Wind Farm LLP,121.8,7,3.0833333333333335,0.0,3.0833333333333335,0.006083445137189909,0.006083445137189909,0.0,Bid,1.0
606,T_VKNGW-3,WIND,T_VKNGW,Viking Energy Wind Farm LLP,121.8,5,2.0833333333333335,1.0,3.0833333333333335,0.006083445137189909,0.004110435903506696,0.001973009233683214,Bid,0.6756756756756757
607,E_PGBARY,DIESEL,E_PGBARY,Peak Gen Top Co Limited,20.318,4,0.0,3.0,3.0,0.0059190277010496405,0.0,0.0059190277010496405,Offer,1.0
608,I_IBD-BKWE1,BritNed,I_IBD-BKWE,BKW Energie AG,,4,3.0,0.0,3.0,0.0059190277010496405,0.0059190277010496405,0.0,Bid,1.0
609,2__EIMPO002,DSR,2__EIMPO,SSE Energy Supply Limited,1.9,3,3.0,0.0,3.0,0.0059190277010496405,0.0059190277010496405,0.0,Bid,1.0
610,2__PEDGE004,WIND,2__PEDGE,Edgware Energy Limited,27.376,3,3.0,0.0,3.0,0.0059190277010496405,0.0059190277010496405,0.0,Bid,1.0
611,I_I2D-DVAL1,IFA2,I_I2D-DVAL,DVALIN ApS,,3,3.0,0.0,3.0,0.0059190277010496405,0.0059190277010496405,0.0,Bid,1.0
612,I_I2D-NTPL1,IFA2,I_I2D-NTPL,Northpool BV,,3,3.0,0.0,3.0,0.0059190277010496405,0.0059190277010496405,0.0,Bid,1.0
613,I_I2G-DMCC1,IFA2,I_I2G-DMCC,Cobblestone Energy DMCC,,3,0.0,3.0,3.0,0.0059190277010496405,0.0,0.0059190277010496405,Offer,1.0
614,I_IBD-DVAL1,BritNed,I_IBD-DVAL,DVALIN ApS,,3,3.0,0.0,3.0,0.0059190277010496405,0.0059190277010496405,0.0,Bid,1.0
615,I_IBD-VETR1,BritNed,I_IBD-VETR,Vattenfall Energy Trading,,3,3.0,0.0,3.0,0.0059190277010496405,0.0059190277010496405,0.0,Bid,1.0
616,I_IBG-DARE1,BritNed,I_IBG-DARE,Dare Power Ltd,,3,0.0,3.0,3.0,0.0059190277010496405,0.0,0.0059190277010496405,Offer,1.0
617,I_IFD-OUTL1,IFA,I_IFD-OUTL,Outlook Energy Ltd,,3,3.0,0.0,3.0,0.0059190277010496405,0.0059190277010496405,0.0,Bid,1.0
618,I_IFG-MFTE1,IFA,I_IFG-MFTE,MFT Energy A/S,,3,0.0,3.0,3.0,0.0059190277010496405,0.0,0.0059190277010496405,Offer,1.0
619,I_ILD-INCM1,Eleclink,I_ILD-INCM,IN COMMODITIES A/S,,3,3.0,0.0,3.0,0.0059190277010496405,0.0059190277010496405,0.0,Bid,1.0
620,I_IND-DVAL1,NEMO,I_IND-DVAL,DVALIN ApS,,3,3.0,0.0,3.0,0.0059190277010496405,0.0059190277010496405,0.0,Bid,1.0
621,I_IVG-NORL1,Viking,I_IVG-NORL,Norlys Energy Trading A/S,,3,0.0,3.0,3.0,0.0059190277010496405,0.0,0.0059190277010496405,Offer,1.0
622,I_IVG-NTPL1,Viking,I_IVG-NTPL,Northpool BV,,3,0.0,3.0,3.0,0.0059190277010496405,0.0,0.0059190277010496405,Offer,1.0
623,T_CREAW-1,WIND,T_CREAW,Creag Riabhach Wind Farm Ltd,93.0,3,3.0,0.0,3.0,0.0059190277010496405,0.0059190277010496405,0.0,Bid,1.0
624,T_STRNW-1,WIND,T_STRNW,Strathy Wind Farm Limited,70.0,3,3.0,0.0,3.0,0.0059190277010496405,0.0059190277010496405,0.0,Bid,1.0
625,V__GWELS001,OTHER,V__GWELS,Welsh Power Group Limited,0.0,3,0.0,3.0,3.0,0.0059190277010496405,0.0,0.0059190277010496405,Offer,1.0
626,I_IBG-DMCC1,BritNed,I_IBG-DMCC,Cobblestone Energy DMCC,,4,0.0,2.8333333333333335,2.8333333333333335,0.005590192828769106,0.0,0.005590192828769106,Offer,1.0
627,T_KILSB-2,BATTERY,T_KILSB,ZENOBE KILMARNOCK SOUTH LTD,51.894,4,2.75,0.0,2.75,0.005425775392628837,0.005425775392628837,0.0,Bid,1.0
628,T_STLGW-1,WIND,T_STLGW,Stronelairg Windfarm Limited,108.0,5,2.6666666666666665,0.0,2.6666666666666665,0.005261357956488569,0.005261357956488569,0.0,Bid,1.0
629,T_HMGTO-1,WIND,T_HMGTO,RWE Renewables UK Humber Wind,108.0,4,2.5,0.0,2.5,0.004932523084208034,0.004932523084208034,0.0,Bid,1.0
630,2__GSTAT011,BATTERY,2__GSTAT_B,Statkraft Markets Gmbh,14.0,3,0.0,2.5,2.5,0.004932523084208034,0.0,0.004932523084208034,Offer,1.0
631,E_PGSOUT,OTHER,E_PGSOUT,Peak Gen Top Co Limited,24.0,3,0.0,2.5,2.5,0.004932523084208034,0.0,0.004932523084208034,Offer,1.0
632,I_IBG-IDCE1,BritNed,I_IBG-IDCE,DC Energy Trading V.O.F.,,3,0.0,2.5,2.5,0.004932523084208034,0.0,0.004932523084208034,Offer,1.0
633,T_BURWS-1,SOLAR,T_BURWS,EDF Energy Customers Limited,49.952,3,2.5,0.0,2.5,0.004932523084208034,0.004932523084208034,0.0,Bid,1.0
634,2__PENEC001,WIND,2__PENEC,Eneco Energy Trade,54.501,5,2.3333333333333335,0.0,2.3333333333333335,0.004603688211927499,0.004603688211927499,0.0,Bid,1.0
635,E_PGHVNT,DIESEL,E_PGHVNT,Peak Gen Top Co Limited,20.0,3,0.0,2.3333333333333335,2.3333333333333335,0.004603688211927499,0.0,0.004603688211927499,Offer,1.0
636,I_ING-ELEE1,NEMO,I_ING-ELEE,Electrabel SA,,3,0.0,2.3333333333333335,2.3333333333333335,0.004603688211927499,0.0,0.004603688211927499,Offer,1.0
637,T_GRGBW-3,WIND,T_GRGBW,Greater Gabbard Offshore Winds,240.0,3,2.3333333333333335,0.0,2.3333333333333335,0.004603688211927499,0.004603688211927499,0.0,Bid,1.0
638,2__FFLEX001,GAS,2__FFLEX,Flexitricity Limited,49.0,5,0.0,2.240909090909091,2.240909090909091,0.004421334328208293,0.0,0.004421334328208293,Offer,1.0
639,2__ALOND002,DSR,2__ALOND,EDF Energy Customers Limited,0.0,2,2.0,0.0,2.0,0.003946018467366428,0.003946018467366428,0.0,Bid,1.0
640,2__PSTAT001,WIND,2__PSTAT,Statkraft Markets Gmbh,47.778,2,2.0,0.0,2.0,0.003946018467366428,0.003946018467366428,0.0,Bid,1.0
641,E_BETHW-1,WIND,E_BETHW,SP Renewables (UK) Limited,29.75,2,2.0,0.0,2.0,0.003946018467366428,0.003946018467366428,0.0,Bid,1.0
642,E_CLDRW-1,WIND,E_CLDRW,Vattenfall Energy Trading,38.0,2,2.0,0.0,2.0,0.003946018467366428,0.003946018467366428,0.0,Bid,1.0
643,E_GLOFW-1,WIND,E_GLOFW,Glens of Foudland Ltd,26.7,2,2.0,0.0,2.0,0.003946018467366428,0.003946018467366428,0.0,Bid,1.0
644,E_PGLLAN,OTHER,E_PGLLAN,Peak Gen Top Co Limited,20.525,2,0.0,2.0,2.0,0.003946018467366428,0.0,0.003946018467366428,Offer,1.0
645,E_SHILB-1,OTHER,E_SHILB,Octopus Energy Trading Limited,40.0,2,2.0,0.0,2.0,0.003946018467366428,0.003946018467366428,0.0,Bid,1.0
646,E_THRNL-1,OCGT,E_THRNL,Whitetower Energy Limited,50.0,2,0.0,2.0,2.0,0.003946018467366428,0.0,0.003946018467366428,Offer,1.0
647,I_I2D-COPN1,IFA2,I_I2D-COPN,Copenhagen Energy Trading A/S,,2,2.0,0.0,2.0,0.003946018467366428,0.003946018467366428,0.0,Bid,1.0
648,I_I2G-BKWE1,IFA2,I_I2G-BKWE,BKW Energie AG,,2,0.0,2.0,2.0,0.003946018467366428,0.0,0.003946018467366428,Offer,1.0
649,I_I2G-DVAL1,IFA2,I_I2G-DVAL,DVALIN ApS,,2,0.0,2.0,2.0,0.003946018467366428,0.0,0.003946018467366428,Offer,1.0
650,I_I2G-EDMK1,IFA2,I_I2G-EDMK,Mind Energy A/S,,2,0.0,2.0,2.0,0.003946018467366428,0.0,0.003946018467366428,Offer,1.0
651,I_I2G-HELI1,IFA2,I_I2G-HELI,Helios Power Trading A/S,,2,0.0,2.0,2.0,0.003946018467366428,0.0,0.003946018467366428,Offer,1.0
652,I_I2G-INCM1,IFA2,I_I2G-INCM,IN COMMODITIES A/S,,2,0.0,2.0,2.0,0.003946018467366428,0.0,0.003946018467366428,Offer,1.0
653,I_I2G-MFTE1,IFA2,I_I2G-MFTE,MFT Energy A/S,,2,0.0,2.0,2.0,0.003946018467366428,0.0,0.003946018467366428,Offer,1.0
654,I_I2G-NITR1,IFA2,I_I2G-NITR,Nitor Energy A/S,,2,0.0,2.0,2.0,0.003946018467366428,0.0,0.003946018467366428,Offer,1.0
655,I_IBD-COPN1,BritNed,I_IBD-COPN,Copenhagen Energy Trading A/S,,2,2.0,0.0,2.0,0.003946018467366428,0.003946018467366428,0.0,Bid,1.0
656,I_IBD-HELI1,BritNed,I_IBD-HELI,Helios Power Trading A/S,,2,2.0,0.0,2.0,0.003946018467366428,0.003946018467366428,0.0,Bid,1.0
657,I_IBD-IDCE1,BritNed,I_IBD-IDCE,DC Energy Trading V.O.F.,,2,2.0,0.0,2.0,0.003946018467366428,0.003946018467366428,0.0,Bid,1.0
658,I_IBD-OPMX1,BritNed,I_IBD-OPMX,Optimax Energy GmbH,,2,2.0,0.0,2.0,0.003946018467366428,0.003946018467366428,0.0,Bid,1.0
659,I_IBD-PWMR1,BritNed,I_IBD-PWMR,PowerMart ApS,,2,2.0,0.0,2.0,0.003946018467366428,0.003946018467366428,0.0,Bid,1.0
660,I_IBG-COPN1,BritNed,I_IBG-COPN,Copenhagen Energy Trading A/S,,2,0.0,2.0,2.0,0.003946018467366428,0.0,0.003946018467366428,Offer,1.0
661,I_IBG-DVAL1,BritNed,I_IBG-DVAL,DVALIN ApS,,2,0.0,2.0,2.0,0.003946018467366428,0.0,0.003946018467366428,Offer,1.0
662,I_IBG-VETR1,BritNed,I_IBG-VETR,Vattenfall Energy Trading,,2,0.0,2.0,2.0,0.003946018467366428,0.0,0.003946018467366428,Offer,1.0
663,I_IFD-ELEE1,IFA,I_IFD-ELEE,Electrabel SA,,2,2.0,0.0,2.0,0.003946018467366428,0.003946018467366428,0.0,Bid,1.0
664,I_IFD-EZCO1,IFA,I_IFD-EZCO,ENZEE Commodities A/S,,2,2.0,0.0,2.0,0.003946018467366428,0.003946018467366428,0.0,Bid,1.0
665,I_IFG-DVAL1,IFA,I_IFG-DVAL,DVALIN ApS,,2,0.0,2.0,2.0,0.003946018467366428,0.0,0.003946018467366428,Offer,1.0
666,I_IFG-ENTC1,IFA,I_IFG-ENTC,Energetech Europe BV,,2,0.0,2.0,2.0,0.003946018467366428,0.0,0.003946018467366428,Offer,1.0
667,I_IFG-OPMX1,IFA,I_IFG-OPMX,Optimax Energy GmbH,,2,0.0,2.0,2.0,0.003946018467366428,0.0,0.003946018467366428,Offer,1.0
668,I_IFG-TRLS1,IFA,I_IFG-TRLS,Engelhart CTP Renewables GmbH,,2,0.0,2.0,2.0,0.003946018467366428,0.0,0.003946018467366428,Offer,1.0
669,I_ILD-HELI1,Eleclink,I_ILD-HELI,Helios Power Trading A/S,,2,2.0,0.0,2.0,0.003946018467366428,0.003946018467366428,0.0,Bid,1.0
670,I_ILG-NITR1,Eleclink,I_ILG-NITR,Nitor Energy A/S,,2,0.0,2.0,2.0,0.003946018467366428,0.0,0.003946018467366428,Offer,1.0
671,I_ILG-OUTL1,Eleclink,I_ILG-OUTL,Outlook Energy Ltd,,2,0.0,2.0,2.0,0.003946018467366428,0.0,0.003946018467366428,Offer,1.0
672,I_IND-CBST1,NEMO,I_IND-CBST,Cobblestone Energy,,2,2.0,0.0,2.0,0.003946018467366428,0.003946018467366428,0.0,Bid,1.0
673,I_IND-OUTL1,NEMO,I_IND-OUTL,Outlook Energy Ltd,,2,2.0,0.0,2.0,0.003946018467366428,0.003946018467366428,0.0,Bid,1.0
674,I_ING-NTPL1,NEMO,I_ING-NTPL,Northpool BV,,2,0.0,2.0,2.0,0.003946018467366428,0.0,0.003946018467366428,Offer,1.0
675,I_IVD-COPN1,Viking,I_IVD-COPN,Copenhagen Energy Trading A/S,,2,2.0,0.0,2.0,0.003946018467366428,0.003946018467366428,0.0,Bid,1.0
676,I_IVD-EDMK1,Viking,I_IVD-EDMK,Mind Energy A/S,,2,2.0,0.0,2.0,0.003946018467366428,0.003946018467366428,0.0,Bid,1.0
677,I_IVD-EZCO1,Viking,I_IVD-EZCO,ENZEE Commodities A/S,,2,2.0,0.0,2.0,0.003946018467366428,0.003946018467366428,0.0,Bid,1.0
678,I_IVD-PWMR1,Viking,I_IVD-PWMR,PowerMart ApS,,2,2.0,0.0,2.0,0.003946018467366428,0.003946018467366428,0.0,Bid,1.0
679,I_IVG-EDMK1,Viking,I_IVG-EDMK,Mind Energy A/S,,2,0.0,2.0,2.0,0.003946018467366428,0.0,0.003946018467366428,Offer,1.0
680,I_IVG-EZCO1,Viking,I_IVG-EZCO,ENZEE Commodities A/S,,2,0.0,2.0,2.0,0.003946018467366428,0.0,0.003946018467366428,Offer,1.0
681,I_IVG-OPMX1,Viking,I_IVG-OPMX,Optimax Energy GmbH,,2,0.0,2.0,2.0,0.003946018467366428,0.0,0.003946018467366428,Offer,1.0
682,T_BLKWW-1,WIND,T_BLKWW,Blackcraig Wind Farm Limited,56.216,2,2.0,0.0,2.0,0.003946018467366428,0.003946018467366428,0.0,Bid,1.0
683,T_CLVHS-2,SOLAR,T_CLVHS,Cleve Hill Solar Park,205.0,2,2.0,0.0,2.0,0.003946018467366428,0.003946018467366428,0.0,Bid,1.0
684,T_CRMLW-1,WIND,T_CRMLW,EDF Energy Customers Limited,48.0,2,2.0,0.0,2.0,0.003946018467366428,0.003946018467366428,0.0,Bid,1.0
685,T_KILSB-6,BATTERY,T_KILSB,ZENOBE KILMARNOCK SOUTH LTD,51.226,2,1.0,1.0,2.0,0.003946018467366428,0.001973009233683214,0.001973009233683214,Bid,0.5
686,T_LCLTW-1,WIND,T_LCLTW,Eneco Energy Trade,69.0,2,2.0,0.0,2.0,0.003946018467366428,0.003946018467366428,0.0,Bid,1.0
687,T_MYGPW-1,WIND,T_MYGPW,Minnygap Energy Limited,25.0,2,2.0,0.0,2.0,0.003946018467366428,0.003946018467366428,0.0,Bid,1.0
688,V__HFEEL002,BATTERY,V__HFEEL,EDF Energy Limited,42.0,2,1.0,1.0,2.0,0.003946018467366428,0.001973009233683214,0.001973009233683214,Bid,0.5
689,V__MEROV001,GAS,V__MEROV,Erova Energy Limited,0.0,2,0.0,2.0,2.0,0.003946018467366428,0.0,0.003946018467366428,Offer,1.0
690,V__PHABI011,BATTERY,V__PHABI_B,Habitat Energy Limited,0.0,2,2.0,0.0,2.0,0.003946018467366428,0.003946018467366428,0.0,Bid,1.0
691,E_BSPHM-1,DIESEL,E_BSPHM,Conrad Energy (Trading) Ltd,20.0,5,0.0,1.9166666666666665,1.9166666666666665,0.003781601031226159,0.0,0.003781601031226159,Offer,1.0
692,T_LARYW-4,WIND,T_LARYW,London Array Limited,191.099,7,1.8333333333333333,0.0,1.8333333333333333,0.003617183595085891,0.003617183595085891,0.0,Bid,1.0
693,2__AMRCY001,BATTERY,2__AMRCY,Octopus Energy Limited,15.96,3,0.0,1.7,1.7,0.0033541156972614634,0.0,0.0033541156972614634,Offer,1.0
694,T_GYMR-15,WIND,T_GYMR,Gwynt y Mor Offshore Wind Farm,148.0,4,1.5,0.0,1.5,0.0029595138505248203,0.0029595138505248203,0.0,Bid,1.0
695,E_BURGH-1,OCGT,E_BURGH,SSEPG (Operations) Ltd,48.0,3,1.5,0.0,1.5,0.0029595138505248203,0.0029595138505248203,0.0,Bid,1.0
696,E_CHICK-1,OCGT,E_CHICK,SSEPG (Operations) Ltd,48.0,3,1.5,0.0,1.5,0.0029595138505248203,0.0029595138505248203,0.0,Bid,1.0
697,T_THNTO-2,WIND,T_THNTO,Thanet Offshore Wind Limited,230.159,3,1.5,0.0,1.5,0.0029595138505248203,0.0029595138505248203,0.0,Bid,1.0
698,I_IVG-PWMR1,Viking,I_IVG-PWMR,PowerMart ApS,,2,0.0,1.5,1.5,0.0029595138505248203,0.0,0.0029595138505248203,Offer,1.0
699,T_GLNKW-1,WIND,T_GLNKW,EDF Energy Customers Limited,52.0,2,1.5,0.0,1.5,0.0029595138505248203,0.0029595138505248203,0.0,Bid,1.0
700,T_LNCSW-1,WIND,T_LNCSW,Lincs Wind Farm Ltd,150.0,2,1.5,0.0,1.5,0.0029595138505248203,0.0029595138505248203,0.0,Bid,1.0
701,T_SUTBS-1,SOLAR,T_SUTBS,EDF Energy Customers Limited,49.419,2,1.5,0.0,1.5,0.0029595138505248203,0.0029595138505248203,0.0,Bid,1.0
702,T_WDNSO-2,WIND,T_WDNSO,Morecambe Wind Limited,201.0,2,1.5,0.0,1.5,0.0029595138505248203,0.0029595138505248203,0.0,Bid,1.0
703,E_PGBRKL,DIESEL,E_PGBRKL,Peak Gen Top Co Limited,20.0,3,0.0,1.3333333333333333,1.3333333333333333,0.0026306789782442846,0.0,0.0026306789782442846,Offer,1.0
704,T_MOWWO-2,WIND,T_MOWWO,Moray Offshore Wind West Ltd,215.0,4,1.0833333333333333,0.0,1.0833333333333333,0.0021374266698234814,0.0021374266698234814,0.0,Bid,1.0
705,E_VKING-2,OCGT,E_VKING,Whitetower Energy Limited,50.0,3,0.0,1.0,1.0,0.001973009233683214,0.0,0.001973009233683214,Offer,1.0
706,T_GYMR-17,WIND,T_GYMR,Gwynt y Mor Offshore Wind Farm,148.0,3,1.0,0.0,1.0,0.001973009233683214,0.001973009233683214,0.0,Bid,1.0
707,I_IFD-CBST1,IFA,I_IFD-CBST,Cobblestone Energy,,2,1.0,0.0,1.0,0.001973009233683214,0.001973009233683214,0.0,Bid,1.0
708,I_IFD-DMCC1,IFA,I_IFD-DMCC,Cobblestone Energy DMCC,,2,1.0,0.0,1.0,0.001973009233683214,0.001973009233683214,0.0,Bid,1.0
709,I_ILD-NTPL1,Eleclink,I_ILD-NTPL,Northpool BV,,2,1.0,0.0,1.0,0.001973009233683214,0.001973009233683214,0.0,Bid,1.0
710,2__PEDGE003,WIND,2__PEDGE,Edgware Energy Limited,55.749,1,1.0,0.0,1.0,0.001973009233683214,0.001973009233683214,0.0,Bid,1.0
711,2__PSMAE001,WIND,2__PSMAE,Smartestenergy Limited,0.0,1,1.0,0.0,1.0,0.001973009233683214,0.001973009233683214,0.0,Bid,1.0
712,E_BABAW-1,WIND,E_BABAW,Statkraft Markets Gmbh,52.5,1,1.0,0.0,1.0,0.001973009233683214,0.001973009233683214,0.0,Bid,1.0
713,E_DIDC3G,OCGT,E_DIDC3G,RWE Generation UK plc,25.0,1,0.0,1.0,1.0,0.001973009233683214,0.0,0.001973009233683214,Offer,1.0
714,E_TLYMW-1,WIND,E_TLYMW,EDF Energy Customers Limited,13.856,1,0.0,1.0,1.0,0.001973009233683214,0.0,0.001973009233683214,Offer,1.0
715,I_I2D-DMCC1,IFA2,I_I2D-DMCC,Cobblestone Energy DMCC,,1,1.0,0.0,1.0,0.001973009233683214,0.001973009233683214,0.0,Bid,1.0
716,I_I2D-NORL1,IFA2,I_I2D-NORL,Norlys Energy Trading A/S,,1,1.0,0.0,1.0,0.001973009233683214,0.001973009233683214,0.0,Bid,1.0
717,I_I2D-SETL1,IFA2,I_I2D-SETL,Shell Energy Europe Limited,,1,1.0,0.0,1.0,0.001973009233683214,0.001973009233683214,0.0,Bid,1.0
718,I_I2G-NEAS1,IFA2,I_I2G-NEAS,Centrica Energy Trading A/S,,1,0.0,1.0,1.0,0.001973009233683214,0.0,0.001973009233683214,Offer,1.0
719,I_I2G-NORL1,IFA2,I_I2G-NORL,Norlys Energy Trading A/S,,1,0.0,1.0,1.0,0.001973009233683214,0.0,0.001973009233683214,Offer,1.0
720,I_IBD-ELTR1,BritNed,I_IBD-ELTR,ElectroRoute Energy Trading,,1,1.0,0.0,1.0,0.001973009233683214,0.001973009233683214,0.0,Bid,1.0
721,I_IBD-TRLS1,BritNed,I_IBD-TRLS,Engelhart CTP Renewables GmbH,,1,1.0,0.0,1.0,0.001973009233683214,0.001973009233683214,0.0,Bid,1.0
722,I_IBG-BKWE1,BritNed,I_IBG-BKWE,BKW Energie AG,,1,0.0,1.0,1.0,0.001973009233683214,0.0,0.001973009233683214,Offer,1.0
723,I_IBG-CACM1,BritNed,I_IBG-CACM,C A Commodities A/S,,1,0.0,1.0,1.0,0.001973009233683214,0.0,0.001973009233683214,Offer,1.0
724,I_IBG-EZCO1,BritNed,I_IBG-EZCO,ENZEE Commodities A/S,,1,0.0,1.0,1.0,0.001973009233683214,0.0,0.001973009233683214,Offer,1.0
725,I_IBG-PWMR1,BritNed,I_IBG-PWMR,PowerMart ApS,,1,0.0,1.0,1.0,0.001973009233683214,0.0,0.001973009233683214,Offer,1.0
726,I_IBG-XNON1,BritNed,I_IBG-XNON,XENON CAPITAL MARKETS LTD,,1,0.0,1.0,1.0,0.001973009233683214,0.0,0.001973009233683214,Offer,1.0
727,I_IFD-OPMX1,IFA,I_IFD-OPMX,Optimax Energy GmbH,,1,1.0,0.0,1.0,0.001973009233683214,0.001973009233683214,0.0,Bid,1.0
728,I_IFD-TRLS1,IFA,I_IFD-TRLS,Engelhart CTP Renewables GmbH,,1,1.0,0.0,1.0,0.001973009233683214,0.001973009233683214,0.0,Bid,1.0
729,I_IFG-COPN1,IFA,I_IFG-COPN,Copenhagen Energy Trading A/S,,1,0.0,1.0,1.0,0.001973009233683214,0.0,0.001973009233683214,Offer,1.0
730,I_IFG-EDMK1,IFA,I_IFG-EDMK,Mind Energy A/S,,1,0.0,1.0,1.0,0.001973009233683214,0.0,0.001973009233683214,Offer,1.0
731,I_IFG-NITR1,IFA,I_IFG-NITR,Nitor Energy A/S,,1,0.0,1.0,1.0,0.001973009233683214,0.0,0.001973009233683214,Offer,1.0
732,I_IFG-OUTL1,IFA,I_IFG-OUTL,Outlook Energy Ltd,,1,0.0,1.0,1.0,0.001973009233683214,0.0,0.001973009233683214,Offer,1.0
733,I_ILD-MFTE1,Eleclink,I_ILD-MFTE,MFT Energy A/S,,1,1.0,0.0,1.0,0.001973009233683214,0.001973009233683214,0.0,Bid,1.0
734,I_ILG-BKWE1,Eleclink,I_ILG-BKWE,BKW Energie AG,,1,0.0,1.0,1.0,0.001973009233683214,0.0,0.001973009233683214,Offer,1.0
735,I_ILG-DMCC1,Eleclink,I_ILG-DMCC,Cobblestone Energy DMCC,,1,0.0,1.0,1.0,0.001973009233683214,0.0,0.001973009233683214,Offer,1.0
736,I_ILG-EDFT1,Eleclink,I_ILG-EDFT,EDF TRADING LIMITED,,1,0.0,1.0,1.0,0.001973009233683214,0.0,0.001973009233683214,Offer,1.0
737,I_ILG-INCM1,Eleclink,I_ILG-INCM,IN COMMODITIES A/S,,1,0.0,1.0,1.0,0.001973009233683214,0.0,0.001973009233683214,Offer,1.0
738,I_ILG-NTPL1,Eleclink,I_ILG-NTPL,Northpool BV,,1,0.0,1.0,1.0,0.001973009233683214,0.0,0.001973009233683214,Offer,1.0
739,I_IND-COPN1,NEMO,I_IND-COPN,Copenhagen Energy Trading A/S,,1,1.0,0.0,1.0,0.001973009233683214,0.001973009233683214,0.0,Bid,1.0
740,I_IND-HELI1,NEMO,I_IND-HELI,Helios Power Trading A/S,,1,1.0,0.0,1.0,0.001973009233683214,0.001973009233683214,0.0,Bid,1.0
741,I_IND-SETL1,NEMO,I_IND-SETL,Shell Energy Europe Limited,,1,1.0,0.0,1.0,0.001973009233683214,0.001973009233683214,0.0,Bid,1.0
742,I_ING-CBST1,NEMO,I_ING-CBST,Cobblestone Energy,,1,0.0,1.0,1.0,0.001973009233683214,0.0,0.001973009233683214,Offer,1.0
743,I_ING-DMCC1,NEMO,I_ING-DMCC,Cobblestone Energy DMCC,,1,0.0,1.0,1.0,0.001973009233683214,0.0,0.001973009233683214,Offer,1.0
744,I_ING-EDFT1,NEMO,I_ING-EDFT,EDF TRADING LIMITED,,1,0.0,1.0,1.0,0.001973009233683214,0.0,0.001973009233683214,Offer,1.0
745,I_ING-ELTR1,NEMO,I_ING-ELTR,ElectroRoute Energy Trading,,1,0.0,1.0,1.0,0.001973009233683214,0.0,0.001973009233683214,Offer,1.0
746,I_ING-HELI1,NEMO,I_ING-HELI,Helios Power Trading A/S,,1,0.0,1.0,1.0,0.001973009233683214,0.0,0.001973009233683214,Offer,1.0
747,I_ING-PWMR1,NEMO,I_ING-PWMR,PowerMart ApS,,1,0.0,1.0,1.0,0.001973009233683214,0.0,0.001973009233683214,Offer,1.0
748,I_IVD-HELI1,Viking,I_IVD-HELI,Helios Power Trading A/S,,1,1.0,0.0,1.0,0.001973009233683214,0.001973009233683214,0.0,Bid,1.0
749,I_IVG-NITR1,Viking,I_IVG-NITR,Nitor Energy A/S,,1,0.0,1.0,1.0,0.001973009233683214,0.0,0.001973009233683214,Offer,1.0
750,T_DNLWW-1,WIND,T_DNLWW,SP Renewables (UK) Limited,29.75,1,1.0,0.0,1.0,0.001973009233683214,0.001973009233683214,0.0,Bid,1.0
751,T_LARKS-1,OTHER,T_LARKS,Iron Acton Green Limited,49.9,1,1.0,0.0,1.0,0.001973009233683214,0.001973009233683214,0.0,Bid,1.0
752,V__EEXRG001,OTHER,V__EEXRG,Exergy Solutions Limited,0.0,1,0.0,1.0,1.0,0.001973009233683214,0.0,0.001973009233683214,Offer,1.0
753,V__EFEEL400,BATTERY,V__EFEEL,EDF Energy Limited,20.0,1,1.0,0.0,1.0,0.001973009233683214,0.001973009233683214,0.0,Bid,1.0
754,V__HFEEL400,BATTERY,V__HFEEL,EDF Energy Limited,10.0,1,0.0,1.0,1.0,0.001973009233683214,0.0,0.001973009233683214,Offer,1.0
755,T_BLLA-2,WIND,T_BLLA,SP Renewables (UK) Limited,69.0,4,0.95,0.0,0.95,0.001874358771999053,0.001874358771999053,0.0,Bid,1.0
756,I_IBG-ELEE1,BritNed,I_IBG-ELEE,Electrabel SA,,2,0.0,0.8333333333333333,0.8333333333333333,0.001644174361402678,0.0,0.001644174361402678,Offer,1.0
757,T_GRGBW-2,WIND,T_GRGBW,Greater Gabbard Offshore Winds,240.0,2,0.8333333333333333,0.0,0.8333333333333333,0.001644174361402678,0.001644174361402678,0.0,Bid,1.0
758,T_DDGNO-1,WIND,T_DDGNO,Dudgeon Offshore Wind Ltd,108.0,3,0.75,0.0,0.75,0.0014797569252624101,0.0014797569252624101,0.0,Bid,1.0
759,T_DDGNO-2,WIND,T_DDGNO,Dudgeon Offshore Wind Ltd,90.0,3,0.75,0.0,0.75,0.0014797569252624101,0.0014797569252624101,0.0,Bid,1.0
760,T_DDGNO-3,WIND,T_DDGNO,Dudgeon Offshore Wind Ltd,102.0,3,0.75,0.0,0.75,0.0014797569252624101,0.0014797569252624101,0.0,Bid,1.0
761,T_DDGNO-4,WIND,T_DDGNO,Dudgeon Offshore Wind Ltd,102.0,3,0.75,0.0,0.75,0.0014797569252624101,0.0014797569252624101,0.0,Bid,1.0
762,2__NFLEX008,OTHER,2__NFLEX_OTH,Flexitricity Limited,49.0,3,0.0,0.6428571428571428,0.6428571428571428,0.0012683630787963514,0.0,0.0012683630787963514,Offer,1.0
763,2__FANGE001,DSR,2__FANGE,Limejump Energy Limited,50.0,1,0.0,0.5,0.5,0.000986504616841607,0.0,0.000986504616841607,Offer,1.0
764,E_PGFARE,DIESEL,E_PGFARE,Peak Gen Top Co Limited,20.0,1,0.0,0.5,0.5,0.000986504616841607,0.0,0.000986504616841607,Offer,1.0
765,I_IFD-VOLT1,IFA,I_IFD-VOLT,Volta Energy DAC,,1,0.5,0.0,0.5,0.000986504616841607,0.000986504616841607,0.0,Bid,1.0
766,I_ING-COPN1,NEMO,I_ING-COPN,Copenhagen Energy Trading A/S,,1,0.0,0.5,0.5,0.000986504616841607,0.0,0.000986504616841607,Offer,1.0
767,T_FARR-2,WIND,T_FARR,Smartestenergy Limited,92.0,1,0.5,0.0,0.5,0.000986504616841607,0.000986504616841607,0.0,Bid,1.0
768,T_GANW-13,WIND,T_GANW,Galloper Offshore WindFarm Ltd,88.0,1,0.5,0.0,0.5,0.000986504616841607,0.000986504616841607,0.0,Bid,1.0
769,T_GANW-24,WIND,T_GANW,Galloper Offshore WindFarm Ltd,88.0,1,0.5,0.0,0.5,0.000986504616841607,0.000986504616841607,0.0,Bid,1.0
770,T_LNCSW-2,WIND,T_LNCSW,Lincs Wind Farm Ltd,150.0,1,0.5,0.0,0.5,0.000986504616841607,0.000986504616841607,0.0,Bid,1.0
771,T_ABRBO-1,WIND,T_ABRBO,Aberdeen Offshore Wind Farm,99.0,1,0.3333333333333333,0.0,0.3333333333333333,0.0006576697445610712,0.0006576697445610712,0.0,Bid,1.0
